  0
SECTION
  2
HEADER
  9
$ANGBASE
  50
0.0
  9
$ANGDIR
  70
1
  9
$MEASUREMENT
  70
1
  0
ENDSEC
  0
SECTION
  2
TABLES
  0
TABLE
  2
LTYPE
  70
4
  0
LTYPE
  5
40F
  2
CONTINUOUS
  70
0
  3
Solid line
  72
65
  73
0
  40
0.0
  0
LTYPE
  5
410
  2
DASHDOT
 70
0
  3
Dash Dot ____ _ ____ _
 72
65
 73
4
 40
2.0
 49
1.25
 49
-0.25
 49
0.25
 49
-0.25
  0
LTYPE
  5
411
  2
DASHED
 70
0
  3
Dashed __ __ __ __ __
 72
65
 73
2
 40
0.75
 49
0.5
 49
-0.25
  0
LTYPE
  5
43B
  2
DOTTED
 70
0
  3
Dotted .  .  .  .
 72
65
 73
2
 40
0.2
 49
0.0
 49
-0.2
  0
ENDTAB
  0
TABLE
  2
STYLE
  70
4
  0
STYLE
  2
KICAD
  70
0
  40
0
  41
1
  42
1
  50
0
  71
0
  3
isocp.shx
  0
STYLE
  2
KICADB
  70
0
  40
0
  41
1
  42
1
  50
0
  71
0
  3
isocp.shx
  0
STYLE
  2
KICADI
  70
0
  40
0
  41
1
  42
1
  50
15
  71
0
  3
isocp.shx
  0
STYLE
  2
KICADBI
  70
0
  40
0
  41
1
  42
1
  50
15
  71
0
  3
isocp.shx
  0
ENDTAB
  0
TABLE
  2
LAYER
  70
1
  0
LAYER
  2
BLACK
  70
0
  62
7
  6
CONTINUOUS
  0
ENDTAB
  0
ENDSEC
  0
SECTION
  2
ENTITIES
0
LINE
8
BLACK
6
CONTINUOUS
10
85.9278449999999907
20
-54.2012719999999959
11
85.9294119999999992
21
-54.2011839999999978
0
LINE
8
BLACK
6
CONTINUOUS
10
85.9294119999999992
20
-54.2011839999999978
11
85.988751999999991
21
-54.2017150000000001
0
LINE
8
BLACK
6
CONTINUOUS
10
85.988751999999991
20
-54.2017150000000001
11
85.9996560000000017
21
-54.2025269999999963
0
LINE
8
BLACK
6
CONTINUOUS
10
85.9996560000000017
20
-54.2025269999999963
11
86.0105959999999925
21
-54.2025930000000002
0
LINE
8
BLACK
6
CONTINUOUS
10
86.0105959999999925
20
-54.2025930000000002
11
86.1289769999999919
21
-54.2110619999999983
0
LINE
8
BLACK
6
CONTINUOUS
10
86.1289769999999919
20
-54.2110619999999983
11
86.1413659999999908
21
-54.212767999999997
0
LINE
8
BLACK
6
CONTINUOUS
10
86.1413659999999908
20
-54.212767999999997
11
86.1538189999999986
21
-54.2137339999999952
0
LINE
8
BLACK
6
CONTINUOUS
10
86.1538189999999986
20
-54.2137339999999952
11
86.271293
21
-54.2306269999999984
0
LINE
8
BLACK
6
CONTINUOUS
10
86.271293
20
-54.2306269999999984
11
86.2835129999999992
21
-54.2332089999999951
0
LINE
8
BLACK
6
CONTINUOUS
10
86.2835129999999992
20
-54.2332089999999951
11
86.2958799999999968
21
-54.2350629999999967
0
LINE
8
BLACK
6
CONTINUOUS
10
86.2958799999999968
20
-54.2350629999999967
11
86.4118500000000012
21
-54.2602929999999972
0
LINE
8
BLACK
6
CONTINUOUS
10
86.4118500000000012
20
-54.2602929999999972
11
86.4238629999999972
21
-54.2637429999999981
0
LINE
8
BLACK
6
CONTINUOUS
10
86.4238629999999972
20
-54.2637429999999981
11
86.436056999999991
21
-54.2664720000000003
0
LINE
8
BLACK
6
CONTINUOUS
10
86.436056999999991
20
-54.2664720000000003
11
86.5499310000000008
21
-54.299909999999997
0
LINE
8
BLACK
6
CONTINUOUS
10
86.5499310000000008
20
-54.299909999999997
11
86.5616599999999892
21
-54.3042049999999961
0
LINE
8
BLACK
6
CONTINUOUS
10
86.5616599999999892
20
-54.3042049999999961
11
86.5736369999999908
21
-54.3078000000000003
0
LINE
8
BLACK
6
CONTINUOUS
10
86.5736369999999908
20
-54.3078000000000003
11
86.6848370000000017
21
-54.3492779999999982
0
LINE
8
BLACK
6
CONTINUOUS
10
86.6848370000000017
20
-54.3492779999999982
11
86.6962400000000031
21
-54.3544029999999978
0
LINE
8
BLACK
6
CONTINUOUS
10
86.6962400000000031
20
-54.3544029999999978
11
86.7079179999999923
21
-54.3588389999999961
0
LINE
8
BLACK
6
CONTINUOUS
10
86.7079179999999923
20
-54.3588389999999961
11
86.8158760000000029
21
-54.4081429999999955
0
LINE
8
BLACK
6
CONTINUOUS
10
86.8158760000000029
20
-54.4081429999999955
11
86.8268739999999895
21
-54.4140639999999962
0
LINE
8
BLACK
6
CONTINUOUS
10
86.8268739999999895
20
-54.4140639999999962
11
86.8382149999999911
21
-54.4193250000000006
0
LINE
8
BLACK
6
CONTINUOUS
10
86.8382149999999911
20
-54.4193250000000006
11
86.94238
21
-54.4762039999999956
0
LINE
8
BLACK
6
CONTINUOUS
10
86.94238
20
-54.4762039999999956
11
86.9529399999999981
21
-54.4829019999999957
0
LINE
8
BLACK
6
CONTINUOUS
10
86.9529399999999981
20
-54.4829019999999957
11
86.9638659999999959
21
-54.4889529999999951
0
LINE
8
BLACK
6
CONTINUOUS
10
86.9638659999999959
20
-54.4889529999999951
11
87.0637090000000029
21
-54.5531179999999978
0
LINE
8
BLACK
6
CONTINUOUS
10
87.0637090000000029
20
-54.5531179999999978
11
87.0737649999999945
21
-54.5605529999999987
0
LINE
8
BLACK
6
CONTINUOUS
10
87.0737649999999945
20
-54.5605529999999987
11
87.0842329999999976
21
-54.5673689999999993
0
LINE
8
BLACK
6
CONTINUOUS
10
87.0842329999999976
20
-54.5673689999999993
11
87.1792429999999996
21
-54.6384939999999943
0
LINE
8
BLACK
6
CONTINUOUS
10
87.1792429999999996
20
-54.6384939999999943
11
87.188728999999995
21
-54.6466149999999971
0
LINE
8
BLACK
6
CONTINUOUS
10
87.188728999999995
20
-54.6466149999999971
11
87.198693999999989
21
-54.6541679999999985
0
LINE
8
BLACK
6
CONTINUOUS
10
87.198693999999989
20
-54.6541679999999985
11
87.2883879999999976
21
-54.7318879999999979
0
LINE
8
BLACK
6
CONTINUOUS
10
87.2883879999999976
20
-54.7318879999999979
11
87.2961389999999966
21
-54.7395479999999992
0
LINE
8
BLACK
6
CONTINUOUS
10
87.2961389999999966
20
-54.7395479999999992
11
87.3043869999999913
21
-54.7466480000000004
0
LINE
8
BLACK
6
CONTINUOUS
10
87.3043869999999913
20
-54.7466480000000004
11
87.3467339999999979
21
-54.7882219999999975
0
LINE
8
BLACK
6
CONTINUOUS
10
87.3467339999999979
20
-54.7882219999999975
11
87.3488499999999988
21
-54.7905899999999946
0
LINE
8
BLACK
6
CONTINUOUS
10
87.3488499999999988
20
-54.7905899999999946
11
87.3512169999999912
21
-54.7927040000000005
0
LINE
8
BLACK
6
CONTINUOUS
10
87.3512169999999912
20
-54.7927040000000005
11
87.3928039999999982
21
-54.8350389999999948
0
LINE
8
BLACK
6
CONTINUOUS
10
87.3928039999999982
20
-54.8350389999999948
11
87.3999419999999958
21
-54.8433259999999976
0
LINE
8
BLACK
6
CONTINUOUS
10
87.3999419999999958
20
-54.8433259999999976
11
87.4076340000000016
21
-54.8511099999999985
0
LINE
8
BLACK
6
CONTINUOUS
10
87.4076340000000016
20
-54.8511099999999985
11
87.485354000000001
21
-54.9408049999999974
0
LINE
8
BLACK
6
CONTINUOUS
10
87.485354000000001
20
-54.9408049999999974
11
87.4928979999999967
21
-54.9507580000000004
0
LINE
8
BLACK
6
CONTINUOUS
10
87.4928979999999967
20
-54.9507580000000004
11
87.5010309999999976
21
-54.9602579999999961
0
LINE
8
BLACK
6
CONTINUOUS
10
87.5010309999999976
20
-54.9602579999999961
11
87.5721559999999926
21
-55.0552689999999956
0
LINE
8
BLACK
6
CONTINUOUS
10
87.5721559999999926
20
-55.0552689999999956
11
87.5789729999999906
21
-55.0657390000000007
0
LINE
8
BLACK
6
CONTINUOUS
10
87.5789729999999906
20
-55.0657390000000007
11
87.5864049999999992
21
-55.0757909999999953
0
LINE
8
BLACK
6
CONTINUOUS
10
87.5864049999999992
20
-55.0757909999999953
11
87.6505709999999993
21
-55.1756339999999952
0
LINE
8
BLACK
6
CONTINUOUS
10
87.6505709999999993
20
-55.1756339999999952
11
87.6566289999999952
21
-55.1865729999999957
0
LINE
8
BLACK
6
CONTINUOUS
10
87.6566289999999952
20
-55.1865729999999957
11
87.6633190000000013
21
-55.1971199999999982
0
LINE
8
BLACK
6
CONTINUOUS
10
87.6633190000000013
20
-55.1971199999999982
11
87.7201989999999938
21
-55.3012859999999975
0
LINE
8
BLACK
6
CONTINUOUS
10
87.7201989999999938
20
-55.3012859999999975
11
87.7254579999999891
21
-55.3126219999999975
0
LINE
8
BLACK
6
CONTINUOUS
10
87.7254579999999891
20
-55.3126219999999975
11
87.7313829999999939
21
-55.3236279999999994
0
LINE
8
BLACK
6
CONTINUOUS
10
87.7313829999999939
20
-55.3236279999999994
11
87.7806870000000004
21
-55.4315859999999958
0
LINE
8
BLACK
6
CONTINUOUS
10
87.7806870000000004
20
-55.4315859999999958
11
87.7851239999999962
21
-55.4432690000000008
0
LINE
8
BLACK
6
CONTINUOUS
10
87.7851239999999962
20
-55.4432690000000008
11
87.7902469999999937
21
-55.4546649999999985
0
LINE
8
BLACK
6
CONTINUOUS
10
87.7902469999999937
20
-55.4546649999999985
11
87.8317249999999916
21
-55.5658649999999952
0
LINE
8
BLACK
6
CONTINUOUS
10
87.8317249999999916
20
-55.5658649999999952
11
87.8353169999999892
21
-55.5778350000000003
0
LINE
8
BLACK
6
CONTINUOUS
10
87.8353169999999892
20
-55.5778350000000003
11
87.8396159999999924
21
-55.5895719999999969
0
LINE
8
BLACK
6
CONTINUOUS
10
87.8396159999999924
20
-55.5895719999999969
11
87.8730549999999937
21
-55.7034479999999945
0
LINE
8
BLACK
6
CONTINUOUS
10
87.8730549999999937
20
-55.7034479999999945
11
87.8757849999999934
21
-55.715646999999997
0
LINE
8
BLACK
6
CONTINUOUS
10
87.8757849999999934
20
-55.715646999999997
11
87.8792339999999967
21
-55.7276559999999961
0
LINE
8
BLACK
6
CONTINUOUS
10
87.8792339999999967
20
-55.7276559999999961
11
87.9044639999999902
21
-55.8436279999999954
0
LINE
8
BLACK
6
CONTINUOUS
10
87.9044639999999902
20
-55.8436279999999954
11
87.9063149999999922
21
-55.8559819999999974
0
LINE
8
BLACK
6
CONTINUOUS
10
87.9063149999999922
20
-55.8559819999999974
11
87.9089010000000002
21
-55.8682159999999968
0
LINE
8
BLACK
6
CONTINUOUS
10
87.9089010000000002
20
-55.8682159999999968
11
87.9257929999999988
21
-55.9856909999999957
0
LINE
8
BLACK
6
CONTINUOUS
10
87.9257929999999988
20
-55.9856909999999957
11
87.9267579999999924
21
-55.9981439999999964
0
LINE
8
BLACK
6
CONTINUOUS
10
87.9267579999999924
20
-55.9981439999999964
11
87.9284639999999911
21
-56.0105280000000008
0
LINE
8
BLACK
6
CONTINUOUS
10
87.9284639999999911
20
-56.0105280000000008
11
87.9369339999999937
21
-56.1289090000000002
0
LINE
8
BLACK
6
CONTINUOUS
10
87.9369339999999937
20
-56.1289090000000002
11
87.9369990000000001
21
-56.1399029999999968
0
LINE
8
BLACK
6
CONTINUOUS
10
87.9369990000000001
20
-56.1399029999999968
11
87.9378129999999913
21
-56.1508559999999974
0
LINE
8
BLACK
6
CONTINUOUS
10
87.9378129999999913
20
-56.1508559999999974
11
87.938327000000001
21
-56.2101970000000009
0
LINE
8
BLACK
6
CONTINUOUS
10
87.938327000000001
20
-56.2101970000000009
11
87.9382399999999933
21
-56.2117140000000006
0
LINE
8
BLACK
6
CONTINUOUS
10
87.9382399999999933
20
-56.2117140000000006
11
87.9383399999999966
21
-56.2132289999999983
0
LINE
8
BLACK
6
CONTINUOUS
10
87.9383399999999966
20
-56.2132289999999983
11
87.9383399999999966
21
-71.049278000000001
0
LINE
8
BLACK
6
CONTINUOUS
10
87.9383399999999966
20
-71.049278000000001
11
87.9386489999999981
21
-71.077621999999991
0
LINE
8
BLACK
6
CONTINUOUS
10
87.9386489999999981
20
-71.077621999999991
11
87.9437580000000025
21
-71.1360269999999986
0
LINE
8
BLACK
6
CONTINUOUS
10
87.9437580000000025
20
-71.1360269999999986
11
87.953606999999991
21
-71.1918840000000017
0
LINE
8
BLACK
6
CONTINUOUS
10
87.953606999999991
20
-71.1918840000000017
11
87.9682899999999961
21
-71.2466799999999978
0
LINE
8
BLACK
6
CONTINUOUS
10
87.9682899999999961
20
-71.2466799999999978
11
87.9876840000000016
21
-71.2999640000000028
0
LINE
8
BLACK
6
CONTINUOUS
10
87.9876840000000016
20
-71.2999640000000028
11
88.0116549999999904
21
-71.3513719999999978
0
LINE
8
BLACK
6
CONTINUOUS
10
88.0116549999999904
20
-71.3513719999999978
11
88.0400139999999993
21
-71.4004910000000024
0
LINE
8
BLACK
6
CONTINUOUS
10
88.0400139999999993
20
-71.4004910000000024
11
88.072542999999996
21
-71.4469469999999944
0
LINE
8
BLACK
6
CONTINUOUS
10
88.072542999999996
20
-71.4469469999999944
11
88.1090069999999912
21
-71.4904030000000006
0
LINE
8
BLACK
6
CONTINUOUS
10
88.1090069999999912
20
-71.4904030000000006
11
88.1491039999999941
21
-71.5305000000000035
0
LINE
8
BLACK
6
CONTINUOUS
10
88.1491039999999941
20
-71.5305000000000035
11
88.1925619999999952
21
-71.5669659999999936
0
LINE
8
BLACK
6
CONTINUOUS
10
88.1925619999999952
20
-71.5669659999999936
11
88.2390230000000031
21
-71.599497999999997
0
LINE
8
BLACK
6
CONTINUOUS
10
88.2390230000000031
20
-71.599497999999997
11
88.2881349999999969
21
-71.6278519999999901
0
LINE
8
BLACK
6
CONTINUOUS
10
88.2881349999999969
20
-71.6278519999999901
11
88.3395340000000004
21
-71.6518200000000007
0
LINE
8
BLACK
6
CONTINUOUS
10
88.3395340000000004
20
-71.6518200000000007
11
88.3928379999999976
21
-71.6712220000000002
0
LINE
8
BLACK
6
CONTINUOUS
10
88.3928379999999976
20
-71.6712220000000002
11
88.4476239999999905
21
-71.6859019999999987
0
LINE
8
BLACK
6
CONTINUOUS
10
88.4476239999999905
20
-71.6859019999999987
11
88.5034809999999936
21
-71.6957510000000013
0
LINE
8
BLACK
6
CONTINUOUS
10
88.5034809999999936
20
-71.6957510000000013
11
88.5618860000000012
21
-71.7008599999999916
0
LINE
8
BLACK
6
CONTINUOUS
10
88.5618860000000012
20
-71.7008599999999916
11
88.5902320000000003
21
-71.7011699999999905
0
LINE
8
BLACK
6
CONTINUOUS
10
88.5902320000000003
20
-71.7011699999999905
11
92.4843729999999908
21
-71.7011699999999905
0
LINE
8
BLACK
6
CONTINUOUS
10
92.4843729999999908
20
-71.7011699999999905
11
92.5472329999999914
21
-71.6070950000000011
0
LINE
8
BLACK
6
CONTINUOUS
10
92.5472329999999914
20
-71.6070950000000011
11
92.6442649999999901
21
-71.5100630000000024
0
LINE
8
BLACK
6
CONTINUOUS
10
92.6442649999999901
20
-71.5100630000000024
11
92.7583619999999911
21
-71.4338249999999988
0
LINE
8
BLACK
6
CONTINUOUS
10
92.7583619999999911
20
-71.4338249999999988
11
92.8851409999999902
21
-71.3813119999999941
0
LINE
8
BLACK
6
CONTINUOUS
10
92.8851409999999902
20
-71.3813119999999941
11
93.0197280000000006
21
-71.3545409999999976
0
LINE
8
BLACK
6
CONTINUOUS
10
93.0197280000000006
20
-71.3545409999999976
11
93.1569519999999898
21
-71.3545409999999976
0
LINE
8
BLACK
6
CONTINUOUS
10
93.1569519999999898
20
-71.3545409999999976
11
93.2679210000000012
21
-71.3766140000000036
0
LINE
8
BLACK
6
CONTINUOUS
10
93.2679210000000012
20
-71.3766140000000036
11
94.3446209999999894
21
-70.2999130000000036
0
LINE
8
BLACK
6
CONTINUOUS
10
94.3446209999999894
20
-70.2999130000000036
11
94.3446229999999986
21
-70.2999109999999945
0
LINE
8
BLACK
6
CONTINUOUS
10
94.3446229999999986
20
-70.2999109999999945
11
94.5679090000000002
21
-70.0975370000000026
0
LINE
8
BLACK
6
CONTINUOUS
10
94.5679090000000002
20
-70.0975370000000026
11
94.8099569999999972
21
-69.9180229999999909
0
LINE
8
BLACK
6
CONTINUOUS
10
94.8099569999999972
20
-69.9180229999999909
11
95.0684339999999963
21
-69.7630979999999994
0
LINE
8
BLACK
6
CONTINUOUS
10
95.0684339999999963
20
-69.7630979999999994
11
95.3408529999999956
21
-69.6342530000000011
0
LINE
8
BLACK
6
CONTINUOUS
10
95.3408529999999956
20
-69.6342530000000011
11
95.6245879999999886
21
-69.5327300000000008
0
LINE
8
BLACK
6
CONTINUOUS
10
95.6245879999999886
20
-69.5327300000000008
11
95.9169079999999923
21
-69.4595070000000021
0
LINE
8
BLACK
6
CONTINUOUS
10
95.9169079999999923
20
-69.4595070000000021
11
96.2149969999999968
21
-69.4152890000000014
0
LINE
8
BLACK
6
CONTINUOUS
10
96.2149969999999968
20
-69.4152890000000014
11
96.5159850000000006
21
-69.4005009999999913
0
LINE
8
BLACK
6
CONTINUOUS
10
96.5159850000000006
20
-69.4005009999999913
11
96.5159850000000006
21
-69.400503999999998
0
LINE
8
BLACK
6
CONTINUOUS
10
96.5159850000000006
20
-69.400503999999998
11
96.5159869999999955
21
-69.400503999999998
0
LINE
8
BLACK
6
CONTINUOUS
10
96.5159869999999955
20
-69.400503999999998
11
103.1606919999999974
21
-69.400503999999998
0
LINE
8
BLACK
6
CONTINUOUS
10
103.1606919999999974
20
-69.400503999999998
11
103.1606939999999923
21
-69.400503999999998
0
LINE
8
BLACK
6
CONTINUOUS
10
103.1606939999999923
20
-69.400503999999998
11
103.4616800000000012
21
-69.4152899999999988
0
LINE
8
BLACK
6
CONTINUOUS
10
103.4616800000000012
20
-69.4152899999999988
11
103.759769999999989
21
-69.4595059999999904
0
LINE
8
BLACK
6
CONTINUOUS
10
103.759769999999989
20
-69.4595059999999904
11
104.0520909999999901
21
-69.5327269999999942
0
LINE
8
BLACK
6
CONTINUOUS
10
104.0520909999999901
20
-69.5327269999999942
11
104.3358279999999922
21
-69.6342479999999995
0
LINE
8
BLACK
6
CONTINUOUS
10
104.3358279999999922
20
-69.6342479999999995
11
104.6082469999999915
21
-69.7630910000000029
0
LINE
8
BLACK
6
CONTINUOUS
10
104.6082469999999915
20
-69.7630910000000029
11
104.8667259999999999
21
-69.9180149999999969
0
LINE
8
BLACK
6
CONTINUOUS
10
104.8667259999999999
20
-69.9180149999999969
11
105.1087749999999943
21
-70.0975289999999944
0
LINE
8
BLACK
6
CONTINUOUS
10
105.1087749999999943
20
-70.0975289999999944
11
105.3320639999999884
21
-70.299902000000003
0
LINE
8
BLACK
6
CONTINUOUS
10
105.3320639999999884
20
-70.299902000000003
11
105.3320549999999969
21
-70.2999109999999945
0
LINE
8
BLACK
6
CONTINUOUS
10
105.3320549999999969
20
-70.2999109999999945
11
105.3320569999999918
21
-70.2999130000000036
0
LINE
8
BLACK
6
CONTINUOUS
10
105.3320569999999918
20
-70.2999130000000036
11
105.8289939999999945
21
-70.7968499999999921
0
LINE
8
BLACK
6
CONTINUOUS
10
105.8289939999999945
20
-70.7968499999999921
11
105.856111999999996
21
-70.7856179999999995
0
LINE
8
BLACK
6
CONTINUOUS
10
105.856111999999996
20
-70.7856179999999995
11
106.009925999999993
21
-70.7550219999999968
0
LINE
8
BLACK
6
CONTINUOUS
10
106.009925999999993
20
-70.7550219999999968
11
106.1667539999999974
21
-70.7550219999999968
0
LINE
8
BLACK
6
CONTINUOUS
10
106.1667539999999974
20
-70.7550219999999968
11
106.3205679999999944
21
-70.7856179999999995
0
LINE
8
BLACK
6
CONTINUOUS
10
106.3205679999999944
20
-70.7856179999999995
11
106.4654570000000007
21
-70.8456329999999923
0
LINE
8
BLACK
6
CONTINUOUS
10
106.4654570000000007
20
-70.8456329999999923
11
106.5958550000000002
21
-70.9327619999999968
0
LINE
8
BLACK
6
CONTINUOUS
10
106.5958550000000002
20
-70.9327619999999968
11
106.7067479999999904
21
-71.0436550000000011
0
LINE
8
BLACK
6
CONTINUOUS
10
106.7067479999999904
20
-71.0436550000000011
11
106.7938769999999948
21
-71.1740530000000007
0
LINE
8
BLACK
6
CONTINUOUS
10
106.7938769999999948
20
-71.1740530000000007
11
106.8538920000000019
21
-71.3189419999999927
0
LINE
8
BLACK
6
CONTINUOUS
10
106.8538920000000019
20
-71.3189419999999927
11
106.8844879999999904
21
-71.4727559999999897
0
LINE
8
BLACK
6
CONTINUOUS
10
106.8844879999999904
20
-71.4727559999999897
11
106.8844879999999904
21
-71.6295839999999941
0
LINE
8
BLACK
6
CONTINUOUS
10
106.8844879999999904
20
-71.6295839999999941
11
106.8538920000000019
21
-71.7833979999999912
0
LINE
8
BLACK
6
CONTINUOUS
10
106.8538920000000019
20
-71.7833979999999912
11
106.7938769999999948
21
-71.9282869999999974
0
LINE
8
BLACK
6
CONTINUOUS
10
106.7938769999999948
20
-71.9282869999999974
11
106.7067479999999904
21
-72.058684999999997
0
LINE
8
BLACK
6
CONTINUOUS
10
106.7067479999999904
20
-72.058684999999997
11
106.5958550000000002
21
-72.1695780000000013
0
LINE
8
BLACK
6
CONTINUOUS
10
106.5958550000000002
20
-72.1695780000000013
11
106.4654570000000007
21
-72.2567069999999916
0
LINE
8
BLACK
6
CONTINUOUS
10
106.4654570000000007
20
-72.2567069999999916
11
106.3205679999999944
21
-72.3167219999999986
0
LINE
8
BLACK
6
CONTINUOUS
10
106.3205679999999944
20
-72.3167219999999986
11
106.1667539999999974
21
-72.3473180000000013
0
LINE
8
BLACK
6
CONTINUOUS
10
106.1667539999999974
20
-72.3473180000000013
11
106.009925999999993
21
-72.3473180000000013
0
LINE
8
BLACK
6
CONTINUOUS
10
106.009925999999993
20
-72.3473180000000013
11
105.856111999999996
21
-72.3167219999999986
0
LINE
8
BLACK
6
CONTINUOUS
10
105.856111999999996
20
-72.3167219999999986
11
105.7112229999999897
21
-72.2567069999999916
0
LINE
8
BLACK
6
CONTINUOUS
10
105.7112229999999897
20
-72.2567069999999916
11
105.5808249999999902
21
-72.1695780000000013
0
LINE
8
BLACK
6
CONTINUOUS
10
105.5808249999999902
20
-72.1695780000000013
11
105.469932
21
-72.058684999999997
0
LINE
8
BLACK
6
CONTINUOUS
10
105.469932
20
-72.058684999999997
11
105.3828029999999956
21
-71.9282869999999974
0
LINE
8
BLACK
6
CONTINUOUS
10
105.3828029999999956
20
-71.9282869999999974
11
105.3227879999999885
21
-71.7833979999999912
0
LINE
8
BLACK
6
CONTINUOUS
10
105.3227879999999885
20
-71.7833979999999912
11
105.292192
21
-71.6295839999999941
0
LINE
8
BLACK
6
CONTINUOUS
10
105.292192
20
-71.6295839999999941
11
105.292192
21
-71.4727559999999897
0
LINE
8
BLACK
6
CONTINUOUS
10
105.292192
20
-71.4727559999999897
11
105.3227879999999885
21
-71.3189419999999927
0
LINE
8
BLACK
6
CONTINUOUS
10
105.3227879999999885
20
-71.3189419999999927
11
105.3340199999999953
21
-71.2918239999999912
0
LINE
8
BLACK
6
CONTINUOUS
10
105.3340199999999953
20
-71.2918239999999912
11
104.8370829999999927
21
-70.7948870000000028
0
LINE
8
BLACK
6
CONTINUOUS
10
104.8370829999999927
20
-70.7948870000000028
11
104.8369679999999988
21
-70.7947559999999925
0
LINE
8
BLACK
6
CONTINUOUS
10
104.8369679999999988
20
-70.7947559999999925
11
104.7429479999999984
21
-70.7007370000000037
0
LINE
8
BLACK
6
CONTINUOUS
10
104.7429479999999984
20
-70.7007370000000037
11
104.5347599999999915
21
-70.5347149999999914
0
LINE
8
BLACK
6
CONTINUOUS
10
104.5347599999999915
20
-70.5347149999999914
11
104.3092929999999967
21
-70.3930469999999957
0
LINE
8
BLACK
6
CONTINUOUS
10
104.3092929999999967
20
-70.3930469999999957
11
104.0693819999999903
21
-70.2775139999999965
0
LINE
8
BLACK
6
CONTINUOUS
10
104.0693819999999903
20
-70.2775139999999965
11
103.8180440000000004
21
-70.1895679999999942
0
LINE
8
BLACK
6
CONTINUOUS
10
103.8180440000000004
20
-70.1895679999999942
11
103.5584399999999903
21
-70.1303159999999934
0
LINE
8
BLACK
6
CONTINUOUS
10
103.5584399999999903
20
-70.1303159999999934
11
103.2938329999999922
21
-70.1005030000000033
0
LINE
8
BLACK
6
CONTINUOUS
10
103.2938329999999922
20
-70.1005030000000033
11
103.1606929999999949
21
-70.1005040000000008
0
LINE
8
BLACK
6
CONTINUOUS
10
103.1606929999999949
20
-70.1005040000000008
11
103.1606919999999974
21
-70.1005030000000033
0
LINE
8
BLACK
6
CONTINUOUS
10
103.1606919999999974
20
-70.1005030000000033
11
103.1606919999999974
21
-70.1005040000000008
0
LINE
8
BLACK
6
CONTINUOUS
10
103.1606919999999974
20
-70.1005040000000008
11
96.5159889999999905
21
-70.1005040000000008
0
LINE
8
BLACK
6
CONTINUOUS
10
96.5159889999999905
20
-70.1005040000000008
11
96.5159869999999955
21
-70.1005040000000008
0
LINE
8
BLACK
6
CONTINUOUS
10
96.5159869999999955
20
-70.1005040000000008
11
96.515940999999998
21
-70.1005009999999942
0
LINE
8
BLACK
6
CONTINUOUS
10
96.515940999999998
20
-70.1005009999999942
11
96.3828489999999931
21
-70.1005009999999942
0
LINE
8
BLACK
6
CONTINUOUS
10
96.3828489999999931
20
-70.1005009999999942
11
96.1182429999999925
21
-70.1303159999999934
0
LINE
8
BLACK
6
CONTINUOUS
10
96.1182429999999925
20
-70.1303159999999934
11
95.8586389999999966
21
-70.1895700000000033
0
LINE
8
BLACK
6
CONTINUOUS
10
95.8586389999999966
20
-70.1895700000000033
11
95.60730199999999
21
-70.2775170000000031
0
LINE
8
BLACK
6
CONTINUOUS
10
95.60730199999999
20
-70.2775170000000031
11
95.3673919999999953
21
-70.3930519999999973
0
LINE
8
BLACK
6
CONTINUOUS
10
95.3673919999999953
20
-70.3930519999999973
11
95.141925999999998
21
-70.5347209999999905
0
LINE
8
BLACK
6
CONTINUOUS
10
95.141925999999998
20
-70.5347209999999905
11
94.9337400000000002
21
-70.7007440000000003
0
LINE
8
BLACK
6
CONTINUOUS
10
94.9337400000000002
20
-70.7007440000000003
11
94.8395960000000002
21
-70.7948880000000003
0
LINE
8
BLACK
6
CONTINUOUS
10
94.8395960000000002
20
-70.7948880000000003
11
94.8395919999999961
21
-70.7948899999999952
0
LINE
8
BLACK
6
CONTINUOUS
10
94.8395919999999961
20
-70.7948899999999952
11
93.7628950000000003
21
-71.8715880000000027
0
LINE
8
BLACK
6
CONTINUOUS
10
93.7628950000000003
20
-71.8715880000000027
11
93.7849689999999896
21
-71.9825579999999974
0
LINE
8
BLACK
6
CONTINUOUS
10
93.7849689999999896
20
-71.9825579999999974
11
93.7849689999999896
21
-72.1197820000000007
0
LINE
8
BLACK
6
CONTINUOUS
10
93.7849689999999896
20
-72.1197820000000007
11
93.758197999999993
21
-72.254368999999997
0
LINE
8
BLACK
6
CONTINUOUS
10
93.758197999999993
20
-72.254368999999997
11
93.7056850000000026
21
-72.381147999999996
0
LINE
8
BLACK
6
CONTINUOUS
10
93.7056850000000026
20
-72.381147999999996
11
93.629446999999999
21
-72.495244999999997
0
LINE
8
BLACK
6
CONTINUOUS
10
93.629446999999999
20
-72.495244999999997
11
93.5324150000000003
21
-72.5922769999999957
0
LINE
8
BLACK
6
CONTINUOUS
10
93.5324150000000003
20
-72.5922769999999957
11
93.4183179999999993
21
-72.6685149999999993
0
LINE
8
BLACK
6
CONTINUOUS
10
93.4183179999999993
20
-72.6685149999999993
11
93.2915390000000002
21
-72.7210279999999898
0
LINE
8
BLACK
6
CONTINUOUS
10
93.2915390000000002
20
-72.7210279999999898
11
93.1569519999999898
21
-72.7477990000000005
0
LINE
8
BLACK
6
CONTINUOUS
10
93.1569519999999898
20
-72.7477990000000005
11
93.0197280000000006
21
-72.7477990000000005
0
LINE
8
BLACK
6
CONTINUOUS
10
93.0197280000000006
20
-72.7477990000000005
11
92.8851409999999902
21
-72.7210279999999898
0
LINE
8
BLACK
6
CONTINUOUS
10
92.8851409999999902
20
-72.7210279999999898
11
92.7583619999999911
21
-72.6685149999999993
0
LINE
8
BLACK
6
CONTINUOUS
10
92.7583619999999911
20
-72.6685149999999993
11
92.6442649999999901
21
-72.5922769999999957
0
LINE
8
BLACK
6
CONTINUOUS
10
92.6442649999999901
20
-72.5922769999999957
11
92.5472329999999914
21
-72.495244999999997
0
LINE
8
BLACK
6
CONTINUOUS
10
92.5472329999999914
20
-72.495244999999997
11
92.4843729999999908
21
-72.4011699999999934
0
LINE
8
BLACK
6
CONTINUOUS
10
92.4843729999999908
20
-72.4011699999999934
11
88.5883389999999906
21
-72.4011699999999934
0
LINE
8
BLACK
6
CONTINUOUS
10
88.5883389999999906
20
-72.4011699999999934
11
88.5864289999999954
21
-72.4010439999999988
0
LINE
8
BLACK
6
CONTINUOUS
10
88.5864289999999954
20
-72.4010439999999988
11
88.5845219999999927
21
-72.4011490000000038
0
LINE
8
BLACK
6
CONTINUOUS
10
88.5845219999999927
20
-72.4011490000000038
11
88.5408819999999963
21
-72.4006729999999976
0
LINE
8
BLACK
6
CONTINUOUS
10
88.5408819999999963
20
-72.4006729999999976
11
88.5275559999999899
21
-72.3996530000000007
0
LINE
8
BLACK
6
CONTINUOUS
10
88.5275559999999899
20
-72.3996530000000007
11
88.5141939999999892
21
-72.3993619999999964
0
LINE
8
BLACK
6
CONTINUOUS
10
88.5141939999999892
20
-72.3993619999999964
11
88.4272459999999967
21
-72.3917550000000034
0
LINE
8
BLACK
6
CONTINUOUS
10
88.4272459999999967
20
-72.3917550000000034
11
88.412154000000001
21
-72.3894319999999993
0
LINE
8
BLACK
6
CONTINUOUS
10
88.412154000000001
20
-72.3894319999999993
11
88.3969749999999976
21
-72.3877700000000033
0
LINE
8
BLACK
6
CONTINUOUS
10
88.3969749999999976
20
-72.3877700000000033
11
88.3110199999999992
21
-72.3726139999999987
0
LINE
8
BLACK
6
CONTINUOUS
10
88.3110199999999992
20
-72.3726139999999987
11
88.2961939999999998
21
-72.3689859999999925
0
LINE
8
BLACK
6
CONTINUOUS
10
88.2961939999999998
20
-72.3689859999999925
11
88.2812079999999924
21
-72.3660050000000012
0
LINE
8
BLACK
6
CONTINUOUS
10
88.2812079999999924
20
-72.3660050000000012
11
88.1969019999999944
21
-72.3434149999999931
0
LINE
8
BLACK
6
CONTINUOUS
10
88.1969019999999944
20
-72.3434149999999931
11
88.1824359999999956
21
-72.3385040000000004
0
LINE
8
BLACK
6
CONTINUOUS
10
88.1824359999999956
20
-72.3385040000000004
11
88.1677809999999909
21
-72.3342329999999976
0
LINE
8
BLACK
6
CONTINUOUS
10
88.1677809999999909
20
-72.3342329999999976
11
88.085764999999995
21
-72.3043809999999922
0
LINE
8
BLACK
6
CONTINUOUS
10
88.085764999999995
20
-72.3043809999999922
11
88.0717819999999989
21
-72.2982279999999946
0
LINE
8
BLACK
6
CONTINUOUS
10
88.0717819999999989
20
-72.2982279999999946
11
88.0575580000000002
21
-72.2926969999999898
0
LINE
8
BLACK
6
CONTINUOUS
10
88.0575580000000002
20
-72.2926969999999898
11
87.9784559999999942
21
-72.2558109999999942
0
LINE
8
BLACK
6
CONTINUOUS
10
87.9784559999999942
20
-72.2558109999999942
11
87.9650709999999947
21
-72.2484680000000026
0
LINE
8
BLACK
6
CONTINUOUS
10
87.9650709999999947
20
-72.2484680000000026
11
87.9513709999999946
21
-72.2417119999999926
0
LINE
8
BLACK
6
CONTINUOUS
10
87.9513709999999946
20
-72.2417119999999926
11
87.8757849999999934
21
-72.1980719999999963
0
LINE
8
BLACK
6
CONTINUOUS
10
87.8757849999999934
20
-72.1980719999999963
11
87.8630959999999988
21
-72.1895939999999996
0
LINE
8
BLACK
6
CONTINUOUS
10
87.8630959999999988
20
-72.1895939999999996
11
87.8500319999999988
21
-72.1816659999999928
0
LINE
8
BLACK
6
CONTINUOUS
10
87.8500319999999988
20
-72.1816659999999928
11
87.7785360000000026
21
-72.1316039999999958
0
LINE
8
BLACK
6
CONTINUOUS
10
87.7785360000000026
20
-72.1316039999999958
11
87.7666249999999906
21
-72.122045
0
LINE
8
BLACK
6
CONTINUOUS
10
87.7666249999999906
20
-72.122045
11
87.7543129999999962
21
-72.1130169999999993
0
LINE
8
BLACK
6
CONTINUOUS
10
87.7543129999999962
20
-72.1130169999999993
11
87.6874509999999958
21
-72.0569139999999919
0
LINE
8
BLACK
6
CONTINUOUS
10
87.6874509999999958
20
-72.0569139999999919
11
87.6764179999999982
21
-72.0463519999999988
0
LINE
8
BLACK
6
CONTINUOUS
10
87.6764179999999982
20
-72.0463519999999988
11
87.6649400000000014
21
-72.0362859999999898
0
LINE
8
BLACK
6
CONTINUOUS
10
87.6649400000000014
20
-72.0362859999999898
11
87.6032239999999973
21
-71.9745690000000025
0
LINE
8
BLACK
6
CONTINUOUS
10
87.6032239999999973
20
-71.9745690000000025
11
87.5931640000000016
21
-71.9630980000000022
0
LINE
8
BLACK
6
CONTINUOUS
10
87.5931640000000016
20
-71.9630980000000022
11
87.5825949999999978
21
-71.9520579999999939
0
LINE
8
BLACK
6
CONTINUOUS
10
87.5825949999999978
20
-71.9520579999999939
11
87.5264919999999904
21
-71.8851969999999909
0
LINE
8
BLACK
6
CONTINUOUS
10
87.5264919999999904
20
-71.8851969999999909
11
87.5174599999999998
21
-71.872878
0
LINE
8
BLACK
6
CONTINUOUS
10
87.5174599999999998
20
-71.872878
11
87.5079039999999964
21
-71.8609720000000038
0
LINE
8
BLACK
6
CONTINUOUS
10
87.5079039999999964
20
-71.8609720000000038
11
87.4578429999999969
21
-71.7894769999999909
0
LINE
8
BLACK
6
CONTINUOUS
10
87.4578429999999969
20
-71.7894769999999909
11
87.4499199999999917
21
-71.7764200000000017
0
LINE
8
BLACK
6
CONTINUOUS
10
87.4499199999999917
20
-71.7764200000000017
11
87.4414369999999934
21
-71.7637239999999963
0
LINE
8
BLACK
6
CONTINUOUS
10
87.4414369999999934
20
-71.7637239999999963
11
87.3977969999999971
21
-71.6881369999999976
0
LINE
8
BLACK
6
CONTINUOUS
10
87.3977969999999971
20
-71.6881369999999976
11
87.3910460000000029
21
-71.6744470000000007
0
LINE
8
BLACK
6
CONTINUOUS
10
87.3910460000000029
20
-71.6744470000000007
11
87.3836979999999954
21
-71.6610539999999929
0
LINE
8
BLACK
6
CONTINUOUS
10
87.3836979999999954
20
-71.6610539999999929
11
87.3468119999999999
21
-71.5819529999999986
0
LINE
8
BLACK
6
CONTINUOUS
10
87.3468119999999999
20
-71.5819529999999986
11
87.3412759999999935
21
-71.5677189999999968
0
LINE
8
BLACK
6
CONTINUOUS
10
87.3412759999999935
20
-71.5677189999999968
11
87.3351260000000025
21
-71.5537399999999906
0
LINE
8
BLACK
6
CONTINUOUS
10
87.3351260000000025
20
-71.5537399999999906
11
87.3052759999999921
21
-71.4717229999999972
0
LINE
8
BLACK
6
CONTINUOUS
10
87.3052759999999921
20
-71.4717229999999972
11
87.3010079999999959
21
-71.4570810000000023
0
LINE
8
BLACK
6
CONTINUOUS
10
87.3010079999999959
20
-71.4570810000000023
11
87.296094999999994
21
-71.4426069999999953
0
LINE
8
BLACK
6
CONTINUOUS
10
87.296094999999994
20
-71.4426069999999953
11
87.2735050000000001
21
-71.3583009999999973
0
LINE
8
BLACK
6
CONTINUOUS
10
87.2735050000000001
20
-71.3583009999999973
11
87.2705239999999947
21
-71.3433149999999898
0
LINE
8
BLACK
6
CONTINUOUS
10
87.2705239999999947
20
-71.3433149999999898
11
87.2668960000000027
21
-71.3284889999999905
0
LINE
8
BLACK
6
CONTINUOUS
10
87.2668960000000027
20
-71.3284889999999905
11
87.2517399999999981
21
-71.242533999999992
0
LINE
8
BLACK
6
CONTINUOUS
10
87.2517399999999981
20
-71.242533999999992
11
87.2500769999999903
21
-71.2273539999999912
0
LINE
8
BLACK
6
CONTINUOUS
10
87.2500769999999903
20
-71.2273539999999912
11
87.2477549999999979
21
-71.212262999999993
0
LINE
8
BLACK
6
CONTINUOUS
10
87.2477549999999979
20
-71.212262999999993
11
87.2401479999999907
21
-71.1253150000000005
0
LINE
8
BLACK
6
CONTINUOUS
10
87.2401479999999907
20
-71.1253150000000005
11
87.239855999999989
21
-71.1119529999999997
0
LINE
8
BLACK
6
CONTINUOUS
10
87.239855999999989
20
-71.1119529999999997
11
87.2388369999999895
21
-71.0986279999999908
0
LINE
8
BLACK
6
CONTINUOUS
10
87.2388369999999895
20
-71.0986279999999908
11
87.2383609999999976
21
-71.054986999999997
0
LINE
8
BLACK
6
CONTINUOUS
10
87.2383609999999976
20
-71.054986999999997
11
87.2384649999999908
21
-71.0530789999999968
0
LINE
8
BLACK
6
CONTINUOUS
10
87.2384649999999908
20
-71.0530789999999968
11
87.2383399999999938
21
-71.051169999999999
0
LINE
8
BLACK
6
CONTINUOUS
10
87.2383399999999938
20
-71.051169999999999
11
87.2383399999999938
21
-56.2147590000000008
0
LINE
8
BLACK
6
CONTINUOUS
10
87.2383399999999938
20
-56.2147590000000008
11
87.2379339999999956
21
-56.1679109999999966
0
LINE
8
BLACK
6
CONTINUOUS
10
87.2379339999999956
20
-56.1679109999999966
11
87.2311389999999989
21
-56.0729459999999946
0
LINE
8
BLACK
6
CONTINUOUS
10
87.2311389999999989
20
-56.0729459999999946
11
87.2178049999999985
21
-55.9802159999999986
0
LINE
8
BLACK
6
CONTINUOUS
10
87.2178049999999985
20
-55.9802159999999986
11
87.1978909999999985
21
-55.8886800000000008
0
LINE
8
BLACK
6
CONTINUOUS
10
87.1978909999999985
20
-55.8886800000000008
11
87.1714949999999931
21
-55.7987889999999993
0
LINE
8
BLACK
6
CONTINUOUS
10
87.1714949999999931
20
-55.7987889999999993
11
87.1387560000000008
21
-55.7110179999999957
0
LINE
8
BLACK
6
CONTINUOUS
10
87.1387560000000008
20
-55.7110179999999957
11
87.0998340000000013
21
-55.625791999999997
0
LINE
8
BLACK
6
CONTINUOUS
10
87.0998340000000013
20
-55.625791999999997
11
87.0549389999999903
21
-55.543574999999997
0
LINE
8
BLACK
6
CONTINUOUS
10
87.0549389999999903
20
-55.543574999999997
11
87.0042839999999984
21
-55.4647539999999992
0
LINE
8
BLACK
6
CONTINUOUS
10
87.0042839999999984
20
-55.4647539999999992
11
86.9481449999999967
21
-55.3897619999999975
0
LINE
8
BLACK
6
CONTINUOUS
10
86.9481449999999967
20
-55.3897619999999975
11
86.8857670000000013
21
-55.317774
0
LINE
8
BLACK
6
CONTINUOUS
10
86.8857670000000013
20
-55.317774
11
86.8540780000000012
21
-55.2855149999999966
0
LINE
8
BLACK
6
CONTINUOUS
10
86.8540780000000012
20
-55.2855149999999966
11
86.8217649999999992
21
-55.2537909999999997
0
LINE
8
BLACK
6
CONTINUOUS
10
86.8217649999999992
20
-55.2537909999999997
11
86.749730999999997
21
-55.1913729999999987
0
LINE
8
BLACK
6
CONTINUOUS
10
86.749730999999997
20
-55.1913729999999987
11
86.6747409999999974
21
-55.1352349999999944
0
LINE
8
BLACK
6
CONTINUOUS
10
86.6747409999999974
20
-55.1352349999999944
11
86.5959330000000023
21
-55.0845869999999991
0
LINE
8
BLACK
6
CONTINUOUS
10
86.5959330000000023
20
-55.0845869999999991
11
86.5136979999999909
21
-55.0396839999999941
0
LINE
8
BLACK
6
CONTINUOUS
10
86.5136979999999909
20
-55.0396839999999941
11
86.4284990000000022
21
-55.0007729999999952
0
LINE
8
BLACK
6
CONTINUOUS
10
86.4284990000000022
20
-55.0007729999999952
11
86.3407089999999897
21
-54.9680279999999968
0
LINE
8
BLACK
6
CONTINUOUS
10
86.3407089999999897
20
-54.9680279999999968
11
86.250828999999996
21
-54.9416359999999955
0
LINE
8
BLACK
6
CONTINUOUS
10
86.250828999999996
20
-54.9416359999999955
11
86.1592809999999929
21
-54.921718999999996
0
LINE
8
BLACK
6
CONTINUOUS
10
86.1592809999999929
20
-54.921718999999996
11
86.0665639999999996
21
-54.9083860000000001
0
LINE
8
BLACK
6
CONTINUOUS
10
86.0665639999999996
20
-54.9083860000000001
11
85.9715499999999935
21
-54.9015889999999942
0
LINE
8
BLACK
6
CONTINUOUS
10
85.9715499999999935
20
-54.9015889999999942
11
85.924712999999997
21
-54.9011700000000005
0
LINE
8
BLACK
6
CONTINUOUS
10
85.924712999999997
20
-54.9011700000000005
11
75.7970279999999974
21
-54.9011700000000005
0
LINE
8
BLACK
6
CONTINUOUS
10
75.7970279999999974
20
-54.9011700000000005
11
75.7485149999999976
21
-54.9015950000000004
0
LINE
8
BLACK
6
CONTINUOUS
10
75.7485149999999976
20
-54.9015950000000004
11
75.6503510000000006
21
-54.9086149999999975
0
LINE
8
BLACK
6
CONTINUOUS
10
75.6503510000000006
20
-54.9086149999999975
11
75.5544239999999974
21
-54.9224069999999998
0
LINE
8
BLACK
6
CONTINUOUS
10
75.5544239999999974
20
-54.9224069999999998
11
75.4597440000000006
21
-54.9430019999999999
0
LINE
8
BLACK
6
CONTINUOUS
10
75.4597440000000006
20
-54.9430019999999999
11
75.3667619999999943
21
-54.9703039999999987
0
LINE
8
BLACK
6
CONTINUOUS
10
75.3667619999999943
20
-54.9703039999999987
11
75.2759849999999915
21
-55.0041620000000009
0
LINE
8
BLACK
6
CONTINUOUS
10
75.2759849999999915
20
-55.0041620000000009
11
75.1878320000000002
21
-55.0444189999999978
0
LINE
8
BLACK
6
CONTINUOUS
10
75.1878320000000002
20
-55.0444189999999978
11
75.1027839999999998
21
-55.0908589999999947
0
LINE
8
BLACK
6
CONTINUOUS
10
75.1027839999999998
20
-55.0908589999999947
11
75.0212549999999965
21
-55.1432549999999964
0
LINE
8
BLACK
6
CONTINUOUS
10
75.0212549999999965
20
-55.1432549999999964
11
74.9436949999999911
21
-55.2013159999999985
0
LINE
8
BLACK
6
CONTINUOUS
10
74.9436949999999911
20
-55.2013159999999985
11
74.8693119999999936
21
-55.2657689999999988
0
LINE
8
BLACK
6
CONTINUOUS
10
74.8693119999999936
20
-55.2657689999999988
11
74.8358249999999998
21
-55.2986769999999979
0
LINE
8
BLACK
6
CONTINUOUS
10
74.8358249999999998
20
-55.2986769999999979
11
74.8029399999999924
21
-55.3321380000000005
0
LINE
8
BLACK
6
CONTINUOUS
10
74.8029399999999924
20
-55.3321380000000005
11
74.7384879999999896
21
-55.4065179999999984
0
LINE
8
BLACK
6
CONTINUOUS
10
74.7384879999999896
20
-55.4065179999999984
11
74.680413999999999
21
-55.4840969999999984
0
LINE
8
BLACK
6
CONTINUOUS
10
74.680413999999999
20
-55.4840969999999984
11
74.6280249999999938
21
-55.5656159999999986
0
LINE
8
BLACK
6
CONTINUOUS
10
74.6280249999999938
20
-55.5656159999999986
11
74.5815899999999914
21
-55.6506550000000004
0
LINE
8
BLACK
6
CONTINUOUS
10
74.5815899999999914
20
-55.6506550000000004
11
74.5413300000000021
21
-55.7388139999999979
0
LINE
8
BLACK
6
CONTINUOUS
10
74.5413300000000021
20
-55.7388139999999979
11
74.5074719999999928
21
-55.8295899999999961
0
LINE
8
BLACK
6
CONTINUOUS
10
74.5074719999999928
20
-55.8295899999999961
11
74.4801690000000036
21
-55.9225719999999953
0
LINE
8
BLACK
6
CONTINUOUS
10
74.4801690000000036
20
-55.9225719999999953
11
74.4595740000000035
21
-56.0172509999999946
0
LINE
8
BLACK
6
CONTINUOUS
10
74.4595740000000035
20
-56.0172509999999946
11
74.4457819999999941
21
-56.1131799999999998
0
LINE
8
BLACK
6
CONTINUOUS
10
74.4457819999999941
20
-56.1131799999999998
11
74.438761999999997
21
-56.2113379999999978
0
LINE
8
BLACK
6
CONTINUOUS
10
74.438761999999997
20
-56.2113379999999978
11
74.4383399999999966
21
-56.2598319999999958
0
LINE
8
BLACK
6
CONTINUOUS
10
74.4383399999999966
20
-56.2598319999999958
11
74.4383399999999966
21
-90.2649529999999913
0
LINE
8
BLACK
6
CONTINUOUS
10
74.4383399999999966
20
-90.2649529999999913
11
74.4383389999999991
21
-90.2649600000000021
0
LINE
8
BLACK
6
CONTINUOUS
10
74.4383389999999991
20
-90.2649600000000021
11
74.4383399999999966
21
-90.2649629999999945
0
LINE
8
BLACK
6
CONTINUOUS
10
74.4383399999999966
20
-90.2649629999999945
11
74.4383639999999929
21
-90.2649629999999945
0
LINE
8
BLACK
6
CONTINUOUS
10
74.4383639999999929
20
-90.2649629999999945
11
74.4383610000000004
21
-90.3722939999999966
0
LINE
8
BLACK
6
CONTINUOUS
10
74.4383610000000004
20
-90.3722939999999966
11
74.4719369999999969
21
-90.584313999999992
0
LINE
8
BLACK
6
CONTINUOUS
10
74.4719369999999969
20
-90.584313999999992
11
74.5382669999999905
21
-90.7884710000000013
0
LINE
8
BLACK
6
CONTINUOUS
10
74.5382669999999905
20
-90.7884710000000013
11
74.6357189999999946
21
-90.9797379999999976
0
LINE
8
BLACK
6
CONTINUOUS
10
74.6357189999999946
20
-90.9797379999999976
11
74.7618920000000031
21
-91.1534049999999922
0
LINE
8
BLACK
6
CONTINUOUS
10
74.7618920000000031
20
-91.1534049999999922
11
74.9136799999999994
21
-91.3051949999999977
0
LINE
8
BLACK
6
CONTINUOUS
10
74.9136799999999994
20
-91.3051949999999977
11
75.0873459999999966
21
-91.4313709999999986
0
LINE
8
BLACK
6
CONTINUOUS
10
75.0873459999999966
20
-91.4313709999999986
11
75.2786109999999979
21
-91.5288249999999977
0
LINE
8
BLACK
6
CONTINUOUS
10
75.2786109999999979
20
-91.5288249999999977
11
75.4827669999999955
21
-91.5951589999999953
0
LINE
8
BLACK
6
CONTINUOUS
10
75.4827669999999955
20
-91.5951589999999953
11
75.6947869999999909
21
-91.628737000000001
0
LINE
8
BLACK
6
CONTINUOUS
10
75.6947869999999909
20
-91.628737000000001
11
75.802117999999993
21
-91.6287359999999893
0
LINE
8
BLACK
6
CONTINUOUS
10
75.802117999999993
20
-91.6287359999999893
11
75.8021189999999905
21
-91.6287359999999893
0
LINE
8
BLACK
6
CONTINUOUS
10
75.8021189999999905
20
-91.6287359999999893
11
75.8021229999999946
21
-91.6287359999999893
0
LINE
8
BLACK
6
CONTINUOUS
10
75.8021229999999946
20
-91.6287359999999893
11
76.6232299999999924
21
-91.6287359999999893
0
LINE
8
BLACK
6
CONTINUOUS
10
76.6232299999999924
20
-91.6287359999999893
11
76.623232999999999
21
-91.6287359999999893
0
LINE
8
BLACK
6
CONTINUOUS
10
76.623232999999999
20
-91.6287359999999893
11
76.623234999999994
21
-91.6287359999999893
0
LINE
8
BLACK
6
CONTINUOUS
10
76.623234999999994
20
-91.6287359999999893
11
76.9037170000000003
21
-91.6444919999999996
0
LINE
8
BLACK
6
CONTINUOUS
10
76.9037170000000003
20
-91.6444919999999996
11
77.1806709999999896
21
-91.691552999999999
0
LINE
8
BLACK
6
CONTINUOUS
10
77.1806709999999896
20
-91.691552999999999
11
77.4506140000000016
21
-91.7693269999999899
0
LINE
8
BLACK
6
CONTINUOUS
10
77.4506140000000016
20
-91.7693269999999899
11
77.7101519999999937
21
-91.8768369999999948
0
LINE
8
BLACK
6
CONTINUOUS
10
77.7101519999999937
20
-91.8768369999999948
11
77.9560209999999927
21
-92.0127310000000023
0
LINE
8
BLACK
6
CONTINUOUS
10
77.9560209999999927
20
-92.0127310000000023
11
78.1851279999999917
21
-92.1752989999999954
0
LINE
8
BLACK
6
CONTINUOUS
10
78.1851279999999917
20
-92.1752989999999954
11
78.2700239999999923
21
-92.2511700000000019
0
LINE
8
BLACK
6
CONTINUOUS
10
78.2700239999999923
20
-92.2511700000000019
11
79.4283399999999915
21
-92.2511700000000019
0
LINE
8
BLACK
6
CONTINUOUS
10
79.4283399999999915
20
-92.2511700000000019
11
79.5240110000000016
21
-92.2702000000000027
0
LINE
8
BLACK
6
CONTINUOUS
10
79.5240110000000016
20
-92.2702000000000027
11
79.6051169999999928
21
-92.3243930000000006
0
LINE
8
BLACK
6
CONTINUOUS
10
79.6051169999999928
20
-92.3243930000000006
11
79.6593099999999907
21
-92.4054989999999918
0
LINE
8
BLACK
6
CONTINUOUS
10
79.6593099999999907
20
-92.4054989999999918
11
79.6783399999999915
21
-92.5011700000000019
0
LINE
8
BLACK
6
CONTINUOUS
10
79.6783399999999915
20
-92.5011700000000019
11
79.6783399999999915
21
-95.6011699999999962
0
LINE
8
BLACK
6
CONTINUOUS
10
79.6783399999999915
20
-95.6011699999999962
11
79.6593099999999907
21
-95.6968409999999921
0
LINE
8
BLACK
6
CONTINUOUS
10
79.6593099999999907
20
-95.6968409999999921
11
79.6051169999999928
21
-95.7779469999999975
0
LINE
8
BLACK
6
CONTINUOUS
10
79.6051169999999928
20
-95.7779469999999975
11
79.5240110000000016
21
-95.8321399999999954
0
LINE
8
BLACK
6
CONTINUOUS
10
79.5240110000000016
20
-95.8321399999999954
11
79.4283399999999915
21
-95.8511699999999962
0
LINE
8
BLACK
6
CONTINUOUS
10
79.4283399999999915
20
-95.8511699999999962
11
79.1283399999999943
21
-95.8511699999999962
0
LINE
8
BLACK
6
CONTINUOUS
10
79.1283399999999943
20
-95.8511699999999962
11
79.1283399999999943
21
-100.321477999999999
0
LINE
8
BLACK
6
CONTINUOUS
10
79.1283399999999943
20
-100.321477999999999
11
79.1405129999999986
21
-100.3133449999999982
0
LINE
8
BLACK
6
CONTINUOUS
10
79.1405129999999986
20
-100.3133449999999982
11
79.3125699999999938
21
-100.2420769999999948
0
LINE
8
BLACK
6
CONTINUOUS
10
79.3125699999999938
20
-100.2420769999999948
11
79.4952239999999932
21
-100.2057449999999932
0
LINE
8
BLACK
6
CONTINUOUS
10
79.4952239999999932
20
-100.2057449999999932
11
79.6814559999999972
21
-100.2057449999999932
0
LINE
8
BLACK
6
CONTINUOUS
10
79.6814559999999972
20
-100.2057449999999932
11
79.8641099999999966
21
-100.2420769999999948
0
LINE
8
BLACK
6
CONTINUOUS
10
79.8641099999999966
20
-100.2420769999999948
11
80.0361669999999918
21
-100.3133449999999982
0
LINE
8
BLACK
6
CONTINUOUS
10
80.0361669999999918
20
-100.3133449999999982
11
80.1910139999999956
21
-100.4168099999999981
0
LINE
8
BLACK
6
CONTINUOUS
10
80.1910139999999956
20
-100.4168099999999981
11
80.3226999999999975
21
-100.5484960000000001
0
LINE
8
BLACK
6
CONTINUOUS
10
80.3226999999999975
20
-100.5484960000000001
11
80.4261649999999975
21
-100.7033429999999896
0
LINE
8
BLACK
6
CONTINUOUS
10
80.4261649999999975
20
-100.7033429999999896
11
80.4974330000000009
21
-100.8753999999999991
0
LINE
8
BLACK
6
CONTINUOUS
10
80.4974330000000009
20
-100.8753999999999991
11
80.5337650000000025
21
-101.0580539999999985
0
LINE
8
BLACK
6
CONTINUOUS
10
80.5337650000000025
20
-101.0580539999999985
11
80.5383399999999909
21
-101.1511699999999934
0
LINE
8
BLACK
6
CONTINUOUS
10
80.5383399999999909
20
-101.1511699999999934
11
80.5383399999999909
21
-102.4511699999999905
0
LINE
8
BLACK
6
CONTINUOUS
10
80.5383399999999909
20
-102.4511699999999905
11
80.5337650000000025
21
-102.5442859999999996
0
LINE
8
BLACK
6
CONTINUOUS
10
80.5337650000000025
20
-102.5442859999999996
11
80.4974330000000009
21
-102.726939999999999
0
LINE
8
BLACK
6
CONTINUOUS
10
80.4974330000000009
20
-102.726939999999999
11
80.4261649999999975
21
-102.8989969999999943
0
LINE
8
BLACK
6
CONTINUOUS
10
80.4261649999999975
20
-102.8989969999999943
11
80.3226999999999975
21
-103.053843999999998
0
LINE
8
BLACK
6
CONTINUOUS
10
80.3226999999999975
20
-103.053843999999998
11
80.1910139999999956
21
-103.18553
0
LINE
8
BLACK
6
CONTINUOUS
10
80.1910139999999956
20
-103.18553
11
80.0361669999999918
21
-103.2889949999999999
0
LINE
8
BLACK
6
CONTINUOUS
10
80.0361669999999918
20
-103.2889949999999999
11
79.9383399999999966
21
-103.3295159999999981
0
LINE
8
BLACK
6
CONTINUOUS
10
79.9383399999999966
20
-103.3295159999999981
11
79.9383399999999966
21
-112.7728229999999883
0
LINE
8
BLACK
6
CONTINUOUS
10
79.9383399999999966
20
-112.7728229999999883
11
80.0361669999999918
21
-112.8133449999999982
0
LINE
8
BLACK
6
CONTINUOUS
10
80.0361669999999918
20
-112.8133449999999982
11
80.1910139999999956
21
-112.9168099999999981
0
LINE
8
BLACK
6
CONTINUOUS
10
80.1910139999999956
20
-112.9168099999999981
11
80.3226999999999975
21
-113.0484960000000001
0
LINE
8
BLACK
6
CONTINUOUS
10
80.3226999999999975
20
-113.0484960000000001
11
80.4261649999999975
21
-113.2033429999999896
0
LINE
8
BLACK
6
CONTINUOUS
10
80.4261649999999975
20
-113.2033429999999896
11
80.4974330000000009
21
-113.3753999999999991
0
LINE
8
BLACK
6
CONTINUOUS
10
80.4974330000000009
20
-113.3753999999999991
11
80.5337650000000025
21
-113.5580539999999985
0
LINE
8
BLACK
6
CONTINUOUS
10
80.5337650000000025
20
-113.5580539999999985
11
80.5383399999999909
21
-113.6511699999999934
0
LINE
8
BLACK
6
CONTINUOUS
10
80.5383399999999909
20
-113.6511699999999934
11
80.5383399999999909
21
-114.9511699999999905
0
LINE
8
BLACK
6
CONTINUOUS
10
80.5383399999999909
20
-114.9511699999999905
11
80.5337650000000025
21
-115.0442859999999996
0
LINE
8
BLACK
6
CONTINUOUS
10
80.5337650000000025
20
-115.0442859999999996
11
80.4974330000000009
21
-115.226939999999999
0
LINE
8
BLACK
6
CONTINUOUS
10
80.4974330000000009
20
-115.226939999999999
11
80.4261649999999975
21
-115.3989969999999943
0
LINE
8
BLACK
6
CONTINUOUS
10
80.4261649999999975
20
-115.3989969999999943
11
80.3226999999999975
21
-115.553843999999998
0
LINE
8
BLACK
6
CONTINUOUS
10
80.3226999999999975
20
-115.553843999999998
11
80.1910139999999956
21
-115.68553
0
LINE
8
BLACK
6
CONTINUOUS
10
80.1910139999999956
20
-115.68553
11
80.0361669999999918
21
-115.7889949999999999
0
LINE
8
BLACK
6
CONTINUOUS
10
80.0361669999999918
20
-115.7889949999999999
11
79.8641099999999966
21
-115.8602629999999891
0
LINE
8
BLACK
6
CONTINUOUS
10
79.8641099999999966
20
-115.8602629999999891
11
79.6814559999999972
21
-115.8965949999999907
0
LINE
8
BLACK
6
CONTINUOUS
10
79.6814559999999972
20
-115.8965949999999907
11
79.4952239999999932
21
-115.8965949999999907
0
LINE
8
BLACK
6
CONTINUOUS
10
79.4952239999999932
20
-115.8965949999999907
11
79.3125699999999938
21
-115.8602629999999891
0
LINE
8
BLACK
6
CONTINUOUS
10
79.3125699999999938
20
-115.8602629999999891
11
79.1405129999999986
21
-115.7889949999999999
0
LINE
8
BLACK
6
CONTINUOUS
10
79.1405129999999986
20
-115.7889949999999999
11
78.9856659999999948
21
-115.68553
0
LINE
8
BLACK
6
CONTINUOUS
10
78.9856659999999948
20
-115.68553
11
78.8539799999999929
21
-115.553843999999998
0
LINE
8
BLACK
6
CONTINUOUS
10
78.8539799999999929
20
-115.553843999999998
11
78.7505149999999929
21
-115.3989969999999943
0
LINE
8
BLACK
6
CONTINUOUS
10
78.7505149999999929
20
-115.3989969999999943
11
78.6792469999999895
21
-115.226939999999999
0
LINE
8
BLACK
6
CONTINUOUS
10
78.6792469999999895
20
-115.226939999999999
11
78.6429150000000021
21
-115.0442859999999996
0
LINE
8
BLACK
6
CONTINUOUS
10
78.6429150000000021
20
-115.0442859999999996
11
78.6383399999999995
21
-114.9511699999999905
0
LINE
8
BLACK
6
CONTINUOUS
10
78.6383399999999995
20
-114.9511699999999905
11
78.6383399999999995
21
-113.6511699999999934
0
LINE
8
BLACK
6
CONTINUOUS
10
78.6383399999999995
20
-113.6511699999999934
11
78.6429150000000021
21
-113.5580539999999985
0
LINE
8
BLACK
6
CONTINUOUS
10
78.6429150000000021
20
-113.5580539999999985
11
78.6792469999999895
21
-113.3753999999999991
0
LINE
8
BLACK
6
CONTINUOUS
10
78.6792469999999895
20
-113.3753999999999991
11
78.7505149999999929
21
-113.2033429999999896
0
LINE
8
BLACK
6
CONTINUOUS
10
78.7505149999999929
20
-113.2033429999999896
11
78.8539799999999929
21
-113.0484960000000001
0
LINE
8
BLACK
6
CONTINUOUS
10
78.8539799999999929
20
-113.0484960000000001
11
78.9856659999999948
21
-112.9168099999999981
0
LINE
8
BLACK
6
CONTINUOUS
10
78.9856659999999948
20
-112.9168099999999981
11
79.1405129999999986
21
-112.8133449999999982
0
LINE
8
BLACK
6
CONTINUOUS
10
79.1405129999999986
20
-112.8133449999999982
11
79.2383399999999938
21
-112.7728229999999883
0
LINE
8
BLACK
6
CONTINUOUS
10
79.2383399999999938
20
-112.7728229999999883
11
79.2383399999999938
21
-103.3295159999999981
0
LINE
8
BLACK
6
CONTINUOUS
10
79.2383399999999938
20
-103.3295159999999981
11
79.1405129999999986
21
-103.2889949999999999
0
LINE
8
BLACK
6
CONTINUOUS
10
79.1405129999999986
20
-103.2889949999999999
11
78.9856659999999948
21
-103.18553
0
LINE
8
BLACK
6
CONTINUOUS
10
78.9856659999999948
20
-103.18553
11
78.8539799999999929
21
-103.053843999999998
0
LINE
8
BLACK
6
CONTINUOUS
10
78.8539799999999929
20
-103.053843999999998
11
78.7505149999999929
21
-102.8989969999999943
0
LINE
8
BLACK
6
CONTINUOUS
10
78.7505149999999929
20
-102.8989969999999943
11
78.6792469999999895
21
-102.726939999999999
0
LINE
8
BLACK
6
CONTINUOUS
10
78.6792469999999895
20
-102.726939999999999
11
78.6429150000000021
21
-102.5442859999999996
0
LINE
8
BLACK
6
CONTINUOUS
10
78.6429150000000021
20
-102.5442859999999996
11
78.6383399999999995
21
-102.4511699999999905
0
LINE
8
BLACK
6
CONTINUOUS
10
78.6383399999999995
20
-102.4511699999999905
11
78.6383399999999995
21
-101.2398889999999909
0
LINE
8
BLACK
6
CONTINUOUS
10
78.6383399999999995
20
-101.2398889999999909
11
78.5602360000000033
21
-101.0815130000000011
0
LINE
8
BLACK
6
CONTINUOUS
10
78.5602360000000033
20
-101.0815130000000011
11
78.4873779999999925
21
-100.8668869999999913
0
LINE
8
BLACK
6
CONTINUOUS
10
78.4873779999999925
20
-100.8668869999999913
11
78.4431579999999968
21
-100.6445870000000014
0
LINE
8
BLACK
6
CONTINUOUS
10
78.4431579999999968
20
-100.6445870000000014
11
78.4283319999999975
21
-100.4184159999999935
0
LINE
8
BLACK
6
CONTINUOUS
10
78.4283319999999975
20
-100.4184159999999935
11
78.4283399999999915
21
-100.4184159999999935
0
LINE
8
BLACK
6
CONTINUOUS
10
78.4283399999999915
20
-100.4184159999999935
11
78.4283399999999915
21
-100.418413000000001
0
LINE
8
BLACK
6
CONTINUOUS
10
78.4283399999999915
20
-100.418413000000001
11
78.4283399999999915
21
-95.8511699999999962
0
LINE
8
BLACK
6
CONTINUOUS
10
78.4283399999999915
20
-95.8511699999999962
11
78.1283399999999943
21
-95.8511699999999962
0
LINE
8
BLACK
6
CONTINUOUS
10
78.1283399999999943
20
-95.8511699999999962
11
78.0326689999999985
21
-95.8321399999999954
0
LINE
8
BLACK
6
CONTINUOUS
10
78.0326689999999985
20
-95.8321399999999954
11
77.9515629999999931
21
-95.7779469999999975
0
LINE
8
BLACK
6
CONTINUOUS
10
77.9515629999999931
20
-95.7779469999999975
11
77.8973699999999951
21
-95.6968409999999921
0
LINE
8
BLACK
6
CONTINUOUS
10
77.8973699999999951
20
-95.6968409999999921
11
77.8783399999999943
21
-95.6011699999999962
0
LINE
8
BLACK
6
CONTINUOUS
10
77.8783399999999943
20
-95.6011699999999962
11
77.8783399999999943
21
-92.8361919999999969
0
LINE
8
BLACK
6
CONTINUOUS
10
77.8783399999999943
20
-92.8361919999999969
11
77.8159479999999917
21
-92.7737979999999993
0
LINE
8
BLACK
6
CONTINUOUS
10
77.8159479999999917
20
-92.7737979999999993
11
77.6282250000000005
21
-92.6297459999999973
0
LINE
8
BLACK
6
CONTINUOUS
10
77.6282250000000005
20
-92.6297459999999973
11
77.4233049999999992
21
-92.5114299999999901
0
LINE
8
BLACK
6
CONTINUOUS
10
77.4233049999999992
20
-92.5114299999999901
11
77.204695000000001
21
-92.4208739999999977
0
LINE
8
BLACK
6
CONTINUOUS
10
77.204695000000001
20
-92.4208739999999977
11
76.9761359999999968
21
-92.359626999999989
0
LINE
8
BLACK
6
CONTINUOUS
10
76.9761359999999968
20
-92.359626999999989
11
76.7415369999999939
21
-92.3287380000000013
0
LINE
8
BLACK
6
CONTINUOUS
10
76.7415369999999939
20
-92.3287380000000013
11
76.6232249999999908
21
-92.3287359999999921
0
LINE
8
BLACK
6
CONTINUOUS
10
76.6232249999999908
20
-92.3287359999999921
11
75.8021279999999962
21
-92.3287359999999921
0
LINE
8
BLACK
6
CONTINUOUS
10
75.8021279999999962
20
-92.3287359999999921
11
75.8021229999999946
21
-92.3287359999999921
0
LINE
8
BLACK
6
CONTINUOUS
10
75.8021229999999946
20
-92.3287359999999921
11
75.7564390000000003
21
-92.3257419999999911
0
LINE
8
BLACK
6
CONTINUOUS
10
75.7564390000000003
20
-92.3257419999999911
11
75.7564380000000028
21
-92.3257409999999936
0
LINE
8
BLACK
6
CONTINUOUS
10
75.7564380000000028
20
-92.3257409999999936
11
75.5327489999999955
21
-92.3110829999999964
0
LINE
8
BLACK
6
CONTINUOUS
10
75.5327489999999955
20
-92.3110829999999964
11
75.2679789999999969
21
-92.2584189999999893
0
LINE
8
BLACK
6
CONTINUOUS
10
75.2679789999999969
20
-92.2584189999999893
11
75.0123490000000004
21
-92.1716459999999955
0
LINE
8
BLACK
6
CONTINUOUS
10
75.0123490000000004
20
-92.1716459999999955
11
74.7702319999999929
21
-92.0522479999999916
0
LINE
8
BLACK
6
CONTINUOUS
10
74.7702319999999929
20
-92.0522479999999916
11
74.545771000000002
21
-91.9022669999999948
0
LINE
8
BLACK
6
CONTINUOUS
10
74.545771000000002
20
-91.9022669999999948
11
74.3428079999999909
21
-91.7242719999999991
0
LINE
8
BLACK
6
CONTINUOUS
10
74.3428079999999909
20
-91.7242719999999991
11
74.1648149999999902
21
-91.5213059999999956
0
LINE
8
BLACK
6
CONTINUOUS
10
74.1648149999999902
20
-91.5213059999999956
11
74.0148379999999975
21
-91.2968429999999955
0
LINE
8
BLACK
6
CONTINUOUS
10
74.0148379999999975
20
-91.2968429999999955
11
73.8954430000000002
21
-91.0547249999999906
0
LINE
8
BLACK
6
CONTINUOUS
10
73.8954430000000002
20
-91.0547249999999906
11
73.8086729999999989
21
-90.7990929999999992
0
LINE
8
BLACK
6
CONTINUOUS
10
73.8086729999999989
20
-90.7990929999999992
11
73.7560129999999958
21
-90.5343219999999889
0
LINE
8
BLACK
6
CONTINUOUS
10
73.7560129999999958
20
-90.5343219999999889
11
73.7413650000000018
21
-90.3107540000000029
0
LINE
8
BLACK
6
CONTINUOUS
10
73.7413650000000018
20
-90.3107540000000029
11
73.7413339999999948
21
-90.3106369999999998
0
LINE
8
BLACK
6
CONTINUOUS
10
73.7413339999999948
20
-90.3106369999999998
11
73.7383399999999938
21
-90.2649529999999913
0
LINE
8
BLACK
6
CONTINUOUS
10
73.7383399999999938
20
-90.2649529999999913
11
73.7383399999999938
21
-56.2582759999999951
0
LINE
8
BLACK
6
CONTINUOUS
10
73.7383399999999938
20
-56.2582759999999951
11
73.7384389999999996
21
-56.2567540000000008
0
LINE
8
BLACK
6
CONTINUOUS
10
73.7384389999999996
20
-56.2567540000000008
11
73.7383530000000036
21
-56.2552269999999979
0
LINE
8
BLACK
6
CONTINUOUS
10
73.7383530000000036
20
-56.2552269999999979
11
73.7388839999999988
21
-56.194275999999995
0
LINE
8
BLACK
6
CONTINUOUS
10
73.7388839999999988
20
-56.194275999999995
11
73.7396969999999925
21
-56.1833249999999964
0
LINE
8
BLACK
6
CONTINUOUS
10
73.7396969999999925
20
-56.1833249999999964
11
73.7397629999999964
21
-56.1723569999999981
0
LINE
8
BLACK
6
CONTINUOUS
10
73.7397629999999964
20
-56.1723569999999981
11
73.7484589999999969
21
-56.0507670000000005
0
LINE
8
BLACK
6
CONTINUOUS
10
73.7484589999999969
20
-56.0507670000000005
11
73.7501620000000031
21
-56.0383949999999942
0
LINE
8
BLACK
6
CONTINUOUS
10
73.7501620000000031
20
-56.0383949999999942
11
73.7511289999999917
21
-56.0259259999999983
0
LINE
8
BLACK
6
CONTINUOUS
10
73.7511289999999917
20
-56.0259259999999983
11
73.7684769999999901
21
-55.905265
0
LINE
8
BLACK
6
CONTINUOUS
10
73.7684769999999901
20
-55.905265
11
73.7710620000000006
21
-55.893029999999996
0
LINE
8
BLACK
6
CONTINUOUS
10
73.7710620000000006
20
-55.893029999999996
11
73.7729130000000026
21
-55.8806799999999981
0
LINE
8
BLACK
6
CONTINUOUS
10
73.7729130000000026
20
-55.8806799999999981
11
73.7988239999999962
21
-55.7615639999999999
0
LINE
8
BLACK
6
CONTINUOUS
10
73.7988239999999962
20
-55.7615639999999999
11
73.802273999999997
21
-55.7495469999999997
0
LINE
8
BLACK
6
CONTINUOUS
10
73.802273999999997
20
-55.7495469999999997
11
73.8050039999999967
21
-55.7373509999999968
0
LINE
8
BLACK
6
CONTINUOUS
10
73.8050039999999967
20
-55.7373509999999968
11
73.8393480000000011
21
-55.6203879999999984
0
LINE
8
BLACK
6
CONTINUOUS
10
73.8393480000000011
20
-55.6203879999999984
11
73.8436480000000017
21
-55.6086449999999957
0
LINE
8
BLACK
6
CONTINUOUS
10
73.8436480000000017
20
-55.6086449999999957
11
73.8472379999999902
21
-55.5966839999999962
0
LINE
8
BLACK
6
CONTINUOUS
10
73.8472379999999902
20
-55.5966839999999962
11
73.8898379999999975
21
-55.4824679999999972
0
LINE
8
BLACK
6
CONTINUOUS
10
73.8898379999999975
20
-55.4824679999999972
11
73.8949590000000001
21
-55.471074999999999
0
LINE
8
BLACK
6
CONTINUOUS
10
73.8949590000000001
20
-55.471074999999999
11
73.8993979999999908
21
-55.4593869999999995
0
LINE
8
BLACK
6
CONTINUOUS
10
73.8993979999999908
20
-55.4593869999999995
11
73.9500369999999947
21
-55.3485019999999963
0
LINE
8
BLACK
6
CONTINUOUS
10
73.9500369999999947
20
-55.3485019999999963
11
73.955964999999992
21
-55.3374889999999979
0
LINE
8
BLACK
6
CONTINUOUS
10
73.955964999999992
20
-55.3374889999999979
11
73.9612209999999948
21
-55.3261599999999945
0
LINE
8
BLACK
6
CONTINUOUS
10
73.9612209999999948
20
-55.3261599999999945
11
74.0196419999999904
21
-55.2191690000000008
0
LINE
8
BLACK
6
CONTINUOUS
10
74.0196419999999904
20
-55.2191690000000008
11
74.0263339999999914
21
-55.2086159999999992
0
LINE
8
BLACK
6
CONTINUOUS
10
74.0263339999999914
20
-55.2086159999999992
11
74.0323909999999898
21
-55.1976809999999958
0
LINE
8
BLACK
6
CONTINUOUS
10
74.0323909999999898
20
-55.1976809999999958
11
74.0982949999999931
21
-55.0951319999999996
0
LINE
8
BLACK
6
CONTINUOUS
10
74.0982949999999931
20
-55.0951319999999996
11
74.105723999999995
21
-55.0850829999999974
0
LINE
8
BLACK
6
CONTINUOUS
10
74.105723999999995
20
-55.0850829999999974
11
74.1125449999999972
21
-55.0746079999999978
0
LINE
8
BLACK
6
CONTINUOUS
10
74.1125449999999972
20
-55.0746079999999978
11
74.1855979999999988
21
-54.9770219999999981
0
LINE
8
BLACK
6
CONTINUOUS
10
74.1855979999999988
20
-54.9770219999999981
11
74.1937229999999914
21
-54.9675299999999964
0
LINE
8
BLACK
6
CONTINUOUS
10
74.1937229999999914
20
-54.9675299999999964
11
74.201273999999998
21
-54.9575689999999994
0
LINE
8
BLACK
6
CONTINUOUS
10
74.201273999999998
20
-54.9575689999999994
11
74.28110199999999
21
-54.8654419999999945
0
LINE
8
BLACK
6
CONTINUOUS
10
74.28110199999999
20
-54.8654419999999945
11
74.288817999999992
21
-54.8576329999999999
0
LINE
8
BLACK
6
CONTINUOUS
10
74.288817999999992
20
-54.8576329999999999
11
74.2959919999999983
21
-54.8493089999999981
0
LINE
8
BLACK
6
CONTINUOUS
10
74.2959919999999983
20
-54.8493089999999981
11
74.3387170000000026
21
-54.8058359999999993
0
LINE
8
BLACK
6
CONTINUOUS
10
74.3387170000000026
20
-54.8058359999999993
11
74.340992
21
-54.8038039999999995
0
LINE
8
BLACK
6
CONTINUOUS
10
74.340992
20
-54.8038039999999995
11
74.3430180000000007
21
-54.8015359999999987
0
LINE
8
BLACK
6
CONTINUOUS
10
74.3430180000000007
20
-54.8015359999999987
11
74.3864919999999898
21
-54.7588129999999964
0
LINE
8
BLACK
6
CONTINUOUS
10
74.3864919999999898
20
-54.7588129999999964
11
74.3948079999999976
21
-54.7516460000000009
0
LINE
8
BLACK
6
CONTINUOUS
10
74.3948079999999976
20
-54.7516460000000009
11
74.4026139999999998
21
-54.7439339999999959
0
LINE
8
BLACK
6
CONTINUOUS
10
74.4026139999999998
20
-54.7439339999999959
11
74.4947399999999931
21
-54.6641059999999968
0
LINE
8
BLACK
6
CONTINUOUS
10
74.4947399999999931
20
-54.6641059999999968
11
74.5047079999999937
21
-54.6565510000000003
0
LINE
8
BLACK
6
CONTINUOUS
10
74.5047079999999937
20
-54.6565510000000003
11
74.5141940000000034
21
-54.6484299999999976
0
LINE
8
BLACK
6
CONTINUOUS
10
74.5141940000000034
20
-54.6484299999999976
11
74.611779999999996
21
-54.5753780000000006
0
LINE
8
BLACK
6
CONTINUOUS
10
74.611779999999996
20
-54.5753780000000006
11
74.6222410000000025
21
-54.5685649999999995
0
LINE
8
BLACK
6
CONTINUOUS
10
74.6222410000000025
20
-54.5685649999999995
11
74.6323019999999957
21
-54.5611279999999965
0
LINE
8
BLACK
6
CONTINUOUS
10
74.6323019999999957
20
-54.5611279999999965
11
74.7348520000000036
21
-54.4952240000000003
0
LINE
8
BLACK
6
CONTINUOUS
10
74.7348520000000036
20
-54.4952240000000003
11
74.7457780000000014
21
-54.4891719999999964
0
LINE
8
BLACK
6
CONTINUOUS
10
74.7457780000000014
20
-54.4891719999999964
11
74.7563399999999945
21
-54.4824739999999963
0
LINE
8
BLACK
6
CONTINUOUS
10
74.7563399999999945
20
-54.4824739999999963
11
74.8633299999999906
21
-54.4240530000000007
0
LINE
8
BLACK
6
CONTINUOUS
10
74.8633299999999906
20
-54.4240530000000007
11
74.8746679999999998
21
-54.4187919999999963
0
LINE
8
BLACK
6
CONTINUOUS
10
74.8746679999999998
20
-54.4187919999999963
11
74.885672999999997
21
-54.4128690000000006
0
LINE
8
BLACK
6
CONTINUOUS
10
74.885672999999997
20
-54.4128690000000006
11
74.9965579999999932
21
-54.3622299999999967
0
LINE
8
BLACK
6
CONTINUOUS
10
74.9965579999999932
20
-54.3622299999999967
11
75.0082489999999922
21
-54.3577889999999968
0
LINE
8
BLACK
6
CONTINUOUS
10
75.0082489999999922
20
-54.3577889999999968
11
75.0196399999999954
21
-54.3526699999999963
0
LINE
8
BLACK
6
CONTINUOUS
10
75.0196399999999954
20
-54.3526699999999963
11
75.1338549999999969
21
-54.3100699999999961
0
LINE
8
BLACK
6
CONTINUOUS
10
75.1338549999999969
20
-54.3100699999999961
11
75.1458159999999964
21
-54.3064800000000005
0
LINE
8
BLACK
6
CONTINUOUS
10
75.1458159999999964
20
-54.3064800000000005
11
75.1575619999999986
21
-54.3021789999999953
0
LINE
8
BLACK
6
CONTINUOUS
10
75.1575619999999986
20
-54.3021789999999953
11
75.274524999999997
21
-54.2678359999999955
0
LINE
8
BLACK
6
CONTINUOUS
10
75.274524999999997
20
-54.2678359999999955
11
75.286722999999995
21
-54.2651059999999958
0
LINE
8
BLACK
6
CONTINUOUS
10
75.286722999999995
20
-54.2651059999999958
11
75.2987349999999935
21
-54.2616569999999996
0
LINE
8
BLACK
6
CONTINUOUS
10
75.2987349999999935
20
-54.2616569999999996
11
75.4178500000000014
21
-54.2357459999999989
0
LINE
8
BLACK
6
CONTINUOUS
10
75.4178500000000014
20
-54.2357459999999989
11
75.4302040000000034
21
-54.2338939999999994
0
LINE
8
BLACK
6
CONTINUOUS
10
75.4302040000000034
20
-54.2338939999999994
11
75.4424360000000007
21
-54.2313100000000006
0
LINE
8
BLACK
6
CONTINUOUS
10
75.4424360000000007
20
-54.2313100000000006
11
75.5630960000000016
21
-54.2139619999999951
0
LINE
8
BLACK
6
CONTINUOUS
10
75.5630960000000016
20
-54.2139619999999951
11
75.5755649999999974
21
-54.2129949999999994
0
LINE
8
BLACK
6
CONTINUOUS
10
75.5755649999999974
20
-54.2129949999999994
11
75.5879369999999966
21
-54.2112920000000003
0
LINE
8
BLACK
6
CONTINUOUS
10
75.5879369999999966
20
-54.2112920000000003
11
75.7095290000000034
21
-54.2025959999999998
0
LINE
8
BLACK
6
CONTINUOUS
10
75.7095290000000034
20
-54.2025959999999998
11
75.7204880000000031
21
-54.2025299999999959
0
LINE
8
BLACK
6
CONTINUOUS
10
75.7204880000000031
20
-54.2025299999999959
11
75.7314300000000031
21
-54.201716999999995
0
LINE
8
BLACK
6
CONTINUOUS
10
75.7314300000000031
20
-54.201716999999995
11
75.7923789999999968
21
-54.2011830000000003
0
LINE
8
BLACK
6
CONTINUOUS
10
75.7923789999999968
20
-54.2011830000000003
11
75.7939159999999958
21
-54.2012700000000009
0
LINE
8
BLACK
6
CONTINUOUS
10
75.7939159999999958
20
-54.2012700000000009
11
75.7954459999999983
21
-54.2011699999999976
0
LINE
8
BLACK
6
CONTINUOUS
10
75.7954459999999983
20
-54.2011699999999976
11
85.9262799999999913
21
-54.2011699999999976
0
LINE
8
BLACK
6
CONTINUOUS
10
85.9262799999999913
20
-54.2011699999999976
11
85.9278449999999907
21
-54.2012719999999959
0
LINE
8
BLACK
6
CONTINUOUS
10
77.8279699999999934
20
-79.3412160000000029
11
77.9774779999999907
21
-79.4031439999999975
0
LINE
8
BLACK
6
CONTINUOUS
10
77.9774779999999907
20
-79.4031439999999975
11
78.1120319999999992
21
-79.4930499999999967
0
LINE
8
BLACK
6
CONTINUOUS
10
78.1120319999999992
20
-79.4930499999999967
11
78.226460000000003
21
-79.6074780000000004
0
LINE
8
BLACK
6
CONTINUOUS
10
78.226460000000003
20
-79.6074780000000004
11
78.3163660000000021
21
-79.7420319999999947
0
LINE
8
BLACK
6
CONTINUOUS
10
78.3163660000000021
20
-79.7420319999999947
11
78.3782939999999968
21
-79.891539999999992
0
LINE
8
BLACK
6
CONTINUOUS
10
78.3782939999999968
20
-79.891539999999992
11
78.4098649999999964
21
-80.050257000000002
0
LINE
8
BLACK
6
CONTINUOUS
10
78.4098649999999964
20
-80.050257000000002
11
78.4098649999999964
21
-80.2120829999999927
0
LINE
8
BLACK
6
CONTINUOUS
10
78.4098649999999964
20
-80.2120829999999927
11
78.3782939999999968
21
-80.3708000000000027
0
LINE
8
BLACK
6
CONTINUOUS
10
78.3782939999999968
20
-80.3708000000000027
11
78.3163660000000021
21
-80.520308
0
LINE
8
BLACK
6
CONTINUOUS
10
78.3163660000000021
20
-80.520308
11
78.226460000000003
21
-80.6548619999999943
0
LINE
8
BLACK
6
CONTINUOUS
10
78.226460000000003
20
-80.6548619999999943
11
78.1120319999999992
21
-80.769289999999998
0
LINE
8
BLACK
6
CONTINUOUS
10
78.1120319999999992
20
-80.769289999999998
11
77.9774779999999907
21
-80.8591959999999972
0
LINE
8
BLACK
6
CONTINUOUS
10
77.9774779999999907
20
-80.8591959999999972
11
77.9383399999999966
21
-80.8754069999999956
0
LINE
8
BLACK
6
CONTINUOUS
10
77.9383399999999966
20
-80.8754069999999956
11
77.9383399999999966
21
-82.9388950000000023
0
LINE
8
BLACK
6
CONTINUOUS
10
77.9383399999999966
20
-82.9388950000000023
11
77.9353459999999956
21
-82.9845789999999965
0
LINE
8
BLACK
6
CONTINUOUS
10
77.9353459999999956
20
-82.9845789999999965
11
77.9116980000000012
21
-83.0728340000000003
0
LINE
8
BLACK
6
CONTINUOUS
10
77.9116980000000012
20
-83.0728340000000003
11
77.8660139999999927
21
-83.1519619999999975
0
LINE
8
BLACK
6
CONTINUOUS
10
77.8660139999999927
20
-83.1519619999999975
11
77.8358269999999948
21
-83.1863819999999947
0
LINE
8
BLACK
6
CONTINUOUS
10
77.8358269999999948
20
-83.1863819999999947
11
76.0476369999999946
21
-84.9745719999999949
0
LINE
8
BLACK
6
CONTINUOUS
10
76.0476369999999946
20
-84.9745719999999949
11
76.0476369999999946
21
-90.0868589999999898
0
LINE
8
BLACK
6
CONTINUOUS
10
76.0476369999999946
20
-90.0868589999999898
11
77.7235119999999995
21
-90.0868589999999898
0
LINE
8
BLACK
6
CONTINUOUS
10
77.7235119999999995
20
-90.0868589999999898
11
77.7691959999999938
21
-90.0898529999999909
0
LINE
8
BLACK
6
CONTINUOUS
10
77.7691959999999938
20
-90.0898529999999909
11
77.8574509999999975
21
-90.1135009999999994
0
LINE
8
BLACK
6
CONTINUOUS
10
77.8574509999999975
20
-90.1135009999999994
11
77.9365789999999947
21
-90.1591849999999937
0
LINE
8
BLACK
6
CONTINUOUS
10
77.9365789999999947
20
-90.1591849999999937
11
77.970998999999992
21
-90.1893719999999917
0
LINE
8
BLACK
6
CONTINUOUS
10
77.970998999999992
20
-90.1893719999999917
11
78.0792809999999946
21
-90.2976539999999943
0
LINE
8
BLACK
6
CONTINUOUS
10
78.0792809999999946
20
-90.2976539999999943
11
78.0948399999999907
21
-90.2988789999999995
0
LINE
8
BLACK
6
CONTINUOUS
10
78.0948399999999907
20
-90.2988789999999995
11
78.2634939999999943
21
-90.3393739999999923
0
LINE
8
BLACK
6
CONTINUOUS
10
78.2634939999999943
20
-90.3393739999999923
11
78.4237370000000027
21
-90.40575299999999
0
LINE
8
BLACK
6
CONTINUOUS
10
78.4237370000000027
20
-90.40575299999999
11
78.5716230000000024
21
-90.4963829999999945
0
LINE
8
BLACK
6
CONTINUOUS
10
78.5716230000000024
20
-90.4963829999999945
11
78.7033189999999934
21
-90.6088689999999986
0
LINE
8
BLACK
6
CONTINUOUS
10
78.7033189999999934
20
-90.6088689999999986
11
78.7035089999999968
21
-90.6090069999999912
0
LINE
8
BLACK
6
CONTINUOUS
10
78.7035089999999968
20
-90.6090069999999912
11
78.7034949999999895
21
-90.609020000000001
0
LINE
8
BLACK
6
CONTINUOUS
10
78.7034949999999895
20
-90.609020000000001
11
78.7035099999999943
21
-90.6090319999999991
0
LINE
8
BLACK
6
CONTINUOUS
10
78.7035099999999943
20
-90.6090319999999991
11
78.7035219999999924
21
-90.609020000000001
0
LINE
8
BLACK
6
CONTINUOUS
10
78.7035219999999924
20
-90.609020000000001
11
78.7036119999999926
21
-90.6091440000000006
0
LINE
8
BLACK
6
CONTINUOUS
10
78.7036119999999926
20
-90.6091440000000006
11
78.7412279999999924
21
-90.6467569999999938
0
LINE
8
BLACK
6
CONTINUOUS
10
78.7412279999999924
20
-90.6467569999999938
11
78.8336599999999947
21
-90.7001190000000008
0
LINE
8
BLACK
6
CONTINUOUS
10
78.8336599999999947
20
-90.7001190000000008
11
78.9367539999999934
21
-90.7277389999999997
0
LINE
8
BLACK
6
CONTINUOUS
10
78.9367539999999934
20
-90.7277389999999997
11
78.9901189999999929
21
-90.7277359999999931
0
LINE
8
BLACK
6
CONTINUOUS
10
78.9901189999999929
20
-90.7277359999999931
11
78.990122999999997
21
-90.7277359999999931
0
LINE
8
BLACK
6
CONTINUOUS
10
78.990122999999997
20
-90.7277359999999931
11
78.9901359999999926
21
-90.7277359999999931
0
LINE
8
BLACK
6
CONTINUOUS
10
78.9901359999999926
20
-90.7277359999999931
11
80.9266470000000027
21
-90.7277359999999931
0
LINE
8
BLACK
6
CONTINUOUS
10
80.9266470000000027
20
-90.7277359999999931
11
80.9266539999999992
21
-90.7277359999999931
0
LINE
8
BLACK
6
CONTINUOUS
10
80.9266539999999992
20
-90.7277359999999931
11
80.9266569999999916
21
-90.7277359999999931
0
LINE
8
BLACK
6
CONTINUOUS
10
80.9266569999999916
20
-90.7277359999999931
11
81.1518939999999986
21
-90.7403919999999999
0
LINE
8
BLACK
6
CONTINUOUS
10
81.1518939999999986
20
-90.7403919999999999
11
81.3742969999999985
21
-90.7781889999999976
0
LINE
8
BLACK
6
CONTINUOUS
10
81.3742969999999985
20
-90.7781889999999976
11
81.5910689999999903
21
-90.8406499999999966
0
LINE
8
BLACK
6
CONTINUOUS
10
81.5910689999999903
20
-90.8406499999999966
11
81.7994839999999925
21
-90.926991000000001
0
LINE
8
BLACK
6
CONTINUOUS
10
81.7994839999999925
20
-90.926991000000001
11
81.9969210000000004
21
-91.0361259999999959
0
LINE
8
BLACK
6
CONTINUOUS
10
81.9969210000000004
20
-91.0361259999999959
11
82.1808970000000016
21
-91.1666819999999944
0
LINE
8
BLACK
6
CONTINUOUS
10
82.1808970000000016
20
-91.1666819999999944
11
82.3487319999999983
21
-91.3166899999999941
0
LINE
8
BLACK
6
CONTINUOUS
10
82.3487319999999983
20
-91.3166899999999941
11
82.3491080000000011
21
-91.3169630000000012
0
LINE
8
BLACK
6
CONTINUOUS
10
82.3491080000000011
20
-91.3169630000000012
11
82.3491269999999957
21
-91.3169850000000025
0
LINE
8
BLACK
6
CONTINUOUS
10
82.3491269999999957
20
-91.3169850000000025
11
82.3491289999999907
21
-91.3169839999999908
0
LINE
8
BLACK
6
CONTINUOUS
10
82.3491289999999907
20
-91.3169839999999908
11
82.3491379999999964
21
-91.3169970000000006
0
LINE
8
BLACK
6
CONTINUOUS
10
82.3491379999999964
20
-91.3169970000000006
11
82.4994379999999978
21
-91.4851790000000022
0
LINE
8
BLACK
6
CONTINUOUS
10
82.4994379999999978
20
-91.4851790000000022
11
82.6299879999999973
21
-91.6691689999999966
0
LINE
8
BLACK
6
CONTINUOUS
10
82.6299879999999973
20
-91.6691689999999966
11
82.7391169999999931
21
-91.8666199999999975
0
LINE
8
BLACK
6
CONTINUOUS
10
82.7391169999999931
20
-91.8666199999999975
11
82.8254519999999985
21
-92.0750469999999979
0
LINE
8
BLACK
6
CONTINUOUS
10
82.8254519999999985
20
-92.0750469999999979
11
82.8879079999999959
21
-92.2918299999999903
0
LINE
8
BLACK
6
CONTINUOUS
10
82.8879079999999959
20
-92.2918299999999903
11
82.8904599999999903
21
-92.3068499999999972
0
LINE
8
BLACK
6
CONTINUOUS
10
82.8904599999999903
20
-92.3068499999999972
11
83.0125969999999995
21
-92.3574409999999943
0
LINE
8
BLACK
6
CONTINUOUS
10
83.0125969999999995
20
-92.3574409999999943
11
83.1592940000000027
21
-92.4554609999999997
0
LINE
8
BLACK
6
CONTINUOUS
10
83.1592940000000027
20
-92.4554609999999997
11
83.284048999999996
21
-92.580215999999993
0
LINE
8
BLACK
6
CONTINUOUS
10
83.284048999999996
20
-92.580215999999993
11
83.3820690000000013
21
-92.7269129999999961
0
LINE
8
BLACK
6
CONTINUOUS
10
83.3820690000000013
20
-92.7269129999999961
11
83.4495859999999965
21
-92.8899139999999903
0
LINE
8
BLACK
6
CONTINUOUS
10
83.4495859999999965
20
-92.8899139999999903
11
83.4840059999999937
21
-93.0629550000000023
0
LINE
8
BLACK
6
CONTINUOUS
10
83.4840059999999937
20
-93.0629550000000023
11
83.4883399999999938
21
-93.1511699999999934
0
LINE
8
BLACK
6
CONTINUOUS
10
83.4883399999999938
20
-93.1511699999999934
11
83.4883399999999938
21
-94.9511699999999905
0
LINE
8
BLACK
6
CONTINUOUS
10
83.4883399999999938
20
-94.9511699999999905
11
83.4840059999999937
21
-95.0393849999999958
0
LINE
8
BLACK
6
CONTINUOUS
10
83.4840059999999937
20
-95.0393849999999958
11
83.4495859999999965
21
-95.2124259999999936
0
LINE
8
BLACK
6
CONTINUOUS
10
83.4495859999999965
20
-95.2124259999999936
11
83.3820690000000013
21
-95.375427000000002
0
LINE
8
BLACK
6
CONTINUOUS
10
83.3820690000000013
20
-95.375427000000002
11
83.284048999999996
21
-95.5221239999999909
0
LINE
8
BLACK
6
CONTINUOUS
10
83.284048999999996
20
-95.5221239999999909
11
83.1592940000000027
21
-95.6468789999999984
0
LINE
8
BLACK
6
CONTINUOUS
10
83.1592940000000027
20
-95.6468789999999984
11
83.0125969999999995
21
-95.7448989999999895
0
LINE
8
BLACK
6
CONTINUOUS
10
83.0125969999999995
20
-95.7448989999999895
11
82.9383399999999966
21
-95.7756569999999954
0
LINE
8
BLACK
6
CONTINUOUS
10
82.9383399999999966
20
-95.7756569999999954
11
82.9383399999999966
21
-98.3869559999999979
0
LINE
8
BLACK
6
CONTINUOUS
10
82.9383399999999966
20
-98.3869559999999979
11
82.9383399999999966
21
-98.3869609999999994
0
LINE
8
BLACK
6
CONTINUOUS
10
82.9383399999999966
20
-98.3869609999999994
11
82.9383559999999989
21
-98.3869609999999994
0
LINE
8
BLACK
6
CONTINUOUS
10
82.9383559999999989
20
-98.3869609999999994
11
82.9383550000000014
21
-98.5374949999999927
0
LINE
8
BLACK
6
CONTINUOUS
10
82.9383550000000014
20
-98.5374949999999927
11
82.9678609999999992
21
-98.8371149999999972
0
LINE
8
BLACK
6
CONTINUOUS
10
82.9678609999999992
20
-98.8371149999999972
11
83.0265940000000029
21
-99.1323999999999899
0
LINE
8
BLACK
6
CONTINUOUS
10
83.0265940000000029
20
-99.1323999999999899
11
83.113987999999992
21
-99.4205059999999889
0
LINE
8
BLACK
6
CONTINUOUS
10
83.113987999999992
20
-99.4205059999999889
11
83.2292010000000033
21
-99.6986579999999947
0
LINE
8
BLACK
6
CONTINUOUS
10
83.2292010000000033
20
-99.6986579999999947
11
83.3711229999999972
21
-99.9641779999999898
0
LINE
8
BLACK
6
CONTINUOUS
10
83.3711229999999972
20
-99.9641779999999898
11
83.5383870000000002
21
-100.214507999999995
0
LINE
8
BLACK
6
CONTINUOUS
10
83.5383870000000002
20
-100.214507999999995
11
83.729383999999996
21
-100.4472370000000012
0
LINE
8
BLACK
6
CONTINUOUS
10
83.729383999999996
20
-100.4472370000000012
11
83.8358269999999948
21
-100.5536809999999974
0
LINE
8
BLACK
6
CONTINUOUS
10
83.8358269999999948
20
-100.5536809999999974
11
83.8358269999999948
21
-100.5536819999999949
0
LINE
8
BLACK
6
CONTINUOUS
10
83.8358269999999948
20
-100.5536819999999949
11
83.8358289999999897
21
-100.5536850000000015
0
LINE
8
BLACK
6
CONTINUOUS
10
83.8358289999999897
20
-100.5536850000000015
11
83.8446309999999926
21
-100.5624869999999902
0
LINE
8
BLACK
6
CONTINUOUS
10
83.8446309999999926
20
-100.5624869999999902
11
83.8539799999999929
21
-100.5484960000000001
0
LINE
8
BLACK
6
CONTINUOUS
10
83.8539799999999929
20
-100.5484960000000001
11
83.9856659999999948
21
-100.4168099999999981
0
LINE
8
BLACK
6
CONTINUOUS
10
83.9856659999999948
20
-100.4168099999999981
11
84.1405129999999986
21
-100.3133449999999982
0
LINE
8
BLACK
6
CONTINUOUS
10
84.1405129999999986
20
-100.3133449999999982
11
84.3125699999999938
21
-100.2420769999999948
0
LINE
8
BLACK
6
CONTINUOUS
10
84.3125699999999938
20
-100.2420769999999948
11
84.4952239999999932
21
-100.2057449999999932
0
LINE
8
BLACK
6
CONTINUOUS
10
84.4952239999999932
20
-100.2057449999999932
11
84.6814559999999972
21
-100.2057449999999932
0
LINE
8
BLACK
6
CONTINUOUS
10
84.6814559999999972
20
-100.2057449999999932
11
84.8641099999999966
21
-100.2420769999999948
0
LINE
8
BLACK
6
CONTINUOUS
10
84.8641099999999966
20
-100.2420769999999948
11
85.0361669999999918
21
-100.3133449999999982
0
LINE
8
BLACK
6
CONTINUOUS
10
85.0361669999999918
20
-100.3133449999999982
11
85.1910139999999956
21
-100.4168099999999981
0
LINE
8
BLACK
6
CONTINUOUS
10
85.1910139999999956
20
-100.4168099999999981
11
85.3226999999999975
21
-100.5484960000000001
0
LINE
8
BLACK
6
CONTINUOUS
10
85.3226999999999975
20
-100.5484960000000001
11
85.4261649999999975
21
-100.7033429999999896
0
LINE
8
BLACK
6
CONTINUOUS
10
85.4261649999999975
20
-100.7033429999999896
11
85.4974330000000009
21
-100.8753999999999991
0
LINE
8
BLACK
6
CONTINUOUS
10
85.4974330000000009
20
-100.8753999999999991
11
85.5337650000000025
21
-101.0580539999999985
0
LINE
8
BLACK
6
CONTINUOUS
10
85.5337650000000025
20
-101.0580539999999985
11
85.5383399999999909
21
-101.1511699999999934
0
LINE
8
BLACK
6
CONTINUOUS
10
85.5383399999999909
20
-101.1511699999999934
11
85.5383399999999909
21
-102.4511699999999905
0
LINE
8
BLACK
6
CONTINUOUS
10
85.5383399999999909
20
-102.4511699999999905
11
85.5337650000000025
21
-102.5442859999999996
0
LINE
8
BLACK
6
CONTINUOUS
10
85.5337650000000025
20
-102.5442859999999996
11
85.4974330000000009
21
-102.726939999999999
0
LINE
8
BLACK
6
CONTINUOUS
10
85.4974330000000009
20
-102.726939999999999
11
85.4261649999999975
21
-102.8989969999999943
0
LINE
8
BLACK
6
CONTINUOUS
10
85.4261649999999975
20
-102.8989969999999943
11
85.3226999999999975
21
-103.053843999999998
0
LINE
8
BLACK
6
CONTINUOUS
10
85.3226999999999975
20
-103.053843999999998
11
85.1910139999999956
21
-103.18553
0
LINE
8
BLACK
6
CONTINUOUS
10
85.1910139999999956
20
-103.18553
11
85.0361669999999918
21
-103.2889949999999999
0
LINE
8
BLACK
6
CONTINUOUS
10
85.0361669999999918
20
-103.2889949999999999
11
84.9383399999999966
21
-103.3295159999999981
0
LINE
8
BLACK
6
CONTINUOUS
10
84.9383399999999966
20
-103.3295159999999981
11
84.9383399999999966
21
-112.7728229999999883
0
LINE
8
BLACK
6
CONTINUOUS
10
84.9383399999999966
20
-112.7728229999999883
11
85.0361669999999918
21
-112.8133449999999982
0
LINE
8
BLACK
6
CONTINUOUS
10
85.0361669999999918
20
-112.8133449999999982
11
85.1910139999999956
21
-112.9168099999999981
0
LINE
8
BLACK
6
CONTINUOUS
10
85.1910139999999956
20
-112.9168099999999981
11
85.3226999999999975
21
-113.0484960000000001
0
LINE
8
BLACK
6
CONTINUOUS
10
85.3226999999999975
20
-113.0484960000000001
11
85.4261649999999975
21
-113.2033429999999896
0
LINE
8
BLACK
6
CONTINUOUS
10
85.4261649999999975
20
-113.2033429999999896
11
85.4974330000000009
21
-113.3753999999999991
0
LINE
8
BLACK
6
CONTINUOUS
10
85.4974330000000009
20
-113.3753999999999991
11
85.5337650000000025
21
-113.5580539999999985
0
LINE
8
BLACK
6
CONTINUOUS
10
85.5337650000000025
20
-113.5580539999999985
11
85.5383399999999909
21
-113.6511699999999934
0
LINE
8
BLACK
6
CONTINUOUS
10
85.5383399999999909
20
-113.6511699999999934
11
85.5383399999999909
21
-114.9511699999999905
0
LINE
8
BLACK
6
CONTINUOUS
10
85.5383399999999909
20
-114.9511699999999905
11
85.5337650000000025
21
-115.0442859999999996
0
LINE
8
BLACK
6
CONTINUOUS
10
85.5337650000000025
20
-115.0442859999999996
11
85.4974330000000009
21
-115.226939999999999
0
LINE
8
BLACK
6
CONTINUOUS
10
85.4974330000000009
20
-115.226939999999999
11
85.4261649999999975
21
-115.3989969999999943
0
LINE
8
BLACK
6
CONTINUOUS
10
85.4261649999999975
20
-115.3989969999999943
11
85.3226999999999975
21
-115.553843999999998
0
LINE
8
BLACK
6
CONTINUOUS
10
85.3226999999999975
20
-115.553843999999998
11
85.1910139999999956
21
-115.68553
0
LINE
8
BLACK
6
CONTINUOUS
10
85.1910139999999956
20
-115.68553
11
85.0361669999999918
21
-115.7889949999999999
0
LINE
8
BLACK
6
CONTINUOUS
10
85.0361669999999918
20
-115.7889949999999999
11
84.8641099999999966
21
-115.8602629999999891
0
LINE
8
BLACK
6
CONTINUOUS
10
84.8641099999999966
20
-115.8602629999999891
11
84.6814559999999972
21
-115.8965949999999907
0
LINE
8
BLACK
6
CONTINUOUS
10
84.6814559999999972
20
-115.8965949999999907
11
84.4952239999999932
21
-115.8965949999999907
0
LINE
8
BLACK
6
CONTINUOUS
10
84.4952239999999932
20
-115.8965949999999907
11
84.3125699999999938
21
-115.8602629999999891
0
LINE
8
BLACK
6
CONTINUOUS
10
84.3125699999999938
20
-115.8602629999999891
11
84.1405129999999986
21
-115.7889949999999999
0
LINE
8
BLACK
6
CONTINUOUS
10
84.1405129999999986
20
-115.7889949999999999
11
83.9856659999999948
21
-115.68553
0
LINE
8
BLACK
6
CONTINUOUS
10
83.9856659999999948
20
-115.68553
11
83.8539799999999929
21
-115.553843999999998
0
LINE
8
BLACK
6
CONTINUOUS
10
83.8539799999999929
20
-115.553843999999998
11
83.7505149999999929
21
-115.3989969999999943
0
LINE
8
BLACK
6
CONTINUOUS
10
83.7505149999999929
20
-115.3989969999999943
11
83.6792469999999895
21
-115.226939999999999
0
LINE
8
BLACK
6
CONTINUOUS
10
83.6792469999999895
20
-115.226939999999999
11
83.6429150000000021
21
-115.0442859999999996
0
LINE
8
BLACK
6
CONTINUOUS
10
83.6429150000000021
20
-115.0442859999999996
11
83.6383399999999995
21
-114.9511699999999905
0
LINE
8
BLACK
6
CONTINUOUS
10
83.6383399999999995
20
-114.9511699999999905
11
83.6383399999999995
21
-113.6511699999999934
0
LINE
8
BLACK
6
CONTINUOUS
10
83.6383399999999995
20
-113.6511699999999934
11
83.6429150000000021
21
-113.5580539999999985
0
LINE
8
BLACK
6
CONTINUOUS
10
83.6429150000000021
20
-113.5580539999999985
11
83.6792469999999895
21
-113.3753999999999991
0
LINE
8
BLACK
6
CONTINUOUS
10
83.6792469999999895
20
-113.3753999999999991
11
83.7505149999999929
21
-113.2033429999999896
0
LINE
8
BLACK
6
CONTINUOUS
10
83.7505149999999929
20
-113.2033429999999896
11
83.8539799999999929
21
-113.0484960000000001
0
LINE
8
BLACK
6
CONTINUOUS
10
83.8539799999999929
20
-113.0484960000000001
11
83.9856659999999948
21
-112.9168099999999981
0
LINE
8
BLACK
6
CONTINUOUS
10
83.9856659999999948
20
-112.9168099999999981
11
84.1405129999999986
21
-112.8133449999999982
0
LINE
8
BLACK
6
CONTINUOUS
10
84.1405129999999986
20
-112.8133449999999982
11
84.2383399999999938
21
-112.7728229999999883
0
LINE
8
BLACK
6
CONTINUOUS
10
84.2383399999999938
20
-112.7728229999999883
11
84.2383399999999938
21
-103.3295159999999981
0
LINE
8
BLACK
6
CONTINUOUS
10
84.2383399999999938
20
-103.3295159999999981
11
84.1405129999999986
21
-103.2889949999999999
0
LINE
8
BLACK
6
CONTINUOUS
10
84.1405129999999986
20
-103.2889949999999999
11
83.9856659999999948
21
-103.18553
0
LINE
8
BLACK
6
CONTINUOUS
10
83.9856659999999948
20
-103.18553
11
83.8539799999999929
21
-103.053843999999998
0
LINE
8
BLACK
6
CONTINUOUS
10
83.8539799999999929
20
-103.053843999999998
11
83.7505149999999929
21
-102.8989969999999943
0
LINE
8
BLACK
6
CONTINUOUS
10
83.7505149999999929
20
-102.8989969999999943
11
83.6792469999999895
21
-102.726939999999999
0
LINE
8
BLACK
6
CONTINUOUS
10
83.6792469999999895
20
-102.726939999999999
11
83.6429150000000021
21
-102.5442859999999996
0
LINE
8
BLACK
6
CONTINUOUS
10
83.6429150000000021
20
-102.5442859999999996
11
83.6383399999999995
21
-102.4511699999999905
0
LINE
8
BLACK
6
CONTINUOUS
10
83.6383399999999995
20
-102.4511699999999905
11
83.6383399999999995
21
-101.3461439999999953
0
LINE
8
BLACK
6
CONTINUOUS
10
83.6383399999999995
20
-101.3461439999999953
11
83.3408560000000023
21
-101.0486599999999981
0
LINE
8
BLACK
6
CONTINUOUS
10
83.3408560000000023
20
-101.0486599999999981
11
83.3408529999999956
21
-101.048657999999989
0
LINE
8
BLACK
6
CONTINUOUS
10
83.3408529999999956
20
-101.048657999999989
11
83.3408529999999956
21
-101.0486569999999915
0
LINE
8
BLACK
6
CONTINUOUS
10
83.3408529999999956
20
-101.0486569999999915
11
83.3408299999999969
21
-101.0486310000000003
0
LINE
8
BLACK
6
CONTINUOUS
10
83.3408299999999969
20
-101.0486310000000003
11
83.1189990000000023
21
-100.8065459999999973
0
LINE
8
BLACK
6
CONTINUOUS
10
83.1189990000000023
20
-100.8065459999999973
11
82.9190909999999946
21
-100.5460199999999986
0
LINE
8
BLACK
6
CONTINUOUS
10
82.9190909999999946
20
-100.5460199999999986
11
82.7426499999999976
21
-100.269061999999991
0
LINE
8
BLACK
6
CONTINUOUS
10
82.7426499999999976
20
-100.269061999999991
11
82.5910200000000003
21
-99.9777799999999957
0
LINE
8
BLACK
6
CONTINUOUS
10
82.5910200000000003
20
-99.9777799999999957
11
82.4653539999999907
21
-99.674391
0
LINE
8
BLACK
6
CONTINUOUS
10
82.4653539999999907
20
-99.674391
11
82.3666079999999994
21
-99.3612029999999891
0
LINE
8
BLACK
6
CONTINUOUS
10
82.3666079999999994
20
-99.3612029999999891
11
82.2955359999999985
21
-99.0406009999999952
0
LINE
8
BLACK
6
CONTINUOUS
10
82.2955359999999985
20
-99.0406009999999952
11
82.2526759999999939
21
-98.7150249999999971
0
LINE
8
BLACK
6
CONTINUOUS
10
82.2526759999999939
20
-98.7150249999999971
11
82.2383880000000005
21
-98.3876959999999912
0
LINE
8
BLACK
6
CONTINUOUS
10
82.2383880000000005
20
-98.3876959999999912
11
82.2383399999999938
21
-98.3869559999999979
0
LINE
8
BLACK
6
CONTINUOUS
10
82.2383399999999938
20
-98.3869559999999979
11
82.2383399999999938
21
-95.7756569999999954
0
LINE
8
BLACK
6
CONTINUOUS
10
82.2383399999999938
20
-95.7756569999999954
11
82.1640829999999909
21
-95.7448989999999895
0
LINE
8
BLACK
6
CONTINUOUS
10
82.1640829999999909
20
-95.7448989999999895
11
82.0173860000000019
21
-95.6468789999999984
0
LINE
8
BLACK
6
CONTINUOUS
10
82.0173860000000019
20
-95.6468789999999984
11
81.8926309999999944
21
-95.5221239999999909
0
LINE
8
BLACK
6
CONTINUOUS
10
81.8926309999999944
20
-95.5221239999999909
11
81.7946110000000033
21
-95.375427000000002
0
LINE
8
BLACK
6
CONTINUOUS
10
81.7946110000000033
20
-95.375427000000002
11
81.7270939999999939
21
-95.2124259999999936
0
LINE
8
BLACK
6
CONTINUOUS
10
81.7270939999999939
20
-95.2124259999999936
11
81.6926739999999967
21
-95.0393849999999958
0
LINE
8
BLACK
6
CONTINUOUS
10
81.6926739999999967
20
-95.0393849999999958
11
81.6883399999999966
21
-94.9511699999999905
0
LINE
8
BLACK
6
CONTINUOUS
10
81.6883399999999966
20
-94.9511699999999905
11
81.6883399999999966
21
-93.1511699999999934
0
LINE
8
BLACK
6
CONTINUOUS
10
81.6883399999999966
20
-93.1511699999999934
11
81.6926739999999967
21
-93.0629550000000023
0
LINE
8
BLACK
6
CONTINUOUS
10
81.6926739999999967
20
-93.0629550000000023
11
81.7270939999999939
21
-92.8899139999999903
0
LINE
8
BLACK
6
CONTINUOUS
10
81.7270939999999939
20
-92.8899139999999903
11
81.7946110000000033
21
-92.7269129999999961
0
LINE
8
BLACK
6
CONTINUOUS
10
81.7946110000000033
20
-92.7269129999999961
11
81.8926309999999944
21
-92.580215999999993
0
LINE
8
BLACK
6
CONTINUOUS
10
81.8926309999999944
20
-92.580215999999993
11
82.0173860000000019
21
-92.4554609999999997
0
LINE
8
BLACK
6
CONTINUOUS
10
82.0173860000000019
20
-92.4554609999999997
11
82.1640829999999909
21
-92.3574409999999943
0
LINE
8
BLACK
6
CONTINUOUS
10
82.1640829999999909
20
-92.3574409999999943
11
82.1796250000000015
21
-92.3510029999999915
0
LINE
8
BLACK
6
CONTINUOUS
10
82.1796250000000015
20
-92.3510029999999915
11
82.142241999999996
21
-92.235952999999995
0
LINE
8
BLACK
6
CONTINUOUS
10
82.142241999999996
20
-92.235952999999995
11
82.0485029999999966
21
-92.0519829999999928
0
LINE
8
BLACK
6
CONTINUOUS
10
82.0485029999999966
20
-92.0519829999999928
11
81.9271379999999994
21
-91.8849429999999927
0
LINE
8
BLACK
6
CONTINUOUS
10
81.9271379999999994
20
-91.8849429999999927
11
81.8541379999999918
21
-91.8119429999999994
0
LINE
8
BLACK
6
CONTINUOUS
10
81.8541379999999918
20
-91.8119429999999994
11
81.8541290000000004
21
-91.8119299999999896
0
LINE
8
BLACK
6
CONTINUOUS
10
81.8541290000000004
20
-91.8119299999999896
11
81.8541170000000022
21
-91.8119219999999956
0
LINE
8
BLACK
6
CONTINUOUS
10
81.8541170000000022
20
-91.8119219999999956
11
81.8540849999999978
21
-91.8119540000000001
0
LINE
8
BLACK
6
CONTINUOUS
10
81.8540849999999978
20
-91.8119540000000001
11
81.7810970000000026
21
-91.73895499999999
0
LINE
8
BLACK
6
CONTINUOUS
10
81.7810970000000026
20
-91.73895499999999
11
81.6140779999999921
21
-91.6175909999999902
0
LINE
8
BLACK
6
CONTINUOUS
10
81.6140779999999921
20
-91.6175909999999902
11
81.4301289999999938
21
-91.5238519999999909
0
LINE
8
BLACK
6
CONTINUOUS
10
81.4301289999999938
20
-91.5238519999999909
11
81.2337789999999984
21
-91.4600439999999963
0
LINE
8
BLACK
6
CONTINUOUS
10
81.2337789999999984
20
-91.4600439999999963
11
81.0298659999999984
21
-91.4277390000000025
0
LINE
8
BLACK
6
CONTINUOUS
10
81.0298659999999984
20
-91.4277390000000025
11
80.9266369999999995
21
-91.4277359999999959
0
LINE
8
BLACK
6
CONTINUOUS
10
80.9266369999999995
20
-91.4277359999999959
11
78.9901529999999923
21
-91.4277359999999959
0
LINE
8
BLACK
6
CONTINUOUS
10
78.9901529999999923
20
-91.4277359999999959
11
78.9901359999999926
21
-91.4277359999999959
0
LINE
8
BLACK
6
CONTINUOUS
10
78.9901359999999926
20
-91.4277359999999959
11
78.9444519999999983
21
-91.4247419999999948
0
LINE
8
BLACK
6
CONTINUOUS
10
78.9444519999999983
20
-91.4247419999999948
11
78.941277999999997
21
-91.4238909999999976
0
LINE
8
BLACK
6
CONTINUOUS
10
78.941277999999997
20
-91.4238909999999976
11
78.8172349999999966
21
-91.4141350000000017
0
LINE
8
BLACK
6
CONTINUOUS
10
78.8172349999999966
20
-91.4141350000000017
11
78.6485739999999964
21
-91.3736499999999978
0
LINE
8
BLACK
6
CONTINUOUS
10
78.6485739999999964
20
-91.3736499999999978
11
78.4883229999999941
21
-91.3072789999999941
0
LINE
8
BLACK
6
CONTINUOUS
10
78.4883229999999941
20
-91.3072789999999941
11
78.3404280000000028
21
-91.2166560000000004
0
LINE
8
BLACK
6
CONTINUOUS
10
78.3404280000000028
20
-91.2166560000000004
11
78.2085309999999936
21
-91.1040119999999973
0
LINE
8
BLACK
6
CONTINUOUS
10
78.2085309999999936
20
-91.1040119999999973
11
78.2085469999999958
21
-91.1039949999999976
0
LINE
8
BLACK
6
CONTINUOUS
10
78.2085469999999958
20
-91.1039949999999976
11
78.2085409999999968
21
-91.1039869999999894
0
LINE
8
BLACK
6
CONTINUOUS
10
78.2085409999999968
20
-91.1039869999999894
11
78.2085340000000002
21
-91.103982000000002
0
LINE
8
BLACK
6
CONTINUOUS
10
78.2085340000000002
20
-91.103982000000002
11
78.2085220000000021
21
-91.1039930000000027
0
LINE
8
BLACK
6
CONTINUOUS
10
78.2085220000000021
20
-91.1039930000000027
11
78.1707899999999967
21
-91.0662579999999906
0
LINE
8
BLACK
6
CONTINUOUS
10
78.1707899999999967
20
-91.0662579999999906
11
78.078362999999996
21
-91.0128929999999912
0
LINE
8
BLACK
6
CONTINUOUS
10
78.078362999999996
20
-91.0128929999999912
11
77.9752739999999989
21
-90.9852669999999932
0
LINE
8
BLACK
6
CONTINUOUS
10
77.9752739999999989
20
-90.9852669999999932
11
77.9219099999999969
21
-90.9852659999999958
0
LINE
8
BLACK
6
CONTINUOUS
10
77.9219099999999969
20
-90.9852659999999958
11
77.9030099999999948
21
-90.9822719999999947
0
LINE
8
BLACK
6
CONTINUOUS
10
77.9030099999999948
20
-90.9822719999999947
11
77.8762349999999941
21
-90.9822719999999947
0
LINE
8
BLACK
6
CONTINUOUS
10
77.8762349999999941
20
-90.9822719999999947
11
77.8375139999999988
21
-90.971896000000001
0
LINE
8
BLACK
6
CONTINUOUS
10
77.8375139999999988
20
-90.971896000000001
11
77.8137550000000005
21
-90.9681329999999946
0
LINE
8
BLACK
6
CONTINUOUS
10
77.8137550000000005
20
-90.9681329999999946
11
77.8029820000000001
21
-90.9626439999999974
0
LINE
8
BLACK
6
CONTINUOUS
10
77.8029820000000001
20
-90.9626439999999974
11
77.7879799999999904
21
-90.9586240000000004
0
LINE
8
BLACK
6
CONTINUOUS
10
77.7879799999999904
20
-90.9586240000000004
11
77.7345100000000002
21
-90.9277529999999956
0
LINE
8
BLACK
6
CONTINUOUS
10
77.7345100000000002
20
-90.9277529999999956
11
77.7161869999999908
21
-90.9184169999999909
0
LINE
8
BLACK
6
CONTINUOUS
10
77.7161869999999908
20
-90.9184169999999909
11
77.713247999999993
21
-90.9154779999999931
0
LINE
8
BLACK
6
CONTINUOUS
10
77.713247999999993
20
-90.9154779999999931
11
77.7088519999999932
21
-90.9129399999999919
0
LINE
8
BLACK
6
CONTINUOUS
10
77.7088519999999932
20
-90.9129399999999919
11
77.6744319999999959
21
-90.8827529999999939
0
LINE
8
BLACK
6
CONTINUOUS
10
77.6744319999999959
20
-90.8827529999999939
11
77.5785379999999947
21
-90.7868589999999926
0
LINE
8
BLACK
6
CONTINUOUS
10
77.5785379999999947
20
-90.7868589999999926
11
75.7120510000000024
21
-90.7868589999999926
0
LINE
8
BLACK
6
CONTINUOUS
10
75.7120510000000024
20
-90.7868589999999926
11
75.6663669999999939
21
-90.7838649999999916
0
LINE
8
BLACK
6
CONTINUOUS
10
75.6663669999999939
20
-90.7838649999999916
11
75.5781119999999902
21
-90.7602169999999973
0
LINE
8
BLACK
6
CONTINUOUS
10
75.5781119999999902
20
-90.7602169999999973
11
75.498983999999993
21
-90.714533000000003
0
LINE
8
BLACK
6
CONTINUOUS
10
75.498983999999993
20
-90.714533000000003
11
75.4989750000000015
21
-90.7145239999999973
0
LINE
8
BLACK
6
CONTINUOUS
10
75.4989750000000015
20
-90.7145239999999973
11
75.4645629999999983
21
-90.6843459999999908
0
LINE
8
BLACK
6
CONTINUOUS
10
75.4645629999999983
20
-90.6843459999999908
11
75.4501499999999936
21
-90.6699320000000029
0
LINE
8
BLACK
6
CONTINUOUS
10
75.4501499999999936
20
-90.6699320000000029
11
75.4199629999999956
21
-90.6355119999999914
0
LINE
8
BLACK
6
CONTINUOUS
10
75.4199629999999956
20
-90.6355119999999914
11
75.3742790000000014
21
-90.5563839999999942
0
LINE
8
BLACK
6
CONTINUOUS
10
75.3742790000000014
20
-90.5563839999999942
11
75.3506309999999928
21
-90.4681289999999905
0
LINE
8
BLACK
6
CONTINUOUS
10
75.3506309999999928
20
-90.4681289999999905
11
75.3476369999999918
21
-90.4224449999999962
0
LINE
8
BLACK
6
CONTINUOUS
10
75.3476369999999918
20
-90.4224449999999962
11
75.3476369999999918
21
-84.8295979999999901
0
LINE
8
BLACK
6
CONTINUOUS
10
75.3476369999999918
20
-84.8295979999999901
11
75.3506309999999928
21
-84.7839139999999958
0
LINE
8
BLACK
6
CONTINUOUS
10
75.3506309999999928
20
-84.7839139999999958
11
75.3742790000000014
21
-84.695658999999992
0
LINE
8
BLACK
6
CONTINUOUS
10
75.3742790000000014
20
-84.695658999999992
11
75.4199629999999956
21
-84.6165309999999948
0
LINE
8
BLACK
6
CONTINUOUS
10
75.4199629999999956
20
-84.6165309999999948
11
75.4501499999999936
21
-84.5821109999999976
0
LINE
8
BLACK
6
CONTINUOUS
10
75.4501499999999936
20
-84.5821109999999976
11
77.2383399999999938
21
-82.7939209999999974
0
LINE
8
BLACK
6
CONTINUOUS
10
77.2383399999999938
20
-82.7939209999999974
11
77.2383399999999938
21
-80.8754069999999956
0
LINE
8
BLACK
6
CONTINUOUS
10
77.2383399999999938
20
-80.8754069999999956
11
77.1992019999999997
21
-80.8591959999999972
0
LINE
8
BLACK
6
CONTINUOUS
10
77.1992019999999997
20
-80.8591959999999972
11
77.0646479999999912
21
-80.769289999999998
0
LINE
8
BLACK
6
CONTINUOUS
10
77.0646479999999912
20
-80.769289999999998
11
76.9502200000000016
21
-80.6548619999999943
0
LINE
8
BLACK
6
CONTINUOUS
10
76.9502200000000016
20
-80.6548619999999943
11
76.8603140000000025
21
-80.520308
0
LINE
8
BLACK
6
CONTINUOUS
10
76.8603140000000025
20
-80.520308
11
76.7983859999999936
21
-80.3708000000000027
0
LINE
8
BLACK
6
CONTINUOUS
10
76.7983859999999936
20
-80.3708000000000027
11
76.766814999999994
21
-80.2120829999999927
0
LINE
8
BLACK
6
CONTINUOUS
10
76.766814999999994
20
-80.2120829999999927
11
76.766814999999994
21
-80.050257000000002
0
LINE
8
BLACK
6
CONTINUOUS
10
76.766814999999994
20
-80.050257000000002
11
76.7983859999999936
21
-79.891539999999992
0
LINE
8
BLACK
6
CONTINUOUS
10
76.7983859999999936
20
-79.891539999999992
11
76.8603140000000025
21
-79.7420319999999947
0
LINE
8
BLACK
6
CONTINUOUS
10
76.8603140000000025
20
-79.7420319999999947
11
76.9502200000000016
21
-79.6074780000000004
0
LINE
8
BLACK
6
CONTINUOUS
10
76.9502200000000016
20
-79.6074780000000004
11
77.0646479999999912
21
-79.4930499999999967
0
LINE
8
BLACK
6
CONTINUOUS
10
77.0646479999999912
20
-79.4930499999999967
11
77.1992019999999997
21
-79.4031439999999975
0
LINE
8
BLACK
6
CONTINUOUS
10
77.1992019999999997
20
-79.4031439999999975
11
77.348709999999997
21
-79.3412160000000029
0
LINE
8
BLACK
6
CONTINUOUS
10
77.348709999999997
20
-79.3412160000000029
11
77.5074269999999927
21
-79.3096450000000033
0
LINE
8
BLACK
6
CONTINUOUS
10
77.5074269999999927
20
-79.3096450000000033
11
77.6692529999999977
21
-79.3096450000000033
0
LINE
8
BLACK
6
CONTINUOUS
10
77.6692529999999977
20
-79.3096450000000033
11
77.8279699999999934
21
-79.3412160000000029
0
LINE
8
BLACK
6
CONTINUOUS
10
131.027686999999986
20
-56.7011699999999976
11
131.312972000000002
21
-56.7151840000000007
0
LINE
8
BLACK
6
CONTINUOUS
10
131.312972000000002
20
-56.7151840000000007
11
131.5955199999999934
21
-56.757093999999995
0
LINE
8
BLACK
6
CONTINUOUS
10
131.5955199999999934
20
-56.757093999999995
11
131.8726000000000056
21
-56.8264969999999963
0
LINE
8
BLACK
6
CONTINUOUS
10
131.8726000000000056
20
-56.8264969999999963
11
132.1415429999999844
21
-56.9227249999999998
0
LINE
8
BLACK
6
CONTINUOUS
10
132.1415429999999844
20
-56.9227249999999998
11
132.3997579999999914
21
-57.0448519999999988
0
LINE
8
BLACK
6
CONTINUOUS
10
132.3997579999999914
20
-57.0448519999999988
11
132.6447589999999934
21
-57.1916999999999973
0
LINE
8
BLACK
6
CONTINUOUS
10
132.6447589999999934
20
-57.1916999999999973
11
132.8741870000000063
21
-57.3618549999999985
0
LINE
8
BLACK
6
CONTINUOUS
10
132.8741870000000063
20
-57.3618549999999985
11
133.0466030000000046
21
-57.5181240000000003
0
LINE
8
BLACK
6
CONTINUOUS
10
133.0466030000000046
20
-57.5181240000000003
11
133.1406000000000063
21
-57.4702309999999983
0
LINE
8
BLACK
6
CONTINUOUS
10
133.1406000000000063
20
-57.4702309999999983
11
133.3152089999999816
21
-57.4134969999999996
0
LINE
8
BLACK
6
CONTINUOUS
10
133.3152089999999816
20
-57.4134969999999996
11
133.4965430000000026
21
-57.3847769999999997
0
LINE
8
BLACK
6
CONTINUOUS
10
133.4965430000000026
20
-57.3847769999999997
11
133.680137000000002
21
-57.3847769999999997
0
LINE
8
BLACK
6
CONTINUOUS
10
133.680137000000002
20
-57.3847769999999997
11
133.8614709999999945
21
-57.4134969999999996
0
LINE
8
BLACK
6
CONTINUOUS
10
133.8614709999999945
20
-57.4134969999999996
11
134.0360799999999983
21
-57.4702309999999983
0
LINE
8
BLACK
6
CONTINUOUS
10
134.0360799999999983
20
-57.4702309999999983
11
134.1996629999999868
21
-57.5535809999999941
0
LINE
8
BLACK
6
CONTINUOUS
10
134.1996629999999868
20
-57.5535809999999941
11
134.3481940000000066
21
-57.6614949999999951
0
LINE
8
BLACK
6
CONTINUOUS
10
134.3481940000000066
20
-57.6614949999999951
11
134.4780149999999992
21
-57.7913159999999948
0
LINE
8
BLACK
6
CONTINUOUS
10
134.4780149999999992
20
-57.7913159999999948
11
134.585928999999993
21
-57.9398470000000003
0
LINE
8
BLACK
6
CONTINUOUS
10
134.585928999999993
20
-57.9398470000000003
11
134.6692789999999889
21
-58.1034299999999959
0
LINE
8
BLACK
6
CONTINUOUS
10
134.6692789999999889
20
-58.1034299999999959
11
134.7260129999999947
21
-58.2780389999999997
0
LINE
8
BLACK
6
CONTINUOUS
10
134.7260129999999947
20
-58.2780389999999997
11
134.7547329999999874
21
-58.4593729999999994
0
LINE
8
BLACK
6
CONTINUOUS
10
134.7547329999999874
20
-58.4593729999999994
11
134.7547329999999874
21
-58.6429669999999987
0
LINE
8
BLACK
6
CONTINUOUS
10
134.7547329999999874
20
-58.6429669999999987
11
134.7260129999999947
21
-58.8243009999999984
0
LINE
8
BLACK
6
CONTINUOUS
10
134.7260129999999947
20
-58.8243009999999984
11
134.6692789999999889
21
-58.9989099999999951
0
LINE
8
BLACK
6
CONTINUOUS
10
134.6692789999999889
20
-58.9989099999999951
11
134.585928999999993
21
-59.1624929999999978
0
LINE
8
BLACK
6
CONTINUOUS
10
134.585928999999993
20
-59.1624929999999978
11
134.4780149999999992
21
-59.3110239999999962
0
LINE
8
BLACK
6
CONTINUOUS
10
134.4780149999999992
20
-59.3110239999999962
11
134.3481940000000066
21
-59.4408449999999959
0
LINE
8
BLACK
6
CONTINUOUS
10
134.3481940000000066
20
-59.4408449999999959
11
134.1996629999999868
21
-59.5487589999999969
0
LINE
8
BLACK
6
CONTINUOUS
10
134.1996629999999868
20
-59.5487589999999969
11
134.0360799999999983
21
-59.6321089999999998
0
LINE
8
BLACK
6
CONTINUOUS
10
134.0360799999999983
20
-59.6321089999999998
11
133.8614709999999945
21
-59.6888429999999985
0
LINE
8
BLACK
6
CONTINUOUS
10
133.8614709999999945
20
-59.6888429999999985
11
133.680137000000002
21
-59.7175629999999984
0
LINE
8
BLACK
6
CONTINUOUS
10
133.680137000000002
20
-59.7175629999999984
11
133.4965430000000026
21
-59.7175629999999984
0
LINE
8
BLACK
6
CONTINUOUS
10
133.4965430000000026
20
-59.7175629999999984
11
133.3152089999999816
21
-59.6888429999999985
0
LINE
8
BLACK
6
CONTINUOUS
10
133.3152089999999816
20
-59.6888429999999985
11
133.1406000000000063
21
-59.6321089999999998
0
LINE
8
BLACK
6
CONTINUOUS
10
133.1406000000000063
20
-59.6321089999999998
11
132.9770169999999894
21
-59.5487589999999969
0
LINE
8
BLACK
6
CONTINUOUS
10
132.9770169999999894
20
-59.5487589999999969
11
132.8284859999999981
21
-59.4408449999999959
0
LINE
8
BLACK
6
CONTINUOUS
10
132.8284859999999981
20
-59.4408449999999959
11
132.6986650000000054
21
-59.3110239999999962
0
LINE
8
BLACK
6
CONTINUOUS
10
132.6986650000000054
20
-59.3110239999999962
11
132.5907509999999832
21
-59.1624929999999978
0
LINE
8
BLACK
6
CONTINUOUS
10
132.5907509999999832
20
-59.1624929999999978
11
132.5074009999999873
21
-58.9989099999999951
0
LINE
8
BLACK
6
CONTINUOUS
10
132.5074009999999873
20
-58.9989099999999951
11
132.4506669999999815
21
-58.8243009999999984
0
LINE
8
BLACK
6
CONTINUOUS
10
132.4506669999999815
20
-58.8243009999999984
11
132.4219469999999887
21
-58.6429669999999987
0
LINE
8
BLACK
6
CONTINUOUS
10
132.4219469999999887
20
-58.6429669999999987
11
132.4219469999999887
21
-58.4593729999999994
0
LINE
8
BLACK
6
CONTINUOUS
10
132.4219469999999887
20
-58.4593729999999994
11
132.4506669999999815
21
-58.2780389999999997
0
LINE
8
BLACK
6
CONTINUOUS
10
132.4506669999999815
20
-58.2780389999999997
11
132.5074009999999873
21
-58.1034299999999959
0
LINE
8
BLACK
6
CONTINUOUS
10
132.5074009999999873
20
-58.1034299999999959
11
132.5540589999999952
21
-58.0118559999999945
0
LINE
8
BLACK
6
CONTINUOUS
10
132.5540589999999952
20
-58.0118559999999945
11
132.5030700000000081
21
-57.9608670000000004
0
LINE
8
BLACK
6
CONTINUOUS
10
132.5030700000000081
20
-57.9608670000000004
11
132.3089439999999968
21
-57.8060569999999956
0
LINE
8
BLACK
6
CONTINUOUS
10
132.3089439999999968
20
-57.8060569999999956
11
132.0987059999999929
21
-57.6739549999999994
0
LINE
8
BLACK
6
CONTINUOUS
10
132.0987059999999929
20
-57.6739549999999994
11
131.8749990000000025
21
-57.5662239999999983
0
LINE
8
BLACK
6
CONTINUOUS
10
131.8749990000000025
20
-57.5662239999999983
11
131.6406360000000006
21
-57.4842179999999985
0
LINE
8
BLACK
6
CONTINUOUS
10
131.6406360000000006
20
-57.4842179999999985
11
131.3985649999999907
21
-57.4289679999999976
0
LINE
8
BLACK
6
CONTINUOUS
10
131.3985649999999907
20
-57.4289679999999976
11
131.1518299999999897
21
-57.4011689999999959
0
LINE
8
BLACK
6
CONTINUOUS
10
131.1518299999999897
20
-57.4011689999999959
11
131.0276819999999987
21
-57.4011700000000005
0
LINE
8
BLACK
6
CONTINUOUS
10
131.0276819999999987
20
-57.4011700000000005
11
131.0276810000000012
21
-57.4011689999999959
0
LINE
8
BLACK
6
CONTINUOUS
10
131.0276810000000012
20
-57.4011689999999959
11
131.0276790000000062
21
-57.4011700000000005
0
LINE
8
BLACK
6
CONTINUOUS
10
131.0276790000000062
20
-57.4011700000000005
11
121.0883389999999906
21
-57.4011700000000005
0
LINE
8
BLACK
6
CONTINUOUS
10
121.0883389999999906
20
-57.4011700000000005
11
121.0883369999999957
21
-57.4011689999999959
0
LINE
8
BLACK
6
CONTINUOUS
10
121.0883369999999957
20
-57.4011689999999959
11
121.0883369999999957
21
-57.4011700000000005
0
LINE
8
BLACK
6
CONTINUOUS
10
121.0883369999999957
20
-57.4011700000000005
11
121.0883369999999957
21
-57.4011929999999992
0
LINE
8
BLACK
6
CONTINUOUS
10
121.0883369999999957
20
-57.4011929999999992
11
120.8421659999999918
21
-57.4011909999999972
0
LINE
8
BLACK
6
CONTINUOUS
10
120.8421659999999918
20
-57.4011909999999972
11
120.3510789999999986
21
-57.4363120000000009
0
LINE
8
BLACK
6
CONTINUOUS
10
120.3510789999999986
20
-57.4363120000000009
11
119.8637480000000011
21
-57.5063770000000005
0
LINE
8
BLACK
6
CONTINUOUS
10
119.8637480000000011
20
-57.5063770000000005
11
119.3826569999999947
21
-57.6110299999999995
0
LINE
8
BLACK
6
CONTINUOUS
10
119.3826569999999947
20
-57.6110299999999995
11
118.9102579999999989
21
-57.7497359999999986
0
LINE
8
BLACK
6
CONTINUOUS
10
118.9102579999999989
20
-57.7497359999999986
11
118.4489569999999929
21
-57.9217899999999943
0
LINE
8
BLACK
6
CONTINUOUS
10
118.4489569999999929
20
-57.9217899999999943
11
118.0011069999999904
21
-58.1263149999999982
0
LINE
8
BLACK
6
CONTINUOUS
10
118.0011069999999904
20
-58.1263149999999982
11
117.5689879999999903
21
-58.3622669999999957
0
LINE
8
BLACK
6
CONTINUOUS
10
117.5689879999999903
20
-58.3622669999999957
11
117.1548030000000011
21
-58.6284459999999967
0
LINE
8
BLACK
6
CONTINUOUS
10
117.1548030000000011
20
-58.6284459999999967
11
116.7606619999999964
21
-58.923493999999998
0
LINE
8
BLACK
6
CONTINUOUS
10
116.7606619999999964
20
-58.923493999999998
11
116.3885739999999913
21
-59.2459089999999975
0
LINE
8
BLACK
6
CONTINUOUS
10
116.3885739999999913
20
-59.2459089999999975
11
116.2145039999999909
21
-59.4199780000000004
0
LINE
8
BLACK
6
CONTINUOUS
10
116.2145039999999909
20
-59.4199780000000004
11
115.3480689999999953
21
-60.286412999999996
0
LINE
8
BLACK
6
CONTINUOUS
10
115.3480689999999953
20
-60.286412999999996
11
115.372768999999991
21
-60.3216879999999946
0
LINE
8
BLACK
6
CONTINUOUS
10
115.372768999999991
20
-60.3216879999999946
11
115.5943549999999931
21
-60.705486999999998
0
LINE
8
BLACK
6
CONTINUOUS
10
115.5943549999999931
20
-60.705486999999998
11
115.7816479999999899
21
-61.1071379999999991
0
LINE
8
BLACK
6
CONTINUOUS
10
115.7816479999999899
20
-61.1071379999999991
11
115.9332220000000007
21
-61.5235849999999971
0
LINE
8
BLACK
6
CONTINUOUS
10
115.9332220000000007
20
-61.5235849999999971
11
116.0479239999999947
21
-61.9516569999999973
0
LINE
8
BLACK
6
CONTINUOUS
10
116.0479239999999947
20
-61.9516569999999973
11
116.1248799999999903
21
-62.3880969999999948
0
LINE
8
BLACK
6
CONTINUOUS
10
116.1248799999999903
20
-62.3880969999999948
11
116.1635050000000007
21
-62.829583999999997
0
LINE
8
BLACK
6
CONTINUOUS
10
116.1635050000000007
20
-62.829583999999997
11
116.1635050000000007
21
-63.272755999999994
0
LINE
8
BLACK
6
CONTINUOUS
10
116.1635050000000007
20
-63.272755999999994
11
116.1248799999999903
21
-63.7142429999999962
0
LINE
8
BLACK
6
CONTINUOUS
10
116.1248799999999903
20
-63.7142429999999962
11
116.0479239999999947
21
-64.1506830000000008
0
LINE
8
BLACK
6
CONTINUOUS
10
116.0479239999999947
20
-64.1506830000000008
11
115.9332220000000007
21
-64.578755000000001
0
LINE
8
BLACK
6
CONTINUOUS
10
115.9332220000000007
20
-64.578755000000001
11
115.7816479999999899
21
-64.9952019999999919
0
LINE
8
BLACK
6
CONTINUOUS
10
115.7816479999999899
20
-64.9952019999999919
11
115.5943549999999931
21
-65.396852999999993
0
LINE
8
BLACK
6
CONTINUOUS
10
115.5943549999999931
20
-65.396852999999993
11
115.372768999999991
21
-65.7806520000000035
0
LINE
8
BLACK
6
CONTINUOUS
10
115.372768999999991
20
-65.7806520000000035
11
115.1185749999999928
21
-66.1436779999999942
0
LINE
8
BLACK
6
CONTINUOUS
10
115.1185749999999928
20
-66.1436779999999942
11
115.0778770000000009
21
-66.1921789999999959
0
LINE
8
BLACK
6
CONTINUOUS
10
115.0778770000000009
20
-66.1921789999999959
11
115.3222559999999959
21
-66.4365579999999909
0
LINE
8
BLACK
6
CONTINUOUS
10
115.3222559999999959
20
-66.4365579999999909
11
115.3222609999999975
21
-66.436561999999995
0
LINE
8
BLACK
6
CONTINUOUS
10
115.3222609999999975
20
-66.436561999999995
11
115.32226
21
-66.436561999999995
0
LINE
8
BLACK
6
CONTINUOUS
10
115.32226
20
-66.436561999999995
11
115.3222769999999997
21
-66.4365820000000014
0
LINE
8
BLACK
6
CONTINUOUS
10
115.3222769999999997
20
-66.4365820000000014
11
115.5981559999999888
21
-66.7376519999999971
0
LINE
8
BLACK
6
CONTINUOUS
10
115.5981559999999888
20
-66.7376519999999971
11
115.8467589999999916
21
-67.0616409999999945
0
LINE
8
BLACK
6
CONTINUOUS
10
115.8467589999999916
20
-67.0616409999999945
11
116.0661789999999911
21
-67.4060649999999981
0
LINE
8
BLACK
6
CONTINUOUS
10
116.0661789999999911
20
-67.4060649999999981
11
116.2547449999999998
21
-67.7683019999999914
0
LINE
8
BLACK
6
CONTINUOUS
10
116.2547449999999998
20
-67.7683019999999914
11
116.4110219999999885
21
-68.1455959999999976
0
LINE
8
BLACK
6
CONTINUOUS
10
116.4110219999999885
20
-68.1455959999999976
11
116.533820999999989
21
-68.5350739999999945
0
LINE
8
BLACK
6
CONTINUOUS
10
116.533820999999989
20
-68.5350739999999945
11
116.6222059999999914
21
-68.9337730000000022
0
LINE
8
BLACK
6
CONTINUOUS
10
116.6222059999999914
20
-68.9337730000000022
11
116.6755069999999961
21
-69.3386579999999952
0
LINE
8
BLACK
6
CONTINUOUS
10
116.6755069999999961
20
-69.3386579999999952
11
116.6932669999999916
21
-69.7455329999999947
0
LINE
8
BLACK
6
CONTINUOUS
10
116.6932669999999916
20
-69.7455329999999947
11
116.6933399999999921
21
-69.7466419999999943
0
LINE
8
BLACK
6
CONTINUOUS
10
116.6933399999999921
20
-69.7466419999999943
11
116.6933399999999921
21
-76.8852329999999995
0
LINE
8
BLACK
6
CONTINUOUS
10
116.6933399999999921
20
-76.8852329999999995
11
116.710684999999998
21
-76.9111919999999998
0
LINE
8
BLACK
6
CONTINUOUS
10
116.710684999999998
20
-76.9111919999999998
11
116.7631979999999885
21
-77.0379709999999989
0
LINE
8
BLACK
6
CONTINUOUS
10
116.7631979999999885
20
-77.0379709999999989
11
116.7899689999999993
21
-77.1725579999999951
0
LINE
8
BLACK
6
CONTINUOUS
10
116.7899689999999993
20
-77.1725579999999951
11
116.7899689999999993
21
-77.3097819999999984
0
LINE
8
BLACK
6
CONTINUOUS
10
116.7899689999999993
20
-77.3097819999999984
11
116.7631979999999885
21
-77.4443689999999947
0
LINE
8
BLACK
6
CONTINUOUS
10
116.7631979999999885
20
-77.4443689999999947
11
116.710684999999998
21
-77.5711479999999938
0
LINE
8
BLACK
6
CONTINUOUS
10
116.710684999999998
20
-77.5711479999999938
11
116.6344469999999944
21
-77.6852449999999948
0
LINE
8
BLACK
6
CONTINUOUS
10
116.6344469999999944
20
-77.6852449999999948
11
116.5374149999999958
21
-77.7822769999999934
0
LINE
8
BLACK
6
CONTINUOUS
10
116.5374149999999958
20
-77.7822769999999934
11
116.4233179999999948
21
-77.858514999999997
0
LINE
8
BLACK
6
CONTINUOUS
10
116.4233179999999948
20
-77.858514999999997
11
116.2965389999999957
21
-77.9110280000000017
0
LINE
8
BLACK
6
CONTINUOUS
10
116.2965389999999957
20
-77.9110280000000017
11
116.2659179999999992
21
-77.9171180000000021
0
LINE
8
BLACK
6
CONTINUOUS
10
116.2659179999999992
20
-77.9171180000000021
11
116.1535650000000004
21
-78.0294710000000009
0
LINE
8
BLACK
6
CONTINUOUS
10
116.1535650000000004
20
-78.0294710000000009
11
116.1535659999999979
21
-78.0294710000000009
0
LINE
8
BLACK
6
CONTINUOUS
10
116.1535659999999979
20
-78.0294710000000009
11
115.4254909999999938
21
-78.7575439999999958
0
LINE
8
BLACK
6
CONTINUOUS
10
115.4254909999999938
20
-78.7575439999999958
11
115.4254919999999913
21
-78.7575439999999958
0
LINE
8
BLACK
6
CONTINUOUS
10
115.4254919999999913
20
-78.7575439999999958
11
114.6440779999999933
21
-79.5389589999999913
0
LINE
8
BLACK
6
CONTINUOUS
10
114.6440779999999933
20
-79.5389589999999913
11
114.1101039999999927
21
-80.0729339999999894
0
LINE
8
BLACK
6
CONTINUOUS
10
114.1101039999999927
20
-80.0729339999999894
11
113.2197120000000012
21
-80.9633249999999975
0
LINE
8
BLACK
6
CONTINUOUS
10
113.2197120000000012
20
-80.9633249999999975
11
113.2197180000000003
21
-80.9633309999999966
0
LINE
8
BLACK
6
CONTINUOUS
10
113.2197180000000003
20
-80.9633309999999966
11
113.135635999999991
21
-81.0474129999999917
0
LINE
8
BLACK
6
CONTINUOUS
10
113.135635999999991
20
-81.0474129999999917
11
112.9908599999999979
21
-81.2360889999999927
0
LINE
8
BLACK
6
CONTINUOUS
10
112.9908599999999979
20
-81.2360889999999927
11
112.8719499999999982
21
-81.4420479999999998
0
LINE
8
BLACK
6
CONTINUOUS
10
112.8719499999999982
20
-81.4420479999999998
11
112.7809389999999894
21
-81.6617650000000026
0
LINE
8
BLACK
6
CONTINUOUS
10
112.7809389999999894
20
-81.6617650000000026
11
112.7193849999999884
21
-81.8914819999999963
0
LINE
8
BLACK
6
CONTINUOUS
10
112.7193849999999884
20
-81.8914819999999963
11
112.6883409999999941
21
-82.1272670000000033
0
LINE
8
BLACK
6
CONTINUOUS
10
112.6883409999999941
20
-82.1272670000000033
11
112.6883399999999966
21
-82.2461629999999957
0
LINE
8
BLACK
6
CONTINUOUS
10
112.6883399999999966
20
-82.2461629999999957
11
112.6883399999999966
21
-82.2461699999999922
0
LINE
8
BLACK
6
CONTINUOUS
10
112.6883399999999966
20
-82.2461699999999922
11
112.6883399999999966
21
-84.551169999999999
0
LINE
8
BLACK
6
CONTINUOUS
10
112.6883399999999966
20
-84.551169999999999
11
112.6883399999999966
21
-84.5511769999999956
0
LINE
8
BLACK
6
CONTINUOUS
10
112.6883399999999966
20
-84.5511769999999956
11
112.6883459999999957
21
-84.5511769999999956
0
LINE
8
BLACK
6
CONTINUOUS
10
112.6883459999999957
20
-84.5511769999999956
11
112.6883440000000007
21
-84.6700859999999977
0
LINE
8
BLACK
6
CONTINUOUS
10
112.6883440000000007
20
-84.6700859999999977
11
112.7193839999999909
21
-84.9058699999999931
0
LINE
8
BLACK
6
CONTINUOUS
10
112.7193839999999909
20
-84.9058699999999931
11
112.7809339999999878
21
-85.1355839999999944
0
LINE
8
BLACK
6
CONTINUOUS
10
112.7809339999999878
20
-85.1355839999999944
11
112.87194199999999
21
-85.3552990000000023
0
LINE
8
BLACK
6
CONTINUOUS
10
112.87194199999999
20
-85.3552990000000023
11
112.9908509999999922
21
-85.5612550000000027
0
LINE
8
BLACK
6
CONTINUOUS
10
112.9908509999999922
20
-85.5612550000000027
11
113.1356259999999878
21
-85.749927999999997
0
LINE
8
BLACK
6
CONTINUOUS
10
113.1356259999999878
20
-85.749927999999997
11
113.2197079999999971
21
-85.8340089999999947
0
LINE
8
BLACK
6
CONTINUOUS
10
113.2197079999999971
20
-85.8340089999999947
11
113.2197069999999997
21
-85.8340089999999947
0
LINE
8
BLACK
6
CONTINUOUS
10
113.2197069999999997
20
-85.8340089999999947
11
113.2197099999999921
21
-85.8340120000000013
0
LINE
8
BLACK
6
CONTINUOUS
10
113.2197099999999921
20
-85.8340120000000013
11
114.7077929999999952
21
-87.3220949999999903
0
LINE
8
BLACK
6
CONTINUOUS
10
114.7077929999999952
20
-87.3220949999999903
11
114.7077979999999968
21
-87.3220989999999944
0
LINE
8
BLACK
6
CONTINUOUS
10
114.7077979999999968
20
-87.3220989999999944
11
114.7077969999999993
21
-87.3220989999999944
0
LINE
8
BLACK
6
CONTINUOUS
10
114.7077969999999993
20
-87.3220989999999944
11
114.7079459999999926
21
-87.3222689999999915
0
LINE
8
BLACK
6
CONTINUOUS
10
114.7079459999999926
20
-87.3222689999999915
11
114.7918689999999913
21
-87.4061919999999901
0
LINE
8
BLACK
6
CONTINUOUS
10
114.7918689999999913
20
-87.4061919999999901
11
114.9805439999999948
21
-87.550967
0
LINE
8
BLACK
6
CONTINUOUS
10
114.9805439999999948
20
-87.550967
11
115.1865019999999902
21
-87.6698749999999905
0
LINE
8
BLACK
6
CONTINUOUS
10
115.1865019999999902
20
-87.6698749999999905
11
115.406218999999993
21
-87.7608829999999926
0
LINE
8
BLACK
6
CONTINUOUS
10
115.406218999999993
20
-87.7608829999999926
11
115.6359349999999893
21
-87.8224329999999895
0
LINE
8
BLACK
6
CONTINUOUS
10
115.6359349999999893
20
-87.8224329999999895
11
115.8717199999999963
21
-87.853470999999999
0
LINE
8
BLACK
6
CONTINUOUS
10
115.8717199999999963
20
-87.853470999999999
11
115.9906299999999959
21
-87.8534689999999898
0
LINE
8
BLACK
6
CONTINUOUS
10
115.9906299999999959
20
-87.8534689999999898
11
115.9906379999999899
21
-87.8534700000000015
0
LINE
8
BLACK
6
CONTINUOUS
10
115.9906379999999899
20
-87.8534700000000015
11
115.9906399999999991
21
-87.8534700000000015
0
LINE
8
BLACK
6
CONTINUOUS
10
115.9906399999999991
20
-87.8534700000000015
11
126.0883399999999881
21
-87.8534700000000015
0
LINE
8
BLACK
6
CONTINUOUS
10
126.0883399999999881
20
-87.8534700000000015
11
126.0885069999999928
21
-87.8534799999999905
0
LINE
8
BLACK
6
CONTINUOUS
10
126.0885069999999928
20
-87.8534799999999905
11
126.2072409999999962
21
-87.853478999999993
0
LINE
8
BLACK
6
CONTINUOUS
10
126.2072409999999962
20
-87.853478999999993
11
126.4430279999999982
21
-87.8224340000000012
0
LINE
8
BLACK
6
CONTINUOUS
10
126.4430279999999982
20
-87.8224340000000012
11
126.6727459999999894
21
-87.7608790000000027
0
LINE
8
BLACK
6
CONTINUOUS
10
126.6727459999999894
20
-87.7608790000000027
11
126.8924639999999897
21
-87.6698669999999964
0
LINE
8
BLACK
6
CONTINUOUS
10
126.8924639999999897
20
-87.6698669999999964
11
127.0984239999999943
21
-87.5509559999999993
0
LINE
8
BLACK
6
CONTINUOUS
10
127.0984239999999943
20
-87.5509559999999993
11
127.2871009999999927
21
-87.4061789999999945
0
LINE
8
BLACK
6
CONTINUOUS
10
127.2871009999999927
20
-87.4061789999999945
11
127.3711839999999995
21
-87.3220969999999994
0
LINE
8
BLACK
6
CONTINUOUS
10
127.3711839999999995
20
-87.3220969999999994
11
128.1521559999999909
21
-86.5411239999999964
0
LINE
8
BLACK
6
CONTINUOUS
10
128.1521559999999909
20
-86.5411239999999964
11
128.1521639999999991
21
-86.5411149999999907
0
LINE
8
BLACK
6
CONTINUOUS
10
128.1521639999999991
20
-86.5411149999999907
11
128.1521639999999991
21
-86.5411160000000024
0
LINE
8
BLACK
6
CONTINUOUS
10
128.1521639999999991
20
-86.5411160000000024
11
128.4651619999999923
21
-86.2517879999999906
0
LINE
8
BLACK
6
CONTINUOUS
10
128.4651619999999923
20
-86.2517879999999906
11
128.7998949999999923
21
-85.9879090000000019
0
LINE
8
BLACK
6
CONTINUOUS
10
128.7998949999999923
20
-85.9879090000000019
11
129.1543000000000063
21
-85.7511069999999904
0
LINE
8
BLACK
6
CONTINUOUS
10
129.1543000000000063
20
-85.7511069999999904
11
129.526190999999983
21
-85.5428409999999957
0
LINE
8
BLACK
6
CONTINUOUS
10
129.526190999999983
20
-85.5428409999999957
11
129.9132769999999937
21
-85.3643950000000018
0
LINE
8
BLACK
6
CONTINUOUS
10
129.9132769999999937
20
-85.3643950000000018
11
130.3131699999999853
21
-85.2168700000000001
0
LINE
8
BLACK
6
CONTINUOUS
10
130.3131699999999853
20
-85.2168700000000001
11
130.7234049999999854
21
-85.1011749999999978
0
LINE
8
BLACK
6
CONTINUOUS
10
130.7234049999999854
20
-85.1011749999999978
11
131.1414529999999843
21
-85.0180239999999969
0
LINE
8
BLACK
6
CONTINUOUS
10
131.1414529999999843
20
-85.0180239999999969
11
131.5647359999999821
21
-84.967928999999998
0
LINE
8
BLACK
6
CONTINUOUS
10
131.5647359999999821
20
-84.967928999999998
11
131.9895659999999964
21
-84.9512399999999985
0
LINE
8
BLACK
6
CONTINUOUS
10
131.9895659999999964
20
-84.9512399999999985
11
131.9906399999999849
21
-84.9511699999999905
0
LINE
8
BLACK
6
CONTINUOUS
10
131.9906399999999849
20
-84.9511699999999905
11
140.0883399999999881
21
-84.9511699999999905
0
LINE
8
BLACK
6
CONTINUOUS
10
140.0883399999999881
20
-84.9511699999999905
11
140.0883450000000039
21
-84.9511699999999905
0
LINE
8
BLACK
6
CONTINUOUS
10
140.0883450000000039
20
-84.9511699999999905
11
140.0883479999999963
21
-84.9511699999999905
0
LINE
8
BLACK
6
CONTINUOUS
10
140.0883479999999963
20
-84.9511699999999905
11
140.4412069999999915
21
-84.9685089999999974
0
LINE
8
BLACK
6
CONTINUOUS
10
140.4412069999999915
20
-84.9685089999999974
11
140.7906679999999824
21
-85.0203509999999909
0
LINE
8
BLACK
6
CONTINUOUS
10
140.7906679999999824
20
-85.0203509999999909
11
141.1333640000000003
21
-85.1061949999999996
0
LINE
8
BLACK
6
CONTINUOUS
10
141.1333640000000003
20
-85.1061949999999996
11
141.4659969999999873
21
-85.2252160000000032
0
LINE
8
BLACK
6
CONTINUOUS
10
141.4659969999999873
20
-85.2252160000000032
11
141.7853619999999921
21
-85.3762669999999986
0
LINE
8
BLACK
6
CONTINUOUS
10
141.7853619999999921
20
-85.3762669999999986
11
142.0883829999999932
21
-85.5578939999999903
0
LINE
8
BLACK
6
CONTINUOUS
10
142.0883829999999932
20
-85.5578939999999903
11
142.3721439999999916
21
-85.768345999999994
0
LINE
8
BLACK
6
CONTINUOUS
10
142.3721439999999916
20
-85.768345999999994
11
142.633909999999986
21
-86.0055989999999895
0
LINE
8
BLACK
6
CONTINUOUS
10
142.633909999999986
20
-86.0055989999999895
11
142.8711610000000007
21
-86.2673659999999956
0
LINE
8
BLACK
6
CONTINUOUS
10
142.8711610000000007
20
-86.2673659999999956
11
143.0816130000000044
21
-86.5511269999999939
0
LINE
8
BLACK
6
CONTINUOUS
10
143.0816130000000044
20
-86.5511269999999939
11
143.2632380000000012
21
-86.8541489999999925
0
LINE
8
BLACK
6
CONTINUOUS
10
143.2632380000000012
20
-86.8541489999999925
11
143.4142879999999991
21
-87.1735139999999973
0
LINE
8
BLACK
6
CONTINUOUS
10
143.4142879999999991
20
-87.1735139999999973
11
143.5333080000000052
21
-87.5061469999999986
0
LINE
8
BLACK
6
CONTINUOUS
10
143.5333080000000052
20
-87.5061469999999986
11
143.619150999999988
21
-87.8488439999999997
0
LINE
8
BLACK
6
CONTINUOUS
10
143.619150999999988
20
-87.8488439999999997
11
143.670991999999984
21
-88.1983049999999906
0
LINE
8
BLACK
6
CONTINUOUS
10
143.670991999999984
20
-88.1983049999999906
11
143.6883009999999956
21
-88.5505780000000016
0
LINE
8
BLACK
6
CONTINUOUS
10
143.6883009999999956
20
-88.5505780000000016
11
143.6883399999999824
21
-88.551169999999999
0
LINE
8
BLACK
6
CONTINUOUS
10
143.6883399999999824
20
-88.551169999999999
11
143.6883399999999824
21
-102.5511629999999883
0
LINE
8
BLACK
6
CONTINUOUS
10
143.6883399999999824
20
-102.5511629999999883
11
143.6883399999999824
21
-102.5511659999999949
0
LINE
8
BLACK
6
CONTINUOUS
10
143.6883399999999824
20
-102.5511659999999949
11
143.6716089999999895
21
-102.9770769999999942
0
LINE
8
BLACK
6
CONTINUOUS
10
143.6716089999999895
20
-102.9770769999999942
11
143.6215119999999956
21
-103.4003620000000012
0
LINE
8
BLACK
6
CONTINUOUS
10
143.6215119999999956
20
-103.4003620000000012
11
143.5383599999999831
21
-103.8184109999999976
0
LINE
8
BLACK
6
CONTINUOUS
10
143.5383599999999831
20
-103.8184109999999976
11
143.4226639999999975
21
-104.2286479999999926
0
LINE
8
BLACK
6
CONTINUOUS
10
143.4226639999999975
20
-104.2286479999999926
11
143.2751379999999983
21
-104.6285429999999934
0
LINE
8
BLACK
6
CONTINUOUS
10
143.2751379999999983
20
-104.6285429999999934
11
143.0966909999999928
21
-105.0156300000000016
0
LINE
8
BLACK
6
CONTINUOUS
10
143.0966909999999928
20
-105.0156300000000016
11
142.8884239999999863
21
-105.3875230000000016
0
LINE
8
BLACK
6
CONTINUOUS
10
142.8884239999999863
20
-105.3875230000000016
11
142.6516199999999799
21
-105.741928999999999
0
LINE
8
BLACK
6
CONTINUOUS
10
142.6516199999999799
20
-105.741928999999999
11
142.3877399999999795
21
-106.0766639999999938
0
LINE
8
BLACK
6
CONTINUOUS
10
142.3877399999999795
20
-106.0766639999999938
11
142.0984109999999987
21
-106.3896629999999988
0
LINE
8
BLACK
6
CONTINUOUS
10
142.0984109999999987
20
-106.3896629999999988
11
142.0983919999999898
21
-106.3896429999999924
0
LINE
8
BLACK
6
CONTINUOUS
10
142.0983919999999898
20
-106.3896429999999924
11
142.0756259999999997
21
-106.4074779999999976
0
LINE
8
BLACK
6
CONTINUOUS
10
142.0756259999999997
20
-106.4074779999999976
11
142.1185749999999928
21
-106.4586619999999897
0
LINE
8
BLACK
6
CONTINUOUS
10
142.1185749999999928
20
-106.4586619999999897
11
142.3727690000000052
21
-106.8216879999999946
0
LINE
8
BLACK
6
CONTINUOUS
10
142.3727690000000052
20
-106.8216879999999946
11
142.5943550000000073
21
-107.2054869999999909
0
LINE
8
BLACK
6
CONTINUOUS
10
142.5943550000000073
20
-107.2054869999999909
11
142.7816479999999899
21
-107.607137999999992
0
LINE
8
BLACK
6
CONTINUOUS
10
142.7816479999999899
20
-107.607137999999992
11
142.9332220000000007
21
-108.0235849999999971
0
LINE
8
BLACK
6
CONTINUOUS
10
142.9332220000000007
20
-108.0235849999999971
11
143.0479239999999947
21
-108.4516569999999973
0
LINE
8
BLACK
6
CONTINUOUS
10
143.0479239999999947
20
-108.4516569999999973
11
143.1248799999999903
21
-108.8880970000000019
0
LINE
8
BLACK
6
CONTINUOUS
10
143.1248799999999903
20
-108.8880970000000019
11
143.1635049999999865
21
-109.329583999999997
0
LINE
8
BLACK
6
CONTINUOUS
10
143.1635049999999865
20
-109.329583999999997
11
143.1635049999999865
21
-109.7727560000000011
0
LINE
8
BLACK
6
CONTINUOUS
10
143.1635049999999865
20
-109.7727560000000011
11
143.1248799999999903
21
-110.2142429999999962
0
LINE
8
BLACK
6
CONTINUOUS
10
143.1248799999999903
20
-110.2142429999999962
11
143.0479239999999947
21
-110.6506830000000008
0
LINE
8
BLACK
6
CONTINUOUS
10
143.0479239999999947
20
-110.6506830000000008
11
142.9332220000000007
21
-111.078755000000001
0
LINE
8
BLACK
6
CONTINUOUS
10
142.9332220000000007
20
-111.078755000000001
11
142.7816479999999899
21
-111.4952019999999919
0
LINE
8
BLACK
6
CONTINUOUS
10
142.7816479999999899
20
-111.4952019999999919
11
142.5943550000000073
21
-111.896852999999993
0
LINE
8
BLACK
6
CONTINUOUS
10
142.5943550000000073
20
-111.896852999999993
11
142.3727690000000052
21
-112.2806519999999892
0
LINE
8
BLACK
6
CONTINUOUS
10
142.3727690000000052
20
-112.2806519999999892
11
142.1185749999999928
21
-112.6436779999999942
0
LINE
8
BLACK
6
CONTINUOUS
10
142.1185749999999928
20
-112.6436779999999942
11
141.8337089999999989
21
-112.983167999999992
0
LINE
8
BLACK
6
CONTINUOUS
10
141.8337089999999989
20
-112.983167999999992
11
141.5203379999999811
21
-113.2965389999999957
0
LINE
8
BLACK
6
CONTINUOUS
10
141.5203379999999811
20
-113.2965389999999957
11
141.1808479999999975
21
-113.5814049999999895
0
LINE
8
BLACK
6
CONTINUOUS
10
141.1808479999999975
20
-113.5814049999999895
11
140.8178220000000067
21
-113.8355989999999878
0
LINE
8
BLACK
6
CONTINUOUS
10
140.8178220000000067
20
-113.8355989999999878
11
140.4340229999999963
21
-114.0571849999999898
0
LINE
8
BLACK
6
CONTINUOUS
10
140.4340229999999963
20
-114.0571849999999898
11
140.032371999999981
21
-114.2444780000000009
0
LINE
8
BLACK
6
CONTINUOUS
10
140.032371999999981
20
-114.2444780000000009
11
139.6159250000000043
21
-114.3960519999999974
0
LINE
8
BLACK
6
CONTINUOUS
10
139.6159250000000043
20
-114.3960519999999974
11
139.1878529999999898
21
-114.5107539999999915
0
LINE
8
BLACK
6
CONTINUOUS
10
139.1878529999999898
20
-114.5107539999999915
11
138.7514129999999852
21
-114.5877100000000013
0
LINE
8
BLACK
6
CONTINUOUS
10
138.7514129999999852
20
-114.5877100000000013
11
138.3099259999999902
21
-114.6263349999999974
0
LINE
8
BLACK
6
CONTINUOUS
10
138.3099259999999902
20
-114.6263349999999974
11
137.866753999999986
21
-114.6263349999999974
0
LINE
8
BLACK
6
CONTINUOUS
10
137.866753999999986
20
-114.6263349999999974
11
137.425266999999991
21
-114.5877100000000013
0
LINE
8
BLACK
6
CONTINUOUS
10
137.425266999999991
20
-114.5877100000000013
11
136.9888269999999864
21
-114.5107539999999915
0
LINE
8
BLACK
6
CONTINUOUS
10
136.9888269999999864
20
-114.5107539999999915
11
136.5607550000000003
21
-114.3960519999999974
0
LINE
8
BLACK
6
CONTINUOUS
10
136.5607550000000003
20
-114.3960519999999974
11
136.1443079999999952
21
-114.2444780000000009
0
LINE
8
BLACK
6
CONTINUOUS
10
136.1443079999999952
20
-114.2444780000000009
11
135.7426569999999799
21
-114.0571849999999898
0
LINE
8
BLACK
6
CONTINUOUS
10
135.7426569999999799
20
-114.0571849999999898
11
135.3588579999999979
21
-113.8355989999999878
0
LINE
8
BLACK
6
CONTINUOUS
10
135.3588579999999979
20
-113.8355989999999878
11
134.9958320000000072
21
-113.5814049999999895
0
LINE
8
BLACK
6
CONTINUOUS
10
134.9958320000000072
20
-113.5814049999999895
11
134.6563419999999951
21
-113.2965389999999957
0
LINE
8
BLACK
6
CONTINUOUS
10
134.6563419999999951
20
-113.2965389999999957
11
134.3429710000000057
21
-112.983167999999992
0
LINE
8
BLACK
6
CONTINUOUS
10
134.3429710000000057
20
-112.983167999999992
11
134.0581049999999834
21
-112.6436779999999942
0
LINE
8
BLACK
6
CONTINUOUS
10
134.0581049999999834
20
-112.6436779999999942
11
133.8039109999999994
21
-112.2806519999999892
0
LINE
8
BLACK
6
CONTINUOUS
10
133.8039109999999994
20
-112.2806519999999892
11
133.5823249999999973
21
-111.896852999999993
0
LINE
8
BLACK
6
CONTINUOUS
10
133.5823249999999973
20
-111.896852999999993
11
133.3950319999999863
21
-111.4952019999999919
0
LINE
8
BLACK
6
CONTINUOUS
10
133.3950319999999863
20
-111.4952019999999919
11
133.2434580000000039
21
-111.078755000000001
0
LINE
8
BLACK
6
CONTINUOUS
10
133.2434580000000039
20
-111.078755000000001
11
133.1287559999999814
21
-110.6506830000000008
0
LINE
8
BLACK
6
CONTINUOUS
10
133.1287559999999814
20
-110.6506830000000008
11
133.0517999999999859
21
-110.2142429999999962
0
LINE
8
BLACK
6
CONTINUOUS
10
133.0517999999999859
20
-110.2142429999999962
11
133.0131749999999897
21
-109.7727560000000011
0
LINE
8
BLACK
6
CONTINUOUS
10
133.0131749999999897
20
-109.7727560000000011
11
133.0131749999999897
21
-109.329583999999997
0
LINE
8
BLACK
6
CONTINUOUS
10
133.0131749999999897
20
-109.329583999999997
11
133.0517999999999859
21
-108.8880970000000019
0
LINE
8
BLACK
6
CONTINUOUS
10
133.0517999999999859
20
-108.8880970000000019
11
133.1287559999999814
21
-108.4516569999999973
0
LINE
8
BLACK
6
CONTINUOUS
10
133.1287559999999814
20
-108.4516569999999973
11
133.2434580000000039
21
-108.0235849999999971
0
LINE
8
BLACK
6
CONTINUOUS
10
133.2434580000000039
20
-108.0235849999999971
11
133.3950319999999863
21
-107.607137999999992
0
LINE
8
BLACK
6
CONTINUOUS
10
133.3950319999999863
20
-107.607137999999992
11
133.5823249999999973
21
-107.2054869999999909
0
LINE
8
BLACK
6
CONTINUOUS
10
133.5823249999999973
20
-107.2054869999999909
11
133.8039109999999994
21
-106.8216879999999946
0
LINE
8
BLACK
6
CONTINUOUS
10
133.8039109999999994
20
-106.8216879999999946
11
134.0581049999999834
21
-106.4586619999999897
0
LINE
8
BLACK
6
CONTINUOUS
10
134.0581049999999834
20
-106.4586619999999897
11
134.3429710000000057
21
-106.1191719999999918
0
LINE
8
BLACK
6
CONTINUOUS
10
134.3429710000000057
20
-106.1191719999999918
11
134.6563419999999951
21
-105.8058009999999882
0
LINE
8
BLACK
6
CONTINUOUS
10
134.6563419999999951
20
-105.8058009999999882
11
134.9958320000000072
21
-105.5209349999999944
0
LINE
8
BLACK
6
CONTINUOUS
10
134.9958320000000072
20
-105.5209349999999944
11
135.3588579999999979
21
-105.2667409999999961
0
LINE
8
BLACK
6
CONTINUOUS
10
135.3588579999999979
20
-105.2667409999999961
11
135.7426569999999799
21
-105.0451549999999941
0
LINE
8
BLACK
6
CONTINUOUS
10
135.7426569999999799
20
-105.0451549999999941
11
136.1443079999999952
21
-104.8578619999999972
0
LINE
8
BLACK
6
CONTINUOUS
10
136.1443079999999952
20
-104.8578619999999972
11
136.5607550000000003
21
-104.7062880000000007
0
LINE
8
BLACK
6
CONTINUOUS
10
136.5607550000000003
20
-104.7062880000000007
11
136.9888269999999864
21
-104.5915859999999924
0
LINE
8
BLACK
6
CONTINUOUS
10
136.9888269999999864
20
-104.5915859999999924
11
137.425266999999991
21
-104.5146299999999968
0
LINE
8
BLACK
6
CONTINUOUS
10
137.425266999999991
20
-104.5146299999999968
11
137.866753999999986
21
-104.4760050000000007
0
LINE
8
BLACK
6
CONTINUOUS
10
137.866753999999986
20
-104.4760050000000007
11
138.3099259999999902
21
-104.4760050000000007
0
LINE
8
BLACK
6
CONTINUOUS
10
138.3099259999999902
20
-104.4760050000000007
11
138.7514129999999852
21
-104.5146299999999968
0
LINE
8
BLACK
6
CONTINUOUS
10
138.7514129999999852
20
-104.5146299999999968
11
139.1878529999999898
21
-104.5915859999999924
0
LINE
8
BLACK
6
CONTINUOUS
10
139.1878529999999898
20
-104.5915859999999924
11
139.6159250000000043
21
-104.7062880000000007
0
LINE
8
BLACK
6
CONTINUOUS
10
139.6159250000000043
20
-104.7062880000000007
11
140.032371999999981
21
-104.8578619999999972
0
LINE
8
BLACK
6
CONTINUOUS
10
140.032371999999981
20
-104.8578619999999972
11
140.4340229999999963
21
-105.0451549999999941
0
LINE
8
BLACK
6
CONTINUOUS
10
140.4340229999999963
20
-105.0451549999999941
11
140.8178220000000067
21
-105.2667409999999961
0
LINE
8
BLACK
6
CONTINUOUS
10
140.8178220000000067
20
-105.2667409999999961
11
141.1808479999999975
21
-105.5209349999999944
0
LINE
8
BLACK
6
CONTINUOUS
10
141.1808479999999975
20
-105.5209349999999944
11
141.232026999999988
21
-105.563879
0
LINE
8
BLACK
6
CONTINUOUS
10
141.232026999999988
20
-105.563879
11
141.249857999999989
21
-105.5411209999999897
0
LINE
8
BLACK
6
CONTINUOUS
10
141.249857999999989
20
-105.5411209999999897
11
141.2498769999999979
21
-105.5411399999999986
0
LINE
8
BLACK
6
CONTINUOUS
10
141.2498769999999979
20
-105.5411399999999986
11
141.3804209999999841
21
-105.410593999999989
0
LINE
8
BLACK
6
CONTINUOUS
10
141.3804209999999841
20
-105.410593999999989
11
141.6177590000000066
21
-105.1277419999999978
0
LINE
8
BLACK
6
CONTINUOUS
10
141.6177590000000066
20
-105.1277419999999978
11
141.8295420000000036
21
-104.8252809999999897
0
LINE
8
BLACK
6
CONTINUOUS
10
141.8295420000000036
20
-104.8252809999999897
11
142.0141569999999831
21
-104.5055129999999934
0
LINE
8
BLACK
6
CONTINUOUS
10
142.0141569999999831
20
-104.5055129999999934
11
142.1702009999999916
21
-104.1708709999999911
0
LINE
8
BLACK
6
CONTINUOUS
10
142.1702009999999916
20
-104.1708709999999911
11
142.2964839999999924
21
-103.8239019999999897
0
LINE
8
BLACK
6
CONTINUOUS
10
142.2964839999999924
20
-103.8239019999999897
11
142.3920469999999909
21
-103.4672479999999979
0
LINE
8
BLACK
6
CONTINUOUS
10
142.3920469999999909
20
-103.4672479999999979
11
142.4561620000000062
21
-103.1036220000000014
0
LINE
8
BLACK
6
CONTINUOUS
10
142.4561620000000062
20
-103.1036220000000014
11
142.4883409999999913
21
-102.7357909999999919
0
LINE
8
BLACK
6
CONTINUOUS
10
142.4883409999999913
20
-102.7357909999999919
11
142.4883399999999938
21
-102.551173999999989
0
LINE
8
BLACK
6
CONTINUOUS
10
142.4883399999999938
20
-102.551173999999989
11
142.4883399999999938
21
-102.551169999999999
0
LINE
8
BLACK
6
CONTINUOUS
10
142.4883399999999938
20
-102.551169999999999
11
142.4883399999999938
21
-88.5511759999999981
0
LINE
8
BLACK
6
CONTINUOUS
10
142.4883399999999938
20
-88.5511759999999981
11
142.4883299999999906
21
-88.5511759999999981
0
LINE
8
BLACK
6
CONTINUOUS
10
142.4883299999999906
20
-88.5511759999999981
11
142.4883289999999931
21
-88.4060029999999983
0
LINE
8
BLACK
6
CONTINUOUS
10
142.4883289999999931
20
-88.4060029999999983
11
142.4533289999999965
21
-88.1177739999999972
0
LINE
8
BLACK
6
CONTINUOUS
10
142.4533289999999965
20
-88.1177739999999972
11
142.3838429999999846
21
-87.8358659999999958
0
LINE
8
BLACK
6
CONTINUOUS
10
142.3838429999999846
20
-87.8358659999999958
11
142.2808839999999861
21
-87.5643879999999939
0
LINE
8
BLACK
6
CONTINUOUS
10
142.2808839999999861
20
-87.5643879999999939
11
142.1459529999999916
21
-87.3072999999999979
0
LINE
8
BLACK
6
CONTINUOUS
10
142.1459529999999916
20
-87.3072999999999979
11
141.98101699999998
21
-87.0683499999999952
0
LINE
8
BLACK
6
CONTINUOUS
10
141.98101699999998
20
-87.0683499999999952
11
141.7884819999999877
21
-86.8510229999999979
0
LINE
8
BLACK
6
CONTINUOUS
10
141.7884819999999877
20
-86.8510229999999979
11
141.571156000000002
21
-86.6584879999999913
0
LINE
8
BLACK
6
CONTINUOUS
10
141.571156000000002
20
-86.6584879999999913
11
141.3322069999999826
21
-86.4935509999999965
0
LINE
8
BLACK
6
CONTINUOUS
10
141.3322069999999826
20
-86.4935509999999965
11
141.0751190000000008
21
-86.3586189999999903
0
LINE
8
BLACK
6
CONTINUOUS
10
141.0751190000000008
20
-86.3586189999999903
11
140.8036419999999964
21
-86.2556589999999943
0
LINE
8
BLACK
6
CONTINUOUS
10
140.8036419999999964
20
-86.2556589999999943
11
140.5217329999999833
21
-86.1861719999999991
0
LINE
8
BLACK
6
CONTINUOUS
10
140.5217329999999833
20
-86.1861719999999991
11
140.2335049999999796
21
-86.1511720000000025
0
LINE
8
BLACK
6
CONTINUOUS
10
140.2335049999999796
20
-86.1511720000000025
11
140.0883319999999799
21
-86.1511699999999934
0
LINE
8
BLACK
6
CONTINUOUS
10
140.0883319999999799
20
-86.1511699999999934
11
131.9906399999999849
21
-86.1511699999999934
0
LINE
8
BLACK
6
CONTINUOUS
10
131.9906399999999849
20
-86.1511699999999934
11
131.990635999999995
21
-86.1511689999999959
0
LINE
8
BLACK
6
CONTINUOUS
10
131.990635999999995
20
-86.1511689999999959
11
131.9906349999999975
21
-86.1511699999999934
0
LINE
8
BLACK
6
CONTINUOUS
10
131.9906349999999975
20
-86.1511699999999934
11
131.9906349999999975
21
-86.1511979999999937
0
LINE
8
BLACK
6
CONTINUOUS
10
131.9906349999999975
20
-86.1511979999999937
11
131.806018999999992
21
-86.1511969999999963
0
LINE
8
BLACK
6
CONTINUOUS
10
131.806018999999992
20
-86.1511969999999963
11
131.4381899999999916
21
-86.1833749999999981
0
LINE
8
BLACK
6
CONTINUOUS
10
131.4381899999999916
20
-86.1833749999999981
11
131.0745660000000044
21
-86.2474879999999899
0
LINE
8
BLACK
6
CONTINUOUS
10
131.0745660000000044
20
-86.2474879999999899
11
130.7179140000000075
21
-86.343049999999991
0
LINE
8
BLACK
6
CONTINUOUS
10
130.7179140000000075
20
-86.343049999999991
11
130.3709479999999985
21
-86.4693329999999918
0
LINE
8
BLACK
6
CONTINUOUS
10
130.3709479999999985
20
-86.4693329999999918
11
130.0363079999999911
21
-86.6253749999999911
0
LINE
8
BLACK
6
CONTINUOUS
10
130.0363079999999911
20
-86.6253749999999911
11
129.7165410000000065
21
-86.8099890000000016
0
LINE
8
BLACK
6
CONTINUOUS
10
129.7165410000000065
20
-86.8099890000000016
11
129.4140820000000076
21
-87.0217699999999894
0
LINE
8
BLACK
6
CONTINUOUS
10
129.4140820000000076
20
-87.0217699999999894
11
129.1312319999999829
21
-87.2591070000000002
0
LINE
8
BLACK
6
CONTINUOUS
10
129.1312319999999829
20
-87.2591070000000002
11
129.0006970000000024
21
-87.3896379999999908
0
LINE
8
BLACK
6
CONTINUOUS
10
129.0006970000000024
20
-87.3896379999999908
11
129.0006899999999916
21
-87.3896469999999965
0
LINE
8
BLACK
6
CONTINUOUS
10
129.0006899999999916
20
-87.3896469999999965
11
128.2197099999999921
21
-88.1706269999999961
0
LINE
8
BLACK
6
CONTINUOUS
10
128.2197099999999921
20
-88.1706269999999961
11
128.2197079999999971
21
-88.170628999999991
0
LINE
8
BLACK
6
CONTINUOUS
10
128.2197079999999971
20
-88.170628999999991
11
128.2197019999999839
21
-88.1706339999999926
0
LINE
8
BLACK
6
CONTINUOUS
10
128.2197019999999839
20
-88.1706339999999926
11
128.2196999999999889
21
-88.1706369999999993
0
LINE
8
BLACK
6
CONTINUOUS
10
128.2196999999999889
20
-88.1706369999999993
11
128.2197259999999801
21
-88.1706640000000021
0
LINE
8
BLACK
6
CONTINUOUS
10
128.2197259999999801
20
-88.1706640000000021
11
128.1356429999999875
21
-88.2547419999999931
0
LINE
8
BLACK
6
CONTINUOUS
10
128.1356429999999875
20
-88.2547419999999931
11
127.9908659999999969
21
-88.4434109999999976
0
LINE
8
BLACK
6
CONTINUOUS
10
127.9908659999999969
20
-88.4434109999999976
11
127.8719539999999881
21
-88.6493639999999914
0
LINE
8
BLACK
6
CONTINUOUS
10
127.8719539999999881
20
-88.6493639999999914
11
127.7809409999999986
21
-88.8690759999999926
0
LINE
8
BLACK
6
CONTINUOUS
10
127.7809409999999986
20
-88.8690759999999926
11
127.7321460000000002
21
-89.051169999999999
0
LINE
8
BLACK
6
CONTINUOUS
10
127.7321460000000002
20
-89.051169999999999
11
128.8383399999999881
21
-89.051169999999999
0
LINE
8
BLACK
6
CONTINUOUS
10
128.8383399999999881
20
-89.051169999999999
11
128.9340109999999981
21
-89.0701999999999998
0
LINE
8
BLACK
6
CONTINUOUS
10
128.9340109999999981
20
-89.0701999999999998
11
129.0151170000000036
21
-89.1243929999999978
0
LINE
8
BLACK
6
CONTINUOUS
10
129.0151170000000036
20
-89.1243929999999978
11
129.0693100000000015
21
-89.205498999999989
0
LINE
8
BLACK
6
CONTINUOUS
10
129.0693100000000015
20
-89.205498999999989
11
129.0883399999999881
21
-89.301169999999999
0
LINE
8
BLACK
6
CONTINUOUS
10
129.0883399999999881
20
-89.301169999999999
11
129.0883399999999881
21
-92.801169999999999
0
LINE
8
BLACK
6
CONTINUOUS
10
129.0883399999999881
20
-92.801169999999999
11
129.0693100000000015
21
-92.8968409999999949
0
LINE
8
BLACK
6
CONTINUOUS
10
129.0693100000000015
20
-92.8968409999999949
11
129.0151170000000036
21
-92.9779470000000003
0
LINE
8
BLACK
6
CONTINUOUS
10
129.0151170000000036
20
-92.9779470000000003
11
128.9340109999999981
21
-93.0321399999999983
0
LINE
8
BLACK
6
CONTINUOUS
10
128.9340109999999981
20
-93.0321399999999983
11
128.8383399999999881
21
-93.051169999999999
0
LINE
8
BLACK
6
CONTINUOUS
10
128.8383399999999881
20
-93.051169999999999
11
125.3383399999999881
21
-93.051169999999999
0
LINE
8
BLACK
6
CONTINUOUS
10
125.3383399999999881
20
-93.051169999999999
11
125.2426689999999923
21
-93.0321399999999983
0
LINE
8
BLACK
6
CONTINUOUS
10
125.2426689999999923
20
-93.0321399999999983
11
125.161563000000001
21
-92.9779470000000003
0
LINE
8
BLACK
6
CONTINUOUS
10
125.161563000000001
20
-92.9779470000000003
11
125.1073699999999889
21
-92.8968409999999949
0
LINE
8
BLACK
6
CONTINUOUS
10
125.1073699999999889
20
-92.8968409999999949
11
125.0883399999999881
21
-92.801169999999999
0
LINE
8
BLACK
6
CONTINUOUS
10
125.0883399999999881
20
-92.801169999999999
11
125.0883399999999881
21
-89.301169999999999
0
LINE
8
BLACK
6
CONTINUOUS
10
125.0883399999999881
20
-89.301169999999999
11
125.1073699999999889
21
-89.205498999999989
0
LINE
8
BLACK
6
CONTINUOUS
10
125.1073699999999889
20
-89.205498999999989
11
125.161563000000001
21
-89.1243929999999978
0
LINE
8
BLACK
6
CONTINUOUS
10
125.161563000000001
20
-89.1243929999999978
11
125.2426689999999923
21
-89.0701999999999998
0
LINE
8
BLACK
6
CONTINUOUS
10
125.2426689999999923
20
-89.0701999999999998
11
125.3267769999999928
21
-89.0534699999999901
0
LINE
8
BLACK
6
CONTINUOUS
10
125.3267769999999928
20
-89.0534699999999901
11
115.9906399999999991
21
-89.0534699999999901
0
LINE
8
BLACK
6
CONTINUOUS
10
115.9906399999999991
20
-89.0534699999999901
11
115.9905490000000015
21
-89.0534639999999911
0
LINE
8
BLACK
6
CONTINUOUS
10
115.9905490000000015
20
-89.0534639999999911
11
115.6952029999999922
21
-89.0389589999999913
0
LINE
8
BLACK
6
CONTINUOUS
10
115.6952029999999922
20
-89.0389589999999913
11
115.40260099999999
21
-88.9955599999999976
0
LINE
8
BLACK
6
CONTINUOUS
10
115.40260099999999
20
-88.9955599999999976
11
115.1156620000000004
21
-88.923688999999996
0
LINE
8
BLACK
6
CONTINUOUS
10
115.1156620000000004
20
-88.923688999999996
11
114.8371489999999966
21
-88.8240380000000016
0
LINE
8
BLACK
6
CONTINUOUS
10
114.8371489999999966
20
-88.8240380000000016
11
114.5697449999999975
21
-88.6975679999999898
0
LINE
8
BLACK
6
CONTINUOUS
10
114.5697449999999975
20
-88.6975679999999898
11
114.3160259999999937
21
-88.5454950000000025
0
LINE
8
BLACK
6
CONTINUOUS
10
114.3160259999999937
20
-88.5454950000000025
11
114.0784340000000014
21
-88.3692860000000024
0
LINE
8
BLACK
6
CONTINUOUS
10
114.0784340000000014
20
-88.3692860000000024
11
113.859257999999997
21
-88.1706369999999993
0
LINE
8
BLACK
6
CONTINUOUS
10
113.859257999999997
20
-88.1706369999999993
11
113.8592680000000001
21
-88.1706269999999961
0
LINE
8
BLACK
6
CONTINUOUS
10
113.8592680000000001
20
-88.1706269999999961
11
113.859263999999996
21
-88.1706219999999945
0
LINE
8
BLACK
6
CONTINUOUS
10
113.859263999999996
20
-88.1706219999999945
11
112.3711819999999904
21
-86.682540000000003
0
LINE
8
BLACK
6
CONTINUOUS
10
112.3711819999999904
20
-86.682540000000003
11
112.371145999999996
21
-86.6824989999999929
0
LINE
8
BLACK
6
CONTINUOUS
10
112.371145999999996
20
-86.6824989999999929
11
112.1725349999999963
21
-86.4633690000000001
0
LINE
8
BLACK
6
CONTINUOUS
10
112.1725349999999963
20
-86.4633690000000001
11
111.9963249999999988
21
-86.2257790000000028
0
LINE
8
BLACK
6
CONTINUOUS
10
111.9963249999999988
20
-86.2257790000000028
11
111.8442529999999948
21
-85.9720609999999965
0
LINE
8
BLACK
6
CONTINUOUS
10
111.8442529999999948
20
-85.9720609999999965
11
111.717780999999988
21
-85.7046579999999949
0
LINE
8
BLACK
6
CONTINUOUS
10
111.717780999999988
20
-85.7046579999999949
11
111.6181299999999936
21
-85.4261470000000003
0
LINE
8
BLACK
6
CONTINUOUS
10
111.6181299999999936
20
-85.4261470000000003
11
111.5462579999999946
21
-85.1392089999999939
0
LINE
8
BLACK
6
CONTINUOUS
10
111.5462579999999946
20
-85.1392089999999939
11
111.5028569999999917
21
-84.8466090000000008
0
LINE
8
BLACK
6
CONTINUOUS
10
111.5028569999999917
20
-84.8466090000000008
11
111.4883650000000017
21
-84.5515559999999908
0
LINE
8
BLACK
6
CONTINUOUS
10
111.4883650000000017
20
-84.5515559999999908
11
111.4883399999999938
21
-84.551169999999999
0
LINE
8
BLACK
6
CONTINUOUS
10
111.4883399999999938
20
-84.551169999999999
11
111.4883399999999938
21
-84.5511630000000025
0
LINE
8
BLACK
6
CONTINUOUS
10
111.4883399999999938
20
-84.5511630000000025
11
111.4883389999999963
21
-84.5511630000000025
0
LINE
8
BLACK
6
CONTINUOUS
10
111.4883389999999963
20
-84.5511630000000025
11
111.4883399999999938
21
-84.5511539999999968
0
LINE
8
BLACK
6
CONTINUOUS
10
111.4883399999999938
20
-84.5511539999999968
11
111.4883399999999938
21
-82.2461699999999922
0
LINE
8
BLACK
6
CONTINUOUS
10
111.4883399999999938
20
-82.2461699999999922
11
111.4883399999999938
21
-82.2461629999999957
0
LINE
8
BLACK
6
CONTINUOUS
10
111.4883399999999938
20
-82.2461629999999957
11
111.5028579999999891
21
-81.9507199999999898
0
LINE
8
BLACK
6
CONTINUOUS
10
111.5028579999999891
20
-81.9507199999999898
11
111.5462629999999962
21
-81.6581230000000033
0
LINE
8
BLACK
6
CONTINUOUS
10
111.5462629999999962
20
-81.6581230000000033
11
111.6181380000000019
21
-81.3711890000000011
0
LINE
8
BLACK
6
CONTINUOUS
10
111.6181380000000019
20
-81.3711890000000011
11
111.7177909999999912
21
-81.0926819999999964
0
LINE
8
BLACK
6
CONTINUOUS
10
111.7177909999999912
20
-81.0926819999999964
11
111.8442620000000005
21
-80.8252839999999964
0
LINE
8
BLACK
6
CONTINUOUS
10
111.8442620000000005
20
-80.8252839999999964
11
111.9963329999999928
21
-80.5715679999999992
0
LINE
8
BLACK
6
CONTINUOUS
10
111.9963329999999928
20
-80.5715679999999992
11
112.1725399999999979
21
-80.3339799999999968
0
LINE
8
BLACK
6
CONTINUOUS
10
112.1725399999999979
20
-80.3339799999999968
11
112.3708449999999885
21
-80.1151819999999901
0
LINE
8
BLACK
6
CONTINUOUS
10
112.3708449999999885
20
-80.1151819999999901
11
112.3711799999999954
21
-80.1148009999999999
0
LINE
8
BLACK
6
CONTINUOUS
10
112.3711799999999954
20
-80.1148009999999999
11
112.3711789999999979
21
-80.1148000000000025
0
LINE
8
BLACK
6
CONTINUOUS
10
112.3711789999999979
20
-80.1148000000000025
11
112.3711879999999894
21
-80.1147919999999942
0
LINE
8
BLACK
6
CONTINUOUS
10
112.3711879999999894
20
-80.1147919999999942
11
112.3817079999999891
21
-80.1042729999999921
0
LINE
8
BLACK
6
CONTINUOUS
10
112.3817079999999891
20
-80.1042729999999921
11
109.9164469999999909
21
-80.1042729999999921
0
LINE
8
BLACK
6
CONTINUOUS
10
109.9164469999999909
20
-80.1042729999999921
11
109.916443000000001
21
-80.1042729999999921
0
LINE
8
BLACK
6
CONTINUOUS
10
109.916443000000001
20
-80.1042729999999921
11
109.9164349999999928
21
-80.1042719999999946
0
LINE
8
BLACK
6
CONTINUOUS
10
109.9164349999999928
20
-80.1042719999999946
11
109.5703219999999902
21
-80.0891649999999942
0
LINE
8
BLACK
6
CONTINUOUS
10
109.5703219999999902
20
-80.0891649999999942
11
109.22683099999999
21
-80.0439470000000028
0
LINE
8
BLACK
6
CONTINUOUS
10
109.22683099999999
20
-80.0439470000000028
11
108.8885879999999986
21
-79.9689630000000022
0
LINE
8
BLACK
6
CONTINUOUS
10
108.8885879999999986
20
-79.9689630000000022
11
108.5581669999999974
21
-79.8647840000000002
0
LINE
8
BLACK
6
CONTINUOUS
10
108.5581669999999974
20
-79.8647840000000002
11
108.2380840000000006
21
-79.7322029999999984
0
LINE
8
BLACK
6
CONTINUOUS
10
108.2380840000000006
20
-79.7322029999999984
11
107.9307739999999995
21
-79.572228999999993
0
LINE
8
BLACK
6
CONTINUOUS
10
107.9307739999999995
20
-79.572228999999993
11
107.638576999999998
21
-79.3860799999999927
0
LINE
8
BLACK
6
CONTINUOUS
10
107.638576999999998
20
-79.3860799999999927
11
107.3637149999999991
21
-79.1751720000000034
0
LINE
8
BLACK
6
CONTINUOUS
10
107.3637149999999991
20
-79.1751720000000034
11
107.1082819999999884
21
-78.9411099999999948
0
LINE
8
BLACK
6
CONTINUOUS
10
107.1082819999999884
20
-78.9411099999999948
11
107.1082929999999891
21
-78.9410989999999941
0
LINE
8
BLACK
6
CONTINUOUS
10
107.1082929999999891
20
-78.9410989999999941
11
107.10828699999999
21
-78.9410910000000001
0
LINE
8
BLACK
6
CONTINUOUS
10
107.10828699999999
20
-78.9410910000000001
11
105.6626849999999962
21
-77.4954889999999921
0
LINE
8
BLACK
6
CONTINUOUS
10
105.6626849999999962
20
-77.4954889999999921
11
105.6355679999999921
21
-77.5067219999999963
0
LINE
8
BLACK
6
CONTINUOUS
10
105.6355679999999921
20
-77.5067219999999963
11
105.4817539999999951
21
-77.5373179999999991
0
LINE
8
BLACK
6
CONTINUOUS
10
105.4817539999999951
20
-77.5373179999999991
11
105.3249259999999907
21
-77.5373179999999991
0
LINE
8
BLACK
6
CONTINUOUS
10
105.3249259999999907
20
-77.5373179999999991
11
105.1711119999999937
21
-77.5067219999999963
0
LINE
8
BLACK
6
CONTINUOUS
10
105.1711119999999937
20
-77.5067219999999963
11
105.0262230000000017
21
-77.4467070000000035
0
LINE
8
BLACK
6
CONTINUOUS
10
105.0262230000000017
20
-77.4467070000000035
11
104.8958250000000021
21
-77.3595779999999991
0
LINE
8
BLACK
6
CONTINUOUS
10
104.8958250000000021
20
-77.3595779999999991
11
104.7849319999999977
21
-77.2486849999999947
0
LINE
8
BLACK
6
CONTINUOUS
10
104.7849319999999977
20
-77.2486849999999947
11
104.6978029999999933
21
-77.1182869999999951
0
LINE
8
BLACK
6
CONTINUOUS
10
104.6978029999999933
20
-77.1182869999999951
11
104.6377880000000005
21
-76.9733980000000031
0
LINE
8
BLACK
6
CONTINUOUS
10
104.6377880000000005
20
-76.9733980000000031
11
104.6071919999999977
21
-76.8195839999999919
0
LINE
8
BLACK
6
CONTINUOUS
10
104.6071919999999977
20
-76.8195839999999919
11
104.6071919999999977
21
-76.6627560000000017
0
LINE
8
BLACK
6
CONTINUOUS
10
104.6071919999999977
20
-76.6627560000000017
11
104.6377880000000005
21
-76.5089419999999905
0
LINE
8
BLACK
6
CONTINUOUS
10
104.6377880000000005
20
-76.5089419999999905
11
104.6978029999999933
21
-76.3640529999999984
0
LINE
8
BLACK
6
CONTINUOUS
10
104.6978029999999933
20
-76.3640529999999984
11
104.7849319999999977
21
-76.2336549999999988
0
LINE
8
BLACK
6
CONTINUOUS
10
104.7849319999999977
20
-76.2336549999999988
11
104.8958250000000021
21
-76.1227619999999945
0
LINE
8
BLACK
6
CONTINUOUS
10
104.8958250000000021
20
-76.1227619999999945
11
105.0262230000000017
21
-76.03563299999999
0
LINE
8
BLACK
6
CONTINUOUS
10
105.0262230000000017
20
-76.03563299999999
11
105.1711119999999937
21
-75.9756179999999972
0
LINE
8
BLACK
6
CONTINUOUS
10
105.1711119999999937
20
-75.9756179999999972
11
105.3249259999999907
21
-75.9450219999999945
0
LINE
8
BLACK
6
CONTINUOUS
10
105.3249259999999907
20
-75.9450219999999945
11
105.4817539999999951
21
-75.9450219999999945
0
LINE
8
BLACK
6
CONTINUOUS
10
105.4817539999999951
20
-75.9450219999999945
11
105.6355679999999921
21
-75.9756179999999972
0
LINE
8
BLACK
6
CONTINUOUS
10
105.6355679999999921
20
-75.9756179999999972
11
105.7804569999999984
21
-76.03563299999999
0
LINE
8
BLACK
6
CONTINUOUS
10
105.7804569999999984
20
-76.03563299999999
11
105.910854999999998
21
-76.1227619999999945
0
LINE
8
BLACK
6
CONTINUOUS
10
105.910854999999998
20
-76.1227619999999945
11
106.0217479999999881
21
-76.2336549999999988
0
LINE
8
BLACK
6
CONTINUOUS
10
106.0217479999999881
20
-76.2336549999999988
11
106.1088769999999926
21
-76.3640529999999984
0
LINE
8
BLACK
6
CONTINUOUS
10
106.1088769999999926
20
-76.3640529999999984
11
106.1688919999999996
21
-76.5089419999999905
0
LINE
8
BLACK
6
CONTINUOUS
10
106.1688919999999996
20
-76.5089419999999905
11
106.1994879999999881
21
-76.6627560000000017
0
LINE
8
BLACK
6
CONTINUOUS
10
106.1994879999999881
20
-76.6627560000000017
11
106.1994879999999881
21
-76.8195839999999919
0
LINE
8
BLACK
6
CONTINUOUS
10
106.1994879999999881
20
-76.8195839999999919
11
106.1688919999999996
21
-76.9733980000000031
0
LINE
8
BLACK
6
CONTINUOUS
10
106.1688919999999996
20
-76.9733980000000031
11
106.1576589999999953
21
-77.0005149999999929
0
LINE
8
BLACK
6
CONTINUOUS
10
106.1576589999999953
20
-77.0005149999999929
11
107.6032689999999974
21
-78.446124999999995
0
LINE
8
BLACK
6
CONTINUOUS
10
107.6032689999999974
20
-78.446124999999995
11
107.6034250000000014
21
-78.4463030000000003
0
LINE
8
BLACK
6
CONTINUOUS
10
107.6034250000000014
20
-78.4463030000000003
11
107.7168969999999888
21
-78.5597750000000019
0
LINE
8
BLACK
6
CONTINUOUS
10
107.7168969999999888
20
-78.5597750000000019
11
107.9653579999999948
21
-78.7636820000000029
0
LINE
8
BLACK
6
CONTINUOUS
10
107.9653579999999948
20
-78.7636820000000029
11
108.2326089999999965
21
-78.9422529999999938
0
LINE
8
BLACK
6
CONTINUOUS
10
108.2326089999999965
20
-78.9422529999999938
11
108.5160769999999957
21
-79.0937679999999972
0
LINE
8
BLACK
6
CONTINUOUS
10
108.5160769999999957
20
-79.0937679999999972
11
108.8130309999999952
21
-79.2167689999999993
0
LINE
8
BLACK
6
CONTINUOUS
10
108.8130309999999952
20
-79.2167689999999993
11
109.1206119999999942
21
-79.3100699999999961
0
LINE
8
BLACK
6
CONTINUOUS
10
109.1206119999999942
20
-79.3100699999999961
11
109.4358560000000011
21
-79.3727729999999951
0
LINE
8
BLACK
6
CONTINUOUS
10
109.4358560000000011
20
-79.3727729999999951
11
109.7557289999999881
21
-79.4042749999999984
0
LINE
8
BLACK
6
CONTINUOUS
10
109.7557289999999881
20
-79.4042749999999984
11
109.9164389999999969
21
-79.4042730000000034
0
LINE
8
BLACK
6
CONTINUOUS
10
109.9164389999999969
20
-79.4042730000000034
11
109.9164399999999944
21
-79.4042730000000034
0
LINE
8
BLACK
6
CONTINUOUS
10
109.9164399999999944
20
-79.4042730000000034
11
109.916443000000001
21
-79.4042730000000034
0
LINE
8
BLACK
6
CONTINUOUS
10
109.916443000000001
20
-79.4042730000000034
11
113.0817079999999919
21
-79.4042730000000034
0
LINE
8
BLACK
6
CONTINUOUS
10
113.0817079999999919
20
-79.4042730000000034
11
113.2615759999999909
21
-79.2244049999999902
0
LINE
8
BLACK
6
CONTINUOUS
10
113.2615759999999909
20
-79.2244049999999902
11
113.2615839999999992
21
-79.2243969999999962
0
LINE
8
BLACK
6
CONTINUOUS
10
113.2615839999999992
20
-79.2243969999999962
11
113.7955499999999915
21
-78.6904309999999896
0
LINE
8
BLACK
6
CONTINUOUS
10
113.7955499999999915
20
-78.6904309999999896
11
114.5769629999999921
21
-77.9090169999999915
0
LINE
8
BLACK
6
CONTINUOUS
10
114.5769629999999921
20
-77.9090169999999915
11
115.3050379999999961
21
-77.1809429999999992
0
LINE
8
BLACK
6
CONTINUOUS
10
115.3050379999999961
20
-77.1809429999999992
11
115.3050389999999936
21
-77.1809420000000017
0
LINE
8
BLACK
6
CONTINUOUS
10
115.3050389999999936
20
-77.1809420000000017
11
115.417390999999995
21
-77.0685890000000029
0
LINE
8
BLACK
6
CONTINUOUS
10
115.417390999999995
20
-77.0685890000000029
11
115.4234819999999928
21
-77.0379709999999989
0
LINE
8
BLACK
6
CONTINUOUS
10
115.4234819999999928
20
-77.0379709999999989
11
115.4759949999999975
21
-76.9111919999999998
0
LINE
8
BLACK
6
CONTINUOUS
10
115.4759949999999975
20
-76.9111919999999998
11
115.4933399999999892
21
-76.8852329999999995
0
LINE
8
BLACK
6
CONTINUOUS
10
115.4933399999999892
20
-76.8852329999999995
11
115.4933399999999892
21
-69.7466419999999943
0
LINE
8
BLACK
6
CONTINUOUS
10
115.4933399999999892
20
-69.7466419999999943
11
115.4933399999999892
21
-69.7466359999999952
0
LINE
8
BLACK
6
CONTINUOUS
10
115.4933399999999892
20
-69.7466359999999952
11
115.493315999999993
21
-69.7466359999999952
0
LINE
8
BLACK
6
CONTINUOUS
10
115.493315999999993
20
-69.7466359999999952
11
115.4933169999999905
21
-69.5756179999999915
0
LINE
8
BLACK
6
CONTINUOUS
10
115.4933169999999905
20
-69.5756179999999915
11
115.4597949999999997
21
-69.2352290000000039
0
LINE
8
BLACK
6
CONTINUOUS
10
115.4597949999999997
20
-69.2352290000000039
11
115.3930699999999945
21
-68.8997650000000021
0
LINE
8
BLACK
6
CONTINUOUS
10
115.3930699999999945
20
-68.8997650000000021
11
115.2937849999999997
21
-68.572457
0
LINE
8
BLACK
6
CONTINUOUS
10
115.2937849999999997
20
-68.572457
11
115.1628959999999893
21
-68.2564569999999975
0
LINE
8
BLACK
6
CONTINUOUS
10
115.1628959999999893
20
-68.2564569999999975
11
115.001663999999991
21
-67.9548070000000024
0
LINE
8
BLACK
6
CONTINUOUS
10
115.001663999999991
20
-67.9548070000000024
11
114.811639999999997
21
-67.6704139999999938
0
LINE
8
BLACK
6
CONTINUOUS
10
114.811639999999997
20
-67.6704139999999938
11
114.5946560000000005
21
-67.4060159999999939
0
LINE
8
BLACK
6
CONTINUOUS
10
114.5946560000000005
20
-67.4060159999999939
11
114.4737289999999916
21
-67.2850880000000018
0
LINE
8
BLACK
6
CONTINUOUS
10
114.4737289999999916
20
-67.2850880000000018
11
114.4737250000000017
21
-67.2850830000000002
0
LINE
8
BLACK
6
CONTINUOUS
10
114.4737250000000017
20
-67.2850830000000002
11
114.2293489999999991
21
-67.0407069999999976
0
LINE
8
BLACK
6
CONTINUOUS
10
114.2293489999999991
20
-67.0407069999999976
11
114.1808479999999975
21
-67.0814050000000037
0
LINE
8
BLACK
6
CONTINUOUS
10
114.1808479999999975
20
-67.0814050000000037
11
113.8178219999999925
21
-67.335599000000002
0
LINE
8
BLACK
6
CONTINUOUS
10
113.8178219999999925
20
-67.335599000000002
11
113.4340229999999963
21
-67.557185000000004
0
LINE
8
BLACK
6
CONTINUOUS
10
113.4340229999999963
20
-67.557185000000004
11
113.0323719999999952
21
-67.7444780000000009
0
LINE
8
BLACK
6
CONTINUOUS
10
113.0323719999999952
20
-67.7444780000000009
11
112.6159249999999901
21
-67.8960519999999974
0
LINE
8
BLACK
6
CONTINUOUS
10
112.6159249999999901
20
-67.8960519999999974
11
112.1878529999999898
21
-68.0107539999999915
0
LINE
8
BLACK
6
CONTINUOUS
10
112.1878529999999898
20
-68.0107539999999915
11
111.7514129999999994
21
-68.0877100000000013
0
LINE
8
BLACK
6
CONTINUOUS
10
111.7514129999999994
20
-68.0877100000000013
11
111.4380919999999975
21
-68.115121000000002
0
LINE
8
BLACK
6
CONTINUOUS
10
111.4380919999999975
20
-68.115121000000002
11
111.4383399999999966
21
-68.1188949999999949
0
LINE
8
BLACK
6
CONTINUOUS
10
111.4383399999999966
20
-68.1188949999999949
11
111.4383399999999966
21
-68.5511679999999899
0
LINE
8
BLACK
6
CONTINUOUS
10
111.4383399999999966
20
-68.5511679999999899
11
111.438334999999995
21
-68.5512429999999995
0
LINE
8
BLACK
6
CONTINUOUS
10
111.438334999999995
20
-68.5512429999999995
11
111.4250320000000016
21
-68.8221049999999934
0
LINE
8
BLACK
6
CONTINUOUS
10
111.4250320000000016
20
-68.8221049999999934
11
111.3852329999999995
21
-69.0904379999999918
0
LINE
8
BLACK
6
CONTINUOUS
10
111.3852329999999995
20
-69.0904379999999918
11
111.3193239999999946
21
-69.3535770000000014
0
LINE
8
BLACK
6
CONTINUOUS
10
111.3193239999999946
20
-69.3535770000000014
11
111.2279399999999896
21
-69.608988999999994
0
LINE
8
BLACK
6
CONTINUOUS
10
111.2279399999999896
20
-69.608988999999994
11
111.1119619999999912
21
-69.8542149999999964
0
LINE
8
BLACK
6
CONTINUOUS
10
111.1119619999999912
20
-69.8542149999999964
11
110.9725059999999957
21
-70.0868919999999918
0
LINE
8
BLACK
6
CONTINUOUS
10
110.9725059999999957
20
-70.0868919999999918
11
110.8109149999999943
21
-70.3047789999999964
0
LINE
8
BLACK
6
CONTINUOUS
10
110.8109149999999943
20
-70.3047789999999964
11
110.6287459999999925
21
-70.5057779999999923
0
LINE
8
BLACK
6
CONTINUOUS
10
110.6287459999999925
20
-70.5057779999999923
11
110.6287249999999887
21
-70.5057570000000027
0
LINE
8
BLACK
6
CONTINUOUS
10
110.6287249999999887
20
-70.5057570000000027
11
110.6287229999999937
21
-70.5057580000000002
0
LINE
8
BLACK
6
CONTINUOUS
10
110.6287229999999937
20
-70.5057580000000002
11
110.6287200000000013
21
-70.5057619999999901
0
LINE
8
BLACK
6
CONTINUOUS
10
110.6287200000000013
20
-70.5057619999999901
11
108.0429329999999908
21
-73.091549999999998
0
LINE
8
BLACK
6
CONTINUOUS
10
108.0429329999999908
20
-73.091549999999998
11
108.0428479999999922
21
-73.0916229999999985
0
LINE
8
BLACK
6
CONTINUOUS
10
108.0428479999999922
20
-73.0916229999999985
11
107.8419449999999955
21
-73.2737209999999948
0
LINE
8
BLACK
6
CONTINUOUS
10
107.8419449999999955
20
-73.2737209999999948
11
107.6240629999999925
21
-73.4353210000000018
0
LINE
8
BLACK
6
CONTINUOUS
10
107.6240629999999925
20
-73.4353210000000018
11
107.3913909999999987
21
-73.5747860000000031
0
LINE
8
BLACK
6
CONTINUOUS
10
107.3913909999999987
20
-73.5747860000000031
11
107.1461690000000004
21
-73.6907739999999905
0
LINE
8
BLACK
6
CONTINUOUS
10
107.1461690000000004
20
-73.6907739999999905
11
106.8907589999999885
21
-73.7821670000000012
0
LINE
8
BLACK
6
CONTINUOUS
10
106.8907589999999885
20
-73.7821670000000012
11
106.6276199999999932
21
-73.8480849999999975
0
LINE
8
BLACK
6
CONTINUOUS
10
106.6276199999999932
20
-73.8480849999999975
11
106.3592879999999923
21
-73.8878929999999912
0
LINE
8
BLACK
6
CONTINUOUS
10
106.3592879999999923
20
-73.8878929999999912
11
106.0883460000000014
21
-73.9012079999999969
0
LINE
8
BLACK
6
CONTINUOUS
10
106.0883460000000014
20
-73.9012079999999969
11
106.0883460000000014
21
-73.9011699999999934
0
LINE
8
BLACK
6
CONTINUOUS
10
106.0883460000000014
20
-73.9011699999999934
11
106.0883439999999922
21
-73.9011689999999959
0
LINE
8
BLACK
6
CONTINUOUS
10
106.0883439999999922
20
-73.9011689999999959
11
106.0883399999999881
21
-73.9011699999999934
0
LINE
8
BLACK
6
CONTINUOUS
10
106.0883399999999881
20
-73.9011699999999934
11
103.2083399999999926
21
-73.9011699999999934
0
LINE
8
BLACK
6
CONTINUOUS
10
103.2083399999999926
20
-73.9011699999999934
11
103.2082609999999931
21
-73.9011639999999943
0
LINE
8
BLACK
6
CONTINUOUS
10
103.2082609999999931
20
-73.9011639999999943
11
102.9374040000000008
21
-73.8878629999999958
0
LINE
8
BLACK
6
CONTINUOUS
10
102.9374040000000008
20
-73.8878629999999958
11
102.6690699999999907
21
-73.8480629999999962
0
LINE
8
BLACK
6
CONTINUOUS
10
102.6690699999999907
20
-73.8480629999999962
11
102.4059299999999979
21
-73.7821529999999939
0
LINE
8
BLACK
6
CONTINUOUS
10
102.4059299999999979
20
-73.7821529999999939
11
102.150517999999991
21
-73.6907669999999939
0
LINE
8
BLACK
6
CONTINUOUS
10
102.150517999999991
20
-73.6907669999999939
11
101.9052930000000003
21
-73.5747870000000006
0
LINE
8
BLACK
6
CONTINUOUS
10
101.9052930000000003
20
-73.5747870000000006
11
101.6726170000000025
21
-73.4353279999999984
0
LINE
8
BLACK
6
CONTINUOUS
10
101.6726170000000025
20
-73.4353279999999984
11
101.4547319999999928
21
-73.2737329999999929
0
LINE
8
BLACK
6
CONTINUOUS
10
101.4547319999999928
20
-73.2737329999999929
11
101.2537349999999918
21
-73.0915600000000012
0
LINE
8
BLACK
6
CONTINUOUS
10
101.2537349999999918
20
-73.0915600000000012
11
101.253744999999995
21
-73.091549999999998
0
LINE
8
BLACK
6
CONTINUOUS
10
101.253744999999995
20
-73.091549999999998
11
101.2537419999999884
21
-73.0915459999999939
0
LINE
8
BLACK
6
CONTINUOUS
10
101.2537419999999884
20
-73.0915459999999939
11
100.8879209999999915
21
-72.7257249999999971
0
LINE
8
BLACK
6
CONTINUOUS
10
100.8879209999999915
20
-72.7257249999999971
11
100.7769519999999943
21
-72.7477990000000005
0
LINE
8
BLACK
6
CONTINUOUS
10
100.7769519999999943
20
-72.7477990000000005
11
100.639727999999991
21
-72.7477990000000005
0
LINE
8
BLACK
6
CONTINUOUS
10
100.639727999999991
20
-72.7477990000000005
11
100.5051409999999947
21
-72.7210279999999898
0
LINE
8
BLACK
6
CONTINUOUS
10
100.5051409999999947
20
-72.7210279999999898
11
100.3783619999999956
21
-72.6685149999999993
0
LINE
8
BLACK
6
CONTINUOUS
10
100.3783619999999956
20
-72.6685149999999993
11
100.2642649999999946
21
-72.5922769999999957
0
LINE
8
BLACK
6
CONTINUOUS
10
100.2642649999999946
20
-72.5922769999999957
11
100.167232999999996
21
-72.495244999999997
0
LINE
8
BLACK
6
CONTINUOUS
10
100.167232999999996
20
-72.495244999999997
11
100.0909949999999924
21
-72.381147999999996
0
LINE
8
BLACK
6
CONTINUOUS
10
100.0909949999999924
20
-72.381147999999996
11
100.0384820000000019
21
-72.254368999999997
0
LINE
8
BLACK
6
CONTINUOUS
10
100.0384820000000019
20
-72.254368999999997
11
100.0117109999999911
21
-72.1197820000000007
0
LINE
8
BLACK
6
CONTINUOUS
10
100.0117109999999911
20
-72.1197820000000007
11
100.0117109999999911
21
-71.9825579999999974
0
LINE
8
BLACK
6
CONTINUOUS
10
100.0117109999999911
20
-71.9825579999999974
11
100.0384820000000019
21
-71.8479710000000011
0
LINE
8
BLACK
6
CONTINUOUS
10
100.0384820000000019
20
-71.8479710000000011
11
100.0909949999999924
21
-71.7211920000000021
0
LINE
8
BLACK
6
CONTINUOUS
10
100.0909949999999924
20
-71.7211920000000021
11
100.167232999999996
21
-71.6070950000000011
0
LINE
8
BLACK
6
CONTINUOUS
10
100.167232999999996
20
-71.6070950000000011
11
100.2642649999999946
21
-71.5100630000000024
0
LINE
8
BLACK
6
CONTINUOUS
10
100.2642649999999946
20
-71.5100630000000024
11
100.3783619999999956
21
-71.4338249999999988
0
LINE
8
BLACK
6
CONTINUOUS
10
100.3783619999999956
20
-71.4338249999999988
11
100.5051409999999947
21
-71.3813119999999941
0
LINE
8
BLACK
6
CONTINUOUS
10
100.5051409999999947
20
-71.3813119999999941
11
100.639727999999991
21
-71.3545409999999976
0
LINE
8
BLACK
6
CONTINUOUS
10
100.639727999999991
20
-71.3545409999999976
11
100.7769519999999943
21
-71.3545409999999976
0
LINE
8
BLACK
6
CONTINUOUS
10
100.7769519999999943
20
-71.3545409999999976
11
100.9115389999999906
21
-71.3813119999999941
0
LINE
8
BLACK
6
CONTINUOUS
10
100.9115389999999906
20
-71.3813119999999941
11
101.0383179999999896
21
-71.4338249999999988
0
LINE
8
BLACK
6
CONTINUOUS
10
101.0383179999999896
20
-71.4338249999999988
11
101.1524149999999906
21
-71.5100630000000024
0
LINE
8
BLACK
6
CONTINUOUS
10
101.1524149999999906
20
-71.5100630000000024
11
101.2494469999999893
21
-71.6070950000000011
0
LINE
8
BLACK
6
CONTINUOUS
10
101.2494469999999893
20
-71.6070950000000011
11
101.3256849999999929
21
-71.7211920000000021
0
LINE
8
BLACK
6
CONTINUOUS
10
101.3256849999999929
20
-71.7211920000000021
11
101.3781979999999976
21
-71.8479710000000011
0
LINE
8
BLACK
6
CONTINUOUS
10
101.3781979999999976
20
-71.8479710000000011
11
101.4049689999999941
21
-71.9825579999999974
0
LINE
8
BLACK
6
CONTINUOUS
10
101.4049689999999941
20
-71.9825579999999974
11
101.4049689999999941
21
-72.1197820000000007
0
LINE
8
BLACK
6
CONTINUOUS
10
101.4049689999999941
20
-72.1197820000000007
11
101.3828949999999907
21
-72.2307509999999979
0
LINE
8
BLACK
6
CONTINUOUS
10
101.3828949999999907
20
-72.2307509999999979
11
101.7487169999999992
21
-72.5965729999999922
0
LINE
8
BLACK
6
CONTINUOUS
10
101.7487169999999992
20
-72.5965729999999922
11
101.7487209999999891
21
-72.5965759999999989
0
LINE
8
BLACK
6
CONTINUOUS
10
101.7487209999999891
20
-72.5965759999999989
11
101.7487199999999916
21
-72.5965759999999989
0
LINE
8
BLACK
6
CONTINUOUS
10
101.7487199999999916
20
-72.5965759999999989
11
101.7488619999999884
21
-72.596738000000002
0
LINE
8
BLACK
6
CONTINUOUS
10
101.7488619999999884
20
-72.596738000000002
11
101.8306809999999984
21
-72.6785560000000004
0
LINE
8
BLACK
6
CONTINUOUS
10
101.8306809999999984
20
-72.6785560000000004
11
102.0119469999999922
21
-72.8231109999999973
0
LINE
8
BLACK
6
CONTINUOUS
10
102.0119469999999922
20
-72.8231109999999973
11
102.2082589999999982
21
-72.9464600000000019
0
LINE
8
BLACK
6
CONTINUOUS
10
102.2082589999999982
20
-72.9464600000000019
11
102.4171469999999999
21
-73.0470540000000028
0
LINE
8
BLACK
6
CONTINUOUS
10
102.4171469999999999
20
-73.0470540000000028
11
102.6359849999999909
21
-73.123626999999999
0
LINE
8
BLACK
6
CONTINUOUS
10
102.6359849999999909
20
-73.123626999999999
11
102.8620200000000011
21
-73.1752149999999943
0
LINE
8
BLACK
6
CONTINUOUS
10
102.8620200000000011
20
-73.1752149999999943
11
103.092410000000001
21
-73.2011699999999905
0
LINE
8
BLACK
6
CONTINUOUS
10
103.092410000000001
20
-73.2011699999999905
11
103.2083339999999936
21
-73.201168999999993
0
LINE
8
BLACK
6
CONTINUOUS
10
103.2083339999999936
20
-73.201168999999993
11
103.2083399999999926
21
-73.2011699999999905
0
LINE
8
BLACK
6
CONTINUOUS
10
103.2083399999999926
20
-73.2011699999999905
11
106.0883399999999881
21
-73.2011699999999905
0
LINE
8
BLACK
6
CONTINUOUS
10
106.0883399999999881
20
-73.2011699999999905
11
106.08891899999999
21
-73.2012069999999966
0
LINE
8
BLACK
6
CONTINUOUS
10
106.08891899999999
20
-73.2012069999999966
11
106.2042589999999933
21
-73.2012059999999991
0
LINE
8
BLACK
6
CONTINUOUS
10
106.2042589999999933
20
-73.2012059999999991
11
106.4346499999999907
21
-73.1752429999999947
0
LINE
8
BLACK
6
CONTINUOUS
10
106.4346499999999907
20
-73.1752429999999947
11
106.6606850000000009
21
-73.1236469999999912
0
LINE
8
BLACK
6
CONTINUOUS
10
106.6606850000000009
20
-73.1236469999999912
11
106.8795219999999944
21
-73.0470679999999959
0
LINE
8
BLACK
6
CONTINUOUS
10
106.8795219999999944
20
-73.0470679999999959
11
107.0884080000000012
21
-72.9464679999999959
0
LINE
8
BLACK
6
CONTINUOUS
10
107.0884080000000012
20
-72.9464679999999959
11
107.284717999999998
21
-72.8231119999999947
0
LINE
8
BLACK
6
CONTINUOUS
10
107.284717999999998
20
-72.8231119999999947
11
107.4659819999999968
21
-72.6785529999999937
0
LINE
8
BLACK
6
CONTINUOUS
10
107.4659819999999968
20
-72.6785529999999937
11
107.5479509999999976
21
-72.596580000000003
0
LINE
8
BLACK
6
CONTINUOUS
10
107.5479509999999976
20
-72.596580000000003
11
107.5479519999999951
21
-72.5965810000000005
0
LINE
8
BLACK
6
CONTINUOUS
10
107.5479519999999951
20
-72.5965810000000005
11
107.5479589999999916
21
-72.5965750000000014
0
LINE
8
BLACK
6
CONTINUOUS
10
107.5479589999999916
20
-72.5965750000000014
11
110.1337449999999905
21
-70.0107869999999934
0
LINE
8
BLACK
6
CONTINUOUS
10
110.1337449999999905
20
-70.0107869999999934
11
110.1340939999999904
21
-70.0104800000000012
0
LINE
8
BLACK
6
CONTINUOUS
10
110.1340939999999904
20
-70.0104800000000012
11
110.2157330000000002
21
-69.9288399999999939
0
LINE
8
BLACK
6
CONTINUOUS
10
110.2157330000000002
20
-69.9288399999999939
11
110.3602849999999904
21
-69.7475709999999935
0
LINE
8
BLACK
6
CONTINUOUS
10
110.3602849999999904
20
-69.7475709999999935
11
110.4836329999999975
21
-69.5512559999999951
0
LINE
8
BLACK
6
CONTINUOUS
10
110.4836329999999975
20
-69.5512559999999951
11
110.584226000000001
21
-69.3423659999999984
0
LINE
8
BLACK
6
CONTINUOUS
10
110.584226000000001
20
-69.3423659999999984
11
110.6607969999999881
21
-69.1235259999999982
0
LINE
8
BLACK
6
CONTINUOUS
10
110.6607969999999881
20
-69.1235259999999982
11
110.7123849999999976
21
-68.8974889999999931
0
LINE
8
BLACK
6
CONTINUOUS
10
110.7123849999999976
20
-68.8974889999999931
11
110.7383409999999913
21
-68.6670969999999983
0
LINE
8
BLACK
6
CONTINUOUS
10
110.7383409999999913
20
-68.6670969999999983
11
110.7383389999999963
21
-68.5511729999999915
0
LINE
8
BLACK
6
CONTINUOUS
10
110.7383389999999963
20
-68.5511729999999915
11
110.7383399999999938
21
-68.5511659999999949
0
LINE
8
BLACK
6
CONTINUOUS
10
110.7383399999999938
20
-68.5511659999999949
11
110.7383399999999938
21
-68.1188949999999949
0
LINE
8
BLACK
6
CONTINUOUS
10
110.7383399999999938
20
-68.1188949999999949
11
110.7385869999999954
21
-68.115121000000002
0
LINE
8
BLACK
6
CONTINUOUS
10
110.7385869999999954
20
-68.115121000000002
11
110.425266999999991
21
-68.0877100000000013
0
LINE
8
BLACK
6
CONTINUOUS
10
110.425266999999991
20
-68.0877100000000013
11
109.9888270000000006
21
-68.0107539999999915
0
LINE
8
BLACK
6
CONTINUOUS
10
109.9888270000000006
20
-68.0107539999999915
11
109.5607550000000003
21
-67.8960519999999974
0
LINE
8
BLACK
6
CONTINUOUS
10
109.5607550000000003
20
-67.8960519999999974
11
109.1443079999999952
21
-67.7444780000000009
0
LINE
8
BLACK
6
CONTINUOUS
10
109.1443079999999952
20
-67.7444780000000009
11
108.7426569999999941
21
-67.557185000000004
0
LINE
8
BLACK
6
CONTINUOUS
10
108.7426569999999941
20
-67.557185000000004
11
108.3588579999999979
21
-67.335599000000002
0
LINE
8
BLACK
6
CONTINUOUS
10
108.3588579999999979
20
-67.335599000000002
11
107.9958319999999929
21
-67.0814050000000037
0
LINE
8
BLACK
6
CONTINUOUS
10
107.9958319999999929
20
-67.0814050000000037
11
107.6563419999999951
21
-66.7965389999999957
0
LINE
8
BLACK
6
CONTINUOUS
10
107.6563419999999951
20
-66.7965389999999957
11
107.3429709999999915
21
-66.483167999999992
0
LINE
8
BLACK
6
CONTINUOUS
10
107.3429709999999915
20
-66.483167999999992
11
107.0581049999999976
21
-66.1436779999999942
0
LINE
8
BLACK
6
CONTINUOUS
10
107.0581049999999976
20
-66.1436779999999942
11
106.8039109999999994
21
-65.7806520000000035
0
LINE
8
BLACK
6
CONTINUOUS
10
106.8039109999999994
20
-65.7806520000000035
11
106.5823249999999973
21
-65.396852999999993
0
LINE
8
BLACK
6
CONTINUOUS
10
106.5823249999999973
20
-65.396852999999993
11
106.3950320000000005
21
-64.9952019999999919
0
LINE
8
BLACK
6
CONTINUOUS
10
106.3950320000000005
20
-64.9952019999999919
11
106.2434579999999897
21
-64.578755000000001
0
LINE
8
BLACK
6
CONTINUOUS
10
106.2434579999999897
20
-64.578755000000001
11
106.1287559999999957
21
-64.1506830000000008
0
LINE
8
BLACK
6
CONTINUOUS
10
106.1287559999999957
20
-64.1506830000000008
11
106.0518000000000001
21
-63.7142429999999962
0
LINE
8
BLACK
6
CONTINUOUS
10
106.0518000000000001
20
-63.7142429999999962
11
106.0131749999999897
21
-63.272755999999994
0
LINE
8
BLACK
6
CONTINUOUS
10
106.0131749999999897
20
-63.272755999999994
11
106.0131749999999897
21
-62.829583999999997
0
LINE
8
BLACK
6
CONTINUOUS
10
106.0131749999999897
20
-62.829583999999997
11
106.0518000000000001
21
-62.3880969999999948
0
LINE
8
BLACK
6
CONTINUOUS
10
106.0518000000000001
20
-62.3880969999999948
11
106.1287559999999957
21
-61.9516569999999973
0
LINE
8
BLACK
6
CONTINUOUS
10
106.1287559999999957
20
-61.9516569999999973
11
106.2434579999999897
21
-61.5235849999999971
0
LINE
8
BLACK
6
CONTINUOUS
10
106.2434579999999897
20
-61.5235849999999971
11
106.3950320000000005
21
-61.1071379999999991
0
LINE
8
BLACK
6
CONTINUOUS
10
106.3950320000000005
20
-61.1071379999999991
11
106.5823249999999973
21
-60.705486999999998
0
LINE
8
BLACK
6
CONTINUOUS
10
106.5823249999999973
20
-60.705486999999998
11
106.8039109999999994
21
-60.3216879999999946
0
LINE
8
BLACK
6
CONTINUOUS
10
106.8039109999999994
20
-60.3216879999999946
11
107.0581049999999976
21
-59.9586619999999968
0
LINE
8
BLACK
6
CONTINUOUS
10
107.0581049999999976
20
-59.9586619999999968
11
107.3429709999999915
21
-59.6191719999999989
0
LINE
8
BLACK
6
CONTINUOUS
10
107.3429709999999915
20
-59.6191719999999989
11
107.6563419999999951
21
-59.3058009999999953
0
LINE
8
BLACK
6
CONTINUOUS
10
107.6563419999999951
20
-59.3058009999999953
11
107.9958319999999929
21
-59.0209349999999944
0
LINE
8
BLACK
6
CONTINUOUS
10
107.9958319999999929
20
-59.0209349999999944
11
108.3588579999999979
21
-58.7667409999999961
0
LINE
8
BLACK
6
CONTINUOUS
10
108.3588579999999979
20
-58.7667409999999961
11
108.7426569999999941
21
-58.5451549999999941
0
LINE
8
BLACK
6
CONTINUOUS
10
108.7426569999999941
20
-58.5451549999999941
11
109.1443079999999952
21
-58.3578619999999972
0
LINE
8
BLACK
6
CONTINUOUS
10
109.1443079999999952
20
-58.3578619999999972
11
109.5607550000000003
21
-58.2062880000000007
0
LINE
8
BLACK
6
CONTINUOUS
10
109.5607550000000003
20
-58.2062880000000007
11
109.9888270000000006
21
-58.0915859999999995
0
LINE
8
BLACK
6
CONTINUOUS
10
109.9888270000000006
20
-58.0915859999999995
11
110.425266999999991
21
-58.0146299999999968
0
LINE
8
BLACK
6
CONTINUOUS
10
110.425266999999991
20
-58.0146299999999968
11
110.8667540000000002
21
-57.9760050000000007
0
LINE
8
BLACK
6
CONTINUOUS
10
110.8667540000000002
20
-57.9760050000000007
11
111.3099259999999902
21
-57.9760050000000007
0
LINE
8
BLACK
6
CONTINUOUS
10
111.3099259999999902
20
-57.9760050000000007
11
111.7514129999999994
21
-58.0146299999999968
0
LINE
8
BLACK
6
CONTINUOUS
10
111.7514129999999994
20
-58.0146299999999968
11
112.1878529999999898
21
-58.0915859999999995
0
LINE
8
BLACK
6
CONTINUOUS
10
112.1878529999999898
20
-58.0915859999999995
11
112.6159249999999901
21
-58.2062880000000007
0
LINE
8
BLACK
6
CONTINUOUS
10
112.6159249999999901
20
-58.2062880000000007
11
113.0323719999999952
21
-58.3578619999999972
0
LINE
8
BLACK
6
CONTINUOUS
10
113.0323719999999952
20
-58.3578619999999972
11
113.4340229999999963
21
-58.5451549999999941
0
LINE
8
BLACK
6
CONTINUOUS
10
113.4340229999999963
20
-58.5451549999999941
11
113.8178219999999925
21
-58.7667409999999961
0
LINE
8
BLACK
6
CONTINUOUS
10
113.8178219999999925
20
-58.7667409999999961
11
114.1808479999999975
21
-59.0209349999999944
0
LINE
8
BLACK
6
CONTINUOUS
10
114.1808479999999975
20
-59.0209349999999944
11
114.5203379999999953
21
-59.3058009999999953
0
LINE
8
BLACK
6
CONTINUOUS
10
114.5203379999999953
20
-59.3058009999999953
11
114.8337089999999989
21
-59.6191719999999989
0
LINE
8
BLACK
6
CONTINUOUS
10
114.8337089999999989
20
-59.6191719999999989
11
114.9211509999999947
21
-59.7233809999999963
0
LINE
8
BLACK
6
CONTINUOUS
10
114.9211509999999947
20
-59.7233809999999963
11
115.7195239999999927
21
-58.9250079999999983
0
LINE
8
BLACK
6
CONTINUOUS
10
115.7195239999999927
20
-58.9250079999999983
11
115.7195299999999918
21
-58.9250009999999946
0
LINE
8
BLACK
6
CONTINUOUS
10
115.7195299999999918
20
-58.9250009999999946
11
115.7195309999999893
21
-58.9250009999999946
0
LINE
8
BLACK
6
CONTINUOUS
10
115.7195309999999893
20
-58.9250009999999946
11
116.0821629999999942
21
-58.5853609999999989
0
LINE
8
BLACK
6
CONTINUOUS
10
116.0821629999999942
20
-58.5853609999999989
11
116.4662329999999884
21
-58.2701649999999987
0
LINE
8
BLACK
6
CONTINUOUS
10
116.4662329999999884
20
-58.2701649999999987
11
116.8700949999999921
21
-57.9807640000000006
0
LINE
8
BLACK
6
CONTINUOUS
10
116.8700949999999921
20
-57.9807640000000006
11
117.2920199999999937
21
-57.7183959999999985
0
LINE
8
BLACK
6
CONTINUOUS
10
117.2920199999999937
20
-57.7183959999999985
11
117.7302019999999914
21
-57.4841849999999965
0
LINE
8
BLACK
6
CONTINUOUS
10
117.7302019999999914
20
-57.4841849999999965
11
118.1827639999999917
21
-57.2791339999999991
0
LINE
8
BLACK
6
CONTINUOUS
10
118.1827639999999917
20
-57.2791339999999991
11
118.6477669999999875
21
-57.1041209999999992
0
LINE
8
BLACK
6
CONTINUOUS
10
118.6477669999999875
20
-57.1041209999999992
11
119.1232219999999984
21
-56.9598960000000005
0
LINE
8
BLACK
6
CONTINUOUS
10
119.1232219999999984
20
-56.9598960000000005
11
119.6070909999999969
21
-56.8470759999999942
0
LINE
8
BLACK
6
CONTINUOUS
10
119.6070909999999969
20
-56.8470759999999942
11
120.0973029999999966
21
-56.766143999999997
0
LINE
8
BLACK
6
CONTINUOUS
10
120.0973029999999966
20
-56.766143999999997
11
120.5917589999999961
21
-56.7174469999999999
0
LINE
8
BLACK
6
CONTINUOUS
10
120.5917589999999961
20
-56.7174469999999999
11
121.0876349999999917
21
-56.7012159999999952
0
LINE
8
BLACK
6
CONTINUOUS
10
121.0876349999999917
20
-56.7012159999999952
11
121.0883389999999906
21
-56.7011699999999976
0
LINE
8
BLACK
6
CONTINUOUS
10
121.0883389999999906
20
-56.7011699999999976
11
131.0276790000000062
21
-56.7011699999999976
0
LINE
8
BLACK
6
CONTINUOUS
10
131.0276790000000062
20
-56.7011699999999976
11
131.027686999999986
21
-56.7011699999999976
0
LINE
8
BLACK
6
CONTINUOUS
10
126.3837929999999972
20
-89.0389619999999979
11
126.1353759999999937
21
-89.051169999999999
0
LINE
8
BLACK
6
CONTINUOUS
10
126.1353759999999937
20
-89.051169999999999
11
126.5187090000000012
21
-89.051169999999999
0
LINE
8
BLACK
6
CONTINUOUS
10
126.5187090000000012
20
-89.051169999999999
11
126.5235959999999977
21
-89.0182219999999944
0
LINE
8
BLACK
6
CONTINUOUS
10
126.5235959999999977
20
-89.0182219999999944
11
126.3837929999999972
21
-89.0389619999999979
0
LINE
8
BLACK
6
CONTINUOUS
10
105.6355679999999921
20
-83.5956180000000018
11
105.7804569999999984
21
-83.6556329999999946
0
LINE
8
BLACK
6
CONTINUOUS
10
105.7804569999999984
20
-83.6556329999999946
11
105.910854999999998
21
-83.742761999999999
0
LINE
8
BLACK
6
CONTINUOUS
10
105.910854999999998
20
-83.742761999999999
11
106.0217479999999881
21
-83.8536549999999892
0
LINE
8
BLACK
6
CONTINUOUS
10
106.0217479999999881
20
-83.8536549999999892
11
106.1088769999999926
21
-83.984053000000003
0
LINE
8
BLACK
6
CONTINUOUS
10
106.1088769999999926
20
-83.984053000000003
11
106.1688919999999996
21
-84.128941999999995
0
LINE
8
BLACK
6
CONTINUOUS
10
106.1688919999999996
20
-84.128941999999995
11
106.1994879999999881
21
-84.282755999999992
0
LINE
8
BLACK
6
CONTINUOUS
10
106.1994879999999881
20
-84.282755999999992
11
106.1994879999999881
21
-84.4395839999999964
0
LINE
8
BLACK
6
CONTINUOUS
10
106.1994879999999881
20
-84.4395839999999964
11
106.1688919999999996
21
-84.5933979999999934
0
LINE
8
BLACK
6
CONTINUOUS
10
106.1688919999999996
20
-84.5933979999999934
11
106.1088769999999926
21
-84.7382869999999997
0
LINE
8
BLACK
6
CONTINUOUS
10
106.1088769999999926
20
-84.7382869999999997
11
106.0217479999999881
21
-84.8686849999999993
0
LINE
8
BLACK
6
CONTINUOUS
10
106.0217479999999881
20
-84.8686849999999993
11
105.910854999999998
21
-84.9795779999999894
0
LINE
8
BLACK
6
CONTINUOUS
10
105.910854999999998
20
-84.9795779999999894
11
105.7804569999999984
21
-85.0667069999999939
0
LINE
8
BLACK
6
CONTINUOUS
10
105.7804569999999984
20
-85.0667069999999939
11
105.6355679999999921
21
-85.1267220000000009
0
LINE
8
BLACK
6
CONTINUOUS
10
105.6355679999999921
20
-85.1267220000000009
11
105.4817539999999951
21
-85.1573179999999894
0
LINE
8
BLACK
6
CONTINUOUS
10
105.4817539999999951
20
-85.1573179999999894
11
105.3249259999999907
21
-85.1573179999999894
0
LINE
8
BLACK
6
CONTINUOUS
10
105.3249259999999907
20
-85.1573179999999894
11
105.1711119999999937
21
-85.1267220000000009
0
LINE
8
BLACK
6
CONTINUOUS
10
105.1711119999999937
20
-85.1267220000000009
11
105.1458469999999892
21
-85.1162569999999903
0
LINE
8
BLACK
6
CONTINUOUS
10
105.1458469999999892
20
-85.1162569999999903
11
105.0114249999999885
21
-85.2848109999999906
0
LINE
8
BLACK
6
CONTINUOUS
10
105.0114249999999885
20
-85.2848109999999906
11
104.888071999999994
21
-85.4811169999999976
0
LINE
8
BLACK
6
CONTINUOUS
10
104.888071999999994
20
-85.4811169999999976
11
104.7874739999999889
21
-85.6899999999999977
0
LINE
8
BLACK
6
CONTINUOUS
10
104.7874739999999889
20
-85.6899999999999977
11
104.7108969999999886
21
-85.9088339999999988
0
LINE
8
BLACK
6
CONTINUOUS
10
104.7108969999999886
20
-85.9088339999999988
11
104.6593029999999942
21
-86.1348649999999907
0
LINE
8
BLACK
6
CONTINUOUS
10
104.6593029999999942
20
-86.1348649999999907
11
104.6333410000000015
21
-86.3652519999999981
0
LINE
8
BLACK
6
CONTINUOUS
10
104.6333410000000015
20
-86.3652519999999981
11
104.6333389999999923
21
-86.4811539999999894
0
LINE
8
BLACK
6
CONTINUOUS
10
104.6333389999999923
20
-86.4811539999999894
11
104.6333399999999898
21
-86.4811699999999917
0
LINE
8
BLACK
6
CONTINUOUS
10
104.6333399999999898
20
-86.4811699999999917
11
104.6333399999999898
21
-90.0244
0
LINE
8
BLACK
6
CONTINUOUS
10
104.6333399999999898
20
-90.0244
11
104.6604569999999939
21
-90.03563299999999
0
LINE
8
BLACK
6
CONTINUOUS
10
104.6604569999999939
20
-90.03563299999999
11
104.7908549999999934
21
-90.1227619999999945
0
LINE
8
BLACK
6
CONTINUOUS
10
104.7908549999999934
20
-90.1227619999999945
11
104.9017479999999978
21
-90.2336549999999988
0
LINE
8
BLACK
6
CONTINUOUS
10
104.9017479999999978
20
-90.2336549999999988
11
104.9888770000000022
21
-90.3640529999999984
0
LINE
8
BLACK
6
CONTINUOUS
10
104.9888770000000022
20
-90.3640529999999984
11
105.0488919999999951
21
-90.5089419999999905
0
LINE
8
BLACK
6
CONTINUOUS
10
105.0488919999999951
20
-90.5089419999999905
11
105.0794879999999978
21
-90.6627560000000017
0
LINE
8
BLACK
6
CONTINUOUS
10
105.0794879999999978
20
-90.6627560000000017
11
105.0794879999999978
21
-90.8195839999999919
0
LINE
8
BLACK
6
CONTINUOUS
10
105.0794879999999978
20
-90.8195839999999919
11
105.0488919999999951
21
-90.9733979999999889
0
LINE
8
BLACK
6
CONTINUOUS
10
105.0488919999999951
20
-90.9733979999999889
11
104.9888770000000022
21
-91.1182869999999951
0
LINE
8
BLACK
6
CONTINUOUS
10
104.9888770000000022
20
-91.1182869999999951
11
104.9017479999999978
21
-91.2486849999999947
0
LINE
8
BLACK
6
CONTINUOUS
10
104.9017479999999978
20
-91.2486849999999947
11
104.7908549999999934
21
-91.3595779999999991
0
LINE
8
BLACK
6
CONTINUOUS
10
104.7908549999999934
20
-91.3595779999999991
11
104.6604569999999939
21
-91.4467069999999893
0
LINE
8
BLACK
6
CONTINUOUS
10
104.6604569999999939
20
-91.4467069999999893
11
104.5155680000000018
21
-91.5067219999999963
0
LINE
8
BLACK
6
CONTINUOUS
10
104.5155680000000018
20
-91.5067219999999963
11
104.3617539999999906
21
-91.5373179999999991
0
LINE
8
BLACK
6
CONTINUOUS
10
104.3617539999999906
20
-91.5373179999999991
11
104.2049260000000004
21
-91.5373179999999991
0
LINE
8
BLACK
6
CONTINUOUS
10
104.2049260000000004
20
-91.5373179999999991
11
104.0511119999999892
21
-91.5067219999999963
0
LINE
8
BLACK
6
CONTINUOUS
10
104.0511119999999892
20
-91.5067219999999963
11
103.9062229999999971
21
-91.4467069999999893
0
LINE
8
BLACK
6
CONTINUOUS
10
103.9062229999999971
20
-91.4467069999999893
11
103.7758249999999975
21
-91.3595779999999991
0
LINE
8
BLACK
6
CONTINUOUS
10
103.7758249999999975
20
-91.3595779999999991
11
103.6649319999999932
21
-91.2486849999999947
0
LINE
8
BLACK
6
CONTINUOUS
10
103.6649319999999932
20
-91.2486849999999947
11
103.5778029999999887
21
-91.1182869999999951
0
LINE
8
BLACK
6
CONTINUOUS
10
103.5778029999999887
20
-91.1182869999999951
11
103.5177879999999959
21
-90.9733979999999889
0
LINE
8
BLACK
6
CONTINUOUS
10
103.5177879999999959
20
-90.9733979999999889
11
103.4871919999999932
21
-90.8195839999999919
0
LINE
8
BLACK
6
CONTINUOUS
10
103.4871919999999932
20
-90.8195839999999919
11
103.4871919999999932
21
-90.6627560000000017
0
LINE
8
BLACK
6
CONTINUOUS
10
103.4871919999999932
20
-90.6627560000000017
11
103.5177879999999959
21
-90.5089419999999905
0
LINE
8
BLACK
6
CONTINUOUS
10
103.5177879999999959
20
-90.5089419999999905
11
103.5778029999999887
21
-90.3640529999999984
0
LINE
8
BLACK
6
CONTINUOUS
10
103.5778029999999887
20
-90.3640529999999984
11
103.6649319999999932
21
-90.2336549999999988
0
LINE
8
BLACK
6
CONTINUOUS
10
103.6649319999999932
20
-90.2336549999999988
11
103.7758249999999975
21
-90.1227619999999945
0
LINE
8
BLACK
6
CONTINUOUS
10
103.7758249999999975
20
-90.1227619999999945
11
103.9062229999999971
21
-90.03563299999999
0
LINE
8
BLACK
6
CONTINUOUS
10
103.9062229999999971
20
-90.03563299999999
11
103.9333400000000012
21
-90.0244
0
LINE
8
BLACK
6
CONTINUOUS
10
103.9333400000000012
20
-90.0244
11
103.9333400000000012
21
-86.4811699999999917
0
LINE
8
BLACK
6
CONTINUOUS
10
103.9333400000000012
20
-86.4811699999999917
11
103.9333389999999895
21
-86.4811660000000018
0
LINE
8
BLACK
6
CONTINUOUS
10
103.9333389999999895
20
-86.4811660000000018
11
103.9466529999999977
21
-86.2102269999999891
0
LINE
8
BLACK
6
CONTINUOUS
10
103.9466529999999977
20
-86.2102269999999891
11
103.9864599999999939
21
-85.9418969999999973
0
LINE
8
BLACK
6
CONTINUOUS
10
103.9864599999999939
20
-85.9418969999999973
11
104.0523759999999953
21
-85.6787619999999919
0
LINE
8
BLACK
6
CONTINUOUS
10
104.0523759999999953
20
-85.6787619999999919
11
104.1437679999999943
21
-85.4233539999999891
0
LINE
8
BLACK
6
CONTINUOUS
10
104.1437679999999943
20
-85.4233539999999891
11
104.2597540000000009
21
-85.1781349999999975
0
LINE
8
BLACK
6
CONTINUOUS
10
104.2597540000000009
20
-85.1781349999999975
11
104.399216999999993
21
-84.9454649999999987
0
LINE
8
BLACK
6
CONTINUOUS
10
104.399216999999993
20
-84.9454649999999987
11
104.560814999999991
21
-84.7275860000000023
0
LINE
8
BLACK
6
CONTINUOUS
10
104.560814999999991
20
-84.7275860000000023
11
104.6517929999999978
21
-84.6272099999999909
0
LINE
8
BLACK
6
CONTINUOUS
10
104.6517929999999978
20
-84.6272099999999909
11
104.6377880000000005
21
-84.5933979999999934
0
LINE
8
BLACK
6
CONTINUOUS
10
104.6377880000000005
20
-84.5933979999999934
11
104.6071919999999977
21
-84.4395839999999964
0
LINE
8
BLACK
6
CONTINUOUS
10
104.6071919999999977
20
-84.4395839999999964
11
104.6071919999999977
21
-84.282755999999992
0
LINE
8
BLACK
6
CONTINUOUS
10
104.6071919999999977
20
-84.282755999999992
11
104.6377880000000005
21
-84.128941999999995
0
LINE
8
BLACK
6
CONTINUOUS
10
104.6377880000000005
20
-84.128941999999995
11
104.6978029999999933
21
-83.984053000000003
0
LINE
8
BLACK
6
CONTINUOUS
10
104.6978029999999933
20
-83.984053000000003
11
104.7849319999999977
21
-83.8536549999999892
0
LINE
8
BLACK
6
CONTINUOUS
10
104.7849319999999977
20
-83.8536549999999892
11
104.8958250000000021
21
-83.742761999999999
0
LINE
8
BLACK
6
CONTINUOUS
10
104.8958250000000021
20
-83.742761999999999
11
105.0262230000000017
21
-83.6556329999999946
0
LINE
8
BLACK
6
CONTINUOUS
10
105.0262230000000017
20
-83.6556329999999946
11
105.1711119999999937
21
-83.5956180000000018
0
LINE
8
BLACK
6
CONTINUOUS
10
105.1711119999999937
20
-83.5956180000000018
11
105.3249259999999907
21
-83.565021999999999
0
LINE
8
BLACK
6
CONTINUOUS
10
105.3249259999999907
20
-83.565021999999999
11
105.4817539999999951
21
-83.565021999999999
0
LINE
8
BLACK
6
CONTINUOUS
10
105.4817539999999951
20
-83.565021999999999
11
105.6355679999999921
21
-83.5956180000000018
0
LINE
8
BLACK
6
CONTINUOUS
10
105.6355679999999921
20
-78.5156180000000035
11
105.7804569999999984
21
-78.5756329999999963
0
LINE
8
BLACK
6
CONTINUOUS
10
105.7804569999999984
20
-78.5756329999999963
11
105.910854999999998
21
-78.6627620000000007
0
LINE
8
BLACK
6
CONTINUOUS
10
105.910854999999998
20
-78.6627620000000007
11
106.0217479999999881
21
-78.7736549999999909
0
LINE
8
BLACK
6
CONTINUOUS
10
106.0217479999999881
20
-78.7736549999999909
11
106.1088769999999926
21
-78.9040529999999904
0
LINE
8
BLACK
6
CONTINUOUS
10
106.1088769999999926
20
-78.9040529999999904
11
106.1688919999999996
21
-79.0489419999999967
0
LINE
8
BLACK
6
CONTINUOUS
10
106.1688919999999996
20
-79.0489419999999967
11
106.1994879999999881
21
-79.2027559999999937
0
LINE
8
BLACK
6
CONTINUOUS
10
106.1994879999999881
20
-79.2027559999999937
11
106.1994879999999881
21
-79.3595839999999981
0
LINE
8
BLACK
6
CONTINUOUS
10
106.1994879999999881
20
-79.3595839999999981
11
106.1688919999999996
21
-79.5133979999999951
0
LINE
8
BLACK
6
CONTINUOUS
10
106.1688919999999996
20
-79.5133979999999951
11
106.1088769999999926
21
-79.6582870000000014
0
LINE
8
BLACK
6
CONTINUOUS
10
106.1088769999999926
20
-79.6582870000000014
11
106.0217479999999881
21
-79.788685000000001
0
LINE
8
BLACK
6
CONTINUOUS
10
106.0217479999999881
20
-79.788685000000001
11
105.910854999999998
21
-79.8995779999999911
0
LINE
8
BLACK
6
CONTINUOUS
10
105.910854999999998
20
-79.8995779999999911
11
105.7804569999999984
21
-79.9867069999999956
0
LINE
8
BLACK
6
CONTINUOUS
10
105.7804569999999984
20
-79.9867069999999956
11
105.7533399999999943
21
-79.9979390000000024
0
LINE
8
BLACK
6
CONTINUOUS
10
105.7533399999999943
20
-79.9979390000000024
11
105.7533399999999943
21
-80.8761700000000019
0
LINE
8
BLACK
6
CONTINUOUS
10
105.7533399999999943
20
-80.8761700000000019
11
105.7533399999999943
21
-81.1043999999999983
0
LINE
8
BLACK
6
CONTINUOUS
10
105.7533399999999943
20
-81.1043999999999983
11
105.7804569999999984
21
-81.1156330000000025
0
LINE
8
BLACK
6
CONTINUOUS
10
105.7804569999999984
20
-81.1156330000000025
11
105.910854999999998
21
-81.2027619999999928
0
LINE
8
BLACK
6
CONTINUOUS
10
105.910854999999998
20
-81.2027619999999928
11
106.0217479999999881
21
-81.3136549999999971
0
LINE
8
BLACK
6
CONTINUOUS
10
106.0217479999999881
20
-81.3136549999999971
11
106.1088769999999926
21
-81.4440529999999967
0
LINE
8
BLACK
6
CONTINUOUS
10
106.1088769999999926
20
-81.4440529999999967
11
106.1214959999999934
21
-81.4745180000000033
0
LINE
8
BLACK
6
CONTINUOUS
10
106.1214959999999934
20
-81.4745180000000033
11
106.3242839999999916
21
-81.4844839999999948
0
LINE
8
BLACK
6
CONTINUOUS
10
106.3242839999999916
20
-81.4844839999999948
11
106.5926130000000001
21
-81.5242899999999935
0
LINE
8
BLACK
6
CONTINUOUS
10
106.5926130000000001
20
-81.5242899999999935
11
106.8557479999999913
21
-81.5902059999999949
0
LINE
8
BLACK
6
CONTINUOUS
10
106.8557479999999913
20
-81.5902059999999949
11
107.1111549999999966
21
-81.681595999999999
0
LINE
8
BLACK
6
CONTINUOUS
10
107.1111549999999966
20
-81.681595999999999
11
107.3563739999999882
21
-81.7975789999999989
0
LINE
8
BLACK
6
CONTINUOUS
10
107.3563739999999882
20
-81.7975789999999989
11
107.5890449999999987
21
-81.9370399999999961
0
LINE
8
BLACK
6
CONTINUOUS
10
107.5890449999999987
20
-81.9370399999999961
11
107.80692599999999
21
-82.0986339999999899
0
LINE
8
BLACK
6
CONTINUOUS
10
107.80692599999999
20
-82.0986339999999899
11
108.0069209999999913
21
-82.2799009999999953
0
LINE
8
BLACK
6
CONTINUOUS
10
108.0069209999999913
20
-82.2799009999999953
11
108.0079329999999942
21
-82.2807889999999986
0
LINE
8
BLACK
6
CONTINUOUS
10
108.0079329999999942
20
-82.2807889999999986
11
108.0079339999999917
21
-82.2807899999999961
0
LINE
8
BLACK
6
CONTINUOUS
10
108.0079339999999917
20
-82.2807899999999961
11
108.0079349999999891
21
-82.2807899999999961
0
LINE
8
BLACK
6
CONTINUOUS
10
108.0079349999999891
20
-82.2807899999999961
11
108.0079369999999983
21
-82.2807930000000027
0
LINE
8
BLACK
6
CONTINUOUS
10
108.0079369999999983
20
-82.2807930000000027
11
108.7937589999999943
21
-83.0666140000000013
0
LINE
8
BLACK
6
CONTINUOUS
10
108.7937589999999943
20
-83.0666140000000013
11
108.9047279999999915
21
-83.0445409999999953
0
LINE
8
BLACK
6
CONTINUOUS
10
108.9047279999999915
20
-83.0445409999999953
11
109.0419519999999949
21
-83.0445409999999953
0
LINE
8
BLACK
6
CONTINUOUS
10
109.0419519999999949
20
-83.0445409999999953
11
109.1765389999999911
21
-83.0713119999999918
0
LINE
8
BLACK
6
CONTINUOUS
10
109.1765389999999911
20
-83.0713119999999918
11
109.3033179999999902
21
-83.1238249999999965
0
LINE
8
BLACK
6
CONTINUOUS
10
109.3033179999999902
20
-83.1238249999999965
11
109.4174149999999912
21
-83.2000630000000001
0
LINE
8
BLACK
6
CONTINUOUS
10
109.4174149999999912
20
-83.2000630000000001
11
109.5144469999999899
21
-83.2970949999999988
0
LINE
8
BLACK
6
CONTINUOUS
10
109.5144469999999899
20
-83.2970949999999988
11
109.5906849999999935
21
-83.4111919999999998
0
LINE
8
BLACK
6
CONTINUOUS
10
109.5906849999999935
20
-83.4111919999999998
11
109.6431979999999982
21
-83.5379709999999989
0
LINE
8
BLACK
6
CONTINUOUS
10
109.6431979999999982
20
-83.5379709999999989
11
109.6699689999999947
21
-83.6725579999999951
0
LINE
8
BLACK
6
CONTINUOUS
10
109.6699689999999947
20
-83.6725579999999951
11
109.6699689999999947
21
-83.8097819999999984
0
LINE
8
BLACK
6
CONTINUOUS
10
109.6699689999999947
20
-83.8097819999999984
11
109.6473939999999914
21
-83.9232739999999922
0
LINE
8
BLACK
6
CONTINUOUS
10
109.6473939999999914
20
-83.9232739999999922
11
109.656013999999999
21
-83.9331030000000027
0
LINE
8
BLACK
6
CONTINUOUS
10
109.656013999999999
20
-83.9331030000000027
11
109.6560149999999965
21
-83.9331049999999976
0
LINE
8
BLACK
6
CONTINUOUS
10
109.6560149999999965
20
-83.9331049999999976
11
109.7752720000000011
21
-84.0690929999999952
0
LINE
8
BLACK
6
CONTINUOUS
10
109.7752720000000011
20
-84.0690929999999952
11
109.9011929999999921
21
-84.2575519999999898
0
LINE
8
BLACK
6
CONTINUOUS
10
109.9011929999999921
20
-84.2575519999999898
11
110.0014379999999932
21
-84.4608339999999913
0
LINE
8
BLACK
6
CONTINUOUS
10
110.0014379999999932
20
-84.4608339999999913
11
110.0742909999999881
21
-84.6754609999999985
0
LINE
8
BLACK
6
CONTINUOUS
10
110.0742909999999881
20
-84.6754609999999985
11
110.1185059999999964
21
-84.8977620000000002
0
LINE
8
BLACK
6
CONTINUOUS
10
110.1185059999999964
20
-84.8977620000000002
11
110.1303269999999941
21
-85.0781729999999925
0
LINE
8
BLACK
6
CONTINUOUS
10
110.1303269999999941
20
-85.0781729999999925
11
110.1303459999999887
21
-85.078242000000003
0
LINE
8
BLACK
6
CONTINUOUS
10
110.1303459999999887
20
-85.078242000000003
11
110.1333399999999898
21
-85.1239259999999973
0
LINE
8
BLACK
6
CONTINUOUS
10
110.1333399999999898
20
-85.1239259999999973
11
110.1333399999999898
21
-86.2744
0
LINE
8
BLACK
6
CONTINUOUS
10
110.1333399999999898
20
-86.2744
11
110.1604569999999939
21
-86.28563299999999
0
LINE
8
BLACK
6
CONTINUOUS
10
110.1604569999999939
20
-86.28563299999999
11
110.2908549999999934
21
-86.3727619999999945
0
LINE
8
BLACK
6
CONTINUOUS
10
110.2908549999999934
20
-86.3727619999999945
11
110.4017479999999978
21
-86.4836549999999988
0
LINE
8
BLACK
6
CONTINUOUS
10
110.4017479999999978
20
-86.4836549999999988
11
110.488876999999988
21
-86.6140529999999984
0
LINE
8
BLACK
6
CONTINUOUS
10
110.488876999999988
20
-86.6140529999999984
11
110.5488919999999951
21
-86.7589419999999905
0
LINE
8
BLACK
6
CONTINUOUS
10
110.5488919999999951
20
-86.7589419999999905
11
110.5794879999999978
21
-86.9127560000000017
0
LINE
8
BLACK
6
CONTINUOUS
10
110.5794879999999978
20
-86.9127560000000017
11
110.5794879999999978
21
-87.0695839999999919
0
LINE
8
BLACK
6
CONTINUOUS
10
110.5794879999999978
20
-87.0695839999999919
11
110.5488919999999951
21
-87.2233980000000031
0
LINE
8
BLACK
6
CONTINUOUS
10
110.5488919999999951
20
-87.2233980000000031
11
110.488876999999988
21
-87.3682869999999951
0
LINE
8
BLACK
6
CONTINUOUS
10
110.488876999999988
20
-87.3682869999999951
11
110.4017479999999978
21
-87.4986849999999947
0
LINE
8
BLACK
6
CONTINUOUS
10
110.4017479999999978
20
-87.4986849999999947
11
110.2908549999999934
21
-87.6095779999999991
0
LINE
8
BLACK
6
CONTINUOUS
10
110.2908549999999934
20
-87.6095779999999991
11
110.1604569999999939
21
-87.6967069999999893
0
LINE
8
BLACK
6
CONTINUOUS
10
110.1604569999999939
20
-87.6967069999999893
11
110.0155680000000018
21
-87.7567219999999963
0
LINE
8
BLACK
6
CONTINUOUS
10
110.0155680000000018
20
-87.7567219999999963
11
109.8617539999999906
21
-87.7873179999999991
0
LINE
8
BLACK
6
CONTINUOUS
10
109.8617539999999906
20
-87.7873179999999991
11
109.7049260000000004
21
-87.7873179999999991
0
LINE
8
BLACK
6
CONTINUOUS
10
109.7049260000000004
20
-87.7873179999999991
11
109.5511119999999892
21
-87.7567219999999963
0
LINE
8
BLACK
6
CONTINUOUS
10
109.5511119999999892
20
-87.7567219999999963
11
109.4062229999999971
21
-87.6967069999999893
0
LINE
8
BLACK
6
CONTINUOUS
10
109.4062229999999971
20
-87.6967069999999893
11
109.2758249999999975
21
-87.6095779999999991
0
LINE
8
BLACK
6
CONTINUOUS
10
109.2758249999999975
20
-87.6095779999999991
11
109.1649319999999932
21
-87.4986849999999947
0
LINE
8
BLACK
6
CONTINUOUS
10
109.1649319999999932
20
-87.4986849999999947
11
109.0778029999999887
21
-87.3682869999999951
0
LINE
8
BLACK
6
CONTINUOUS
10
109.0778029999999887
20
-87.3682869999999951
11
109.0177879999999959
21
-87.2233980000000031
0
LINE
8
BLACK
6
CONTINUOUS
10
109.0177879999999959
20
-87.2233980000000031
11
108.9871919999999932
21
-87.0695839999999919
0
LINE
8
BLACK
6
CONTINUOUS
10
108.9871919999999932
20
-87.0695839999999919
11
108.9871919999999932
21
-86.9127560000000017
0
LINE
8
BLACK
6
CONTINUOUS
10
108.9871919999999932
20
-86.9127560000000017
11
109.0177879999999959
21
-86.7589419999999905
0
LINE
8
BLACK
6
CONTINUOUS
10
109.0177879999999959
20
-86.7589419999999905
11
109.0778029999999887
21
-86.6140529999999984
0
LINE
8
BLACK
6
CONTINUOUS
10
109.0778029999999887
20
-86.6140529999999984
11
109.1649319999999932
21
-86.4836549999999988
0
LINE
8
BLACK
6
CONTINUOUS
10
109.1649319999999932
20
-86.4836549999999988
11
109.2758249999999975
21
-86.3727619999999945
0
LINE
8
BLACK
6
CONTINUOUS
10
109.2758249999999975
20
-86.3727619999999945
11
109.4062229999999971
21
-86.28563299999999
0
LINE
8
BLACK
6
CONTINUOUS
10
109.4062229999999971
20
-86.28563299999999
11
109.4333400000000012
21
-86.2744
0
LINE
8
BLACK
6
CONTINUOUS
10
109.4333400000000012
20
-86.2744
11
109.4333400000000012
21
-85.1239259999999973
0
LINE
8
BLACK
6
CONTINUOUS
10
109.4333400000000012
20
-85.1239259999999973
11
109.4333400000000012
21
-85.1239190000000008
0
LINE
8
BLACK
6
CONTINUOUS
10
109.4333400000000012
20
-85.1239190000000008
11
109.4333259999999939
21
-85.1239190000000008
0
LINE
8
BLACK
6
CONTINUOUS
10
109.4333259999999939
20
-85.1239190000000008
11
109.4333269999999914
21
-85.042640999999989
0
LINE
8
BLACK
6
CONTINUOUS
10
109.4333269999999914
20
-85.042640999999989
11
109.4078999999999979
21
-84.8820839999999919
0
LINE
8
BLACK
6
CONTINUOUS
10
109.4078999999999979
20
-84.8820839999999919
11
109.3576690000000013
21
-84.7274819999999949
0
LINE
8
BLACK
6
CONTINUOUS
10
109.3576690000000013
20
-84.7274819999999949
11
109.2838709999999907
21
-84.5826419999999928
0
LINE
8
BLACK
6
CONTINUOUS
10
109.2838709999999907
20
-84.5826419999999928
11
109.1883229999999969
21
-84.451129999999992
0
LINE
8
BLACK
6
CONTINUOUS
10
109.1883229999999969
20
-84.451129999999992
11
109.1529199999999946
21
-84.4157259999999923
0
LINE
8
BLACK
6
CONTINUOUS
10
109.1529199999999946
20
-84.4157259999999923
11
109.0419519999999949
21
-84.4377989999999983
0
LINE
8
BLACK
6
CONTINUOUS
10
109.0419519999999949
20
-84.4377989999999983
11
108.9047279999999915
21
-84.4377989999999983
0
LINE
8
BLACK
6
CONTINUOUS
10
108.9047279999999915
20
-84.4377989999999983
11
108.7701409999999953
21
-84.4110280000000017
0
LINE
8
BLACK
6
CONTINUOUS
10
108.7701409999999953
20
-84.4110280000000017
11
108.6433619999999962
21
-84.358514999999997
0
LINE
8
BLACK
6
CONTINUOUS
10
108.6433619999999962
20
-84.358514999999997
11
108.5292649999999952
21
-84.2822769999999934
0
LINE
8
BLACK
6
CONTINUOUS
10
108.5292649999999952
20
-84.2822769999999934
11
108.4322329999999965
21
-84.1852449999999948
0
LINE
8
BLACK
6
CONTINUOUS
10
108.4322329999999965
20
-84.1852449999999948
11
108.355994999999993
21
-84.0711479999999938
0
LINE
8
BLACK
6
CONTINUOUS
10
108.355994999999993
20
-84.0711479999999938
11
108.3034819999999883
21
-83.9443689999999947
0
LINE
8
BLACK
6
CONTINUOUS
10
108.3034819999999883
20
-83.9443689999999947
11
108.2767109999999917
21
-83.8097819999999984
0
LINE
8
BLACK
6
CONTINUOUS
10
108.2767109999999917
20
-83.8097819999999984
11
108.2767109999999917
21
-83.6725579999999951
0
LINE
8
BLACK
6
CONTINUOUS
10
108.2767109999999917
20
-83.6725579999999951
11
108.2987839999999977
21
-83.5615889999999979
0
LINE
8
BLACK
6
CONTINUOUS
10
108.2987839999999977
20
-83.5615889999999979
11
107.5129599999999925
21
-82.7757639999999952
0
LINE
8
BLACK
6
CONTINUOUS
10
107.5129599999999925
20
-82.7757639999999952
11
107.5129570000000001
21
-82.7757620000000003
0
LINE
8
BLACK
6
CONTINUOUS
10
107.5129570000000001
20
-82.7757620000000003
11
107.5129409999999979
21
-82.7757780000000025
0
LINE
8
BLACK
6
CONTINUOUS
10
107.5129409999999979
20
-82.7757780000000025
11
107.430971999999997
21
-82.6938069999999925
0
LINE
8
BLACK
6
CONTINUOUS
10
107.430971999999997
20
-82.6938069999999925
11
107.2497079999999983
21
-82.5492509999999982
0
LINE
8
BLACK
6
CONTINUOUS
10
107.2497079999999983
20
-82.5492509999999982
11
107.0533989999999989
21
-82.4258999999999986
0
LINE
8
BLACK
6
CONTINUOUS
10
107.0533989999999989
20
-82.4258999999999986
11
106.8445139999999896
21
-82.325302999999991
0
LINE
8
BLACK
6
CONTINUOUS
10
106.8445139999999896
20
-82.325302999999991
11
106.625678999999991
21
-82.2487259999999907
0
LINE
8
BLACK
6
CONTINUOUS
10
106.625678999999991
20
-82.2487259999999907
11
106.39964599999999
21
-82.1971319999999963
0
LINE
8
BLACK
6
CONTINUOUS
10
106.39964599999999
20
-82.1971319999999963
11
106.1692570000000018
21
-82.1711699999999894
0
LINE
8
BLACK
6
CONTINUOUS
10
106.1692570000000018
20
-82.1711699999999894
11
106.1201089999999994
21
-82.1711689999999919
0
LINE
8
BLACK
6
CONTINUOUS
10
106.1201089999999994
20
-82.1711689999999919
11
106.1088769999999926
21
-82.1982869999999934
0
LINE
8
BLACK
6
CONTINUOUS
10
106.1088769999999926
20
-82.1982869999999934
11
106.0217479999999881
21
-82.328684999999993
0
LINE
8
BLACK
6
CONTINUOUS
10
106.0217479999999881
20
-82.328684999999993
11
105.910854999999998
21
-82.4395779999999974
0
LINE
8
BLACK
6
CONTINUOUS
10
105.910854999999998
20
-82.4395779999999974
11
105.7804569999999984
21
-82.5267070000000018
0
LINE
8
BLACK
6
CONTINUOUS
10
105.7804569999999984
20
-82.5267070000000018
11
105.6355679999999921
21
-82.5867219999999946
0
LINE
8
BLACK
6
CONTINUOUS
10
105.6355679999999921
20
-82.5867219999999946
11
105.4817539999999951
21
-82.6173179999999974
0
LINE
8
BLACK
6
CONTINUOUS
10
105.4817539999999951
20
-82.6173179999999974
11
105.3249259999999907
21
-82.6173179999999974
0
LINE
8
BLACK
6
CONTINUOUS
10
105.3249259999999907
20
-82.6173179999999974
11
105.1711119999999937
21
-82.5867219999999946
0
LINE
8
BLACK
6
CONTINUOUS
10
105.1711119999999937
20
-82.5867219999999946
11
105.0262230000000017
21
-82.5267070000000018
0
LINE
8
BLACK
6
CONTINUOUS
10
105.0262230000000017
20
-82.5267070000000018
11
104.8958250000000021
21
-82.4395779999999974
0
LINE
8
BLACK
6
CONTINUOUS
10
104.8958250000000021
20
-82.4395779999999974
11
104.7849319999999977
21
-82.328684999999993
0
LINE
8
BLACK
6
CONTINUOUS
10
104.7849319999999977
20
-82.328684999999993
11
104.6978029999999933
21
-82.1982869999999934
0
LINE
8
BLACK
6
CONTINUOUS
10
104.6978029999999933
20
-82.1982869999999934
11
104.6377880000000005
21
-82.0533980000000014
0
LINE
8
BLACK
6
CONTINUOUS
10
104.6377880000000005
20
-82.0533980000000014
11
104.6071919999999977
21
-81.8995839999999902
0
LINE
8
BLACK
6
CONTINUOUS
10
104.6071919999999977
20
-81.8995839999999902
11
104.6071919999999977
21
-81.742756
0
LINE
8
BLACK
6
CONTINUOUS
10
104.6071919999999977
20
-81.742756
11
104.6377880000000005
21
-81.588942000000003
0
LINE
8
BLACK
6
CONTINUOUS
10
104.6377880000000005
20
-81.588942000000003
11
104.6978029999999933
21
-81.4440529999999967
0
LINE
8
BLACK
6
CONTINUOUS
10
104.6978029999999933
20
-81.4440529999999967
11
104.7849319999999977
21
-81.3136549999999971
0
LINE
8
BLACK
6
CONTINUOUS
10
104.7849319999999977
20
-81.3136549999999971
11
104.8958250000000021
21
-81.2027619999999928
0
LINE
8
BLACK
6
CONTINUOUS
10
104.8958250000000021
20
-81.2027619999999928
11
105.0262230000000017
21
-81.1156330000000025
0
LINE
8
BLACK
6
CONTINUOUS
10
105.0262230000000017
20
-81.1156330000000025
11
105.0533399999999915
21
-81.1043999999999983
0
LINE
8
BLACK
6
CONTINUOUS
10
105.0533399999999915
20
-81.1043999999999983
11
105.0533399999999915
21
-80.8761700000000019
0
LINE
8
BLACK
6
CONTINUOUS
10
105.0533399999999915
20
-80.8761700000000019
11
105.0533399999999915
21
-79.9979390000000024
0
LINE
8
BLACK
6
CONTINUOUS
10
105.0533399999999915
20
-79.9979390000000024
11
105.0262230000000017
21
-79.9867069999999956
0
LINE
8
BLACK
6
CONTINUOUS
10
105.0262230000000017
20
-79.9867069999999956
11
104.8958250000000021
21
-79.8995779999999911
0
LINE
8
BLACK
6
CONTINUOUS
10
104.8958250000000021
20
-79.8995779999999911
11
104.7849319999999977
21
-79.788685000000001
0
LINE
8
BLACK
6
CONTINUOUS
10
104.7849319999999977
20
-79.788685000000001
11
104.6978029999999933
21
-79.6582870000000014
0
LINE
8
BLACK
6
CONTINUOUS
10
104.6978029999999933
20
-79.6582870000000014
11
104.6377880000000005
21
-79.5133979999999951
0
LINE
8
BLACK
6
CONTINUOUS
10
104.6377880000000005
20
-79.5133979999999951
11
104.6071919999999977
21
-79.3595839999999981
0
LINE
8
BLACK
6
CONTINUOUS
10
104.6071919999999977
20
-79.3595839999999981
11
104.6071919999999977
21
-79.2027559999999937
0
LINE
8
BLACK
6
CONTINUOUS
10
104.6071919999999977
20
-79.2027559999999937
11
104.6377880000000005
21
-79.0489419999999967
0
LINE
8
BLACK
6
CONTINUOUS
10
104.6377880000000005
20
-79.0489419999999967
11
104.6978029999999933
21
-78.9040529999999904
0
LINE
8
BLACK
6
CONTINUOUS
10
104.6978029999999933
20
-78.9040529999999904
11
104.7849319999999977
21
-78.7736549999999909
0
LINE
8
BLACK
6
CONTINUOUS
10
104.7849319999999977
20
-78.7736549999999909
11
104.8958250000000021
21
-78.6627620000000007
0
LINE
8
BLACK
6
CONTINUOUS
10
104.8958250000000021
20
-78.6627620000000007
11
105.0262230000000017
21
-78.5756329999999963
0
LINE
8
BLACK
6
CONTINUOUS
10
105.0262230000000017
20
-78.5756329999999963
11
105.1711119999999937
21
-78.5156180000000035
0
LINE
8
BLACK
6
CONTINUOUS
10
105.1711119999999937
20
-78.5156180000000035
11
105.3249259999999907
21
-78.4850220000000007
0
LINE
8
BLACK
6
CONTINUOUS
10
105.3249259999999907
20
-78.4850220000000007
11
105.4817539999999951
21
-78.4850220000000007
0
LINE
8
BLACK
6
CONTINUOUS
10
105.4817539999999951
20
-78.4850220000000007
11
105.6355679999999921
21
-78.5156180000000035
0
LINE
8
BLACK
6
CONTINUOUS
10
111.3205679999999944
20
-70.7856179999999995
11
111.4654570000000007
21
-70.8456329999999923
0
LINE
8
BLACK
6
CONTINUOUS
10
111.4654570000000007
20
-70.8456329999999923
11
111.5958550000000002
21
-70.9327619999999968
0
LINE
8
BLACK
6
CONTINUOUS
10
111.5958550000000002
20
-70.9327619999999968
11
111.7067479999999904
21
-71.0436550000000011
0
LINE
8
BLACK
6
CONTINUOUS
10
111.7067479999999904
20
-71.0436550000000011
11
111.7938769999999948
21
-71.1740530000000007
0
LINE
8
BLACK
6
CONTINUOUS
10
111.7938769999999948
20
-71.1740530000000007
11
111.8538920000000019
21
-71.3189419999999927
0
LINE
8
BLACK
6
CONTINUOUS
10
111.8538920000000019
20
-71.3189419999999927
11
111.8844879999999904
21
-71.4727559999999897
0
LINE
8
BLACK
6
CONTINUOUS
10
111.8844879999999904
20
-71.4727559999999897
11
111.8844879999999904
21
-71.6295839999999941
0
LINE
8
BLACK
6
CONTINUOUS
10
111.8844879999999904
20
-71.6295839999999941
11
111.8538920000000019
21
-71.7833979999999912
0
LINE
8
BLACK
6
CONTINUOUS
10
111.8538920000000019
20
-71.7833979999999912
11
111.7938769999999948
21
-71.9282869999999974
0
LINE
8
BLACK
6
CONTINUOUS
10
111.7938769999999948
20
-71.9282869999999974
11
111.7067479999999904
21
-72.058684999999997
0
LINE
8
BLACK
6
CONTINUOUS
10
111.7067479999999904
20
-72.058684999999997
11
111.5958550000000002
21
-72.1695780000000013
0
LINE
8
BLACK
6
CONTINUOUS
10
111.5958550000000002
20
-72.1695780000000013
11
111.4654570000000007
21
-72.2567069999999916
0
LINE
8
BLACK
6
CONTINUOUS
10
111.4654570000000007
20
-72.2567069999999916
11
111.3205679999999944
21
-72.3167219999999986
0
LINE
8
BLACK
6
CONTINUOUS
10
111.3205679999999944
20
-72.3167219999999986
11
111.1667539999999974
21
-72.3473180000000013
0
LINE
8
BLACK
6
CONTINUOUS
10
111.1667539999999974
20
-72.3473180000000013
11
111.009925999999993
21
-72.3473180000000013
0
LINE
8
BLACK
6
CONTINUOUS
10
111.009925999999993
20
-72.3473180000000013
11
110.856111999999996
21
-72.3167219999999986
0
LINE
8
BLACK
6
CONTINUOUS
10
110.856111999999996
20
-72.3167219999999986
11
110.8289939999999945
21
-72.3054889999999943
0
LINE
8
BLACK
6
CONTINUOUS
10
110.8289939999999945
20
-72.3054889999999943
11
109.5177279999999911
21
-73.6167540000000002
0
LINE
8
BLACK
6
CONTINUOUS
10
109.5177279999999911
20
-73.6167540000000002
11
109.5177259999999961
21
-73.6167579999999901
0
LINE
8
BLACK
6
CONTINUOUS
10
109.5177259999999961
20
-73.6167579999999901
11
109.5177249999999987
21
-73.6167569999999927
0
LINE
8
BLACK
6
CONTINUOUS
10
109.5177249999999987
20
-73.6167569999999927
11
109.5177229999999895
21
-73.6167599999999993
0
LINE
8
BLACK
6
CONTINUOUS
10
109.5177229999999895
20
-73.6167599999999993
11
109.5173649999999981
21
-73.6170729999999907
0
LINE
8
BLACK
6
CONTINUOUS
10
109.5173649999999981
20
-73.6170729999999907
11
109.4235589999999974
21
-73.7108810000000005
0
LINE
8
BLACK
6
CONTINUOUS
10
109.4235589999999974
20
-73.7108810000000005
11
109.2575379999999967
21
-73.9190699999999907
0
LINE
8
BLACK
6
CONTINUOUS
10
109.2575379999999967
20
-73.9190699999999907
11
109.1158709999999985
21
-74.1445379999999972
0
LINE
8
BLACK
6
CONTINUOUS
10
109.1158709999999985
20
-74.1445379999999972
11
109.0003389999999968
21
-74.3844509999999985
0
LINE
8
BLACK
6
CONTINUOUS
10
109.0003389999999968
20
-74.3844509999999985
11
108.9123949999999894
21
-74.6357909999999976
0
LINE
8
BLACK
6
CONTINUOUS
10
108.9123949999999894
20
-74.6357909999999976
11
108.8531469999999928
21
-74.895395999999991
0
LINE
8
BLACK
6
CONTINUOUS
10
108.8531469999999928
20
-74.895395999999991
11
108.8233369999999951
21
-75.1600040000000007
0
LINE
8
BLACK
6
CONTINUOUS
10
108.8233369999999951
20
-75.1600040000000007
11
108.8233400000000017
21
-75.2931439999999981
0
LINE
8
BLACK
6
CONTINUOUS
10
108.8233400000000017
20
-75.2931439999999981
11
108.8233400000000017
21
-75.2931509999999946
0
LINE
8
BLACK
6
CONTINUOUS
10
108.8233400000000017
20
-75.2931509999999946
11
108.8233400000000017
21
-76.6372029999999995
0
LINE
8
BLACK
6
CONTINUOUS
10
108.8233400000000017
20
-76.6372029999999995
11
108.9174149999999912
21
-76.7000630000000001
0
LINE
8
BLACK
6
CONTINUOUS
10
108.9174149999999912
20
-76.7000630000000001
11
109.0144469999999899
21
-76.7970949999999988
0
LINE
8
BLACK
6
CONTINUOUS
10
109.0144469999999899
20
-76.7970949999999988
11
109.0906849999999935
21
-76.9111919999999998
0
LINE
8
BLACK
6
CONTINUOUS
10
109.0906849999999935
20
-76.9111919999999998
11
109.1431979999999982
21
-77.0379709999999989
0
LINE
8
BLACK
6
CONTINUOUS
10
109.1431979999999982
20
-77.0379709999999989
11
109.1699689999999947
21
-77.1725579999999951
0
LINE
8
BLACK
6
CONTINUOUS
10
109.1699689999999947
20
-77.1725579999999951
11
109.1699689999999947
21
-77.3097819999999984
0
LINE
8
BLACK
6
CONTINUOUS
10
109.1699689999999947
20
-77.3097819999999984
11
109.1431979999999982
21
-77.4443689999999947
0
LINE
8
BLACK
6
CONTINUOUS
10
109.1431979999999982
20
-77.4443689999999947
11
109.0906849999999935
21
-77.5711479999999938
0
LINE
8
BLACK
6
CONTINUOUS
10
109.0906849999999935
20
-77.5711479999999938
11
109.0144469999999899
21
-77.6852449999999948
0
LINE
8
BLACK
6
CONTINUOUS
10
109.0144469999999899
20
-77.6852449999999948
11
108.9174149999999912
21
-77.7822769999999934
0
LINE
8
BLACK
6
CONTINUOUS
10
108.9174149999999912
20
-77.7822769999999934
11
108.8033179999999902
21
-77.858514999999997
0
LINE
8
BLACK
6
CONTINUOUS
10
108.8033179999999902
20
-77.858514999999997
11
108.6765389999999911
21
-77.9110280000000017
0
LINE
8
BLACK
6
CONTINUOUS
10
108.6765389999999911
20
-77.9110280000000017
11
108.5419519999999949
21
-77.9377989999999983
0
LINE
8
BLACK
6
CONTINUOUS
10
108.5419519999999949
20
-77.9377989999999983
11
108.4047279999999915
21
-77.9377989999999983
0
LINE
8
BLACK
6
CONTINUOUS
10
108.4047279999999915
20
-77.9377989999999983
11
108.2701409999999953
21
-77.9110280000000017
0
LINE
8
BLACK
6
CONTINUOUS
10
108.2701409999999953
20
-77.9110280000000017
11
108.1433619999999962
21
-77.858514999999997
0
LINE
8
BLACK
6
CONTINUOUS
10
108.1433619999999962
20
-77.858514999999997
11
108.0292649999999952
21
-77.7822769999999934
0
LINE
8
BLACK
6
CONTINUOUS
10
108.0292649999999952
20
-77.7822769999999934
11
107.9322329999999965
21
-77.6852449999999948
0
LINE
8
BLACK
6
CONTINUOUS
10
107.9322329999999965
20
-77.6852449999999948
11
107.855994999999993
21
-77.5711479999999938
0
LINE
8
BLACK
6
CONTINUOUS
10
107.855994999999993
20
-77.5711479999999938
11
107.8034819999999883
21
-77.4443689999999947
0
LINE
8
BLACK
6
CONTINUOUS
10
107.8034819999999883
20
-77.4443689999999947
11
107.7767109999999917
21
-77.3097819999999984
0
LINE
8
BLACK
6
CONTINUOUS
10
107.7767109999999917
20
-77.3097819999999984
11
107.7767109999999917
21
-77.1725579999999951
0
LINE
8
BLACK
6
CONTINUOUS
10
107.7767109999999917
20
-77.1725579999999951
11
107.7987839999999977
21
-77.0615880000000004
0
LINE
8
BLACK
6
CONTINUOUS
10
107.7987839999999977
20
-77.0615880000000004
11
106.3327510000000018
21
-75.5955549999999903
0
LINE
8
BLACK
6
CONTINUOUS
10
106.3327510000000018
20
-75.5955549999999903
11
106.3327479999999952
21
-75.5955529999999953
0
LINE
8
BLACK
6
CONTINUOUS
10
106.3327479999999952
20
-75.5955529999999953
11
106.3327479999999952
21
-75.5955519999999979
0
LINE
8
BLACK
6
CONTINUOUS
10
106.3327479999999952
20
-75.5955519999999979
11
106.3325919999999911
21
-75.5953739999999925
0
LINE
8
BLACK
6
CONTINUOUS
10
106.3325919999999911
20
-75.5953739999999925
11
106.2386159999999933
21
-75.5013979999999947
0
LINE
8
BLACK
6
CONTINUOUS
10
106.2386159999999933
20
-75.5013979999999947
11
106.030428999999998
21
-75.3353749999999991
0
LINE
8
BLACK
6
CONTINUOUS
10
106.030428999999998
20
-75.3353749999999991
11
105.8049630000000008
21
-75.1937070000000034
0
LINE
8
BLACK
6
CONTINUOUS
10
105.8049630000000008
20
-75.1937070000000034
11
105.5650519999999943
21
-75.07817399999999
0
LINE
8
BLACK
6
CONTINUOUS
10
105.5650519999999943
20
-75.07817399999999
11
105.3137139999999903
21
-74.9902289999999994
0
LINE
8
BLACK
6
CONTINUOUS
10
105.3137139999999903
20
-74.9902289999999994
11
105.0541099999999943
21
-74.9309789999999936
0
LINE
8
BLACK
6
CONTINUOUS
10
105.0541099999999943
20
-74.9309789999999936
11
104.7895029999999963
21
-74.9011689999999959
0
LINE
8
BLACK
6
CONTINUOUS
10
104.7895029999999963
20
-74.9011689999999959
11
104.6563629999999989
21
-74.9011699999999934
0
LINE
8
BLACK
6
CONTINUOUS
10
104.6563629999999989
20
-74.9011699999999934
11
104.6563609999999898
21
-74.9011689999999959
0
LINE
8
BLACK
6
CONTINUOUS
10
104.6563609999999898
20
-74.9011689999999959
11
104.6563579999999973
21
-74.9011699999999934
0
LINE
8
BLACK
6
CONTINUOUS
10
104.6563579999999973
20
-74.9011699999999934
11
103.6403210000000001
21
-74.9011699999999934
0
LINE
8
BLACK
6
CONTINUOUS
10
103.6403210000000001
20
-74.9011699999999934
11
103.6403179999999935
21
-74.9011689999999959
0
LINE
8
BLACK
6
CONTINUOUS
10
103.6403179999999935
20
-74.9011689999999959
11
103.6403179999999935
21
-74.9011699999999934
0
LINE
8
BLACK
6
CONTINUOUS
10
103.6403179999999935
20
-74.9011699999999934
11
103.6403179999999935
21
-74.9011720000000025
0
LINE
8
BLACK
6
CONTINUOUS
10
103.6403179999999935
20
-74.9011720000000025
11
103.5071789999999936
21
-74.9011720000000025
0
LINE
8
BLACK
6
CONTINUOUS
10
103.5071789999999936
20
-74.9011720000000025
11
103.2425739999999905
21
-74.9309839999999951
0
LINE
8
BLACK
6
CONTINUOUS
10
103.2425739999999905
20
-74.9309839999999951
11
102.982970999999992
21
-74.9902359999999959
0
LINE
8
BLACK
6
CONTINUOUS
10
102.982970999999992
20
-74.9902359999999959
11
102.7316339999999997
21
-75.0781810000000007
0
LINE
8
BLACK
6
CONTINUOUS
10
102.7316339999999997
20
-75.0781810000000007
11
102.4917250000000024
21
-75.1937159999999949
0
LINE
8
BLACK
6
CONTINUOUS
10
102.4917250000000024
20
-75.1937159999999949
11
102.2662610000000001
21
-75.3353850000000023
0
LINE
8
BLACK
6
CONTINUOUS
10
102.2662610000000001
20
-75.3353850000000023
11
102.0580759999999998
21
-75.5014079999999979
0
LINE
8
BLACK
6
CONTINUOUS
10
102.0580759999999998
20
-75.5014079999999979
11
101.9639319999999998
21
-75.5955519999999979
0
LINE
8
BLACK
6
CONTINUOUS
10
101.9639319999999998
20
-75.5955519999999979
11
101.9639299999999906
21
-75.5955539999999928
0
LINE
8
BLACK
6
CONTINUOUS
10
101.9639299999999906
20
-75.5955539999999928
11
98.5376589999999908
21
-79.0218239999999952
0
LINE
8
BLACK
6
CONTINUOUS
10
98.5376589999999908
20
-79.0218239999999952
11
98.5488919999999951
21
-79.0489419999999967
0
LINE
8
BLACK
6
CONTINUOUS
10
98.5488919999999951
20
-79.0489419999999967
11
98.5794879999999978
21
-79.2027559999999937
0
LINE
8
BLACK
6
CONTINUOUS
10
98.5794879999999978
20
-79.2027559999999937
11
98.5794879999999978
21
-79.3595839999999981
0
LINE
8
BLACK
6
CONTINUOUS
10
98.5794879999999978
20
-79.3595839999999981
11
98.5488919999999951
21
-79.5133979999999951
0
LINE
8
BLACK
6
CONTINUOUS
10
98.5488919999999951
20
-79.5133979999999951
11
98.5376589999999908
21
-79.5405149999999992
0
LINE
8
BLACK
6
CONTINUOUS
10
98.5376589999999908
20
-79.5405149999999992
11
99.8637159999999966
21
-80.8665719999999908
0
LINE
8
BLACK
6
CONTINUOUS
10
99.8637159999999966
20
-80.8665719999999908
11
99.8637200000000007
21
-80.8665749999999974
0
LINE
8
BLACK
6
CONTINUOUS
10
99.8637200000000007
20
-80.8665749999999974
11
99.863718999999989
21
-80.8665749999999974
0
LINE
8
BLACK
6
CONTINUOUS
10
99.863718999999989
20
-80.8665749999999974
11
99.8637200000000007
21
-80.8665759999999949
0
LINE
8
BLACK
6
CONTINUOUS
10
99.8637200000000007
20
-80.8665759999999949
11
99.8939069999999987
21
-80.9009959999999921
0
LINE
8
BLACK
6
CONTINUOUS
10
99.8939069999999987
20
-80.9009959999999921
11
99.8955550000000017
21
-80.9038510000000031
0
LINE
8
BLACK
6
CONTINUOUS
10
99.8955550000000017
20
-80.9038510000000031
11
100.0012989999999888
21
-81.0276599999999974
0
LINE
8
BLACK
6
CONTINUOUS
10
100.0012989999999888
20
-81.0276599999999974
11
100.1119869999999992
21
-81.2082829999999944
0
LINE
8
BLACK
6
CONTINUOUS
10
100.1119869999999992
20
-81.2082829999999944
11
100.1930579999999935
21
-81.4039969999999897
0
LINE
8
BLACK
6
CONTINUOUS
10
100.1930579999999935
20
-81.4039969999999897
11
100.2425139999999999
21
-81.6099839999999972
0
LINE
8
BLACK
6
CONTINUOUS
10
100.2425139999999999
20
-81.6099839999999972
11
100.2591389999999905
21
-81.8211709999999925
0
LINE
8
BLACK
6
CONTINUOUS
10
100.2591389999999905
20
-81.8211709999999925
11
100.2425229999999914
21
-82.0323589999999996
0
LINE
8
BLACK
6
CONTINUOUS
10
100.2425229999999914
20
-82.0323589999999996
11
100.1930759999999907
21
-82.238348000000002
0
LINE
8
BLACK
6
CONTINUOUS
10
100.1930759999999907
20
-82.238348000000002
11
100.1120140000000021
21
-82.4340649999999897
0
LINE
8
BLACK
6
CONTINUOUS
10
100.1120140000000021
20
-82.4340649999999897
11
100.0013339999999999
21
-82.6146930000000026
0
LINE
8
BLACK
6
CONTINUOUS
10
100.0013339999999999
20
-82.6146930000000026
11
99.8954389999999961
21
-82.7386879999999962
0
LINE
8
BLACK
6
CONTINUOUS
10
99.8954389999999961
20
-82.7386879999999962
11
99.8939069999999987
21
-82.7413430000000005
0
LINE
8
BLACK
6
CONTINUOUS
10
99.8939069999999987
20
-82.7413430000000005
11
99.8658619999999928
21
-82.7733209999999957
0
LINE
8
BLACK
6
CONTINUOUS
10
99.8658619999999928
20
-82.7733209999999957
11
99.8637599999999992
21
-82.7757829999999899
0
LINE
8
BLACK
6
CONTINUOUS
10
99.8637599999999992
20
-82.7757829999999899
11
99.8637289999999922
21
-82.7757519999999971
0
LINE
8
BLACK
6
CONTINUOUS
10
99.8637289999999922
20
-82.7757519999999971
11
99.8637209999999982
21
-82.7757629999999978
0
LINE
8
BLACK
6
CONTINUOUS
10
99.8637209999999982
20
-82.7757629999999978
11
98.5376589999999908
21
-84.1018239999999935
0
LINE
8
BLACK
6
CONTINUOUS
10
98.5376589999999908
20
-84.1018239999999935
11
98.5488919999999951
21
-84.128941999999995
0
LINE
8
BLACK
6
CONTINUOUS
10
98.5488919999999951
20
-84.128941999999995
11
98.5794879999999978
21
-84.282755999999992
0
LINE
8
BLACK
6
CONTINUOUS
10
98.5794879999999978
20
-84.282755999999992
11
98.5794879999999978
21
-84.4395839999999964
0
LINE
8
BLACK
6
CONTINUOUS
10
98.5794879999999978
20
-84.4395839999999964
11
98.5488919999999951
21
-84.5933979999999934
0
LINE
8
BLACK
6
CONTINUOUS
10
98.5488919999999951
20
-84.5933979999999934
11
98.4888770000000022
21
-84.7382869999999997
0
LINE
8
BLACK
6
CONTINUOUS
10
98.4888770000000022
20
-84.7382869999999997
11
98.4017479999999978
21
-84.8686849999999993
0
LINE
8
BLACK
6
CONTINUOUS
10
98.4017479999999978
20
-84.8686849999999993
11
98.2908549999999934
21
-84.9795779999999894
0
LINE
8
BLACK
6
CONTINUOUS
10
98.2908549999999934
20
-84.9795779999999894
11
98.1604569999999939
21
-85.0667069999999939
0
LINE
8
BLACK
6
CONTINUOUS
10
98.1604569999999939
20
-85.0667069999999939
11
98.0155680000000018
21
-85.1267220000000009
0
LINE
8
BLACK
6
CONTINUOUS
10
98.0155680000000018
20
-85.1267220000000009
11
97.8617539999999906
21
-85.1573179999999894
0
LINE
8
BLACK
6
CONTINUOUS
10
97.8617539999999906
20
-85.1573179999999894
11
97.7049260000000004
21
-85.1573179999999894
0
LINE
8
BLACK
6
CONTINUOUS
10
97.7049260000000004
20
-85.1573179999999894
11
97.5511119999999892
21
-85.1267220000000009
0
LINE
8
BLACK
6
CONTINUOUS
10
97.5511119999999892
20
-85.1267220000000009
11
97.4062229999999971
21
-85.0667069999999939
0
LINE
8
BLACK
6
CONTINUOUS
10
97.4062229999999971
20
-85.0667069999999939
11
97.2758249999999975
21
-84.9795779999999894
0
LINE
8
BLACK
6
CONTINUOUS
10
97.2758249999999975
20
-84.9795779999999894
11
97.1649319999999932
21
-84.8686849999999993
0
LINE
8
BLACK
6
CONTINUOUS
10
97.1649319999999932
20
-84.8686849999999993
11
97.0778029999999887
21
-84.7382869999999997
0
LINE
8
BLACK
6
CONTINUOUS
10
97.0778029999999887
20
-84.7382869999999997
11
97.0177879999999959
21
-84.5933979999999934
0
LINE
8
BLACK
6
CONTINUOUS
10
97.0177879999999959
20
-84.5933979999999934
11
96.9871919999999932
21
-84.4395839999999964
0
LINE
8
BLACK
6
CONTINUOUS
10
96.9871919999999932
20
-84.4395839999999964
11
96.9871919999999932
21
-84.282755999999992
0
LINE
8
BLACK
6
CONTINUOUS
10
96.9871919999999932
20
-84.282755999999992
11
97.0177879999999959
21
-84.128941999999995
0
LINE
8
BLACK
6
CONTINUOUS
10
97.0177879999999959
20
-84.128941999999995
11
97.0778029999999887
21
-83.984053000000003
0
LINE
8
BLACK
6
CONTINUOUS
10
97.0778029999999887
20
-83.984053000000003
11
97.1649319999999932
21
-83.8536549999999892
0
LINE
8
BLACK
6
CONTINUOUS
10
97.1649319999999932
20
-83.8536549999999892
11
97.2758249999999975
21
-83.742761999999999
0
LINE
8
BLACK
6
CONTINUOUS
10
97.2758249999999975
20
-83.742761999999999
11
97.4062229999999971
21
-83.6556329999999946
0
LINE
8
BLACK
6
CONTINUOUS
10
97.4062229999999971
20
-83.6556329999999946
11
97.5511119999999892
21
-83.5956180000000018
0
LINE
8
BLACK
6
CONTINUOUS
10
97.5511119999999892
20
-83.5956180000000018
11
97.7049260000000004
21
-83.565021999999999
0
LINE
8
BLACK
6
CONTINUOUS
10
97.7049260000000004
20
-83.565021999999999
11
97.8617539999999906
21
-83.565021999999999
0
LINE
8
BLACK
6
CONTINUOUS
10
97.8617539999999906
20
-83.565021999999999
11
98.0155680000000018
21
-83.5956180000000018
0
LINE
8
BLACK
6
CONTINUOUS
10
98.0155680000000018
20
-83.5956180000000018
11
98.0426849999999916
21
-83.6068499999999943
0
LINE
8
BLACK
6
CONTINUOUS
10
98.0426849999999916
20
-83.6068499999999943
11
99.3687229999999886
21
-82.2808109999999999
0
LINE
8
BLACK
6
CONTINUOUS
10
99.3687229999999886
20
-82.2808109999999999
11
99.3687339999999892
21
-82.2807969999999926
0
LINE
8
BLACK
6
CONTINUOUS
10
99.3687339999999892
20
-82.2807969999999926
11
99.3687359999999984
21
-82.2807979999999901
0
LINE
8
BLACK
6
CONTINUOUS
10
99.3687359999999984
20
-82.2807979999999901
11
99.3687460000000016
21
-82.2807889999999986
0
LINE
8
BLACK
6
CONTINUOUS
10
99.3687460000000016
20
-82.2807889999999986
11
99.3692250000000001
21
-82.2803679999999957
0
LINE
8
BLACK
6
CONTINUOUS
10
99.3692250000000001
20
-82.2803679999999957
11
99.4205520000000007
21
-82.2290380000000027
0
LINE
8
BLACK
6
CONTINUOUS
10
99.4205520000000007
20
-82.2290380000000027
11
99.4984800000000007
21
-82.1050070000000005
0
LINE
8
BLACK
6
CONTINUOUS
10
99.4984800000000007
20
-82.1050070000000005
11
99.5468549999999937
21
-81.9667450000000031
0
LINE
8
BLACK
6
CONTINUOUS
10
99.5468549999999937
20
-81.9667450000000031
11
99.5632519999999914
21
-81.8211859999999973
0
LINE
8
BLACK
6
CONTINUOUS
10
99.5632519999999914
20
-81.8211859999999973
11
99.5468489999999946
21
-81.6756269999999915
0
LINE
8
BLACK
6
CONTINUOUS
10
99.5468489999999946
20
-81.6756269999999915
11
99.4984680000000026
21
-81.5373680000000007
0
LINE
8
BLACK
6
CONTINUOUS
10
99.4984680000000026
20
-81.5373680000000007
11
99.4205339999999893
21
-81.4133399999999909
0
LINE
8
BLACK
6
CONTINUOUS
10
99.4205339999999893
20
-81.4133399999999909
11
99.3687460000000016
21
-81.3615520000000032
0
LINE
8
BLACK
6
CONTINUOUS
10
99.3687460000000016
20
-81.3615520000000032
11
99.3687460000000016
21
-81.3615509999999915
0
LINE
8
BLACK
6
CONTINUOUS
10
99.3687460000000016
20
-81.3615509999999915
11
99.3687429999999949
21
-81.3615470000000016
0
LINE
8
BLACK
6
CONTINUOUS
10
99.3687429999999949
20
-81.3615470000000016
11
98.0426849999999916
21
-80.0354889999999983
0
LINE
8
BLACK
6
CONTINUOUS
10
98.0426849999999916
20
-80.0354889999999983
11
98.0155680000000018
21
-80.0467220000000026
0
LINE
8
BLACK
6
CONTINUOUS
10
98.0155680000000018
20
-80.0467220000000026
11
97.8617539999999906
21
-80.0773179999999911
0
LINE
8
BLACK
6
CONTINUOUS
10
97.8617539999999906
20
-80.0773179999999911
11
97.7049260000000004
21
-80.0773179999999911
0
LINE
8
BLACK
6
CONTINUOUS
10
97.7049260000000004
20
-80.0773179999999911
11
97.5511119999999892
21
-80.0467220000000026
0
LINE
8
BLACK
6
CONTINUOUS
10
97.5511119999999892
20
-80.0467220000000026
11
97.4062229999999971
21
-79.9867069999999956
0
LINE
8
BLACK
6
CONTINUOUS
10
97.4062229999999971
20
-79.9867069999999956
11
97.2758249999999975
21
-79.8995779999999911
0
LINE
8
BLACK
6
CONTINUOUS
10
97.2758249999999975
20
-79.8995779999999911
11
97.1649319999999932
21
-79.788685000000001
0
LINE
8
BLACK
6
CONTINUOUS
10
97.1649319999999932
20
-79.788685000000001
11
97.0778029999999887
21
-79.6582870000000014
0
LINE
8
BLACK
6
CONTINUOUS
10
97.0778029999999887
20
-79.6582870000000014
11
97.0177879999999959
21
-79.5133979999999951
0
LINE
8
BLACK
6
CONTINUOUS
10
97.0177879999999959
20
-79.5133979999999951
11
96.9871919999999932
21
-79.3595839999999981
0
LINE
8
BLACK
6
CONTINUOUS
10
96.9871919999999932
20
-79.3595839999999981
11
96.9871919999999932
21
-79.2027559999999937
0
LINE
8
BLACK
6
CONTINUOUS
10
96.9871919999999932
20
-79.2027559999999937
11
97.0177879999999959
21
-79.0489419999999967
0
LINE
8
BLACK
6
CONTINUOUS
10
97.0177879999999959
20
-79.0489419999999967
11
97.0778029999999887
21
-78.9040529999999904
0
LINE
8
BLACK
6
CONTINUOUS
10
97.0778029999999887
20
-78.9040529999999904
11
97.1649319999999932
21
-78.7736549999999909
0
LINE
8
BLACK
6
CONTINUOUS
10
97.1649319999999932
20
-78.7736549999999909
11
97.2758249999999975
21
-78.6627620000000007
0
LINE
8
BLACK
6
CONTINUOUS
10
97.2758249999999975
20
-78.6627620000000007
11
97.4062229999999971
21
-78.5756329999999963
0
LINE
8
BLACK
6
CONTINUOUS
10
97.4062229999999971
20
-78.5756329999999963
11
97.5511119999999892
21
-78.5156180000000035
0
LINE
8
BLACK
6
CONTINUOUS
10
97.5511119999999892
20
-78.5156180000000035
11
97.7049260000000004
21
-78.4850220000000007
0
LINE
8
BLACK
6
CONTINUOUS
10
97.7049260000000004
20
-78.4850220000000007
11
97.8617539999999906
21
-78.4850220000000007
0
LINE
8
BLACK
6
CONTINUOUS
10
97.8617539999999906
20
-78.4850220000000007
11
98.0155680000000018
21
-78.5156180000000035
0
LINE
8
BLACK
6
CONTINUOUS
10
98.0155680000000018
20
-78.5156180000000035
11
98.0426849999999916
21
-78.526849999999996
0
LINE
8
BLACK
6
CONTINUOUS
10
98.0426849999999916
20
-78.526849999999996
11
101.468954999999994
21
-75.1005789999999962
0
LINE
8
BLACK
6
CONTINUOUS
10
101.468954999999994
20
-75.1005789999999962
11
101.4689580000000007
21
-75.1005759999999896
0
LINE
8
BLACK
6
CONTINUOUS
10
101.4689580000000007
20
-75.1005759999999896
11
101.6922409999999957
21
-74.8982029999999952
0
LINE
8
BLACK
6
CONTINUOUS
10
101.6922409999999957
20
-74.8982029999999952
11
101.9342879999999951
21
-74.7186870000000027
0
LINE
8
BLACK
6
CONTINUOUS
10
101.9342879999999951
20
-74.7186870000000027
11
102.1927669999999893
21
-74.5637609999999995
0
LINE
8
BLACK
6
CONTINUOUS
10
102.1927669999999893
20
-74.5637609999999995
11
102.4651859999999886
21
-74.4349160000000012
0
LINE
8
BLACK
6
CONTINUOUS
10
102.4651859999999886
20
-74.4349160000000012
11
102.7489219999999932
21
-74.3333939999999984
0
LINE
8
BLACK
6
CONTINUOUS
10
102.7489219999999932
20
-74.3333939999999984
11
103.0412439999999918
21
-74.2601729999999947
0
LINE
8
BLACK
6
CONTINUOUS
10
103.0412439999999918
20
-74.2601729999999947
11
103.3393339999999938
21
-74.2159570000000031
0
LINE
8
BLACK
6
CONTINUOUS
10
103.3393339999999938
20
-74.2159570000000031
11
103.6401899999999898
21
-74.2011779999999987
0
LINE
8
BLACK
6
CONTINUOUS
10
103.6401899999999898
20
-74.2011779999999987
11
103.6403210000000001
21
-74.2011699999999905
0
LINE
8
BLACK
6
CONTINUOUS
10
103.6403210000000001
20
-74.2011699999999905
11
104.6563579999999973
21
-74.2011699999999905
0
LINE
8
BLACK
6
CONTINUOUS
10
104.6563579999999973
20
-74.2011699999999905
11
104.6563719999999904
21
-74.2011699999999905
0
LINE
8
BLACK
6
CONTINUOUS
10
104.6563719999999904
20
-74.2011699999999905
11
104.9573429999999945
21
-74.2159520000000015
0
LINE
8
BLACK
6
CONTINUOUS
10
104.9573429999999945
20
-74.2159520000000015
11
105.2554349999999914
21
-74.2601659999999981
0
LINE
8
BLACK
6
CONTINUOUS
10
105.2554349999999914
20
-74.2601659999999981
11
105.5477580000000017
21
-74.3333859999999902
0
LINE
8
BLACK
6
CONTINUOUS
10
105.5477580000000017
20
-74.3333859999999902
11
105.8314960000000013
21
-74.4349069999999955
0
LINE
8
BLACK
6
CONTINUOUS
10
105.8314960000000013
20
-74.4349069999999955
11
106.1039169999999956
21
-74.5637499999999989
0
LINE
8
BLACK
6
CONTINUOUS
10
106.1039169999999956
20
-74.5637499999999989
11
106.3623970000000014
21
-74.7186749999999904
0
LINE
8
BLACK
6
CONTINUOUS
10
106.3623970000000014
20
-74.7186749999999904
11
106.6044469999999933
21
-74.8981909999999971
0
LINE
8
BLACK
6
CONTINUOUS
10
106.6044469999999933
20
-74.8981909999999971
11
106.8277349999999899
21
-75.1005669999999981
0
LINE
8
BLACK
6
CONTINUOUS
10
106.8277349999999899
20
-75.1005669999999981
11
106.8277239999999892
21
-75.1005789999999962
0
LINE
8
BLACK
6
CONTINUOUS
10
106.8277239999999892
20
-75.1005789999999962
11
106.8277259999999984
21
-75.1005820000000028
0
LINE
8
BLACK
6
CONTINUOUS
10
106.8277259999999984
20
-75.1005820000000028
11
108.1233399999999989
21
-76.3961949999999916
0
LINE
8
BLACK
6
CONTINUOUS
10
108.1233399999999989
20
-76.3961949999999916
11
108.1233399999999989
21
-75.2931509999999946
0
LINE
8
BLACK
6
CONTINUOUS
10
108.1233399999999989
20
-75.2931509999999946
11
108.1233409999999964
21
-75.2931299999999908
0
LINE
8
BLACK
6
CONTINUOUS
10
108.1233409999999964
20
-75.2931299999999908
11
108.1381209999999982
21
-74.9921669999999949
0
LINE
8
BLACK
6
CONTINUOUS
10
108.1381209999999982
20
-74.9921669999999949
11
108.1823339999999973
21
-74.6940740000000005
0
LINE
8
BLACK
6
CONTINUOUS
10
108.1823339999999973
20
-74.6940740000000005
11
108.2555519999999945
21
-74.4017499999999927
0
LINE
8
BLACK
6
CONTINUOUS
10
108.2555519999999945
20
-74.4017499999999927
11
108.3570709999999906
21
-74.1180109999999956
0
LINE
8
BLACK
6
CONTINUOUS
10
108.3570709999999906
20
-74.1180109999999956
11
108.4859129999999965
21
-73.8455889999999897
0
LINE
8
BLACK
6
CONTINUOUS
10
108.4859129999999965
20
-73.8455889999999897
11
108.6408359999999931
21
-73.5871080000000006
0
LINE
8
BLACK
6
CONTINUOUS
10
108.6408359999999931
20
-73.5871080000000006
11
108.8203489999999931
21
-73.3450559999999996
0
LINE
8
BLACK
6
CONTINUOUS
10
108.8203489999999931
20
-73.3450559999999996
11
109.0227239999999966
21
-73.1217659999999938
0
LINE
8
BLACK
6
CONTINUOUS
10
109.0227239999999966
20
-73.1217659999999938
11
109.0227459999999979
21
-73.1217879999999951
0
LINE
8
BLACK
6
CONTINUOUS
10
109.0227459999999979
20
-73.1217879999999951
11
109.0227489999999904
21
-73.1217850000000027
0
LINE
8
BLACK
6
CONTINUOUS
10
109.0227489999999904
20
-73.1217850000000027
11
110.3340199999999953
21
-71.8105139999999977
0
LINE
8
BLACK
6
CONTINUOUS
10
110.3340199999999953
20
-71.8105139999999977
11
110.3227879999999885
21
-71.7833979999999912
0
LINE
8
BLACK
6
CONTINUOUS
10
110.3227879999999885
20
-71.7833979999999912
11
110.292192
21
-71.6295839999999941
0
LINE
8
BLACK
6
CONTINUOUS
10
110.292192
20
-71.6295839999999941
11
110.292192
21
-71.4727559999999897
0
LINE
8
BLACK
6
CONTINUOUS
10
110.292192
20
-71.4727559999999897
11
110.3227879999999885
21
-71.3189419999999927
0
LINE
8
BLACK
6
CONTINUOUS
10
110.3227879999999885
20
-71.3189419999999927
11
110.3828029999999956
21
-71.1740530000000007
0
LINE
8
BLACK
6
CONTINUOUS
10
110.3828029999999956
20
-71.1740530000000007
11
110.469932
21
-71.0436550000000011
0
LINE
8
BLACK
6
CONTINUOUS
10
110.469932
20
-71.0436550000000011
11
110.5808249999999902
21
-70.9327619999999968
0
LINE
8
BLACK
6
CONTINUOUS
10
110.5808249999999902
20
-70.9327619999999968
11
110.7112229999999897
21
-70.8456329999999923
0
LINE
8
BLACK
6
CONTINUOUS
10
110.7112229999999897
20
-70.8456329999999923
11
110.856111999999996
21
-70.7856179999999995
0
LINE
8
BLACK
6
CONTINUOUS
10
110.856111999999996
20
-70.7856179999999995
11
111.009925999999993
21
-70.7550219999999968
0
LINE
8
BLACK
6
CONTINUOUS
10
111.009925999999993
20
-70.7550219999999968
11
111.1667539999999974
21
-70.7550219999999968
0
LINE
8
BLACK
6
CONTINUOUS
10
111.1667539999999974
20
-70.7550219999999968
11
111.3205679999999944
21
-70.7856179999999995
0
LINE
8
BLACK
6
CONTINUOUS
10
98.0155680000000018
20
-81.0556179999999955
11
98.1604569999999939
21
-81.1156330000000025
0
LINE
8
BLACK
6
CONTINUOUS
10
98.1604569999999939
20
-81.1156330000000025
11
98.2908549999999934
21
-81.2027619999999928
0
LINE
8
BLACK
6
CONTINUOUS
10
98.2908549999999934
20
-81.2027619999999928
11
98.4017479999999978
21
-81.3136549999999971
0
LINE
8
BLACK
6
CONTINUOUS
10
98.4017479999999978
20
-81.3136549999999971
11
98.4888770000000022
21
-81.4440529999999967
0
LINE
8
BLACK
6
CONTINUOUS
10
98.4888770000000022
20
-81.4440529999999967
11
98.5488919999999951
21
-81.588942000000003
0
LINE
8
BLACK
6
CONTINUOUS
10
98.5488919999999951
20
-81.588942000000003
11
98.5794879999999978
21
-81.742756
0
LINE
8
BLACK
6
CONTINUOUS
10
98.5794879999999978
20
-81.742756
11
98.5794879999999978
21
-81.8995839999999902
0
LINE
8
BLACK
6
CONTINUOUS
10
98.5794879999999978
20
-81.8995839999999902
11
98.5488919999999951
21
-82.0533980000000014
0
LINE
8
BLACK
6
CONTINUOUS
10
98.5488919999999951
20
-82.0533980000000014
11
98.4888770000000022
21
-82.1982869999999934
0
LINE
8
BLACK
6
CONTINUOUS
10
98.4888770000000022
20
-82.1982869999999934
11
98.4017479999999978
21
-82.328684999999993
0
LINE
8
BLACK
6
CONTINUOUS
10
98.4017479999999978
20
-82.328684999999993
11
98.2908549999999934
21
-82.4395779999999974
0
LINE
8
BLACK
6
CONTINUOUS
10
98.2908549999999934
20
-82.4395779999999974
11
98.1604569999999939
21
-82.5267070000000018
0
LINE
8
BLACK
6
CONTINUOUS
10
98.1604569999999939
20
-82.5267070000000018
11
98.0155680000000018
21
-82.5867219999999946
0
LINE
8
BLACK
6
CONTINUOUS
10
98.0155680000000018
20
-82.5867219999999946
11
97.8617539999999906
21
-82.6173179999999974
0
LINE
8
BLACK
6
CONTINUOUS
10
97.8617539999999906
20
-82.6173179999999974
11
97.7049260000000004
21
-82.6173179999999974
0
LINE
8
BLACK
6
CONTINUOUS
10
97.7049260000000004
20
-82.6173179999999974
11
97.5511119999999892
21
-82.5867219999999946
0
LINE
8
BLACK
6
CONTINUOUS
10
97.5511119999999892
20
-82.5867219999999946
11
97.4062229999999971
21
-82.5267070000000018
0
LINE
8
BLACK
6
CONTINUOUS
10
97.4062229999999971
20
-82.5267070000000018
11
97.2758249999999975
21
-82.4395779999999974
0
LINE
8
BLACK
6
CONTINUOUS
10
97.2758249999999975
20
-82.4395779999999974
11
97.1649319999999932
21
-82.328684999999993
0
LINE
8
BLACK
6
CONTINUOUS
10
97.1649319999999932
20
-82.328684999999993
11
97.0778029999999887
21
-82.1982869999999934
0
LINE
8
BLACK
6
CONTINUOUS
10
97.0778029999999887
20
-82.1982869999999934
11
97.0665709999999962
21
-82.1711699999999894
0
LINE
8
BLACK
6
CONTINUOUS
10
97.0665709999999962
20
-82.1711699999999894
11
96.1445269999999965
21
-82.1711699999999894
0
LINE
8
BLACK
6
CONTINUOUS
10
96.1445269999999965
20
-82.1711699999999894
11
96.1445209999999975
21
-82.1711689999999919
0
LINE
8
BLACK
6
CONTINUOUS
10
96.1445209999999975
20
-82.1711689999999919
11
96.1445190000000025
21
-82.1711699999999894
0
LINE
8
BLACK
6
CONTINUOUS
10
96.1445190000000025
20
-82.1711699999999894
11
96.1445190000000025
21
-82.1712029999999913
0
LINE
8
BLACK
6
CONTINUOUS
10
96.1445190000000025
20
-82.1712029999999913
11
96.0739889999999974
21
-82.1712019999999939
0
LINE
8
BLACK
6
CONTINUOUS
10
96.0739889999999974
20
-82.1712019999999939
11
95.9346639999999979
21
-82.1932649999999967
0
LINE
8
BLACK
6
CONTINUOUS
10
95.9346639999999979
20
-82.1932649999999967
11
95.8005050000000011
21
-82.2368510000000015
0
LINE
8
BLACK
6
CONTINUOUS
10
95.8005050000000011
20
-82.2368510000000015
11
95.6748169999999902
21
-82.3008880000000005
0
LINE
8
BLACK
6
CONTINUOUS
10
95.6748169999999902
20
-82.3008880000000005
11
95.5734759999999994
21
-82.3745090000000033
0
LINE
8
BLACK
6
CONTINUOUS
10
95.5734759999999994
20
-82.3745090000000033
11
95.5949689999999919
21
-82.4825579999999974
0
LINE
8
BLACK
6
CONTINUOUS
10
95.5949689999999919
20
-82.4825579999999974
11
95.5949689999999919
21
-82.6197820000000007
0
LINE
8
BLACK
6
CONTINUOUS
10
95.5949689999999919
20
-82.6197820000000007
11
95.5681979999999953
21
-82.754368999999997
0
LINE
8
BLACK
6
CONTINUOUS
10
95.5681979999999953
20
-82.754368999999997
11
95.5156849999999906
21
-82.881147999999996
0
LINE
8
BLACK
6
CONTINUOUS
10
95.5156849999999906
20
-82.881147999999996
11
95.4394470000000013
21
-82.995244999999997
0
LINE
8
BLACK
6
CONTINUOUS
10
95.4394470000000013
20
-82.995244999999997
11
95.3424150000000026
21
-83.0922769999999957
0
LINE
8
BLACK
6
CONTINUOUS
10
95.3424150000000026
20
-83.0922769999999957
11
95.2283180000000016
21
-83.1685149999999993
0
LINE
8
BLACK
6
CONTINUOUS
10
95.2283180000000016
20
-83.1685149999999993
11
95.1015390000000025
21
-83.2210279999999898
0
LINE
8
BLACK
6
CONTINUOUS
10
95.1015390000000025
20
-83.2210279999999898
11
94.966951999999992
21
-83.2477990000000005
0
LINE
8
BLACK
6
CONTINUOUS
10
94.966951999999992
20
-83.2477990000000005
11
94.8297279999999887
21
-83.2477990000000005
0
LINE
8
BLACK
6
CONTINUOUS
10
94.8297279999999887
20
-83.2477990000000005
11
94.6951409999999925
21
-83.2210279999999898
0
LINE
8
BLACK
6
CONTINUOUS
10
94.6951409999999925
20
-83.2210279999999898
11
94.5683619999999934
21
-83.1685149999999993
0
LINE
8
BLACK
6
CONTINUOUS
10
94.5683619999999934
20
-83.1685149999999993
11
94.4542649999999924
21
-83.0922769999999957
0
LINE
8
BLACK
6
CONTINUOUS
10
94.4542649999999924
20
-83.0922769999999957
11
94.3572329999999937
21
-82.995244999999997
0
LINE
8
BLACK
6
CONTINUOUS
10
94.3572329999999937
20
-82.995244999999997
11
94.2809949999999901
21
-82.881147999999996
0
LINE
8
BLACK
6
CONTINUOUS
10
94.2809949999999901
20
-82.881147999999996
11
94.2284819999999996
21
-82.754368999999997
0
LINE
8
BLACK
6
CONTINUOUS
10
94.2284819999999996
20
-82.754368999999997
11
94.2017109999999889
21
-82.6197820000000007
0
LINE
8
BLACK
6
CONTINUOUS
10
94.2017109999999889
20
-82.6197820000000007
11
94.2017109999999889
21
-82.4825579999999974
0
LINE
8
BLACK
6
CONTINUOUS
10
94.2017109999999889
20
-82.4825579999999974
11
94.2284819999999996
21
-82.3479710000000011
0
LINE
8
BLACK
6
CONTINUOUS
10
94.2284819999999996
20
-82.3479710000000011
11
94.2809949999999901
21
-82.2211920000000021
0
LINE
8
BLACK
6
CONTINUOUS
10
94.2809949999999901
20
-82.2211920000000021
11
94.3572329999999937
21
-82.1070950000000011
0
LINE
8
BLACK
6
CONTINUOUS
10
94.3572329999999937
20
-82.1070950000000011
11
94.4542649999999924
21
-82.0100630000000024
0
LINE
8
BLACK
6
CONTINUOUS
10
94.4542649999999924
20
-82.0100630000000024
11
94.5683619999999934
21
-81.9338249999999988
0
LINE
8
BLACK
6
CONTINUOUS
10
94.5683619999999934
20
-81.9338249999999988
11
94.6951409999999925
21
-81.8813119999999941
0
LINE
8
BLACK
6
CONTINUOUS
10
94.6951409999999925
20
-81.8813119999999941
11
94.8297279999999887
21
-81.8545409999999976
0
LINE
8
BLACK
6
CONTINUOUS
10
94.8297279999999887
20
-81.8545409999999976
11
94.966951999999992
21
-81.8545409999999976
0
LINE
8
BLACK
6
CONTINUOUS
10
94.966951999999992
20
-81.8545409999999976
11
95.085021999999995
21
-81.8780259999999913
0
LINE
8
BLACK
6
CONTINUOUS
10
95.085021999999995
20
-81.8780259999999913
11
95.1728430000000003
21
-81.80101599999999
0
LINE
8
BLACK
6
CONTINUOUS
10
95.1728430000000003
20
-81.80101599999999
11
95.3464479999999952
21
-81.6850259999999935
0
LINE
8
BLACK
6
CONTINUOUS
10
95.3464479999999952
20
-81.6850259999999935
11
95.5337069999999926
21
-81.5926879999999954
0
LINE
8
BLACK
6
CONTINUOUS
10
95.5337069999999926
20
-81.5926879999999954
11
95.7314159999999958
21
-81.5255810000000025
0
LINE
8
BLACK
6
CONTINUOUS
10
95.7314159999999958
20
-81.5255810000000025
11
95.9361940000000004
21
-81.4848539999999986
0
LINE
8
BLACK
6
CONTINUOUS
10
95.9361940000000004
20
-81.4848539999999986
11
96.0986800000000017
21
-81.4742069999999927
0
LINE
8
BLACK
6
CONTINUOUS
10
96.0986800000000017
20
-81.4742069999999927
11
96.0988430000000022
21
-81.4741640000000018
0
LINE
8
BLACK
6
CONTINUOUS
10
96.0988430000000022
20
-81.4741640000000018
11
96.1445269999999965
21
-81.4711700000000008
0
LINE
8
BLACK
6
CONTINUOUS
10
96.1445269999999965
20
-81.4711700000000008
11
97.0665709999999962
21
-81.4711700000000008
0
LINE
8
BLACK
6
CONTINUOUS
10
97.0665709999999962
20
-81.4711700000000008
11
97.0778029999999887
21
-81.4440529999999967
0
LINE
8
BLACK
6
CONTINUOUS
10
97.0778029999999887
20
-81.4440529999999967
11
97.1649319999999932
21
-81.3136549999999971
0
LINE
8
BLACK
6
CONTINUOUS
10
97.1649319999999932
20
-81.3136549999999971
11
97.2758249999999975
21
-81.2027619999999928
0
LINE
8
BLACK
6
CONTINUOUS
10
97.2758249999999975
20
-81.2027619999999928
11
97.4062229999999971
21
-81.1156330000000025
0
LINE
8
BLACK
6
CONTINUOUS
10
97.4062229999999971
20
-81.1156330000000025
11
97.5511119999999892
21
-81.0556179999999955
0
LINE
8
BLACK
6
CONTINUOUS
10
97.5511119999999892
20
-81.0556179999999955
11
97.7049260000000004
21
-81.0250219999999928
0
LINE
8
BLACK
6
CONTINUOUS
10
97.7049260000000004
20
-81.0250219999999928
11
97.8617539999999906
21
-81.0250219999999928
0
LINE
8
BLACK
6
CONTINUOUS
10
97.8617539999999906
20
-81.0250219999999928
11
98.0155680000000018
21
-81.0556179999999955
0
LINE
8
BLACK
6
CONTINUOUS
10
73.8383400000000023
20
-114.301169999999999
11
74.5883400000000023
21
-114.301169999999999
0
LINE
8
BLACK
6
CONTINUOUS
10
74.5883400000000023
20
-114.301169999999999
11
74.5883400000000023
21
-114.801169999999999
0
LINE
8
BLACK
6
CONTINUOUS
10
74.5883400000000023
20
-114.801169999999999
11
73.8383400000000023
21
-114.801169999999999
0
LINE
8
BLACK
6
CONTINUOUS
10
73.8383400000000023
20
-114.801169999999999
11
73.8383400000000023
21
-115.551169999999999
0
LINE
8
BLACK
6
CONTINUOUS
10
73.8383400000000023
20
-115.551169999999999
11
73.3383400000000023
21
-115.551169999999999
0
LINE
8
BLACK
6
CONTINUOUS
10
73.3383400000000023
20
-115.551169999999999
11
73.3383400000000023
21
-114.801169999999999
0
LINE
8
BLACK
6
CONTINUOUS
10
73.3383400000000023
20
-114.801169999999999
11
72.5883400000000023
21
-114.801169999999999
0
LINE
8
BLACK
6
CONTINUOUS
10
72.5883400000000023
20
-114.801169999999999
11
72.5883400000000023
21
-114.301169999999999
0
LINE
8
BLACK
6
CONTINUOUS
10
72.5883400000000023
20
-114.301169999999999
11
73.3383400000000023
21
-114.301169999999999
0
LINE
8
BLACK
6
CONTINUOUS
10
73.3383400000000023
20
-114.301169999999999
11
73.3383400000000023
21
-113.551169999999999
0
LINE
8
BLACK
6
CONTINUOUS
10
73.3383400000000023
20
-113.551169999999999
11
73.8383400000000023
21
-113.551169999999999
0
LINE
8
BLACK
6
CONTINUOUS
10
73.8383400000000023
20
-113.551169999999999
11
73.8383400000000023
21
-114.301169999999999
0
LINE
8
BLACK
6
CONTINUOUS
10
145.8383399999999881
20
-114.301169999999999
11
146.5883399999999881
21
-114.301169999999999
0
LINE
8
BLACK
6
CONTINUOUS
10
146.5883399999999881
20
-114.301169999999999
11
146.5883399999999881
21
-114.801169999999999
0
LINE
8
BLACK
6
CONTINUOUS
10
146.5883399999999881
20
-114.801169999999999
11
145.8383399999999881
21
-114.801169999999999
0
LINE
8
BLACK
6
CONTINUOUS
10
145.8383399999999881
20
-114.801169999999999
11
145.8383399999999881
21
-115.551169999999999
0
LINE
8
BLACK
6
CONTINUOUS
10
145.8383399999999881
20
-115.551169999999999
11
145.3383399999999881
21
-115.551169999999999
0
LINE
8
BLACK
6
CONTINUOUS
10
145.3383399999999881
20
-115.551169999999999
11
145.3383399999999881
21
-114.801169999999999
0
LINE
8
BLACK
6
CONTINUOUS
10
145.3383399999999881
20
-114.801169999999999
11
144.5883399999999881
21
-114.801169999999999
0
LINE
8
BLACK
6
CONTINUOUS
10
144.5883399999999881
20
-114.801169999999999
11
144.5883399999999881
21
-114.301169999999999
0
LINE
8
BLACK
6
CONTINUOUS
10
144.5883399999999881
20
-114.301169999999999
11
145.3383399999999881
21
-114.301169999999999
0
LINE
8
BLACK
6
CONTINUOUS
10
145.3383399999999881
20
-114.301169999999999
11
145.3383399999999881
21
-113.551169999999999
0
LINE
8
BLACK
6
CONTINUOUS
10
145.3383399999999881
20
-113.551169999999999
11
145.8383399999999881
21
-113.551169999999999
0
LINE
8
BLACK
6
CONTINUOUS
10
145.8383399999999881
20
-113.551169999999999
11
145.8383399999999881
21
-114.301169999999999
0
LINE
8
BLACK
6
CONTINUOUS
10
90.7292009999999891
20
-89.063256999999993
11
90.9123359999999963
21
-89.0996839999999963
0
LINE
8
BLACK
6
CONTINUOUS
10
90.9123359999999963
20
-89.0996839999999963
11
91.0848450000000014
21
-89.1711399999999941
0
LINE
8
BLACK
6
CONTINUOUS
10
91.0848450000000014
20
-89.1711399999999941
11
91.2400999999999982
21
-89.2748780000000011
0
LINE
8
BLACK
6
CONTINUOUS
10
91.2400999999999982
20
-89.2748780000000011
11
91.3721319999999935
21
-89.4069099999999963
0
LINE
8
BLACK
6
CONTINUOUS
10
91.3721319999999935
20
-89.4069099999999963
11
91.4758700000000005
21
-89.5621649999999931
0
LINE
8
BLACK
6
CONTINUOUS
10
91.4758700000000005
20
-89.5621649999999931
11
91.5473259999999982
21
-89.7346739999999983
0
LINE
8
BLACK
6
CONTINUOUS
10
91.5473259999999982
20
-89.7346739999999983
11
91.5837530000000015
21
-89.9178089999999912
0
LINE
8
BLACK
6
CONTINUOUS
10
91.5837530000000015
20
-89.9178089999999912
11
91.5837530000000015
21
-90.1045309999999944
0
LINE
8
BLACK
6
CONTINUOUS
10
91.5837530000000015
20
-90.1045309999999944
11
91.5473259999999982
21
-90.2876660000000015
0
LINE
8
BLACK
6
CONTINUOUS
10
91.5473259999999982
20
-90.2876660000000015
11
91.4758700000000005
21
-90.4601749999999925
0
LINE
8
BLACK
6
CONTINUOUS
10
91.4758700000000005
20
-90.4601749999999925
11
91.3721319999999935
21
-90.6154299999999893
0
LINE
8
BLACK
6
CONTINUOUS
10
91.3721319999999935
20
-90.6154299999999893
11
91.2400999999999982
21
-90.7474619999999987
0
LINE
8
BLACK
6
CONTINUOUS
10
91.2400999999999982
20
-90.7474619999999987
11
91.0848450000000014
21
-90.8511999999999915
0
LINE
8
BLACK
6
CONTINUOUS
10
91.0848450000000014
20
-90.8511999999999915
11
90.9123359999999963
21
-90.9226559999999893
0
LINE
8
BLACK
6
CONTINUOUS
10
90.9123359999999963
20
-90.9226559999999893
11
90.7292009999999891
21
-90.9590829999999926
0
LINE
8
BLACK
6
CONTINUOUS
10
90.7292009999999891
20
-90.9590829999999926
11
90.6358400000000017
21
-90.9636699999999934
0
LINE
8
BLACK
6
CONTINUOUS
10
90.6358400000000017
20
-90.9636699999999934
11
90.5408400000000029
21
-90.9636699999999934
0
LINE
8
BLACK
6
CONTINUOUS
10
90.5408400000000029
20
-90.9636699999999934
11
90.4870119999999929
21
-90.9610249999999922
0
LINE
8
BLACK
6
CONTINUOUS
10
90.4870119999999929
20
-90.9610249999999922
11
87.6139119999999991
21
-93.8341240000000028
0
LINE
8
BLACK
6
CONTINUOUS
10
87.6139119999999991
20
-93.8341240000000028
11
87.6139129999999966
21
-93.8341240000000028
0
LINE
8
BLACK
6
CONTINUOUS
10
87.6139129999999966
20
-93.8341240000000028
11
87.6139199999999931
21
-93.8341309999999993
0
LINE
8
BLACK
6
CONTINUOUS
10
87.6139199999999931
20
-93.8341309999999993
11
87.5059859999999929
21
-93.9420649999999995
0
LINE
8
BLACK
6
CONTINUOUS
10
87.5059859999999929
20
-93.9420649999999995
11
87.3123169999999931
21
-94.1780519999999939
0
LINE
8
BLACK
6
CONTINUOUS
10
87.3123169999999931
20
-94.1780519999999939
11
87.1427109999999914
21
-94.4318859999999916
0
LINE
8
BLACK
6
CONTINUOUS
10
87.1427109999999914
20
-94.4318859999999916
11
86.9988010000000003
21
-94.7011210000000005
0
LINE
8
BLACK
6
CONTINUOUS
10
86.9988010000000003
20
-94.7011210000000005
11
86.8819730000000021
21
-94.9831659999999971
0
LINE
8
BLACK
6
CONTINUOUS
10
86.8819730000000021
20
-94.9831659999999971
11
86.7933529999999962
21
-95.2753029999999939
0
LINE
8
BLACK
6
CONTINUOUS
10
86.7933529999999962
20
-95.2753029999999939
11
86.7337929999999915
21
-95.5747199999999992
0
LINE
8
BLACK
6
CONTINUOUS
10
86.7337929999999915
20
-95.5747199999999992
11
86.7038679999999999
21
-95.8785329999999902
0
LINE
8
BLACK
6
CONTINUOUS
10
86.7038679999999999
20
-95.8785329999999902
11
86.7038670000000025
21
-96.0311749999999904
0
LINE
8
BLACK
6
CONTINUOUS
10
86.7038670000000025
20
-96.0311749999999904
11
86.7039010000000019
21
-96.0311749999999904
0
LINE
8
BLACK
6
CONTINUOUS
10
86.7039010000000019
20
-96.0311749999999904
11
86.7038999999999902
21
-96.1838159999999931
0
LINE
8
BLACK
6
CONTINUOUS
10
86.7038999999999902
20
-96.1838159999999931
11
86.7338199999999944
21
-96.4876280000000008
0
LINE
8
BLACK
6
CONTINUOUS
10
86.7338199999999944
20
-96.4876280000000008
11
86.7933749999999975
21
-96.7870439999999945
0
LINE
8
BLACK
6
CONTINUOUS
10
86.7933749999999975
20
-96.7870439999999945
11
86.8819900000000018
21
-97.0791809999999913
0
LINE
8
BLACK
6
CONTINUOUS
10
86.8819900000000018
20
-97.0791809999999913
11
86.9988129999999984
21
-97.361226000000002
0
LINE
8
BLACK
6
CONTINUOUS
10
86.9988129999999984
20
-97.361226000000002
11
87.1427189999999996
21
-97.6304619999999943
0
LINE
8
BLACK
6
CONTINUOUS
10
87.1427189999999996
20
-97.6304619999999943
11
87.3123209999999972
21
-97.884295999999992
0
LINE
8
BLACK
6
CONTINUOUS
10
87.3123209999999972
20
-97.884295999999992
11
87.5059859999999929
21
-98.1202849999999955
0
LINE
8
BLACK
6
CONTINUOUS
10
87.5059859999999929
20
-98.1202849999999955
11
87.6139119999999991
21
-98.2282139999999941
0
LINE
8
BLACK
6
CONTINUOUS
10
87.6139119999999991
20
-98.2282139999999941
11
94.9770699999999977
21
-105.5913719999999927
0
LINE
8
BLACK
6
CONTINUOUS
10
94.9770699999999977
20
-105.5913719999999927
11
94.9773549999999886
21
-105.5916969999999964
0
LINE
8
BLACK
6
CONTINUOUS
10
94.9773549999999886
20
-105.5916969999999964
11
95.204630999999992
21
-105.8189699999999931
0
LINE
8
BLACK
6
CONTINUOUS
10
95.204630999999992
20
-105.8189699999999931
11
95.684597999999994
21
-106.2478929999999906
0
LINE
8
BLACK
6
CONTINUOUS
10
95.684597999999994
20
-106.2478929999999906
11
96.1878600000000006
21
-106.6492289999999912
0
LINE
8
BLACK
6
CONTINUOUS
10
96.1878600000000006
20
-106.6492289999999912
11
96.7128329999999892
21
-107.0217159999999978
0
LINE
8
BLACK
6
CONTINUOUS
10
96.7128329999999892
20
-107.0217159999999978
11
97.2578659999999928
21
-107.3641799999999904
0
LINE
8
BLACK
6
CONTINUOUS
10
97.2578659999999928
20
-107.3641799999999904
11
97.821243999999993
21
-107.6755459999999971
0
LINE
8
BLACK
6
CONTINUOUS
10
97.821243999999993
20
-107.6755459999999971
11
98.4011939999999896
21
-107.9548339999999911
0
LINE
8
BLACK
6
CONTINUOUS
10
98.4011939999999896
20
-107.9548339999999911
11
98.9958910000000003
21
-108.201162999999994
0
LINE
8
BLACK
6
CONTINUOUS
10
98.9958910000000003
20
-108.201162999999994
11
99.6034649999999999
21
-108.4137599999999964
0
LINE
8
BLACK
6
CONTINUOUS
10
99.6034649999999999
20
-108.4137599999999964
11
100.2220030000000008
21
-108.5919559999999962
0
LINE
8
BLACK
6
CONTINUOUS
10
100.2220030000000008
20
-108.5919559999999962
11
100.8495599999999968
21
-108.7351899999999887
0
LINE
8
BLACK
6
CONTINUOUS
10
100.8495599999999968
20
-108.7351899999999887
11
101.4841599999999886
21
-108.84301099999999
0
LINE
8
BLACK
6
CONTINUOUS
10
101.4841599999999886
20
-108.84301099999999
11
102.1238079999999968
21
-108.915079999999989
0
LINE
8
BLACK
6
CONTINUOUS
10
102.1238079999999968
20
-108.915079999999989
11
102.766491000000002
21
-108.9511699999999905
0
LINE
8
BLACK
6
CONTINUOUS
10
102.766491000000002
20
-108.9511699999999905
11
103.0762809999999945
21
-108.951168999999993
0
LINE
8
BLACK
6
CONTINUOUS
10
103.0762809999999945
20
-108.951168999999993
11
103.0818000000000012
21
-108.8880970000000019
0
LINE
8
BLACK
6
CONTINUOUS
10
103.0818000000000012
20
-108.8880970000000019
11
103.1587559999999968
21
-108.4516569999999973
0
LINE
8
BLACK
6
CONTINUOUS
10
103.1587559999999968
20
-108.4516569999999973
11
103.2734579999999909
21
-108.0235849999999971
0
LINE
8
BLACK
6
CONTINUOUS
10
103.2734579999999909
20
-108.0235849999999971
11
103.4250320000000016
21
-107.607137999999992
0
LINE
8
BLACK
6
CONTINUOUS
10
103.4250320000000016
20
-107.607137999999992
11
103.6123249999999985
21
-107.2054869999999909
0
LINE
8
BLACK
6
CONTINUOUS
10
103.6123249999999985
20
-107.2054869999999909
11
103.8339110000000005
21
-106.8216879999999946
0
LINE
8
BLACK
6
CONTINUOUS
10
103.8339110000000005
20
-106.8216879999999946
11
104.0881049999999988
21
-106.4586619999999897
0
LINE
8
BLACK
6
CONTINUOUS
10
104.0881049999999988
20
-106.4586619999999897
11
104.3729709999999926
21
-106.1191719999999918
0
LINE
8
BLACK
6
CONTINUOUS
10
104.3729709999999926
20
-106.1191719999999918
11
104.6863419999999962
21
-105.8058009999999882
0
LINE
8
BLACK
6
CONTINUOUS
10
104.6863419999999962
20
-105.8058009999999882
11
105.0258319999999941
21
-105.5209349999999944
0
LINE
8
BLACK
6
CONTINUOUS
10
105.0258319999999941
20
-105.5209349999999944
11
105.388857999999999
21
-105.2667409999999961
0
LINE
8
BLACK
6
CONTINUOUS
10
105.388857999999999
20
-105.2667409999999961
11
105.7726569999999953
21
-105.0451549999999941
0
LINE
8
BLACK
6
CONTINUOUS
10
105.7726569999999953
20
-105.0451549999999941
11
106.1743079999999964
21
-104.8578619999999972
0
LINE
8
BLACK
6
CONTINUOUS
10
106.1743079999999964
20
-104.8578619999999972
11
106.5907550000000015
21
-104.7062880000000007
0
LINE
8
BLACK
6
CONTINUOUS
10
106.5907550000000015
20
-104.7062880000000007
11
107.0188270000000017
21
-104.5915859999999924
0
LINE
8
BLACK
6
CONTINUOUS
10
107.0188270000000017
20
-104.5915859999999924
11
107.4552669999999921
21
-104.5146299999999968
0
LINE
8
BLACK
6
CONTINUOUS
10
107.4552669999999921
20
-104.5146299999999968
11
107.8967540000000014
21
-104.4760050000000007
0
LINE
8
BLACK
6
CONTINUOUS
10
107.8967540000000014
20
-104.4760050000000007
11
108.3399259999999913
21
-104.4760050000000007
0
LINE
8
BLACK
6
CONTINUOUS
10
108.3399259999999913
20
-104.4760050000000007
11
108.7814130000000006
21
-104.5146299999999968
0
LINE
8
BLACK
6
CONTINUOUS
10
108.7814130000000006
20
-104.5146299999999968
11
109.217852999999991
21
-104.5915859999999924
0
LINE
8
BLACK
6
CONTINUOUS
10
109.217852999999991
20
-104.5915859999999924
11
109.6459249999999912
21
-104.7062880000000007
0
LINE
8
BLACK
6
CONTINUOUS
10
109.6459249999999912
20
-104.7062880000000007
11
110.0623719999999963
21
-104.8578619999999972
0
LINE
8
BLACK
6
CONTINUOUS
10
110.0623719999999963
20
-104.8578619999999972
11
110.4640229999999974
21
-105.0451549999999941
0
LINE
8
BLACK
6
CONTINUOUS
10
110.4640229999999974
20
-105.0451549999999941
11
110.8478219999999936
21
-105.2667409999999961
0
LINE
8
BLACK
6
CONTINUOUS
10
110.8478219999999936
20
-105.2667409999999961
11
111.2108479999999986
21
-105.5209349999999944
0
LINE
8
BLACK
6
CONTINUOUS
10
111.2108479999999986
20
-105.5209349999999944
11
111.5503379999999964
21
-105.8058009999999882
0
LINE
8
BLACK
6
CONTINUOUS
10
111.5503379999999964
20
-105.8058009999999882
11
111.8637090000000001
21
-106.1191719999999918
0
LINE
8
BLACK
6
CONTINUOUS
10
111.8637090000000001
20
-106.1191719999999918
11
112.1485749999999939
21
-106.4586619999999897
0
LINE
8
BLACK
6
CONTINUOUS
10
112.1485749999999939
20
-106.4586619999999897
11
112.4027689999999922
21
-106.8216879999999946
0
LINE
8
BLACK
6
CONTINUOUS
10
112.4027689999999922
20
-106.8216879999999946
11
112.6243549999999942
21
-107.2054869999999909
0
LINE
8
BLACK
6
CONTINUOUS
10
112.6243549999999942
20
-107.2054869999999909
11
112.811647999999991
21
-107.607137999999992
0
LINE
8
BLACK
6
CONTINUOUS
10
112.811647999999991
20
-107.607137999999992
11
112.9632220000000018
21
-108.0235849999999971
0
LINE
8
BLACK
6
CONTINUOUS
10
112.9632220000000018
20
-108.0235849999999971
11
113.0779239999999959
21
-108.4516569999999973
0
LINE
8
BLACK
6
CONTINUOUS
10
113.0779239999999959
20
-108.4516569999999973
11
113.1548799999999915
21
-108.8880970000000019
0
LINE
8
BLACK
6
CONTINUOUS
10
113.1548799999999915
20
-108.8880970000000019
11
113.1935050000000018
21
-109.329583999999997
0
LINE
8
BLACK
6
CONTINUOUS
10
113.1935050000000018
20
-109.329583999999997
11
113.1935050000000018
21
-109.7727560000000011
0
LINE
8
BLACK
6
CONTINUOUS
10
113.1935050000000018
20
-109.7727560000000011
11
113.1548799999999915
21
-110.2142429999999962
0
LINE
8
BLACK
6
CONTINUOUS
10
113.1548799999999915
20
-110.2142429999999962
11
113.0779239999999959
21
-110.6506830000000008
0
LINE
8
BLACK
6
CONTINUOUS
10
113.0779239999999959
20
-110.6506830000000008
11
112.9632220000000018
21
-111.078755000000001
0
LINE
8
BLACK
6
CONTINUOUS
10
112.9632220000000018
20
-111.078755000000001
11
112.811647999999991
21
-111.4952019999999919
0
LINE
8
BLACK
6
CONTINUOUS
10
112.811647999999991
20
-111.4952019999999919
11
112.6243549999999942
21
-111.896852999999993
0
LINE
8
BLACK
6
CONTINUOUS
10
112.6243549999999942
20
-111.896852999999993
11
112.4027689999999922
21
-112.2806519999999892
0
LINE
8
BLACK
6
CONTINUOUS
10
112.4027689999999922
20
-112.2806519999999892
11
112.1485749999999939
21
-112.6436779999999942
0
LINE
8
BLACK
6
CONTINUOUS
10
112.1485749999999939
20
-112.6436779999999942
11
111.8637090000000001
21
-112.983167999999992
0
LINE
8
BLACK
6
CONTINUOUS
10
111.8637090000000001
20
-112.983167999999992
11
111.5503379999999964
21
-113.2965389999999957
0
LINE
8
BLACK
6
CONTINUOUS
10
111.5503379999999964
20
-113.2965389999999957
11
111.2108479999999986
21
-113.5814049999999895
0
LINE
8
BLACK
6
CONTINUOUS
10
111.2108479999999986
20
-113.5814049999999895
11
110.8478219999999936
21
-113.8355989999999878
0
LINE
8
BLACK
6
CONTINUOUS
10
110.8478219999999936
20
-113.8355989999999878
11
110.4640229999999974
21
-114.0571849999999898
0
LINE
8
BLACK
6
CONTINUOUS
10
110.4640229999999974
20
-114.0571849999999898
11
110.0623719999999963
21
-114.2444780000000009
0
LINE
8
BLACK
6
CONTINUOUS
10
110.0623719999999963
20
-114.2444780000000009
11
109.6459249999999912
21
-114.3960519999999974
0
LINE
8
BLACK
6
CONTINUOUS
10
109.6459249999999912
20
-114.3960519999999974
11
109.217852999999991
21
-114.5107539999999915
0
LINE
8
BLACK
6
CONTINUOUS
10
109.217852999999991
20
-114.5107539999999915
11
108.7814130000000006
21
-114.5877100000000013
0
LINE
8
BLACK
6
CONTINUOUS
10
108.7814130000000006
20
-114.5877100000000013
11
108.3399259999999913
21
-114.6263349999999974
0
LINE
8
BLACK
6
CONTINUOUS
10
108.3399259999999913
20
-114.6263349999999974
11
107.8967540000000014
21
-114.6263349999999974
0
LINE
8
BLACK
6
CONTINUOUS
10
107.8967540000000014
20
-114.6263349999999974
11
107.4552669999999921
21
-114.5877100000000013
0
LINE
8
BLACK
6
CONTINUOUS
10
107.4552669999999921
20
-114.5877100000000013
11
107.0188270000000017
21
-114.5107539999999915
0
LINE
8
BLACK
6
CONTINUOUS
10
107.0188270000000017
20
-114.5107539999999915
11
106.5907550000000015
21
-114.3960519999999974
0
LINE
8
BLACK
6
CONTINUOUS
10
106.5907550000000015
20
-114.3960519999999974
11
106.1743079999999964
21
-114.2444780000000009
0
LINE
8
BLACK
6
CONTINUOUS
10
106.1743079999999964
20
-114.2444780000000009
11
105.7726569999999953
21
-114.0571849999999898
0
LINE
8
BLACK
6
CONTINUOUS
10
105.7726569999999953
20
-114.0571849999999898
11
105.388857999999999
21
-113.8355989999999878
0
LINE
8
BLACK
6
CONTINUOUS
10
105.388857999999999
20
-113.8355989999999878
11
105.0258319999999941
21
-113.5814049999999895
0
LINE
8
BLACK
6
CONTINUOUS
10
105.0258319999999941
20
-113.5814049999999895
11
104.6863419999999962
21
-113.2965389999999957
0
LINE
8
BLACK
6
CONTINUOUS
10
104.6863419999999962
20
-113.2965389999999957
11
104.3729709999999926
21
-112.983167999999992
0
LINE
8
BLACK
6
CONTINUOUS
10
104.3729709999999926
20
-112.983167999999992
11
104.0881049999999988
21
-112.6436779999999942
0
LINE
8
BLACK
6
CONTINUOUS
10
104.0881049999999988
20
-112.6436779999999942
11
103.8339110000000005
21
-112.2806519999999892
0
LINE
8
BLACK
6
CONTINUOUS
10
103.8339110000000005
20
-112.2806519999999892
11
103.6123249999999985
21
-111.896852999999993
0
LINE
8
BLACK
6
CONTINUOUS
10
103.6123249999999985
20
-111.896852999999993
11
103.4250320000000016
21
-111.4952019999999919
0
LINE
8
BLACK
6
CONTINUOUS
10
103.4250320000000016
20
-111.4952019999999919
11
103.2734579999999909
21
-111.078755000000001
0
LINE
8
BLACK
6
CONTINUOUS
10
103.2734579999999909
20
-111.078755000000001
11
103.1587559999999968
21
-110.6506830000000008
0
LINE
8
BLACK
6
CONTINUOUS
10
103.1587559999999968
20
-110.6506830000000008
11
103.0818000000000012
21
-110.2142429999999962
0
LINE
8
BLACK
6
CONTINUOUS
10
103.0818000000000012
20
-110.2142429999999962
11
103.0762539999999916
21
-110.1508520000000004
0
LINE
8
BLACK
6
CONTINUOUS
10
103.0762539999999916
20
-110.1508520000000004
11
102.4251889999999889
21
-110.1338059999999928
0
LINE
8
BLACK
6
CONTINUOUS
10
102.4251889999999889
20
-110.1338059999999928
11
101.7638529999999975
21
-110.0817599999999885
0
LINE
8
BLACK
6
CONTINUOUS
10
101.7638529999999975
20
-110.0817599999999885
11
101.1061469999999929
21
-109.9951729999999941
0
LINE
8
BLACK
6
CONTINUOUS
10
101.1061469999999929
20
-109.9951729999999941
11
100.4538749999999965
21
-109.8742839999999887
0
LINE
8
BLACK
6
CONTINUOUS
10
100.4538749999999965
20
-109.8742839999999887
11
99.8088229999999896
21
-109.7194229999999919
0
LINE
8
BLACK
6
CONTINUOUS
10
99.8088229999999896
20
-109.7194229999999919
11
99.1727599999999967
21
-109.531013999999999
0
LINE
8
BLACK
6
CONTINUOUS
10
99.1727599999999967
20
-109.531013999999999
11
98.5474289999999939
21
-109.3095749999999953
0
LINE
8
BLACK
6
CONTINUOUS
10
98.5474289999999939
20
-109.3095749999999953
11
97.934545
21
-109.0557119999999998
0
LINE
8
BLACK
6
CONTINUOUS
10
97.934545
20
-109.0557119999999998
11
97.3357869999999963
21
-108.770120999999989
0
LINE
8
BLACK
6
CONTINUOUS
10
97.3357869999999963
20
-108.770120999999989
11
96.7527959999999894
21
-108.4535849999999897
0
LINE
8
BLACK
6
CONTINUOUS
10
96.7527959999999894
20
-108.4535849999999897
11
96.1871699999999947
21
-108.1069710000000015
0
LINE
8
BLACK
6
CONTINUOUS
10
96.1871699999999947
20
-108.1069710000000015
11
95.6404589999999928
21
-107.7312299999999965
0
LINE
8
BLACK
6
CONTINUOUS
10
95.6404589999999928
20
-107.7312299999999965
11
95.1141629999999907
21
-107.3273909999999915
0
LINE
8
BLACK
6
CONTINUOUS
10
95.1141629999999907
20
-107.3273909999999915
11
94.6097239999999999
21
-106.8965609999999913
0
LINE
8
BLACK
6
CONTINUOUS
10
94.6097239999999999
20
-106.8965609999999913
11
94.1285230000000013
21
-106.4399209999999982
0
LINE
8
BLACK
6
CONTINUOUS
10
94.1285230000000013
20
-106.4399209999999982
11
94.1285429999999934
21
-106.4399009999999919
0
LINE
8
BLACK
6
CONTINUOUS
10
94.1285429999999934
20
-106.4399009999999919
11
94.1285419999999959
21
-106.4398999999999944
0
LINE
8
BLACK
6
CONTINUOUS
10
94.1285419999999959
20
-106.4398999999999944
11
86.7653839999999974
21
-99.0767419999999959
0
LINE
8
BLACK
6
CONTINUOUS
10
86.7653839999999974
20
-99.0767419999999959
11
86.7653799999999933
21
-99.0767369999999943
0
LINE
8
BLACK
6
CONTINUOUS
10
86.7653799999999933
20
-99.0767369999999943
11
86.7653779999999983
21
-99.0767359999999968
0
LINE
8
BLACK
6
CONTINUOUS
10
86.7653779999999983
20
-99.0767359999999968
11
86.5115339999999975
21
-98.7997060000000005
0
LINE
8
BLACK
6
CONTINUOUS
10
86.5115339999999975
20
-98.7997060000000005
11
86.2827989999999971
21
-98.5016049999999979
0
LINE
8
BLACK
6
CONTINUOUS
10
86.2827989999999971
20
-98.5016049999999979
11
86.0809169999999995
21
-98.1847039999999964
0
LINE
8
BLACK
6
CONTINUOUS
10
86.0809169999999995
20
-98.1847039999999964
11
85.9074219999999968
21
-97.8514139999999912
0
LINE
8
BLACK
6
CONTINUOUS
10
85.9074219999999968
20
-97.8514139999999912
11
85.7636349999999936
21
-97.5042709999999886
0
LINE
8
BLACK
6
CONTINUOUS
10
85.7636349999999936
20
-97.5042709999999886
11
85.6506509999999963
21
-97.1459169999999972
0
LINE
8
BLACK
6
CONTINUOUS
10
85.6506509999999963
20
-97.1459169999999972
11
85.5693279999999987
21
-96.7790799999999933
0
LINE
8
BLACK
6
CONTINUOUS
10
85.5693279999999987
20
-96.7790799999999933
11
85.5202879999999936
21
-96.4065509999999932
0
LINE
8
BLACK
6
CONTINUOUS
10
85.5202879999999936
20
-96.4065509999999932
11
85.5039199999999937
21
-96.0316019999999924
0
LINE
8
BLACK
6
CONTINUOUS
10
85.5039199999999937
20
-96.0316019999999924
11
85.5038669999999996
21
-96.0311650000000014
0
LINE
8
BLACK
6
CONTINUOUS
10
85.5038669999999996
20
-96.0311650000000014
11
85.5202599999999933
21
-95.6557789999999954
0
LINE
8
BLACK
6
CONTINUOUS
10
85.5202599999999933
20
-95.6557789999999954
11
85.5693059999999974
21
-95.2832499999999953
0
LINE
8
BLACK
6
CONTINUOUS
10
85.5693059999999974
20
-95.2832499999999953
11
85.6506339999999966
21
-94.9164129999999915
0
LINE
8
BLACK
6
CONTINUOUS
10
85.6506339999999966
20
-94.9164129999999915
11
85.763623999999993
21
-94.5580599999999976
0
LINE
8
BLACK
6
CONTINUOUS
10
85.763623999999993
20
-94.5580599999999976
11
85.9074159999999978
21
-94.2109179999999924
0
LINE
8
BLACK
6
CONTINUOUS
10
85.9074159999999978
20
-94.2109179999999924
11
86.080916000000002
21
-93.8776299999999964
0
LINE
8
BLACK
6
CONTINUOUS
10
86.080916000000002
20
-93.8776299999999964
11
86.2828030000000012
21
-93.5607299999999924
0
LINE
8
BLACK
6
CONTINUOUS
10
86.2828030000000012
20
-93.5607299999999924
11
86.511540999999994
21
-93.2626329999999939
0
LINE
8
BLACK
6
CONTINUOUS
10
86.511540999999994
20
-93.2626329999999939
11
86.7651089999999954
21
-92.9859099999999899
0
LINE
8
BLACK
6
CONTINUOUS
10
86.7651089999999954
20
-92.9859099999999899
11
86.7653839999999974
21
-92.9855969999999985
0
LINE
8
BLACK
6
CONTINUOUS
10
86.7653839999999974
20
-92.9855969999999985
11
89.6018069999999938
21
-90.1491740000000021
0
LINE
8
BLACK
6
CONTINUOUS
10
89.6018069999999938
20
-90.1491740000000021
11
89.5929269999999889
21
-90.1045309999999944
0
LINE
8
BLACK
6
CONTINUOUS
10
89.5929269999999889
20
-90.1045309999999944
11
89.5929269999999889
21
-89.9178089999999912
0
LINE
8
BLACK
6
CONTINUOUS
10
89.5929269999999889
20
-89.9178089999999912
11
89.6293539999999922
21
-89.7346739999999983
0
LINE
8
BLACK
6
CONTINUOUS
10
89.6293539999999922
20
-89.7346739999999983
11
89.7008099999999899
21
-89.5621649999999931
0
LINE
8
BLACK
6
CONTINUOUS
10
89.7008099999999899
20
-89.5621649999999931
11
89.8045479999999969
21
-89.4069099999999963
0
LINE
8
BLACK
6
CONTINUOUS
10
89.8045479999999969
20
-89.4069099999999963
11
89.9365799999999922
21
-89.2748780000000011
0
LINE
8
BLACK
6
CONTINUOUS
10
89.9365799999999922
20
-89.2748780000000011
11
90.091834999999989
21
-89.1711399999999941
0
LINE
8
BLACK
6
CONTINUOUS
10
90.091834999999989
20
-89.1711399999999941
11
90.2643439999999941
21
-89.0996839999999963
0
LINE
8
BLACK
6
CONTINUOUS
10
90.2643439999999941
20
-89.0996839999999963
11
90.4474790000000013
21
-89.063256999999993
0
LINE
8
BLACK
6
CONTINUOUS
10
90.4474790000000013
20
-89.063256999999993
11
90.5408400000000029
21
-89.0586699999999922
0
LINE
8
BLACK
6
CONTINUOUS
10
90.5408400000000029
20
-89.0586699999999922
11
90.6358400000000017
21
-89.0586699999999922
0
LINE
8
BLACK
6
CONTINUOUS
10
90.6358400000000017
20
-89.0586699999999922
11
90.7292009999999891
21
-89.063256999999993
0
LINE
8
BLACK
6
CONTINUOUS
10
87.4815389999999979
20
-81.8813119999999941
11
87.608317999999997
21
-81.9338249999999988
0
LINE
8
BLACK
6
CONTINUOUS
10
87.608317999999997
20
-81.9338249999999988
11
87.722414999999998
21
-82.0100630000000024
0
LINE
8
BLACK
6
CONTINUOUS
10
87.722414999999998
20
-82.0100630000000024
11
87.8194469999999967
21
-82.1070950000000011
0
LINE
8
BLACK
6
CONTINUOUS
10
87.8194469999999967
20
-82.1070950000000011
11
87.8956850000000003
21
-82.2211920000000021
0
LINE
8
BLACK
6
CONTINUOUS
10
87.8956850000000003
20
-82.2211920000000021
11
87.9481979999999908
21
-82.3479710000000011
0
LINE
8
BLACK
6
CONTINUOUS
10
87.9481979999999908
20
-82.3479710000000011
11
87.9749690000000015
21
-82.4825579999999974
0
LINE
8
BLACK
6
CONTINUOUS
10
87.9749690000000015
20
-82.4825579999999974
11
87.9749690000000015
21
-82.6197820000000007
0
LINE
8
BLACK
6
CONTINUOUS
10
87.9749690000000015
20
-82.6197820000000007
11
87.952894999999998
21
-82.7307509999999979
0
LINE
8
BLACK
6
CONTINUOUS
10
87.952894999999998
20
-82.7307509999999979
11
88.7394479999999959
21
-83.5173029999999983
0
LINE
8
BLACK
6
CONTINUOUS
10
88.7394479999999959
20
-83.5173029999999983
11
88.7397749999999945
21
-83.5176759999999945
0
LINE
8
BLACK
6
CONTINUOUS
10
88.7397749999999945
20
-83.5176759999999945
11
88.7831379999999939
21
-83.5610360000000014
0
LINE
8
BLACK
6
CONTINUOUS
10
88.7831379999999939
20
-83.5610360000000014
11
88.8859609999999947
21
-83.6297349999999966
0
LINE
8
BLACK
6
CONTINUOUS
10
88.8859609999999947
20
-83.6297349999999966
11
89.0002099999999956
21
-83.6770530000000008
0
LINE
8
BLACK
6
CONTINUOUS
10
89.0002099999999956
20
-83.6770530000000008
11
89.1214949999999959
21
-83.7011729999999972
0
LINE
8
BLACK
6
CONTINUOUS
10
89.1214949999999959
20
-83.7011729999999972
11
89.1833259999999939
21
-83.7011699999999905
0
LINE
8
BLACK
6
CONTINUOUS
10
89.1833259999999939
20
-83.7011699999999905
11
89.1833400000000012
21
-83.7011719999999997
0
LINE
8
BLACK
6
CONTINUOUS
10
89.1833400000000012
20
-83.7011719999999997
11
89.1833539999999942
21
-83.7011699999999905
0
LINE
8
BLACK
6
CONTINUOUS
10
89.1833539999999942
20
-83.7011699999999905
11
89.3566589999999934
21
-83.7125360000000001
0
LINE
8
BLACK
6
CONTINUOUS
10
89.3566589999999934
20
-83.7125360000000001
11
89.5269969999999944
21
-83.7464259999999996
0
LINE
8
BLACK
6
CONTINUOUS
10
89.5269969999999944
20
-83.7464259999999996
11
89.6914549999999906
21
-83.8022599999999898
0
LINE
8
BLACK
6
CONTINUOUS
10
89.6914549999999906
20
-83.8022599999999898
11
89.8472170000000006
21
-83.8790819999999968
0
LINE
8
BLACK
6
CONTINUOUS
10
89.8472170000000006
20
-83.8790819999999968
11
89.9916199999999975
21
-83.9755789999999962
0
LINE
8
BLACK
6
CONTINUOUS
10
89.9916199999999975
20
-83.9755789999999962
11
90.0876269999999977
21
-84.0597829999999959
0
LINE
8
BLACK
6
CONTINUOUS
10
90.0876269999999977
20
-84.0597829999999959
11
90.0877849999999967
21
-84.0598739999999935
0
LINE
8
BLACK
6
CONTINUOUS
10
90.0877849999999967
20
-84.0598739999999935
11
90.1222049999999939
21
-84.0900609999999915
0
LINE
8
BLACK
6
CONTINUOUS
10
90.1222049999999939
20
-84.0900609999999915
11
90.1222159999999946
21
-84.0900719999999922
0
LINE
8
BLACK
6
CONTINUOUS
10
90.1222159999999946
20
-84.0900719999999922
11
90.122216999999992
21
-84.0900719999999922
0
LINE
8
BLACK
6
CONTINUOUS
10
90.122216999999992
20
-84.0900719999999922
11
90.1222190000000012
21
-84.0900749999999988
0
LINE
8
BLACK
6
CONTINUOUS
10
90.1222190000000012
20
-84.0900749999999988
11
90.3358269999999948
21
-84.3036829999999924
0
LINE
8
BLACK
6
CONTINUOUS
10
90.3358269999999948
20
-84.3036829999999924
11
90.3358279999999922
21
-84.3036839999999899
0
LINE
8
BLACK
6
CONTINUOUS
10
90.3358279999999922
20
-84.3036839999999899
11
90.4895429999999976
21
-84.4756929999999926
0
LINE
8
BLACK
6
CONTINUOUS
10
90.4895429999999976
20
-84.4756929999999926
11
90.6230339999999899
21
-84.6638299999999902
0
LINE
8
BLACK
6
CONTINUOUS
10
90.6230339999999899
20
-84.6638299999999902
11
90.73462099999999
21
-84.8657309999999967
0
LINE
8
BLACK
6
CONTINUOUS
10
90.73462099999999
20
-84.8657309999999967
11
90.8229019999999991
21
-85.0788560000000018
0
LINE
8
BLACK
6
CONTINUOUS
10
90.8229019999999991
20
-85.0788560000000018
11
90.8867649999999969
21
-85.3005239999999958
0
LINE
8
BLACK
6
CONTINUOUS
10
90.8867649999999969
20
-85.3005239999999958
11
90.9254079999999902
21
-85.5279489999999925
0
LINE
8
BLACK
6
CONTINUOUS
10
90.9254079999999902
20
-85.5279489999999925
11
90.9383459999999957
21
-85.7582709999999935
0
LINE
8
BLACK
6
CONTINUOUS
10
90.9383459999999957
20
-85.7582709999999935
11
90.9383399999999966
21
-85.7582709999999935
0
LINE
8
BLACK
6
CONTINUOUS
10
90.9383399999999966
20
-85.7582709999999935
11
90.9383399999999966
21
-85.7582759999999951
0
LINE
8
BLACK
6
CONTINUOUS
10
90.9383399999999966
20
-85.7582759999999951
11
90.9383399999999966
21
-86.5186700000000002
0
LINE
8
BLACK
6
CONTINUOUS
10
90.9383399999999966
20
-86.5186700000000002
11
91.5883400000000023
21
-86.5186700000000002
0
LINE
8
BLACK
6
CONTINUOUS
10
91.5883400000000023
20
-86.5186700000000002
11
91.5883400000000023
21
-88.4236700000000013
0
LINE
8
BLACK
6
CONTINUOUS
10
91.5883400000000023
20
-88.4236700000000013
11
89.5883400000000023
21
-88.4236700000000013
0
LINE
8
BLACK
6
CONTINUOUS
10
89.5883400000000023
20
-88.4236700000000013
11
89.5883400000000023
21
-86.5186700000000002
0
LINE
8
BLACK
6
CONTINUOUS
10
89.5883400000000023
20
-86.5186700000000002
11
90.2383399999999938
21
-86.5186700000000002
0
LINE
8
BLACK
6
CONTINUOUS
10
90.2383399999999938
20
-86.5186700000000002
11
90.2383399999999938
21
-85.7582759999999951
0
LINE
8
BLACK
6
CONTINUOUS
10
90.2383399999999938
20
-85.7582759999999951
11
90.2383449999999954
21
-85.758184
0
LINE
8
BLACK
6
CONTINUOUS
10
90.2383449999999954
20
-85.758184
11
90.2383449999999954
21
-85.6693309999999997
0
LINE
8
BLACK
6
CONTINUOUS
10
90.2383449999999954
20
-85.6693309999999997
11
90.2151219999999938
21
-85.492953
0
LINE
8
BLACK
6
CONTINUOUS
10
90.2151219999999938
20
-85.492953
11
90.1690770000000015
21
-85.3211149999999918
0
LINE
8
BLACK
6
CONTINUOUS
10
90.1690770000000015
20
-85.3211149999999918
11
90.1009969999999925
21
-85.1567579999999964
0
LINE
8
BLACK
6
CONTINUOUS
10
90.1009969999999925
20
-85.1567579999999964
11
90.0120469999999955
21
-85.0026919999999961
0
LINE
8
BLACK
6
CONTINUOUS
10
90.0120469999999955
20
-85.0026919999999961
11
89.9037479999999931
21
-84.8615539999999982
0
LINE
8
BLACK
6
CONTINUOUS
10
89.9037479999999931
20
-84.8615539999999982
11
89.8408510000000007
21
-84.7986569999999915
0
LINE
8
BLACK
6
CONTINUOUS
10
89.8408510000000007
20
-84.7986569999999915
11
89.8408519999999982
21
-84.798655999999994
0
LINE
8
BLACK
6
CONTINUOUS
10
89.8408519999999982
20
-84.798655999999994
11
89.6272309999999948
21
-84.5850349999999906
0
LINE
8
BLACK
6
CONTINUOUS
10
89.6272309999999948
20
-84.5850349999999906
11
89.6272249999999957
21
-84.5850279999999941
0
LINE
8
BLACK
6
CONTINUOUS
10
89.6272249999999957
20
-84.5850279999999941
11
89.6272189999999966
21
-84.58502399999999
0
LINE
8
BLACK
6
CONTINUOUS
10
89.6272189999999966
20
-84.58502399999999
11
89.6271929999999912
21
-84.5850489999999979
0
LINE
8
BLACK
6
CONTINUOUS
10
89.6271929999999912
20
-84.5850489999999979
11
89.583477000000002
21
-84.5413289999999904
0
LINE
8
BLACK
6
CONTINUOUS
10
89.583477000000002
20
-84.5413289999999904
11
89.4806669999999968
21
-84.4726270000000028
0
LINE
8
BLACK
6
CONTINUOUS
10
89.4806669999999968
20
-84.4726270000000028
11
89.3664279999999991
21
-84.4253020000000021
0
LINE
8
BLACK
6
CONTINUOUS
10
89.3664279999999991
20
-84.4253020000000021
11
89.2451519999999903
21
-84.401173
0
LINE
8
BLACK
6
CONTINUOUS
10
89.2451519999999903
20
-84.401173
11
89.1833259999999939
21
-84.4011699999999934
0
LINE
8
BLACK
6
CONTINUOUS
10
89.1833259999999939
20
-84.4011699999999934
11
89.1833060000000017
21
-84.4011659999999893
0
LINE
8
BLACK
6
CONTINUOUS
10
89.1833060000000017
20
-84.4011659999999893
11
89.0100439999999935
21
-84.3898179999999911
0
LINE
8
BLACK
6
CONTINUOUS
10
89.0100439999999935
20
-84.3898179999999911
11
88.839698999999996
21
-84.3559410000000014
0
LINE
8
BLACK
6
CONTINUOUS
10
88.839698999999996
20
-84.3559410000000014
11
88.6752329999999915
21
-84.3001189999999951
0
LINE
8
BLACK
6
CONTINUOUS
10
88.6752329999999915
20
-84.3001189999999951
11
88.5194599999999951
21
-84.2233080000000029
0
LINE
8
BLACK
6
CONTINUOUS
10
88.5194599999999951
20
-84.2233080000000029
11
88.3750450000000001
21
-84.12682199999999
0
LINE
8
BLACK
6
CONTINUOUS
10
88.3750450000000001
20
-84.12682199999999
11
88.2444599999999895
21
-84.0123099999999994
0
LINE
8
BLACK
6
CONTINUOUS
10
88.2444599999999895
20
-84.0123099999999994
11
88.2444830000000024
21
-84.0122879999999981
0
LINE
8
BLACK
6
CONTINUOUS
10
88.2444830000000024
20
-84.0122879999999981
11
88.2444799999999958
21
-84.012283999999994
0
LINE
8
BLACK
6
CONTINUOUS
10
88.2444799999999958
20
-84.012283999999994
11
88.2444729999999993
21
-84.0122779999999949
0
LINE
8
BLACK
6
CONTINUOUS
10
88.2444729999999993
20
-84.0122779999999949
11
87.4579209999999989
21
-83.2257249999999971
0
LINE
8
BLACK
6
CONTINUOUS
10
87.4579209999999989
20
-83.2257249999999971
11
87.3469520000000017
21
-83.2477990000000005
0
LINE
8
BLACK
6
CONTINUOUS
10
87.3469520000000017
20
-83.2477990000000005
11
87.2097279999999984
21
-83.2477990000000005
0
LINE
8
BLACK
6
CONTINUOUS
10
87.2097279999999984
20
-83.2477990000000005
11
87.0751410000000021
21
-83.2210279999999898
0
LINE
8
BLACK
6
CONTINUOUS
10
87.0751410000000021
20
-83.2210279999999898
11
86.948362000000003
21
-83.1685149999999993
0
LINE
8
BLACK
6
CONTINUOUS
10
86.948362000000003
20
-83.1685149999999993
11
86.834265000000002
21
-83.0922769999999957
0
LINE
8
BLACK
6
CONTINUOUS
10
86.834265000000002
20
-83.0922769999999957
11
86.7372329999999891
21
-82.995244999999997
0
LINE
8
BLACK
6
CONTINUOUS
10
86.7372329999999891
20
-82.995244999999997
11
86.6609949999999998
21
-82.881147999999996
0
LINE
8
BLACK
6
CONTINUOUS
10
86.6609949999999998
20
-82.881147999999996
11
86.6084819999999951
21
-82.754368999999997
0
LINE
8
BLACK
6
CONTINUOUS
10
86.6084819999999951
20
-82.754368999999997
11
86.5817109999999985
21
-82.6197820000000007
0
LINE
8
BLACK
6
CONTINUOUS
10
86.5817109999999985
20
-82.6197820000000007
11
86.5817109999999985
21
-82.4825579999999974
0
LINE
8
BLACK
6
CONTINUOUS
10
86.5817109999999985
20
-82.4825579999999974
11
86.6084819999999951
21
-82.3479710000000011
0
LINE
8
BLACK
6
CONTINUOUS
10
86.6084819999999951
20
-82.3479710000000011
11
86.6609949999999998
21
-82.2211920000000021
0
LINE
8
BLACK
6
CONTINUOUS
10
86.6609949999999998
20
-82.2211920000000021
11
86.7372329999999891
21
-82.1070950000000011
0
LINE
8
BLACK
6
CONTINUOUS
10
86.7372329999999891
20
-82.1070950000000011
11
86.834265000000002
21
-82.0100630000000024
0
LINE
8
BLACK
6
CONTINUOUS
10
86.834265000000002
20
-82.0100630000000024
11
86.948362000000003
21
-81.9338249999999988
0
LINE
8
BLACK
6
CONTINUOUS
10
86.948362000000003
20
-81.9338249999999988
11
87.0751410000000021
21
-81.8813119999999941
0
LINE
8
BLACK
6
CONTINUOUS
10
87.0751410000000021
20
-81.8813119999999941
11
87.2097279999999984
21
-81.8545409999999976
0
LINE
8
BLACK
6
CONTINUOUS
10
87.2097279999999984
20
-81.8545409999999976
11
87.3469520000000017
21
-81.8545409999999976
0
LINE
8
BLACK
6
CONTINUOUS
10
87.3469520000000017
20
-81.8545409999999976
11
87.4815389999999979
21
-81.8813119999999941
0
LINE
8
BLACK
6
CONTINUOUS
10
133.8614709999999945
20
-62.4134969999999996
11
134.0360799999999983
21
-62.4702309999999983
0
LINE
8
BLACK
6
CONTINUOUS
10
134.0360799999999983
20
-62.4702309999999983
11
134.1996629999999868
21
-62.5535809999999941
0
LINE
8
BLACK
6
CONTINUOUS
10
134.1996629999999868
20
-62.5535809999999941
11
134.3481940000000066
21
-62.6614949999999951
0
LINE
8
BLACK
6
CONTINUOUS
10
134.3481940000000066
20
-62.6614949999999951
11
134.4780149999999992
21
-62.7913159999999948
0
LINE
8
BLACK
6
CONTINUOUS
10
134.4780149999999992
20
-62.7913159999999948
11
134.585928999999993
21
-62.9398470000000003
0
LINE
8
BLACK
6
CONTINUOUS
10
134.585928999999993
20
-62.9398470000000003
11
134.6692789999999889
21
-63.1034299999999959
0
LINE
8
BLACK
6
CONTINUOUS
10
134.6692789999999889
20
-63.1034299999999959
11
134.7260129999999947
21
-63.2780389999999997
0
LINE
8
BLACK
6
CONTINUOUS
10
134.7260129999999947
20
-63.2780389999999997
11
134.7547329999999874
21
-63.4593729999999994
0
LINE
8
BLACK
6
CONTINUOUS
10
134.7547329999999874
20
-63.4593729999999994
11
134.7547329999999874
21
-63.6429669999999987
0
LINE
8
BLACK
6
CONTINUOUS
10
134.7547329999999874
20
-63.6429669999999987
11
134.7260129999999947
21
-63.8243009999999984
0
LINE
8
BLACK
6
CONTINUOUS
10
134.7260129999999947
20
-63.8243009999999984
11
134.6692789999999889
21
-63.9989099999999951
0
LINE
8
BLACK
6
CONTINUOUS
10
134.6692789999999889
20
-63.9989099999999951
11
134.585928999999993
21
-64.1624929999999978
0
LINE
8
BLACK
6
CONTINUOUS
10
134.585928999999993
20
-64.1624929999999978
11
134.4780149999999992
21
-64.3110240000000033
0
LINE
8
BLACK
6
CONTINUOUS
10
134.4780149999999992
20
-64.3110240000000033
11
134.3481940000000066
21
-64.4408449999999959
0
LINE
8
BLACK
6
CONTINUOUS
10
134.3481940000000066
20
-64.4408449999999959
11
134.1996629999999868
21
-64.548759000000004
0
LINE
8
BLACK
6
CONTINUOUS
10
134.1996629999999868
20
-64.548759000000004
11
134.0360799999999983
21
-64.6321089999999998
0
LINE
8
BLACK
6
CONTINUOUS
10
134.0360799999999983
20
-64.6321089999999998
11
133.9383399999999824
21
-64.6638659999999987
0
LINE
8
BLACK
6
CONTINUOUS
10
133.9383399999999824
20
-64.6638659999999987
11
133.9383399999999824
21
-67.4384730000000019
0
LINE
8
BLACK
6
CONTINUOUS
10
133.9383399999999824
20
-67.4384730000000019
11
134.0360799999999983
21
-67.4702309999999983
0
LINE
8
BLACK
6
CONTINUOUS
10
134.0360799999999983
20
-67.4702309999999983
11
134.1996629999999868
21
-67.5535809999999941
0
LINE
8
BLACK
6
CONTINUOUS
10
134.1996629999999868
20
-67.5535809999999941
11
134.3481940000000066
21
-67.6614950000000022
0
LINE
8
BLACK
6
CONTINUOUS
10
134.3481940000000066
20
-67.6614950000000022
11
134.4780149999999992
21
-67.7913159999999948
0
LINE
8
BLACK
6
CONTINUOUS
10
134.4780149999999992
20
-67.7913159999999948
11
134.585928999999993
21
-67.9398470000000003
0
LINE
8
BLACK
6
CONTINUOUS
10
134.585928999999993
20
-67.9398470000000003
11
134.6692789999999889
21
-68.103430000000003
0
LINE
8
BLACK
6
CONTINUOUS
10
134.6692789999999889
20
-68.103430000000003
11
134.7260129999999947
21
-68.2780389999999926
0
LINE
8
BLACK
6
CONTINUOUS
10
134.7260129999999947
20
-68.2780389999999926
11
134.7547329999999874
21
-68.4593729999999994
0
LINE
8
BLACK
6
CONTINUOUS
10
134.7547329999999874
20
-68.4593729999999994
11
134.7547329999999874
21
-68.6429669999999987
0
LINE
8
BLACK
6
CONTINUOUS
10
134.7547329999999874
20
-68.6429669999999987
11
134.7260129999999947
21
-68.8243009999999913
0
LINE
8
BLACK
6
CONTINUOUS
10
134.7260129999999947
20
-68.8243009999999913
11
134.6692789999999889
21
-68.9989099999999951
0
LINE
8
BLACK
6
CONTINUOUS
10
134.6692789999999889
20
-68.9989099999999951
11
134.585928999999993
21
-69.1624929999999978
0
LINE
8
BLACK
6
CONTINUOUS
10
134.585928999999993
20
-69.1624929999999978
11
134.4780149999999992
21
-69.3110240000000033
0
LINE
8
BLACK
6
CONTINUOUS
10
134.4780149999999992
20
-69.3110240000000033
11
134.3481940000000066
21
-69.4408449999999959
0
LINE
8
BLACK
6
CONTINUOUS
10
134.3481940000000066
20
-69.4408449999999959
11
134.1996629999999868
21
-69.5487589999999898
0
LINE
8
BLACK
6
CONTINUOUS
10
134.1996629999999868
20
-69.5487589999999898
11
134.0360799999999983
21
-69.6321089999999998
0
LINE
8
BLACK
6
CONTINUOUS
10
134.0360799999999983
20
-69.6321089999999998
11
133.9383399999999824
21
-69.6638659999999987
0
LINE
8
BLACK
6
CONTINUOUS
10
133.9383399999999824
20
-69.6638659999999987
11
133.9383399999999824
21
-75.1369509999999963
0
LINE
8
BLACK
6
CONTINUOUS
10
133.9383399999999824
20
-75.1369509999999963
11
133.9240199999999845
21
-75.4650259999999946
0
LINE
8
BLACK
6
CONTINUOUS
10
133.9240199999999845
20
-75.4650259999999946
11
133.8811609999999916
21
-75.7906040000000019
0
LINE
8
BLACK
6
CONTINUOUS
10
133.8811609999999916
20
-75.7906040000000019
11
133.8100900000000024
21
-76.1112079999999906
0
LINE
8
BLACK
6
CONTINUOUS
10
133.8100900000000024
20
-76.1112079999999906
11
133.7113459999999918
21
-76.4243979999999965
0
LINE
8
BLACK
6
CONTINUOUS
10
133.7113459999999918
20
-76.4243979999999965
11
133.5856819999999914
21
-76.7277899999999988
0
LINE
8
BLACK
6
CONTINUOUS
10
133.5856819999999914
20
-76.7277899999999988
11
133.4340540000000033
21
-77.0190740000000034
0
LINE
8
BLACK
6
CONTINUOUS
10
133.4340540000000033
20
-77.0190740000000034
11
133.257614999999987
21
-77.2960360000000009
0
LINE
8
BLACK
6
CONTINUOUS
10
133.257614999999987
20
-77.2960360000000009
11
133.0577099999999859
21
-77.5565659999999895
0
LINE
8
BLACK
6
CONTINUOUS
10
133.0577099999999859
20
-77.5565659999999895
11
132.8358580000000018
21
-77.798681000000002
0
LINE
8
BLACK
6
CONTINUOUS
10
132.8358580000000018
20
-77.798681000000002
11
132.8358309999999847
21
-77.7986539999999991
0
LINE
8
BLACK
6
CONTINUOUS
10
132.8358309999999847
20
-77.7986539999999991
11
132.8358279999999922
21
-77.798655999999994
0
LINE
8
BLACK
6
CONTINUOUS
10
132.8358279999999922
20
-77.798655999999994
11
132.8358259999999973
21
-77.7986590000000007
0
LINE
8
BLACK
6
CONTINUOUS
10
132.8358259999999973
20
-77.7986590000000007
11
132.5937140000000056
21
-78.0205109999999991
0
LINE
8
BLACK
6
CONTINUOUS
10
132.5937140000000056
20
-78.0205109999999991
11
132.3331880000000069
21
-78.2204179999999951
0
LINE
8
BLACK
6
CONTINUOUS
10
132.3331880000000069
20
-78.2204179999999951
11
132.0562309999999968
21
-78.3968579999999946
0
LINE
8
BLACK
6
CONTINUOUS
10
132.0562309999999968
20
-78.3968579999999946
11
131.7649499999999989
21
-78.5484889999999893
0
LINE
8
BLACK
6
CONTINUOUS
10
131.7649499999999989
20
-78.5484889999999893
11
131.4615619999999865
21
-78.6741569999999939
0
LINE
8
BLACK
6
CONTINUOUS
10
131.4615619999999865
20
-78.6741569999999939
11
131.1483759999999847
21
-78.7729049999999944
0
LINE
8
BLACK
6
CONTINUOUS
10
131.1483759999999847
20
-78.7729049999999944
11
130.8277760000000001
21
-78.8439809999999994
0
LINE
8
BLACK
6
CONTINUOUS
10
130.8277760000000001
20
-78.8439809999999994
11
130.5022009999999852
21
-78.8868459999999914
0
LINE
8
BLACK
6
CONTINUOUS
10
130.5022009999999852
20
-78.8868459999999914
11
130.1741289999999935
21
-78.9011720000000025
0
LINE
8
BLACK
6
CONTINUOUS
10
130.1741289999999935
20
-78.9011720000000025
11
130.1741289999999935
21
-78.9011699999999934
0
LINE
8
BLACK
6
CONTINUOUS
10
130.1741289999999935
20
-78.9011699999999934
11
130.1741279999999961
21
-78.9011689999999959
0
LINE
8
BLACK
6
CONTINUOUS
10
130.1741279999999961
20
-78.9011689999999959
11
130.1741260000000011
21
-78.9011699999999934
0
LINE
8
BLACK
6
CONTINUOUS
10
130.1741260000000011
20
-78.9011699999999934
11
128.2582219999999893
21
-78.9011699999999934
0
LINE
8
BLACK
6
CONTINUOUS
10
128.2582219999999893
20
-78.9011699999999934
11
128.2582209999999918
21
-78.9011689999999959
0
LINE
8
BLACK
6
CONTINUOUS
10
128.2582209999999918
20
-78.9011689999999959
11
128.2582209999999918
21
-78.9011699999999934
0
LINE
8
BLACK
6
CONTINUOUS
10
128.2582209999999918
20
-78.9011699999999934
11
128.2582209999999918
21
-78.9011759999999924
0
LINE
8
BLACK
6
CONTINUOUS
10
128.2582209999999918
20
-78.9011759999999924
11
128.0661489999999958
21
-78.901174999999995
0
LINE
8
BLACK
6
CONTINUOUS
10
128.0661489999999958
20
-78.901174999999995
11
127.6831889999999987
21
-78.9313130000000029
0
LINE
8
BLACK
6
CONTINUOUS
10
127.6831889999999987
20
-78.9313130000000029
11
127.30377399999999
21
-78.9914050000000003
0
LINE
8
BLACK
6
CONTINUOUS
10
127.30377399999999
20
-78.9914050000000003
11
126.9302439999999876
21
-79.0810809999999975
0
LINE
8
BLACK
6
CONTINUOUS
10
126.9302439999999876
20
-79.0810809999999975
11
126.5649009999999919
21
-79.1997870000000006
0
LINE
8
BLACK
6
CONTINUOUS
10
126.5649009999999919
20
-79.1997870000000006
11
126.2099979999999988
21
-79.3467919999999935
0
LINE
8
BLACK
6
CONTINUOUS
10
126.2099979999999988
20
-79.3467919999999935
11
125.867722999999998
21
-79.5211899999999901
0
LINE
8
BLACK
6
CONTINUOUS
10
125.867722999999998
20
-79.5211899999999901
11
125.5401859999999914
21
-79.721903999999995
0
LINE
8
BLACK
6
CONTINUOUS
10
125.5401859999999914
20
-79.721903999999995
11
125.2294069999999948
21
-79.9476990000000001
0
LINE
8
BLACK
6
CONTINUOUS
10
125.2294069999999948
20
-79.9476990000000001
11
124.9373019999999883
21
-80.197180000000003
0
LINE
8
BLACK
6
CONTINUOUS
10
124.9373019999999883
20
-80.197180000000003
11
124.8014869999999945
21
-80.3329959999999943
0
LINE
8
BLACK
6
CONTINUOUS
10
124.8014869999999945
20
-80.3329959999999943
11
123.2671500000000009
21
-81.8673319999999904
0
LINE
8
BLACK
6
CONTINUOUS
10
123.2671500000000009
20
-81.8673319999999904
11
123.2671479999999917
21
-81.8673359999999946
0
LINE
8
BLACK
6
CONTINUOUS
10
123.2671479999999917
20
-81.8673359999999946
11
123.2671469999999943
21
-81.8673349999999971
0
LINE
8
BLACK
6
CONTINUOUS
10
123.2671469999999943
20
-81.8673349999999971
11
123.2671469999999943
21
-81.8673359999999946
0
LINE
8
BLACK
6
CONTINUOUS
10
123.2671469999999943
20
-81.8673359999999946
11
123.2671299999999945
21
-81.8673500000000018
0
LINE
8
BLACK
6
CONTINUOUS
10
123.2671299999999945
20
-81.8673500000000018
11
122.9045149999999893
21
-82.2069779999999923
0
LINE
8
BLACK
6
CONTINUOUS
10
122.9045149999999893
20
-82.2069779999999923
11
122.5204469999999901
21
-82.5221760000000017
0
LINE
8
BLACK
6
CONTINUOUS
10
122.5204469999999901
20
-82.5221760000000017
11
122.1165850000000006
21
-82.8115799999999922
0
LINE
8
BLACK
6
CONTINUOUS
10
122.1165850000000006
20
-82.8115799999999922
11
121.6946609999999964
21
-83.0739509999999939
0
LINE
8
BLACK
6
CONTINUOUS
10
121.6946609999999964
20
-83.0739509999999939
11
121.2564799999999963
21
-83.3081650000000025
0
LINE
8
BLACK
6
CONTINUOUS
10
121.2564799999999963
20
-83.3081650000000025
11
120.8039189999999934
21
-83.5132189999999923
0
LINE
8
BLACK
6
CONTINUOUS
10
120.8039189999999934
20
-83.5132189999999923
11
120.3389159999999976
21
-83.6882359999999892
0
LINE
8
BLACK
6
CONTINUOUS
10
120.3389159999999976
20
-83.6882359999999892
11
119.8634619999999984
21
-83.8324649999999991
0
LINE
8
BLACK
6
CONTINUOUS
10
119.8634619999999984
20
-83.8324649999999991
11
119.3795929999999998
21
-83.94529
0
LINE
8
BLACK
6
CONTINUOUS
10
119.3795929999999998
20
-83.94529
11
118.8893810000000002
21
-84.0262269999999916
0
LINE
8
BLACK
6
CONTINUOUS
10
118.8893810000000002
20
-84.0262269999999916
11
118.3949250000000006
21
-84.0749289999999974
0
LINE
8
BLACK
6
CONTINUOUS
10
118.3949250000000006
20
-84.0749289999999974
11
117.8983419999999995
21
-84.0911880000000025
0
LINE
8
BLACK
6
CONTINUOUS
10
117.8983419999999995
20
-84.0911880000000025
11
117.8983419999999995
21
-84.0911689999999936
0
LINE
8
BLACK
6
CONTINUOUS
10
117.8983419999999995
20
-84.0911689999999936
11
117.8983399999999904
21
-84.0911699999999911
0
LINE
8
BLACK
6
CONTINUOUS
10
117.8983399999999904
20
-84.0911699999999911
11
117.197306999999995
21
-84.0911699999999911
0
LINE
8
BLACK
6
CONTINUOUS
10
117.197306999999995
20
-84.0911699999999911
11
117.1344469999999944
21
-84.1852449999999948
0
LINE
8
BLACK
6
CONTINUOUS
10
117.1344469999999944
20
-84.1852449999999948
11
117.0374149999999958
21
-84.2822769999999934
0
LINE
8
BLACK
6
CONTINUOUS
10
117.0374149999999958
20
-84.2822769999999934
11
116.9233179999999948
21
-84.358514999999997
0
LINE
8
BLACK
6
CONTINUOUS
10
116.9233179999999948
20
-84.358514999999997
11
116.7965389999999957
21
-84.4110280000000017
0
LINE
8
BLACK
6
CONTINUOUS
10
116.7965389999999957
20
-84.4110280000000017
11
116.6619519999999994
21
-84.4377989999999983
0
LINE
8
BLACK
6
CONTINUOUS
10
116.6619519999999994
20
-84.4377989999999983
11
116.5247279999999961
21
-84.4377989999999983
0
LINE
8
BLACK
6
CONTINUOUS
10
116.5247279999999961
20
-84.4377989999999983
11
116.3901409999999998
21
-84.4110280000000017
0
LINE
8
BLACK
6
CONTINUOUS
10
116.3901409999999998
20
-84.4110280000000017
11
116.2633620000000008
21
-84.358514999999997
0
LINE
8
BLACK
6
CONTINUOUS
10
116.2633620000000008
20
-84.358514999999997
11
116.1492649999999998
21
-84.2822769999999934
0
LINE
8
BLACK
6
CONTINUOUS
10
116.1492649999999998
20
-84.2822769999999934
11
116.0522330000000011
21
-84.1852449999999948
0
LINE
8
BLACK
6
CONTINUOUS
10
116.0522330000000011
20
-84.1852449999999948
11
115.9759949999999975
21
-84.0711479999999938
0
LINE
8
BLACK
6
CONTINUOUS
10
115.9759949999999975
20
-84.0711479999999938
11
115.9234819999999928
21
-83.9443689999999947
0
LINE
8
BLACK
6
CONTINUOUS
10
115.9234819999999928
20
-83.9443689999999947
11
115.8967109999999963
21
-83.8097819999999984
0
LINE
8
BLACK
6
CONTINUOUS
10
115.8967109999999963
20
-83.8097819999999984
11
115.8967109999999963
21
-83.6725579999999951
0
LINE
8
BLACK
6
CONTINUOUS
10
115.8967109999999963
20
-83.6725579999999951
11
115.9234819999999928
21
-83.5379709999999989
0
LINE
8
BLACK
6
CONTINUOUS
10
115.9234819999999928
20
-83.5379709999999989
11
115.9759949999999975
21
-83.4111919999999998
0
LINE
8
BLACK
6
CONTINUOUS
10
115.9759949999999975
20
-83.4111919999999998
11
116.0522330000000011
21
-83.2970949999999988
0
LINE
8
BLACK
6
CONTINUOUS
10
116.0522330000000011
20
-83.2970949999999988
11
116.1492649999999998
21
-83.2000630000000001
0
LINE
8
BLACK
6
CONTINUOUS
10
116.1492649999999998
20
-83.2000630000000001
11
116.2633620000000008
21
-83.1238249999999965
0
LINE
8
BLACK
6
CONTINUOUS
10
116.2633620000000008
20
-83.1238249999999965
11
116.3901409999999998
21
-83.0713119999999918
0
LINE
8
BLACK
6
CONTINUOUS
10
116.3901409999999998
20
-83.0713119999999918
11
116.5247279999999961
21
-83.0445409999999953
0
LINE
8
BLACK
6
CONTINUOUS
10
116.5247279999999961
20
-83.0445409999999953
11
116.6619519999999994
21
-83.0445409999999953
0
LINE
8
BLACK
6
CONTINUOUS
10
116.6619519999999994
20
-83.0445409999999953
11
116.7965389999999957
21
-83.0713119999999918
0
LINE
8
BLACK
6
CONTINUOUS
10
116.7965389999999957
20
-83.0713119999999918
11
116.9233179999999948
21
-83.1238249999999965
0
LINE
8
BLACK
6
CONTINUOUS
10
116.9233179999999948
20
-83.1238249999999965
11
117.0374149999999958
21
-83.2000630000000001
0
LINE
8
BLACK
6
CONTINUOUS
10
117.0374149999999958
20
-83.2000630000000001
11
117.1344469999999944
21
-83.2970949999999988
0
LINE
8
BLACK
6
CONTINUOUS
10
117.1344469999999944
20
-83.2970949999999988
11
117.197306999999995
21
-83.3911700000000025
0
LINE
8
BLACK
6
CONTINUOUS
10
117.197306999999995
20
-83.3911700000000025
11
117.8983319999999964
21
-83.3911700000000025
0
LINE
8
BLACK
6
CONTINUOUS
10
117.8983319999999964
20
-83.3911700000000025
11
117.8983379999999954
21
-83.3911689999999908
0
LINE
8
BLACK
6
CONTINUOUS
10
117.8983379999999954
20
-83.3911689999999908
11
117.8983379999999954
21
-83.3911700000000025
0
LINE
8
BLACK
6
CONTINUOUS
10
117.8983379999999954
20
-83.3911700000000025
11
117.8983399999999904
21
-83.3911700000000025
0
LINE
8
BLACK
6
CONTINUOUS
10
117.8983399999999904
20
-83.3911700000000025
11
117.8986139999999949
21
-83.3911870000000022
0
LINE
8
BLACK
6
CONTINUOUS
10
117.8986139999999949
20
-83.3911870000000022
11
118.1445099999999968
21
-83.3911870000000022
0
LINE
8
BLACK
6
CONTINUOUS
10
118.1445099999999968
20
-83.3911870000000022
11
118.6355980000000017
21
-83.3560609999999969
0
LINE
8
BLACK
6
CONTINUOUS
10
118.6355980000000017
20
-83.3560609999999969
11
119.1229299999999967
21
-83.2859909999999957
0
LINE
8
BLACK
6
CONTINUOUS
10
119.1229299999999967
20
-83.2859909999999957
11
119.6040209999999888
21
-83.1813339999999926
0
LINE
8
BLACK
6
CONTINUOUS
10
119.6040209999999888
20
-83.1813339999999926
11
120.0764199999999988
21
-83.0426229999999919
0
LINE
8
BLACK
6
CONTINUOUS
10
120.0764199999999988
20
-83.0426229999999919
11
120.5377199999999931
21
-82.8705649999999991
0
LINE
8
BLACK
6
CONTINUOUS
10
120.5377199999999931
20
-82.8705649999999991
11
120.9855709999999931
21
-82.6660370000000029
0
LINE
8
BLACK
6
CONTINUOUS
10
120.9855709999999931
20
-82.6660370000000029
11
121.4176899999999932
21
-82.4300810000000013
0
LINE
8
BLACK
6
CONTINUOUS
10
121.4176899999999932
20
-82.4300810000000013
11
121.8318739999999991
21
-82.1638990000000007
0
LINE
8
BLACK
6
CONTINUOUS
10
121.8318739999999991
20
-82.1638990000000007
11
122.2260149999999896
21
-81.8688479999999998
0
LINE
8
BLACK
6
CONTINUOUS
10
122.2260149999999896
20
-81.8688479999999998
11
122.5981029999999947
21
-81.5464309999999983
0
LINE
8
BLACK
6
CONTINUOUS
10
122.5981029999999947
20
-81.5464309999999983
11
122.7721719999999976
21
-81.3723609999999979
0
LINE
8
BLACK
6
CONTINUOUS
10
122.7721719999999976
20
-81.3723609999999979
11
122.7721719999999976
21
-81.3723619999999954
0
LINE
8
BLACK
6
CONTINUOUS
10
122.7721719999999976
20
-81.3723619999999954
11
122.7721749999999901
21
-81.372359000000003
0
LINE
8
BLACK
6
CONTINUOUS
10
122.7721749999999901
20
-81.372359000000003
11
124.3065079999999938
21
-79.8380250000000018
0
LINE
8
BLACK
6
CONTINUOUS
10
124.3065079999999938
20
-79.8380250000000018
11
124.3065110000000004
21
-79.8380219999999952
0
LINE
8
BLACK
6
CONTINUOUS
10
124.3065110000000004
20
-79.8380219999999952
11
124.6287409999999909
21
-79.5401559999999961
0
LINE
8
BLACK
6
CONTINUOUS
10
124.6287409999999909
20
-79.5401559999999961
11
124.9733469999999897
21
-79.2684899999999999
0
LINE
8
BLACK
6
CONTINUOUS
10
124.9733469999999897
20
-79.2684899999999999
11
125.3382059999999996
21
-79.0246989999999983
0
LINE
8
BLACK
6
CONTINUOUS
10
125.3382059999999996
20
-79.0246989999999983
11
125.7210679999999883
21
-78.8102859999999907
0
LINE
8
BLACK
6
CONTINUOUS
10
125.7210679999999883
20
-78.8102859999999907
11
126.1195719999999909
21
-78.6265739999999909
0
LINE
8
BLACK
6
CONTINUOUS
10
126.1195719999999909
20
-78.6265739999999909
11
126.5312619999999981
21
-78.4746939999999995
0
LINE
8
BLACK
6
CONTINUOUS
10
126.5312619999999981
20
-78.4746939999999995
11
126.953598999999997
21
-78.3555839999999932
0
LINE
8
BLACK
6
CONTINUOUS
10
126.953598999999997
20
-78.3555839999999932
11
127.3839789999999965
21
-78.2699769999999972
0
LINE
8
BLACK
6
CONTINUOUS
10
127.3839789999999965
20
-78.2699769999999972
11
127.8197499999999991
21
-78.2184019999999975
0
LINE
8
BLACK
6
CONTINUOUS
10
127.8197499999999991
20
-78.2184019999999975
11
128.2579910000000041
21
-78.2011849999999953
0
LINE
8
BLACK
6
CONTINUOUS
10
128.2579910000000041
20
-78.2011849999999953
11
128.2582219999999893
21
-78.2011699999999905
0
LINE
8
BLACK
6
CONTINUOUS
10
128.2582219999999893
20
-78.2011699999999905
11
130.1741260000000011
21
-78.2011699999999905
0
LINE
8
BLACK
6
CONTINUOUS
10
130.1741260000000011
20
-78.2011699999999905
11
130.1741559999999822
21
-78.2011710000000022
0
LINE
8
BLACK
6
CONTINUOUS
10
130.1741559999999822
20
-78.2011710000000022
11
130.3246589999999969
21
-78.2011710000000022
0
LINE
8
BLACK
6
CONTINUOUS
10
130.3246589999999969
20
-78.2011710000000022
11
130.6242799999999988
21
-78.1716600000000028
0
LINE
8
BLACK
6
CONTINUOUS
10
130.6242799999999988
20
-78.1716600000000028
11
130.9195650000000057
21
-78.1129219999999975
0
LINE
8
BLACK
6
CONTINUOUS
10
130.9195650000000057
20
-78.1129219999999975
11
131.2076720000000023
21
-78.0255250000000018
0
LINE
8
BLACK
6
CONTINUOUS
10
131.2076720000000023
20
-78.0255250000000018
11
131.4858250000000055
21
-77.9103099999999955
0
LINE
8
BLACK
6
CONTINUOUS
10
131.4858250000000055
20
-77.9103099999999955
11
131.7513459999999839
21
-77.7683869999999899
0
LINE
8
BLACK
6
CONTINUOUS
10
131.7513459999999839
20
-77.7683869999999899
11
132.0016770000000008
21
-77.6011219999999895
0
LINE
8
BLACK
6
CONTINUOUS
10
132.0016770000000008
20
-77.6011219999999895
11
132.2344089999999994
21
-77.4101249999999936
0
LINE
8
BLACK
6
CONTINUOUS
10
132.2344089999999994
20
-77.4101249999999936
11
132.3408540000000073
21
-77.3036809999999974
0
LINE
8
BLACK
6
CONTINUOUS
10
132.3408540000000073
20
-77.3036809999999974
11
132.3410509999999931
21
-77.3035369999999915
0
LINE
8
BLACK
6
CONTINUOUS
10
132.3410509999999931
20
-77.3035369999999915
11
132.4473199999999906
21
-77.1972659999999991
0
LINE
8
BLACK
6
CONTINUOUS
10
132.4473199999999906
20
-77.1972659999999991
11
132.6383139999999798
21
-76.9645319999999913
0
LINE
8
BLACK
6
CONTINUOUS
10
132.6383139999999798
20
-76.9645319999999913
11
132.805577999999997
21
-76.7141969999999986
0
LINE
8
BLACK
6
CONTINUOUS
10
132.805577999999997
20
-76.7141969999999986
11
132.947497999999996
21
-76.4486729999999994
0
LINE
8
BLACK
6
CONTINUOUS
10
132.947497999999996
20
-76.4486729999999994
11
133.0627099999999814
21
-76.1705169999999896
0
LINE
8
BLACK
6
CONTINUOUS
10
133.0627099999999814
20
-76.1705169999999896
11
133.1501030000000014
21
-75.8824079999999981
0
LINE
8
BLACK
6
CONTINUOUS
10
133.1501030000000014
20
-75.8824079999999981
11
133.2088349999999934
21
-75.5871199999999988
0
LINE
8
BLACK
6
CONTINUOUS
10
133.2088349999999934
20
-75.5871199999999988
11
133.2383409999999913
21
-75.2874970000000019
0
LINE
8
BLACK
6
CONTINUOUS
10
133.2383409999999913
20
-75.2874970000000019
11
133.2383399999999938
21
-75.1369609999999994
0
LINE
8
BLACK
6
CONTINUOUS
10
133.2383399999999938
20
-75.1369609999999994
11
133.2383399999999938
21
-75.1369589999999903
0
LINE
8
BLACK
6
CONTINUOUS
10
133.2383399999999938
20
-75.1369589999999903
11
133.2383399999999938
21
-75.1369559999999979
0
LINE
8
BLACK
6
CONTINUOUS
10
133.2383399999999938
20
-75.1369559999999979
11
133.2383399999999938
21
-69.6638659999999987
0
LINE
8
BLACK
6
CONTINUOUS
10
133.2383399999999938
20
-69.6638659999999987
11
133.1406000000000063
21
-69.6321089999999998
0
LINE
8
BLACK
6
CONTINUOUS
10
133.1406000000000063
20
-69.6321089999999998
11
132.9770169999999894
21
-69.5487589999999898
0
LINE
8
BLACK
6
CONTINUOUS
10
132.9770169999999894
20
-69.5487589999999898
11
132.8284859999999981
21
-69.4408449999999959
0
LINE
8
BLACK
6
CONTINUOUS
10
132.8284859999999981
20
-69.4408449999999959
11
132.6986650000000054
21
-69.3110240000000033
0
LINE
8
BLACK
6
CONTINUOUS
10
132.6986650000000054
20
-69.3110240000000033
11
132.5907509999999832
21
-69.1624929999999978
0
LINE
8
BLACK
6
CONTINUOUS
10
132.5907509999999832
20
-69.1624929999999978
11
132.5074009999999873
21
-68.9989099999999951
0
LINE
8
BLACK
6
CONTINUOUS
10
132.5074009999999873
20
-68.9989099999999951
11
132.4506669999999815
21
-68.8243009999999913
0
LINE
8
BLACK
6
CONTINUOUS
10
132.4506669999999815
20
-68.8243009999999913
11
132.4219469999999887
21
-68.6429669999999987
0
LINE
8
BLACK
6
CONTINUOUS
10
132.4219469999999887
20
-68.6429669999999987
11
132.4219469999999887
21
-68.4593729999999994
0
LINE
8
BLACK
6
CONTINUOUS
10
132.4219469999999887
20
-68.4593729999999994
11
132.4506669999999815
21
-68.2780389999999926
0
LINE
8
BLACK
6
CONTINUOUS
10
132.4506669999999815
20
-68.2780389999999926
11
132.5074009999999873
21
-68.103430000000003
0
LINE
8
BLACK
6
CONTINUOUS
10
132.5074009999999873
20
-68.103430000000003
11
132.5907509999999832
21
-67.9398470000000003
0
LINE
8
BLACK
6
CONTINUOUS
10
132.5907509999999832
20
-67.9398470000000003
11
132.6986650000000054
21
-67.7913159999999948
0
LINE
8
BLACK
6
CONTINUOUS
10
132.6986650000000054
20
-67.7913159999999948
11
132.8284859999999981
21
-67.6614950000000022
0
LINE
8
BLACK
6
CONTINUOUS
10
132.8284859999999981
20
-67.6614950000000022
11
132.9770169999999894
21
-67.5535809999999941
0
LINE
8
BLACK
6
CONTINUOUS
10
132.9770169999999894
20
-67.5535809999999941
11
133.1406000000000063
21
-67.4702309999999983
0
LINE
8
BLACK
6
CONTINUOUS
10
133.1406000000000063
20
-67.4702309999999983
11
133.2383399999999938
21
-67.4384730000000019
0
LINE
8
BLACK
6
CONTINUOUS
10
133.2383399999999938
20
-67.4384730000000019
11
133.2383399999999938
21
-64.6638659999999987
0
LINE
8
BLACK
6
CONTINUOUS
10
133.2383399999999938
20
-64.6638659999999987
11
133.1406000000000063
21
-64.6321089999999998
0
LINE
8
BLACK
6
CONTINUOUS
10
133.1406000000000063
20
-64.6321089999999998
11
132.9770169999999894
21
-64.548759000000004
0
LINE
8
BLACK
6
CONTINUOUS
10
132.9770169999999894
20
-64.548759000000004
11
132.8284859999999981
21
-64.4408449999999959
0
LINE
8
BLACK
6
CONTINUOUS
10
132.8284859999999981
20
-64.4408449999999959
11
132.6986650000000054
21
-64.3110240000000033
0
LINE
8
BLACK
6
CONTINUOUS
10
132.6986650000000054
20
-64.3110240000000033
11
132.5907509999999832
21
-64.1624929999999978
0
LINE
8
BLACK
6
CONTINUOUS
10
132.5907509999999832
20
-64.1624929999999978
11
132.5074009999999873
21
-63.9989099999999951
0
LINE
8
BLACK
6
CONTINUOUS
10
132.5074009999999873
20
-63.9989099999999951
11
132.4506669999999815
21
-63.8243009999999984
0
LINE
8
BLACK
6
CONTINUOUS
10
132.4506669999999815
20
-63.8243009999999984
11
132.4219469999999887
21
-63.6429669999999987
0
LINE
8
BLACK
6
CONTINUOUS
10
132.4219469999999887
20
-63.6429669999999987
11
132.4219469999999887
21
-63.4593729999999994
0
LINE
8
BLACK
6
CONTINUOUS
10
132.4219469999999887
20
-63.4593729999999994
11
132.4506669999999815
21
-63.2780389999999997
0
LINE
8
BLACK
6
CONTINUOUS
10
132.4506669999999815
20
-63.2780389999999997
11
132.5074009999999873
21
-63.1034299999999959
0
LINE
8
BLACK
6
CONTINUOUS
10
132.5074009999999873
20
-63.1034299999999959
11
132.5907509999999832
21
-62.9398470000000003
0
LINE
8
BLACK
6
CONTINUOUS
10
132.5907509999999832
20
-62.9398470000000003
11
132.6986650000000054
21
-62.7913159999999948
0
LINE
8
BLACK
6
CONTINUOUS
10
132.6986650000000054
20
-62.7913159999999948
11
132.8284859999999981
21
-62.6614949999999951
0
LINE
8
BLACK
6
CONTINUOUS
10
132.8284859999999981
20
-62.6614949999999951
11
132.9770169999999894
21
-62.5535809999999941
0
LINE
8
BLACK
6
CONTINUOUS
10
132.9770169999999894
20
-62.5535809999999941
11
133.1406000000000063
21
-62.4702309999999983
0
LINE
8
BLACK
6
CONTINUOUS
10
133.1406000000000063
20
-62.4702309999999983
11
133.3152089999999816
21
-62.4134969999999996
0
LINE
8
BLACK
6
CONTINUOUS
10
133.3152089999999816
20
-62.4134969999999996
11
133.4965430000000026
21
-62.3847769999999997
0
LINE
8
BLACK
6
CONTINUOUS
10
133.4965430000000026
20
-62.3847769999999997
11
133.680137000000002
21
-62.3847769999999997
0
LINE
8
BLACK
6
CONTINUOUS
10
133.680137000000002
20
-62.3847769999999997
11
133.8614709999999945
21
-62.4134969999999996
0
LINE
8
BLACK
6
CONTINUOUS
10
95.8383400000000023
20
-61.301169999999999
11
96.5883400000000023
21
-61.301169999999999
0
LINE
8
BLACK
6
CONTINUOUS
10
96.5883400000000023
20
-61.301169999999999
11
96.5883400000000023
21
-61.801169999999999
0
LINE
8
BLACK
6
CONTINUOUS
10
96.5883400000000023
20
-61.801169999999999
11
95.8383400000000023
21
-61.801169999999999
0
LINE
8
BLACK
6
CONTINUOUS
10
95.8383400000000023
20
-61.801169999999999
11
95.8383400000000023
21
-62.551169999999999
0
LINE
8
BLACK
6
CONTINUOUS
10
95.8383400000000023
20
-62.551169999999999
11
95.3383400000000023
21
-62.551169999999999
0
LINE
8
BLACK
6
CONTINUOUS
10
95.3383400000000023
20
-62.551169999999999
11
95.3383400000000023
21
-61.801169999999999
0
LINE
8
BLACK
6
CONTINUOUS
10
95.3383400000000023
20
-61.801169999999999
11
94.5883400000000023
21
-61.801169999999999
0
LINE
8
BLACK
6
CONTINUOUS
10
94.5883400000000023
20
-61.801169999999999
11
94.5883400000000023
21
-61.301169999999999
0
LINE
8
BLACK
6
CONTINUOUS
10
94.5883400000000023
20
-61.301169999999999
11
95.3383400000000023
21
-61.301169999999999
0
LINE
8
BLACK
6
CONTINUOUS
10
95.3383400000000023
20
-61.301169999999999
11
95.3383400000000023
21
-60.551169999999999
0
LINE
8
BLACK
6
CONTINUOUS
10
95.3383400000000023
20
-60.551169999999999
11
95.8383400000000023
21
-60.551169999999999
0
LINE
8
BLACK
6
CONTINUOUS
10
95.8383400000000023
20
-60.551169999999999
11
95.8383400000000023
21
-61.301169999999999
0
LINE
8
BLACK
6
CONTINUOUS
10
146.8383399999999881
20
-55.301169999999999
11
147.5883399999999881
21
-55.301169999999999
0
LINE
8
BLACK
6
CONTINUOUS
10
147.5883399999999881
20
-55.301169999999999
11
147.5883399999999881
21
-55.801169999999999
0
LINE
8
BLACK
6
CONTINUOUS
10
147.5883399999999881
20
-55.801169999999999
11
146.8383399999999881
21
-55.801169999999999
0
LINE
8
BLACK
6
CONTINUOUS
10
146.8383399999999881
20
-55.801169999999999
11
146.8383399999999881
21
-56.551169999999999
0
LINE
8
BLACK
6
CONTINUOUS
10
146.8383399999999881
20
-56.551169999999999
11
146.3383399999999881
21
-56.551169999999999
0
LINE
8
BLACK
6
CONTINUOUS
10
146.3383399999999881
20
-56.551169999999999
11
146.3383399999999881
21
-55.801169999999999
0
LINE
8
BLACK
6
CONTINUOUS
10
146.3383399999999881
20
-55.801169999999999
11
145.5883399999999881
21
-55.801169999999999
0
LINE
8
BLACK
6
CONTINUOUS
10
145.5883399999999881
20
-55.801169999999999
11
145.5883399999999881
21
-55.301169999999999
0
LINE
8
BLACK
6
CONTINUOUS
10
145.5883399999999881
20
-55.301169999999999
11
146.3383399999999881
21
-55.301169999999999
0
LINE
8
BLACK
6
CONTINUOUS
10
146.3383399999999881
20
-55.301169999999999
11
146.3383399999999881
21
-54.551169999999999
0
LINE
8
BLACK
6
CONTINUOUS
10
146.3383399999999881
20
-54.551169999999999
11
146.8383399999999881
21
-54.551169999999999
0
LINE
8
BLACK
6
CONTINUOUS
10
146.8383399999999881
20
-54.551169999999999
11
146.8383399999999881
21
-55.301169999999999
0
LINE
8
BLACK
6
CONTINUOUS
10
148.1016219999999919
20
-53.071632000000001
11
148.1324809999999843
21
-53.0953109999999953
0
LINE
8
BLACK
6
CONTINUOUS
10
148.1324809999999843
20
-53.0953109999999953
11
149.0441989999999919
21
-54.0070289999999957
0
LINE
8
BLACK
6
CONTINUOUS
10
149.0441989999999919
20
-54.0070289999999957
11
149.0827629999999999
21
-54.0738239999999948
0
LINE
8
BLACK
6
CONTINUOUS
10
149.0827629999999999
20
-54.0738239999999948
11
149.0878399999999999
21
-54.1123879999999957
0
LINE
8
BLACK
6
CONTINUOUS
10
149.0878399999999999
20
-54.1123879999999957
11
149.0878399999999999
21
-115.9899519999999882
0
LINE
8
BLACK
6
CONTINUOUS
10
149.0878399999999999
20
-115.9899519999999882
11
149.0678780000000074
21
-116.0644519999999886
0
LINE
8
BLACK
6
CONTINUOUS
10
149.0678780000000074
20
-116.0644519999999886
11
149.0441989999999919
21
-116.0953109999999953
0
LINE
8
BLACK
6
CONTINUOUS
10
149.0441989999999919
20
-116.0953109999999953
11
148.1324809999999843
21
-117.0070289999999886
0
LINE
8
BLACK
6
CONTINUOUS
10
148.1324809999999843
20
-117.0070289999999886
11
148.0656859999999995
21
-117.0455929999999967
0
LINE
8
BLACK
6
CONTINUOUS
10
148.0656859999999995
20
-117.0455929999999967
11
148.0271219999999914
21
-117.0506699999999967
0
LINE
8
BLACK
6
CONTINUOUS
10
148.0271219999999914
20
-117.0506699999999967
11
72.149557999999999
21
-117.0506699999999967
0
LINE
8
BLACK
6
CONTINUOUS
10
72.149557999999999
20
-117.0506699999999967
11
72.0750579999999985
21
-117.03070799999999
0
LINE
8
BLACK
6
CONTINUOUS
10
72.0750579999999985
20
-117.03070799999999
11
72.0441989999999919
21
-117.0070289999999886
0
LINE
8
BLACK
6
CONTINUOUS
10
72.0441989999999919
20
-117.0070289999999886
11
71.1324809999999985
21
-116.0953109999999953
0
LINE
8
BLACK
6
CONTINUOUS
10
71.1324809999999985
20
-116.0953109999999953
11
71.0939169999999905
21
-116.0285159999999962
0
LINE
8
BLACK
6
CONTINUOUS
10
71.0939169999999905
20
-116.0285159999999962
11
71.0888399999999905
21
-115.9899519999999882
0
LINE
8
BLACK
6
CONTINUOUS
10
71.0888399999999905
20
-115.9899519999999882
11
71.0888399999999905
21
-114.2221109999999982
0
LINE
8
BLACK
6
CONTINUOUS
10
71.0888399999999905
20
-114.2221109999999982
11
71.0888399999999905
21
-56.2228969999999961
0
LINE
8
BLACK
6
CONTINUOUS
10
71.0888399999999905
20
-56.2228969999999961
11
71.0888399999999905
21
-54.1123879999999957
0
LINE
8
BLACK
6
CONTINUOUS
10
71.0888399999999905
20
-54.1123879999999957
11
71.1088019999999972
21
-54.0378879999999953
0
LINE
8
BLACK
6
CONTINUOUS
10
71.1088019999999972
20
-54.0378879999999953
11
71.1324809999999985
21
-54.0070289999999957
0
LINE
8
BLACK
6
CONTINUOUS
10
71.1324809999999985
20
-54.0070289999999957
11
72.0441989999999919
21
-53.0953109999999953
0
LINE
8
BLACK
6
CONTINUOUS
10
72.0441989999999919
20
-53.0953109999999953
11
72.1109939999999909
21
-53.0567469999999943
0
LINE
8
BLACK
6
CONTINUOUS
10
72.1109939999999909
20
-53.0567469999999943
11
72.149557999999999
21
-53.0516699999999943
0
LINE
8
BLACK
6
CONTINUOUS
10
72.149557999999999
20
-53.0516699999999943
11
148.0271219999999914
21
-53.0516699999999943
0
LINE
8
BLACK
6
CONTINUOUS
10
148.0271219999999914
20
-53.0516699999999943
11
148.1016219999999919
21
-53.071632000000001
0
LINE
8
BLACK
6
CONTINUOUS
10
73.136927
20
-56.2452970000000008
11
73.1371589999999969
21
-56.247838999999999
0
LINE
8
BLACK
6
CONTINUOUS
10
73.1371589999999969
20
-56.247838999999999
11
73.136967999999996
21
-56.248939
0
LINE
8
BLACK
6
CONTINUOUS
10
73.136967999999996
20
-56.248939
11
73.1377659999999992
21
-56.2626390000000001
0
LINE
8
BLACK
6
CONTINUOUS
10
73.1377659999999992
20
-56.2626390000000001
11
73.1370599999999911
21
-56.3436079999999961
0
LINE
8
BLACK
6
CONTINUOUS
10
73.1370599999999911
20
-56.3436079999999961
11
73.1372439999999955
21
-56.3456519999999941
0
LINE
8
BLACK
6
CONTINUOUS
10
73.1372439999999955
20
-56.3456519999999941
11
73.1378399999999971
21
-56.3589629999999957
0
LINE
8
BLACK
6
CONTINUOUS
10
73.1378399999999971
20
-56.3589629999999957
11
73.1378399999999971
21
-90.3655109999999979
0
LINE
8
BLACK
6
CONTINUOUS
10
73.1378399999999971
20
-90.3655109999999979
11
73.1378600000000034
21
-90.3659439999999989
0
LINE
8
BLACK
6
CONTINUOUS
10
73.1378600000000034
20
-90.3659439999999989
11
73.1378600000000034
21
-90.4132129999999989
0
LINE
8
BLACK
6
CONTINUOUS
10
73.1378600000000034
20
-90.4132129999999989
11
73.1378600000000034
21
-90.414551000000003
0
LINE
8
BLACK
6
CONTINUOUS
10
73.1378600000000034
20
-90.414551000000003
11
73.1546220000000034
21
-90.5633469999999932
0
LINE
8
BLACK
6
CONTINUOUS
10
73.1546220000000034
20
-90.5633469999999932
11
73.1713570000000004
21
-90.7119160000000022
0
LINE
8
BLACK
6
CONTINUOUS
10
73.1713570000000004
20
-90.7119160000000022
11
73.2379389999999972
21
-91.0036599999999964
0
LINE
8
BLACK
6
CONTINUOUS
10
73.2379389999999972
20
-91.0036599999999964
11
73.2379399999999947
21
-91.003664999999998
0
LINE
8
BLACK
6
CONTINUOUS
10
73.2379399999999947
20
-91.003664999999998
11
73.2379409999999922
21
-91.0036659999999955
0
LINE
8
BLACK
6
CONTINUOUS
10
73.2379409999999922
20
-91.0036659999999955
11
73.2765150000000034
21
-91.1139110000000016
0
LINE
8
BLACK
6
CONTINUOUS
10
73.2765150000000034
20
-91.1139110000000016
11
73.3367709999999988
21
-91.2861229999999892
0
LINE
8
BLACK
6
CONTINUOUS
10
73.3367709999999988
20
-91.2861229999999892
11
73.3367750000000029
21
-91.2861339999999899
0
LINE
8
BLACK
6
CONTINUOUS
10
73.3367750000000029
20
-91.2861339999999899
11
73.4665940000000006
21
-91.5557179999999988
0
LINE
8
BLACK
6
CONTINUOUS
10
73.4665940000000006
20
-91.5557179999999988
11
73.4666029999999921
21
-91.5557319999999919
0
LINE
8
BLACK
6
CONTINUOUS
10
73.4666029999999921
20
-91.5557319999999919
11
73.4666059999999987
21
-91.5557390000000026
0
LINE
8
BLACK
6
CONTINUOUS
10
73.4666059999999987
20
-91.5557390000000026
11
73.5545879999999954
21
-91.6957649999999944
0
LINE
8
BLACK
6
CONTINUOUS
10
73.5545879999999954
20
-91.6957649999999944
11
73.6258069999999947
21
-91.8091139999999939
0
LINE
8
BLACK
6
CONTINUOUS
10
73.6258069999999947
20
-91.8091139999999939
11
73.6258089999999896
21
-91.8091170000000005
0
LINE
8
BLACK
6
CONTINUOUS
10
73.6258089999999896
20
-91.8091170000000005
11
73.6258119999999963
21
-91.8091209999999904
0
LINE
8
BLACK
6
CONTINUOUS
10
73.6258119999999963
20
-91.8091209999999904
11
73.8123879999999986
21
-92.0430849999999907
0
LINE
8
BLACK
6
CONTINUOUS
10
73.8123879999999986
20
-92.0430849999999907
11
73.8123920000000027
21
-92.0430889999999948
0
LINE
8
BLACK
6
CONTINUOUS
10
73.8123920000000027
20
-92.0430889999999948
11
73.8123959999999926
21
-92.0430939999999964
0
LINE
8
BLACK
6
CONTINUOUS
10
73.8123959999999926
20
-92.0430939999999964
11
74.0239859999999936
21
-92.2546859999999924
0
LINE
8
BLACK
6
CONTINUOUS
10
74.0239859999999936
20
-92.2546859999999924
11
74.2579499999999939
21
-92.4412679999999938
0
LINE
8
BLACK
6
CONTINUOUS
10
74.2579499999999939
20
-92.4412679999999938
11
74.3302759999999978
21
-92.4867129999999946
0
LINE
8
BLACK
6
CONTINUOUS
10
74.3302759999999978
20
-92.4867129999999946
11
74.5113290000000035
21
-92.6004760000000005
0
LINE
8
BLACK
6
CONTINUOUS
10
74.5113290000000035
20
-92.6004760000000005
11
74.780941999999996
21
-92.7303149999999903
0
LINE
8
BLACK
6
CONTINUOUS
10
74.780941999999996
20
-92.7303149999999903
11
75.0633979999999923
21
-92.829149000000001
0
LINE
8
BLACK
6
CONTINUOUS
10
75.0633979999999923
20
-92.829149000000001
11
75.2341349999999949
21
-92.868116999999998
0
LINE
8
BLACK
6
CONTINUOUS
10
75.2341349999999949
20
-92.868116999999998
11
75.3551289999999909
21
-92.8957329999999928
0
LINE
8
BLACK
6
CONTINUOUS
10
75.3551289999999909
20
-92.8957329999999928
11
75.3551369999999991
21
-92.8957339999999903
0
LINE
8
BLACK
6
CONTINUOUS
10
75.3551369999999991
20
-92.8957339999999903
11
75.3551439999999957
21
-92.8957359999999994
0
LINE
8
BLACK
6
CONTINUOUS
10
75.3551439999999957
20
-92.8957359999999994
11
75.6525120000000015
21
-92.929237999999998
0
LINE
8
BLACK
6
CONTINUOUS
10
75.6525120000000015
20
-92.929237999999998
11
75.8021359999999902
21
-92.9292359999999888
0
LINE
8
BLACK
6
CONTINUOUS
10
75.8021359999999902
20
-92.9292359999999888
11
76.6173560000000009
21
-92.9292359999999888
0
LINE
8
BLACK
6
CONTINUOUS
10
76.6173560000000009
20
-92.9292359999999888
11
76.6290479999999974
21
-92.9296949999999953
0
LINE
8
BLACK
6
CONTINUOUS
10
76.6290479999999974
20
-92.9296949999999953
11
76.7999709999999993
21
-92.9431489999999911
0
LINE
8
BLACK
6
CONTINUOUS
10
76.7999709999999993
20
-92.9431489999999911
11
76.8230489999999975
21
-92.9468040000000002
0
LINE
8
BLACK
6
CONTINUOUS
10
76.8230489999999975
20
-92.9468040000000002
11
76.9840540000000004
21
-92.9854610000000008
0
LINE
8
BLACK
6
CONTINUOUS
10
76.9840540000000004
20
-92.9854610000000008
11
77.0062829999999963
21
-92.992683999999997
0
LINE
8
BLACK
6
CONTINUOUS
10
77.0062829999999963
20
-92.992683999999997
11
77.1592550000000017
21
-93.056051999999994
0
LINE
8
BLACK
6
CONTINUOUS
10
77.1592550000000017
20
-93.056051999999994
11
77.1800750000000022
21
-93.0666599999999988
0
LINE
8
BLACK
6
CONTINUOUS
10
77.1800750000000022
20
-93.0666599999999988
11
77.2066959999999938
21
-93.082973999999993
0
LINE
8
BLACK
6
CONTINUOUS
10
77.2066959999999938
20
-93.082973999999993
11
77.2597849999999937
21
-93.1389209999999963
0
LINE
8
BLACK
6
CONTINUOUS
10
77.2597849999999937
20
-93.1389209999999963
11
77.2778399999999976
21
-93.2100149999999985
0
LINE
8
BLACK
6
CONTINUOUS
10
77.2778399999999976
20
-93.2100149999999985
11
77.2778399999999976
21
-95.6751239999999967
0
LINE
8
BLACK
6
CONTINUOUS
10
77.2778399999999976
20
-95.6751239999999967
11
77.278925000000001
21
-95.6911360000000002
0
LINE
8
BLACK
6
CONTINUOUS
10
77.278925000000001
20
-95.6911360000000002
11
77.2806559999999934
21
-95.7166629999999969
0
LINE
8
BLACK
6
CONTINUOUS
10
77.2806559999999934
20
-95.7166629999999969
11
77.325302999999991
21
-95.8961910000000017
0
LINE
8
BLACK
6
CONTINUOUS
10
77.325302999999991
20
-95.8961910000000017
11
77.4074959999999948
21
-96.0619209999999981
0
LINE
8
BLACK
6
CONTINUOUS
10
77.4074959999999948
20
-96.0619209999999981
11
77.4455109999999962
21
-96.1092129999999969
0
LINE
8
BLACK
6
CONTINUOUS
10
77.4455109999999962
20
-96.1092129999999969
11
77.5233999999999952
21
-96.2061099999999954
0
LINE
8
BLACK
6
CONTINUOUS
10
77.5233999999999952
20
-96.2061099999999954
11
77.6255489999999924
21
-96.288220999999993
0
LINE
8
BLACK
6
CONTINUOUS
10
77.6255489999999924
20
-96.288220999999993
11
77.6675839999999909
21
-96.3220099999999917
0
LINE
8
BLACK
6
CONTINUOUS
10
77.6675839999999909
20
-96.3220099999999917
11
77.6675850000000025
21
-96.3220099999999917
0
LINE
8
BLACK
6
CONTINUOUS
10
77.6675850000000025
20
-96.3220099999999917
11
77.6675869999999975
21
-96.3220120000000009
0
LINE
8
BLACK
6
CONTINUOUS
10
77.6675869999999975
20
-96.3220120000000009
11
77.7450429999999955
21
-96.3604259999999897
0
LINE
8
BLACK
6
CONTINUOUS
10
77.7450429999999955
20
-96.3604259999999897
11
77.8029140000000012
21
-96.4114079999999944
0
LINE
8
BLACK
6
CONTINUOUS
10
77.8029140000000012
20
-96.4114079999999944
11
77.827541999999994
21
-96.4844989999999996
0
LINE
8
BLACK
6
CONTINUOUS
10
77.827541999999994
20
-96.4844989999999996
11
77.8278399999999948
21
-96.4939099999999996
0
LINE
8
BLACK
6
CONTINUOUS
10
77.8278399999999948
20
-96.4939099999999996
11
77.8278399999999948
21
-100.3247999999999962
0
LINE
8
BLACK
6
CONTINUOUS
10
77.8278399999999948
20
-100.3247999999999962
11
77.8278389999999973
21
-100.3248059999999953
0
LINE
8
BLACK
6
CONTINUOUS
10
77.8278389999999973
20
-100.3248059999999953
11
77.8278389999999973
21
-100.3385279999999966
0
LINE
8
BLACK
6
CONTINUOUS
10
77.8278389999999973
20
-100.3385279999999966
11
77.8278389999999973
21
-100.356701000000001
0
LINE
8
BLACK
6
CONTINUOUS
10
77.8278389999999973
20
-100.356701000000001
11
77.8278310000000033
21
-100.3567299999999989
0
LINE
8
BLACK
6
CONTINUOUS
10
77.8278310000000033
20
-100.3567299999999989
11
77.8278329999999983
21
-100.5494529999999997
0
LINE
8
BLACK
6
CONTINUOUS
10
77.8278329999999983
20
-100.5494529999999997
11
77.857176999999993
21
-100.8098699999999894
0
LINE
8
BLACK
6
CONTINUOUS
10
77.857176999999993
20
-100.8098699999999894
11
77.9154929999999979
21
-101.0653619999999933
0
LINE
8
BLACK
6
CONTINUOUS
10
77.9154929999999979
20
-101.0653619999999933
11
77.9154949999999928
21
-101.0653669999999948
0
LINE
8
BLACK
6
CONTINUOUS
10
77.9154949999999928
20
-101.0653669999999948
11
78.0020519999999919
21
-101.3127250000000004
0
LINE
8
BLACK
6
CONTINUOUS
10
78.0020519999999919
20
-101.3127250000000004
11
78.0144760000000019
21
-101.3385239999999925
0
LINE
8
BLACK
6
CONTINUOUS
10
78.0144760000000019
20
-101.3385239999999925
11
78.0230839999999972
21
-101.3563970000000012
0
LINE
8
BLACK
6
CONTINUOUS
10
78.0230839999999972
20
-101.3563970000000012
11
78.0378400000000028
21
-101.4210470000000015
0
LINE
8
BLACK
6
CONTINUOUS
10
78.0378400000000028
20
-101.4210470000000015
11
78.0378400000000028
21
-102.5731969999999933
0
LINE
8
BLACK
6
CONTINUOUS
10
78.0378400000000028
20
-102.5731969999999933
11
78.0760190000000023
21
-102.8142459999999971
0
LINE
8
BLACK
6
CONTINUOUS
10
78.0760190000000023
20
-102.8142459999999971
11
78.1514359999999897
21
-103.0463549999999913
0
LINE
8
BLACK
6
CONTINUOUS
10
78.1514359999999897
20
-103.0463549999999913
11
78.1514399999999938
21
-103.046363999999997
0
LINE
8
BLACK
6
CONTINUOUS
10
78.1514399999999938
20
-103.046363999999997
11
78.1514409999999913
21
-103.0463649999999944
0
LINE
8
BLACK
6
CONTINUOUS
10
78.1514409999999913
20
-103.0463649999999944
11
78.2622319999999974
21
-103.2638049999999907
0
LINE
8
BLACK
6
CONTINUOUS
10
78.2622319999999974
20
-103.2638049999999907
11
78.2622349999999898
21
-103.2638109999999898
0
LINE
8
BLACK
6
CONTINUOUS
10
78.2622349999999898
20
-103.2638109999999898
11
78.4056839999999937
21
-103.4612509999999901
0
LINE
8
BLACK
6
CONTINUOUS
10
78.4056839999999937
20
-103.4612509999999901
11
78.4056860000000029
21
-103.4612539999999967
0
LINE
8
BLACK
6
CONTINUOUS
10
78.4056860000000029
20
-103.4612539999999967
11
78.5782549999999986
21
-103.6338229999999925
0
LINE
8
BLACK
6
CONTINUOUS
10
78.5782549999999986
20
-103.6338229999999925
11
78.5827099999999916
21
-103.6376279999999923
0
LINE
8
BLACK
6
CONTINUOUS
10
78.5827099999999916
20
-103.6376279999999923
11
78.5816149999999993
21
-103.6389089999999982
0
LINE
8
BLACK
6
CONTINUOUS
10
78.5816149999999993
20
-103.6389089999999982
11
78.6249549999999999
21
-103.6924229999999909
0
LINE
8
BLACK
6
CONTINUOUS
10
78.6249549999999999
20
-103.6924229999999909
11
78.6378399999999971
21
-103.7530339999999995
0
LINE
8
BLACK
6
CONTINUOUS
10
78.6378399999999971
20
-103.7530339999999995
11
78.6378399999999971
21
-112.3493059999999986
0
LINE
8
BLACK
6
CONTINUOUS
10
78.6378399999999971
20
-112.3493059999999986
11
78.6178779999999904
21
-112.423805999999999
0
LINE
8
BLACK
6
CONTINUOUS
10
78.6178779999999904
20
-112.423805999999999
11
78.5819039999999944
21
-112.4637579999999986
0
LINE
8
BLACK
6
CONTINUOUS
10
78.5819039999999944
20
-112.4637579999999986
11
78.5827149999999932
21
-112.46470699999999
0
LINE
8
BLACK
6
CONTINUOUS
10
78.5827149999999932
20
-112.46470699999999
11
78.5782629999999926
21
-112.4685089999999974
0
LINE
8
BLACK
6
CONTINUOUS
10
78.5782629999999926
20
-112.4685089999999974
11
78.4056860000000029
21
-112.6410849999999897
0
LINE
8
BLACK
6
CONTINUOUS
10
78.4056860000000029
20
-112.6410849999999897
11
78.4056839999999937
21
-112.6410879999999963
0
LINE
8
BLACK
6
CONTINUOUS
10
78.4056839999999937
20
-112.6410879999999963
11
78.2622349999999898
21
-112.8385279999999966
0
LINE
8
BLACK
6
CONTINUOUS
10
78.2622349999999898
20
-112.8385279999999966
11
78.2622319999999974
21
-112.8385339999999957
0
LINE
8
BLACK
6
CONTINUOUS
10
78.2622319999999974
20
-112.8385339999999957
11
78.1514409999999913
21
-113.055973999999992
0
LINE
8
BLACK
6
CONTINUOUS
10
78.1514409999999913
20
-113.055973999999992
11
78.1514339999999947
21
-113.0559909999999917
0
LINE
8
BLACK
6
CONTINUOUS
10
78.1514339999999947
20
-113.0559909999999917
11
78.1103439999999978
21
-113.1824539999999928
0
LINE
8
BLACK
6
CONTINUOUS
10
78.1103439999999978
20
-113.1824539999999928
11
78.0760190000000023
21
-113.288094000000001
0
LINE
8
BLACK
6
CONTINUOUS
10
78.0760190000000023
20
-113.288094000000001
11
78.0378400000000028
21
-113.5291429999999906
0
LINE
8
BLACK
6
CONTINUOUS
10
78.0378400000000028
20
-113.5291429999999906
11
78.0378400000000028
21
-115.0731969999999933
0
LINE
8
BLACK
6
CONTINUOUS
10
78.0378400000000028
20
-115.0731969999999933
11
78.0760190000000023
21
-115.3142459999999971
0
LINE
8
BLACK
6
CONTINUOUS
10
78.0760190000000023
20
-115.3142459999999971
11
78.1514359999999897
21
-115.5463549999999913
0
LINE
8
BLACK
6
CONTINUOUS
10
78.1514359999999897
20
-115.5463549999999913
11
78.1514399999999938
21
-115.546363999999997
0
LINE
8
BLACK
6
CONTINUOUS
10
78.1514399999999938
20
-115.546363999999997
11
78.1514409999999913
21
-115.5463649999999944
0
LINE
8
BLACK
6
CONTINUOUS
10
78.1514409999999913
20
-115.5463649999999944
11
78.2622319999999974
21
-115.7638049999999907
0
LINE
8
BLACK
6
CONTINUOUS
10
78.2622319999999974
20
-115.7638049999999907
11
78.2622349999999898
21
-115.7638109999999898
0
LINE
8
BLACK
6
CONTINUOUS
10
78.2622349999999898
20
-115.7638109999999898
11
78.2761440000000022
21
-115.7829550000000012
0
LINE
8
BLACK
6
CONTINUOUS
10
78.2761440000000022
20
-115.7829550000000012
11
78.4056849999999912
21
-115.9612529999999992
0
LINE
8
BLACK
6
CONTINUOUS
10
78.4056849999999912
20
-115.9612529999999992
11
78.5782569999999936
21
-116.1338250000000016
0
LINE
8
BLACK
6
CONTINUOUS
10
78.5782569999999936
20
-116.1338250000000016
11
78.775700999999998
21
-116.2772760000000005
0
LINE
8
BLACK
6
CONTINUOUS
10
78.775700999999998
20
-116.2772760000000005
11
78.9931550000000016
21
-116.3880739999999889
0
LINE
8
BLACK
6
CONTINUOUS
10
78.9931550000000016
20
-116.3880739999999889
11
79.2252639999999957
21
-116.4634909999999905
0
LINE
8
BLACK
6
CONTINUOUS
10
79.2252639999999957
20
-116.4634909999999905
11
79.4663129999999995
21
-116.5016699999999901
0
LINE
8
BLACK
6
CONTINUOUS
10
79.4663129999999995
20
-116.5016699999999901
11
79.4663180000000011
21
-116.5016699999999901
0
LINE
8
BLACK
6
CONTINUOUS
10
79.4663180000000011
20
-116.5016699999999901
11
79.7103620000000035
21
-116.5016699999999901
0
LINE
8
BLACK
6
CONTINUOUS
10
79.7103620000000035
20
-116.5016699999999901
11
79.7103669999999909
21
-116.5016699999999901
0
LINE
8
BLACK
6
CONTINUOUS
10
79.7103669999999909
20
-116.5016699999999901
11
79.9514159999999947
21
-116.4634909999999905
0
LINE
8
BLACK
6
CONTINUOUS
10
79.9514159999999947
20
-116.4634909999999905
11
80.183525000000003
21
-116.3880739999999889
0
LINE
8
BLACK
6
CONTINUOUS
10
80.183525000000003
20
-116.3880739999999889
11
80.4009789999999924
21
-116.2772760000000005
0
LINE
8
BLACK
6
CONTINUOUS
10
80.4009789999999924
20
-116.2772760000000005
11
80.5984229999999968
21
-116.1338250000000016
0
LINE
8
BLACK
6
CONTINUOUS
10
80.5984229999999968
20
-116.1338250000000016
11
80.7709949999999992
21
-115.9612529999999992
0
LINE
8
BLACK
6
CONTINUOUS
10
80.7709949999999992
20
-115.9612529999999992
11
80.9144459999999981
21
-115.7638089999999949
0
LINE
8
BLACK
6
CONTINUOUS
10
80.9144459999999981
20
-115.7638089999999949
11
81.0252440000000007
21
-115.5463549999999913
0
LINE
8
BLACK
6
CONTINUOUS
10
81.0252440000000007
20
-115.5463549999999913
11
81.1006610000000023
21
-115.3142459999999971
0
LINE
8
BLACK
6
CONTINUOUS
10
81.1006610000000023
20
-115.3142459999999971
11
81.1388400000000019
21
-115.0731969999999933
0
LINE
8
BLACK
6
CONTINUOUS
10
81.1388400000000019
20
-115.0731969999999933
11
81.1388400000000019
21
-113.5291429999999906
0
LINE
8
BLACK
6
CONTINUOUS
10
81.1388400000000019
20
-113.5291429999999906
11
81.1006610000000023
21
-113.288094000000001
0
LINE
8
BLACK
6
CONTINUOUS
10
81.1006610000000023
20
-113.288094000000001
11
81.0252440000000007
21
-113.0559849999999926
0
LINE
8
BLACK
6
CONTINUOUS
10
81.0252440000000007
20
-113.0559849999999926
11
80.9144459999999981
21
-112.838530999999989
0
LINE
8
BLACK
6
CONTINUOUS
10
80.9144459999999981
20
-112.838530999999989
11
80.7709949999999992
21
-112.6410869999999989
0
LINE
8
BLACK
6
CONTINUOUS
10
80.7709949999999992
20
-112.6410869999999989
11
80.5984229999999968
21
-112.4685149999999965
0
LINE
8
BLACK
6
CONTINUOUS
10
80.5984229999999968
20
-112.4685149999999965
11
80.5984189999999927
21
-112.4685119999999898
0
LINE
8
BLACK
6
CONTINUOUS
10
80.5984189999999927
20
-112.4685119999999898
11
80.5984160000000003
21
-112.4685089999999974
0
LINE
8
BLACK
6
CONTINUOUS
10
80.5984160000000003
20
-112.4685089999999974
11
80.5939649999999972
21
-112.46470699999999
0
LINE
8
BLACK
6
CONTINUOUS
10
80.5939649999999972
20
-112.46470699999999
11
80.5950579999999945
21
-112.4634259999999983
0
LINE
8
BLACK
6
CONTINUOUS
10
80.5950579999999945
20
-112.4634259999999983
11
80.5517210000000006
21
-112.409908999999999
0
LINE
8
BLACK
6
CONTINUOUS
10
80.5517210000000006
20
-112.409908999999999
11
80.5388399999999933
21
-112.3493059999999986
0
LINE
8
BLACK
6
CONTINUOUS
10
80.5388399999999933
20
-112.3493059999999986
11
80.5388399999999933
21
-103.7530339999999995
0
LINE
8
BLACK
6
CONTINUOUS
10
80.5388399999999933
20
-103.7530339999999995
11
80.558802
21
-103.6785339999999991
0
LINE
8
BLACK
6
CONTINUOUS
10
80.558802
20
-103.6785339999999991
11
80.5947809999999976
21
-103.638576999999998
0
LINE
8
BLACK
6
CONTINUOUS
10
80.5947809999999976
20
-103.638576999999998
11
80.5939699999999988
21
-103.6376279999999923
0
LINE
8
BLACK
6
CONTINUOUS
10
80.5939699999999988
20
-103.6376279999999923
11
80.5984139999999911
21
-103.6338310000000007
0
LINE
8
BLACK
6
CONTINUOUS
10
80.5984139999999911
20
-103.6338310000000007
11
80.5984229999999968
21
-103.6338250000000016
0
LINE
8
BLACK
6
CONTINUOUS
10
80.5984229999999968
20
-103.6338250000000016
11
80.7709949999999992
21
-103.4612529999999992
0
LINE
8
BLACK
6
CONTINUOUS
10
80.7709949999999992
20
-103.4612529999999992
11
80.9144459999999981
21
-103.2638089999999949
0
LINE
8
BLACK
6
CONTINUOUS
10
80.9144459999999981
20
-103.2638089999999949
11
81.0252440000000007
21
-103.0463549999999913
0
LINE
8
BLACK
6
CONTINUOUS
10
81.0252440000000007
20
-103.0463549999999913
11
81.1006610000000023
21
-102.8142459999999971
0
LINE
8
BLACK
6
CONTINUOUS
10
81.1006610000000023
20
-102.8142459999999971
11
81.1388400000000019
21
-102.5731969999999933
0
LINE
8
BLACK
6
CONTINUOUS
10
81.1388400000000019
20
-102.5731969999999933
11
81.1388400000000019
21
-101.0291429999999906
0
LINE
8
BLACK
6
CONTINUOUS
10
81.1388400000000019
20
-101.0291429999999906
11
81.1006610000000023
21
-100.788094000000001
0
LINE
8
BLACK
6
CONTINUOUS
10
81.1006610000000023
20
-100.788094000000001
11
81.0252440000000007
21
-100.5559849999999926
0
LINE
8
BLACK
6
CONTINUOUS
10
81.0252440000000007
20
-100.5559849999999926
11
80.9144459999999981
21
-100.338530999999989
0
LINE
8
BLACK
6
CONTINUOUS
10
80.9144459999999981
20
-100.338530999999989
11
80.7709949999999992
21
-100.1410869999999989
0
LINE
8
BLACK
6
CONTINUOUS
10
80.7709949999999992
20
-100.1410869999999989
11
80.5984229999999968
21
-99.9685149999999965
0
LINE
8
BLACK
6
CONTINUOUS
10
80.5984229999999968
20
-99.9685149999999965
11
80.4997010000000017
21
-99.8967889999999983
0
LINE
8
BLACK
6
CONTINUOUS
10
80.4997010000000017
20
-99.8967889999999983
11
80.4009810000000016
21
-99.8250649999999951
0
LINE
8
BLACK
6
CONTINUOUS
10
80.4009810000000016
20
-99.8250649999999951
11
80.4009750000000025
21
-99.8250619999999884
0
LINE
8
BLACK
6
CONTINUOUS
10
80.4009750000000025
20
-99.8250619999999884
11
80.183534999999992
21
-99.7142709999999965
0
LINE
8
BLACK
6
CONTINUOUS
10
80.183534999999992
20
-99.7142709999999965
11
80.1835339999999945
21
-99.7142699999999991
0
LINE
8
BLACK
6
CONTINUOUS
10
80.1835339999999945
20
-99.7142699999999991
11
80.183525000000003
21
-99.714265999999995
0
LINE
8
BLACK
6
CONTINUOUS
10
80.183525000000003
20
-99.714265999999995
11
79.9514159999999947
21
-99.6388489999999933
0
LINE
8
BLACK
6
CONTINUOUS
10
79.9514159999999947
20
-99.6388489999999933
11
79.9514139999999998
21
-99.6388479999999959
0
LINE
8
BLACK
6
CONTINUOUS
10
79.9514139999999998
20
-99.6388479999999959
11
79.9514089999999982
21
-99.6388469999999984
0
LINE
8
BLACK
6
CONTINUOUS
10
79.9514089999999982
20
-99.6388469999999984
11
79.9514099999999956
21
-99.6388469999999984
0
LINE
8
BLACK
6
CONTINUOUS
10
79.9514099999999956
20
-99.6388469999999984
11
79.8545299999999969
21
-99.623502000000002
0
LINE
8
BLACK
6
CONTINUOUS
10
79.8545299999999969
20
-99.623502000000002
11
79.7840699999999998
21
-99.5921309999999949
0
LINE
8
BLACK
6
CONTINUOUS
10
79.7840699999999998
20
-99.5921309999999949
11
79.7387360000000029
21
-99.5297329999999931
0
LINE
8
BLACK
6
CONTINUOUS
10
79.7387360000000029
20
-99.5297329999999931
11
79.7288399999999911
21
-99.4763370000000009
0
LINE
8
BLACK
6
CONTINUOUS
10
79.7288399999999911
20
-99.4763370000000009
11
79.7288399999999911
21
-96.4939099999999996
0
LINE
8
BLACK
6
CONTINUOUS
10
79.7288399999999911
20
-96.4939099999999996
11
79.7488019999999977
21
-96.4194099999999992
0
LINE
8
BLACK
6
CONTINUOUS
10
79.7488019999999977
20
-96.4194099999999992
11
79.8033399999999915
21
-96.3648719999999912
0
LINE
8
BLACK
6
CONTINUOUS
10
79.8033399999999915
20
-96.3648719999999912
11
79.8116109999999992
21
-96.360438000000002
0
LINE
8
BLACK
6
CONTINUOUS
10
79.8116109999999992
20
-96.360438000000002
11
79.8890930000000026
21
-96.3220120000000009
0
LINE
8
BLACK
6
CONTINUOUS
10
79.8890930000000026
20
-96.3220120000000009
11
80.0332799999999907
21
-96.2061099999999954
0
LINE
8
BLACK
6
CONTINUOUS
10
80.0332799999999907
20
-96.2061099999999954
11
80.1491819999999962
21
-96.0619229999999931
0
LINE
8
BLACK
6
CONTINUOUS
10
80.1491819999999962
20
-96.0619229999999931
11
80.2313769999999948
21
-95.8961910000000017
0
LINE
8
BLACK
6
CONTINUOUS
10
80.2313769999999948
20
-95.8961910000000017
11
80.276022999999995
21
-95.7166649999999919
0
LINE
8
BLACK
6
CONTINUOUS
10
80.276022999999995
20
-95.7166649999999919
11
80.2788400000000024
21
-95.6751239999999967
0
LINE
8
BLACK
6
CONTINUOUS
10
80.2788400000000024
20
-95.6751239999999967
11
80.2788400000000024
21
-92.4272160000000014
0
LINE
8
BLACK
6
CONTINUOUS
10
80.2788400000000024
20
-92.4272160000000014
11
80.276022999999995
21
-92.385674999999992
0
LINE
8
BLACK
6
CONTINUOUS
10
80.276022999999995
20
-92.385674999999992
11
80.233128999999991
21
-92.2131940000000014
0
LINE
8
BLACK
6
CONTINUOUS
10
80.233128999999991
20
-92.2131940000000014
11
80.2345219999999983
21
-92.1360799999999927
0
LINE
8
BLACK
6
CONTINUOUS
10
80.2345219999999983
20
-92.1360799999999927
11
80.2742859999999894
21
-92.0699919999999992
0
LINE
8
BLACK
6
CONTINUOUS
10
80.2742859999999894
20
-92.0699919999999992
11
80.3417659999999927
21
-92.0326400000000007
0
LINE
8
BLACK
6
CONTINUOUS
10
80.3417659999999927
20
-92.0326400000000007
11
80.3777249999999981
21
-92.0282359999999926
0
LINE
8
BLACK
6
CONTINUOUS
10
80.3777249999999981
20
-92.0282359999999926
11
80.9192989999999952
21
-92.0282359999999926
0
LINE
8
BLACK
6
CONTINUOUS
10
80.9192989999999952
20
-92.0282359999999926
11
80.9339069999999907
21
-92.0289539999999988
0
LINE
8
BLACK
6
CONTINUOUS
10
80.9339069999999907
20
-92.0289539999999988
11
80.9444110000000023
21
-92.0299879999999888
0
LINE
8
BLACK
6
CONTINUOUS
10
80.9444110000000023
20
-92.0299879999999888
11
81.0507470000000012
21
-92.0404649999999975
0
LINE
8
BLACK
6
CONTINUOUS
10
81.0507470000000012
20
-92.0404649999999975
11
81.0793839999999904
21
-92.0461619999999954
0
LINE
8
BLACK
6
CONTINUOUS
10
81.0793839999999904
20
-92.0461619999999954
11
81.184710999999993
21
-92.0781179999999893
0
LINE
8
BLACK
6
CONTINUOUS
10
81.184710999999993
20
-92.0781179999999893
11
81.2116860000000003
21
-92.0892939999999953
0
LINE
8
BLACK
6
CONTINUOUS
10
81.2116860000000003
20
-92.0892939999999953
11
81.2722129999999936
21
-92.121651
0
LINE
8
BLACK
6
CONTINUOUS
10
81.2722129999999936
20
-92.121651
11
81.3285020000000003
21
-92.1743769999999927
0
LINE
8
BLACK
6
CONTINUOUS
10
81.3285020000000003
20
-92.1743769999999927
11
81.3508860000000027
21
-92.2481849999999923
0
LINE
8
BLACK
6
CONTINUOUS
10
81.3508860000000027
20
-92.2481849999999923
11
81.333367999999993
21
-92.3232979999999941
0
LINE
8
BLACK
6
CONTINUOUS
10
81.333367999999993
20
-92.3232979999999941
11
81.3225099999999941
21
-92.3406310000000019
0
LINE
8
BLACK
6
CONTINUOUS
10
81.3225099999999941
20
-92.3406310000000019
11
81.3050020000000018
21
-92.3647279999999995
0
LINE
8
BLACK
6
CONTINUOUS
10
81.3050020000000018
20
-92.3647279999999995
11
81.3049979999999977
21
-92.364734999999996
0
LINE
8
BLACK
6
CONTINUOUS
10
81.3049979999999977
20
-92.364734999999996
11
81.1977749999999929
21
-92.5751719999999949
0
LINE
8
BLACK
6
CONTINUOUS
10
81.1977749999999929
20
-92.5751719999999949
11
81.1977699999999913
21
-92.575183999999993
0
LINE
8
BLACK
6
CONTINUOUS
10
81.1977699999999913
20
-92.575183999999993
11
81.147365999999991
21
-92.7303119999999979
0
LINE
8
BLACK
6
CONTINUOUS
10
81.147365999999991
20
-92.7303119999999979
11
81.1247869999999978
21
-92.7998019999999997
0
LINE
8
BLACK
6
CONTINUOUS
10
81.1247869999999978
20
-92.7998019999999997
11
81.0878399999999999
21
-93.0330779999999891
0
LINE
8
BLACK
6
CONTINUOUS
10
81.0878399999999999
20
-93.0330779999999891
11
81.0878399999999999
21
-95.0692619999999948
0
LINE
8
BLACK
6
CONTINUOUS
10
81.0878399999999999
20
-95.0692619999999948
11
81.1247869999999978
21
-95.3025379999999984
0
LINE
8
BLACK
6
CONTINUOUS
10
81.1247869999999978
20
-95.3025379999999984
11
81.1977720000000005
21
-95.5271619999999899
0
LINE
8
BLACK
6
CONTINUOUS
10
81.1977720000000005
20
-95.5271619999999899
11
81.3049970000000002
21
-95.7376029999999929
0
LINE
8
BLACK
6
CONTINUOUS
10
81.3049970000000002
20
-95.7376029999999929
11
81.4438229999999947
21
-95.9286799999999999
0
LINE
8
BLACK
6
CONTINUOUS
10
81.4438229999999947
20
-95.9286799999999999
11
81.5942000000000007
21
-96.0790569999999917
0
LINE
8
BLACK
6
CONTINUOUS
10
81.5942000000000007
20
-96.0790569999999917
11
81.6327629999999971
21
-96.1458499999999958
0
LINE
8
BLACK
6
CONTINUOUS
10
81.6327629999999971
20
-96.1458499999999958
11
81.6378399999999971
21
-96.1844139999999896
0
LINE
8
BLACK
6
CONTINUOUS
10
81.6378399999999971
20
-96.1844139999999896
11
81.6378399999999971
21
-98.4877800000000008
0
LINE
8
BLACK
6
CONTINUOUS
10
81.6378399999999971
20
-98.4877800000000008
11
81.6378539999999902
21
-98.488080999999994
0
LINE
8
BLACK
6
CONTINUOUS
10
81.6378539999999902
20
-98.488080999999994
11
81.6378539999999902
21
-98.5775159999999886
0
LINE
8
BLACK
6
CONTINUOUS
10
81.6378539999999902
20
-98.5775159999999886
11
81.6710659999999962
21
-98.9571789999999964
0
LINE
8
BLACK
6
CONTINUOUS
10
81.6710659999999962
20
-98.9571789999999964
11
81.6710679999999911
21
-98.9571959999999962
0
LINE
8
BLACK
6
CONTINUOUS
10
81.6710679999999911
20
-98.9571959999999962
11
81.7372479999999939
21
-99.3325449999999961
0
LINE
8
BLACK
6
CONTINUOUS
10
81.7372479999999939
20
-99.3325449999999961
11
81.737251999999998
21
-99.3325619999999958
0
LINE
8
BLACK
6
CONTINUOUS
10
81.737251999999998
20
-99.3325619999999958
11
81.8358860000000021
21
-99.7006820000000005
0
LINE
8
BLACK
6
CONTINUOUS
10
81.8358860000000021
20
-99.7006820000000005
11
81.8358869999999996
21
-99.7006870000000021
0
LINE
8
BLACK
6
CONTINUOUS
10
81.8358869999999996
20
-99.7006870000000021
11
81.835889999999992
21
-99.7006949999999961
0
LINE
8
BLACK
6
CONTINUOUS
10
81.835889999999992
20
-99.7006949999999961
11
81.9662440000000032
21
-100.0588459999999884
0
LINE
8
BLACK
6
CONTINUOUS
10
81.9662440000000032
20
-100.0588459999999884
11
82.1051479999999998
21
-100.3567299999999989
0
LINE
8
BLACK
6
CONTINUOUS
10
82.1051479999999998
20
-100.3567299999999989
11
82.1273180000000025
21
-100.4042729999999892
0
LINE
8
BLACK
6
CONTINUOUS
10
82.1273180000000025
20
-100.4042729999999892
11
82.1273219999999924
21
-100.4042819999999949
0
LINE
8
BLACK
6
CONTINUOUS
10
82.1273219999999924
20
-100.4042819999999949
11
82.2149009999999976
21
-100.555973999999992
0
LINE
8
BLACK
6
CONTINUOUS
10
82.2149009999999976
20
-100.555973999999992
11
82.3178849999999898
21
-100.7343479999999971
0
LINE
8
BLACK
6
CONTINUOUS
10
82.3178849999999898
20
-100.7343479999999971
11
82.5243040000000008
21
-101.0291469999999947
0
LINE
8
BLACK
6
CONTINUOUS
10
82.5243040000000008
20
-101.0291469999999947
11
82.5364909999999981
21
-101.0465509999999938
0
LINE
8
BLACK
6
CONTINUOUS
10
82.5364909999999981
20
-101.0465509999999938
11
82.5364989999999921
21
-101.0465619999999944
0
LINE
8
BLACK
6
CONTINUOUS
10
82.5364989999999921
20
-101.0465619999999944
11
82.5522780000000012
21
-101.0653669999999948
0
LINE
8
BLACK
6
CONTINUOUS
10
82.5522780000000012
20
-101.0653669999999948
11
82.7814849999999893
21
-101.3385239999999925
0
LINE
8
BLACK
6
CONTINUOUS
10
82.7814849999999893
20
-101.3385239999999925
11
82.8500349999999912
21
-101.4070739999999944
0
LINE
8
BLACK
6
CONTINUOUS
10
82.8500349999999912
20
-101.4070739999999944
11
82.8500379999999979
21
-101.4070779999999985
0
LINE
8
BLACK
6
CONTINUOUS
10
82.8500379999999979
20
-101.4070779999999985
11
82.9516579999999948
21
-101.5086979999999954
0
LINE
8
BLACK
6
CONTINUOUS
10
82.9516579999999948
20
-101.5086979999999954
11
82.9941989999999947
21
-101.5512389999999954
0
LINE
8
BLACK
6
CONTINUOUS
10
82.9941989999999947
20
-101.5512389999999954
11
83.0327630000000028
21
-101.6180339999999944
0
LINE
8
BLACK
6
CONTINUOUS
10
83.0327630000000028
20
-101.6180339999999944
11
83.0378400000000028
21
-101.6565980000000025
0
LINE
8
BLACK
6
CONTINUOUS
10
83.0378400000000028
20
-101.6565980000000025
11
83.0378400000000028
21
-102.5731969999999933
0
LINE
8
BLACK
6
CONTINUOUS
10
83.0378400000000028
20
-102.5731969999999933
11
83.0760190000000023
21
-102.8142459999999971
0
LINE
8
BLACK
6
CONTINUOUS
10
83.0760190000000023
20
-102.8142459999999971
11
83.1514359999999897
21
-103.0463549999999913
0
LINE
8
BLACK
6
CONTINUOUS
10
83.1514359999999897
20
-103.0463549999999913
11
83.1514399999999938
21
-103.046363999999997
0
LINE
8
BLACK
6
CONTINUOUS
10
83.1514399999999938
20
-103.046363999999997
11
83.1514409999999913
21
-103.0463649999999944
0
LINE
8
BLACK
6
CONTINUOUS
10
83.1514409999999913
20
-103.0463649999999944
11
83.2622319999999974
21
-103.2638049999999907
0
LINE
8
BLACK
6
CONTINUOUS
10
83.2622319999999974
20
-103.2638049999999907
11
83.2622349999999898
21
-103.2638109999999898
0
LINE
8
BLACK
6
CONTINUOUS
10
83.2622349999999898
20
-103.2638109999999898
11
83.4056839999999937
21
-103.4612509999999901
0
LINE
8
BLACK
6
CONTINUOUS
10
83.4056839999999937
20
-103.4612509999999901
11
83.4056860000000029
21
-103.4612539999999967
0
LINE
8
BLACK
6
CONTINUOUS
10
83.4056860000000029
20
-103.4612539999999967
11
83.5782549999999986
21
-103.6338229999999925
0
LINE
8
BLACK
6
CONTINUOUS
10
83.5782549999999986
20
-103.6338229999999925
11
83.5827099999999916
21
-103.6376279999999923
0
LINE
8
BLACK
6
CONTINUOUS
10
83.5827099999999916
20
-103.6376279999999923
11
83.5816149999999993
21
-103.6389089999999982
0
LINE
8
BLACK
6
CONTINUOUS
10
83.5816149999999993
20
-103.6389089999999982
11
83.6249549999999999
21
-103.6924229999999909
0
LINE
8
BLACK
6
CONTINUOUS
10
83.6249549999999999
20
-103.6924229999999909
11
83.6378399999999971
21
-103.7530339999999995
0
LINE
8
BLACK
6
CONTINUOUS
10
83.6378399999999971
20
-103.7530339999999995
11
83.6378399999999971
21
-112.3493059999999986
0
LINE
8
BLACK
6
CONTINUOUS
10
83.6378399999999971
20
-112.3493059999999986
11
83.6178779999999904
21
-112.423805999999999
0
LINE
8
BLACK
6
CONTINUOUS
10
83.6178779999999904
20
-112.423805999999999
11
83.5819039999999944
21
-112.4637579999999986
0
LINE
8
BLACK
6
CONTINUOUS
10
83.5819039999999944
20
-112.4637579999999986
11
83.5827149999999932
21
-112.46470699999999
0
LINE
8
BLACK
6
CONTINUOUS
10
83.5827149999999932
20
-112.46470699999999
11
83.5782629999999926
21
-112.4685089999999974
0
LINE
8
BLACK
6
CONTINUOUS
10
83.5782629999999926
20
-112.4685089999999974
11
83.4056860000000029
21
-112.6410849999999897
0
LINE
8
BLACK
6
CONTINUOUS
10
83.4056860000000029
20
-112.6410849999999897
11
83.4056839999999937
21
-112.6410879999999963
0
LINE
8
BLACK
6
CONTINUOUS
10
83.4056839999999937
20
-112.6410879999999963
11
83.2622349999999898
21
-112.8385279999999966
0
LINE
8
BLACK
6
CONTINUOUS
10
83.2622349999999898
20
-112.8385279999999966
11
83.2622319999999974
21
-112.8385339999999957
0
LINE
8
BLACK
6
CONTINUOUS
10
83.2622319999999974
20
-112.8385339999999957
11
83.1514409999999913
21
-113.055973999999992
0
LINE
8
BLACK
6
CONTINUOUS
10
83.1514409999999913
20
-113.055973999999992
11
83.1514339999999947
21
-113.0559909999999917
0
LINE
8
BLACK
6
CONTINUOUS
10
83.1514339999999947
20
-113.0559909999999917
11
83.1103439999999978
21
-113.1824539999999928
0
LINE
8
BLACK
6
CONTINUOUS
10
83.1103439999999978
20
-113.1824539999999928
11
83.0760190000000023
21
-113.288094000000001
0
LINE
8
BLACK
6
CONTINUOUS
10
83.0760190000000023
20
-113.288094000000001
11
83.0378400000000028
21
-113.5291429999999906
0
LINE
8
BLACK
6
CONTINUOUS
10
83.0378400000000028
20
-113.5291429999999906
11
83.0378400000000028
21
-115.0731969999999933
0
LINE
8
BLACK
6
CONTINUOUS
10
83.0378400000000028
20
-115.0731969999999933
11
83.0760190000000023
21
-115.3142459999999971
0
LINE
8
BLACK
6
CONTINUOUS
10
83.0760190000000023
20
-115.3142459999999971
11
83.1514359999999897
21
-115.5463549999999913
0
LINE
8
BLACK
6
CONTINUOUS
10
83.1514359999999897
20
-115.5463549999999913
11
83.1514399999999938
21
-115.546363999999997
0
LINE
8
BLACK
6
CONTINUOUS
10
83.1514399999999938
20
-115.546363999999997
11
83.1514409999999913
21
-115.5463649999999944
0
LINE
8
BLACK
6
CONTINUOUS
10
83.1514409999999913
20
-115.5463649999999944
11
83.2622319999999974
21
-115.7638049999999907
0
LINE
8
BLACK
6
CONTINUOUS
10
83.2622319999999974
20
-115.7638049999999907
11
83.2622349999999898
21
-115.7638109999999898
0
LINE
8
BLACK
6
CONTINUOUS
10
83.2622349999999898
20
-115.7638109999999898
11
83.2761440000000022
21
-115.7829550000000012
0
LINE
8
BLACK
6
CONTINUOUS
10
83.2761440000000022
20
-115.7829550000000012
11
83.4056849999999912
21
-115.9612529999999992
0
LINE
8
BLACK
6
CONTINUOUS
10
83.4056849999999912
20
-115.9612529999999992
11
83.5782569999999936
21
-116.1338250000000016
0
LINE
8
BLACK
6
CONTINUOUS
10
83.5782569999999936
20
-116.1338250000000016
11
83.775700999999998
21
-116.2772760000000005
0
LINE
8
BLACK
6
CONTINUOUS
10
83.775700999999998
20
-116.2772760000000005
11
83.9931550000000016
21
-116.3880739999999889
0
LINE
8
BLACK
6
CONTINUOUS
10
83.9931550000000016
20
-116.3880739999999889
11
84.2252639999999957
21
-116.4634909999999905
0
LINE
8
BLACK
6
CONTINUOUS
10
84.2252639999999957
20
-116.4634909999999905
11
84.4663129999999995
21
-116.5016699999999901
0
LINE
8
BLACK
6
CONTINUOUS
10
84.4663129999999995
20
-116.5016699999999901
11
84.4663180000000011
21
-116.5016699999999901
0
LINE
8
BLACK
6
CONTINUOUS
10
84.4663180000000011
20
-116.5016699999999901
11
84.7103619999999893
21
-116.5016699999999901
0
LINE
8
BLACK
6
CONTINUOUS
10
84.7103619999999893
20
-116.5016699999999901
11
84.7103669999999909
21
-116.5016699999999901
0
LINE
8
BLACK
6
CONTINUOUS
10
84.7103669999999909
20
-116.5016699999999901
11
84.9514159999999947
21
-116.4634909999999905
0
LINE
8
BLACK
6
CONTINUOUS
10
84.9514159999999947
20
-116.4634909999999905
11
85.183525000000003
21
-116.3880739999999889
0
LINE
8
BLACK
6
CONTINUOUS
10
85.183525000000003
20
-116.3880739999999889
11
85.4009789999999924
21
-116.2772760000000005
0
LINE
8
BLACK
6
CONTINUOUS
10
85.4009789999999924
20
-116.2772760000000005
11
85.5984229999999968
21
-116.1338250000000016
0
LINE
8
BLACK
6
CONTINUOUS
10
85.5984229999999968
20
-116.1338250000000016
11
85.7709949999999992
21
-115.9612529999999992
0
LINE
8
BLACK
6
CONTINUOUS
10
85.7709949999999992
20
-115.9612529999999992
11
85.9144459999999981
21
-115.7638089999999949
0
LINE
8
BLACK
6
CONTINUOUS
10
85.9144459999999981
20
-115.7638089999999949
11
86.0252440000000007
21
-115.5463549999999913
0
LINE
8
BLACK
6
CONTINUOUS
10
86.0252440000000007
20
-115.5463549999999913
11
86.1006610000000023
21
-115.3142459999999971
0
LINE
8
BLACK
6
CONTINUOUS
10
86.1006610000000023
20
-115.3142459999999971
11
86.1388400000000019
21
-115.0731969999999933
0
LINE
8
BLACK
6
CONTINUOUS
10
86.1388400000000019
20
-115.0731969999999933
11
86.1388400000000019
21
-113.5291429999999906
0
LINE
8
BLACK
6
CONTINUOUS
10
86.1388400000000019
20
-113.5291429999999906
11
86.1006610000000023
21
-113.288094000000001
0
LINE
8
BLACK
6
CONTINUOUS
10
86.1006610000000023
20
-113.288094000000001
11
86.0252440000000007
21
-113.0559849999999926
0
LINE
8
BLACK
6
CONTINUOUS
10
86.0252440000000007
20
-113.0559849999999926
11
85.9144459999999981
21
-112.838530999999989
0
LINE
8
BLACK
6
CONTINUOUS
10
85.9144459999999981
20
-112.838530999999989
11
85.7709949999999992
21
-112.6410869999999989
0
LINE
8
BLACK
6
CONTINUOUS
10
85.7709949999999992
20
-112.6410869999999989
11
85.5984229999999968
21
-112.4685149999999965
0
LINE
8
BLACK
6
CONTINUOUS
10
85.5984229999999968
20
-112.4685149999999965
11
85.5984189999999927
21
-112.4685119999999898
0
LINE
8
BLACK
6
CONTINUOUS
10
85.5984189999999927
20
-112.4685119999999898
11
85.5984160000000003
21
-112.4685089999999974
0
LINE
8
BLACK
6
CONTINUOUS
10
85.5984160000000003
20
-112.4685089999999974
11
85.5939649999999972
21
-112.46470699999999
0
LINE
8
BLACK
6
CONTINUOUS
10
85.5939649999999972
20
-112.46470699999999
11
85.5950579999999945
21
-112.4634259999999983
0
LINE
8
BLACK
6
CONTINUOUS
10
85.5950579999999945
20
-112.4634259999999983
11
85.5517210000000006
21
-112.409908999999999
0
LINE
8
BLACK
6
CONTINUOUS
10
85.5517210000000006
20
-112.409908999999999
11
85.5388399999999933
21
-112.3493059999999986
0
LINE
8
BLACK
6
CONTINUOUS
10
85.5388399999999933
20
-112.3493059999999986
11
85.5388399999999933
21
-103.7530339999999995
0
LINE
8
BLACK
6
CONTINUOUS
10
85.5388399999999933
20
-103.7530339999999995
11
85.558802
21
-103.6785339999999991
0
LINE
8
BLACK
6
CONTINUOUS
10
85.558802
20
-103.6785339999999991
11
85.5947809999999976
21
-103.638576999999998
0
LINE
8
BLACK
6
CONTINUOUS
10
85.5947809999999976
20
-103.638576999999998
11
85.5939699999999988
21
-103.6376279999999923
0
LINE
8
BLACK
6
CONTINUOUS
10
85.5939699999999988
20
-103.6376279999999923
11
85.5984139999999911
21
-103.6338310000000007
0
LINE
8
BLACK
6
CONTINUOUS
10
85.5984139999999911
20
-103.6338310000000007
11
85.5984229999999968
21
-103.6338250000000016
0
LINE
8
BLACK
6
CONTINUOUS
10
85.5984229999999968
20
-103.6338250000000016
11
85.7709949999999992
21
-103.4612529999999992
0
LINE
8
BLACK
6
CONTINUOUS
10
85.7709949999999992
20
-103.4612529999999992
11
85.9144459999999981
21
-103.2638089999999949
0
LINE
8
BLACK
6
CONTINUOUS
10
85.9144459999999981
20
-103.2638089999999949
11
86.0252440000000007
21
-103.0463549999999913
0
LINE
8
BLACK
6
CONTINUOUS
10
86.0252440000000007
20
-103.0463549999999913
11
86.1006610000000023
21
-102.8142459999999971
0
LINE
8
BLACK
6
CONTINUOUS
10
86.1006610000000023
20
-102.8142459999999971
11
86.1388400000000019
21
-102.5731969999999933
0
LINE
8
BLACK
6
CONTINUOUS
10
86.1388400000000019
20
-102.5731969999999933
11
86.1388400000000019
21
-101.0291429999999906
0
LINE
8
BLACK
6
CONTINUOUS
10
86.1388400000000019
20
-101.0291429999999906
11
86.1006610000000023
21
-100.788094000000001
0
LINE
8
BLACK
6
CONTINUOUS
10
86.1006610000000023
20
-100.788094000000001
11
86.0252440000000007
21
-100.5559849999999926
0
LINE
8
BLACK
6
CONTINUOUS
10
86.0252440000000007
20
-100.5559849999999926
11
85.9144459999999981
21
-100.338530999999989
0
LINE
8
BLACK
6
CONTINUOUS
10
85.9144459999999981
20
-100.338530999999989
11
85.7709949999999992
21
-100.1410869999999989
0
LINE
8
BLACK
6
CONTINUOUS
10
85.7709949999999992
20
-100.1410869999999989
11
85.5984229999999968
21
-99.9685149999999965
0
LINE
8
BLACK
6
CONTINUOUS
10
85.5984229999999968
20
-99.9685149999999965
11
85.4997010000000017
21
-99.8967889999999983
0
LINE
8
BLACK
6
CONTINUOUS
10
85.4997010000000017
20
-99.8967889999999983
11
85.4009810000000016
21
-99.8250649999999951
0
LINE
8
BLACK
6
CONTINUOUS
10
85.4009810000000016
20
-99.8250649999999951
11
85.4009750000000025
21
-99.8250619999999884
0
LINE
8
BLACK
6
CONTINUOUS
10
85.4009750000000025
20
-99.8250619999999884
11
85.183534999999992
21
-99.7142709999999965
0
LINE
8
BLACK
6
CONTINUOUS
10
85.183534999999992
20
-99.7142709999999965
11
85.1835339999999945
21
-99.7142699999999991
0
LINE
8
BLACK
6
CONTINUOUS
10
85.1835339999999945
20
-99.7142699999999991
11
85.183525000000003
21
-99.714265999999995
0
LINE
8
BLACK
6
CONTINUOUS
10
85.183525000000003
20
-99.714265999999995
11
84.9514159999999947
21
-99.6388489999999933
0
LINE
8
BLACK
6
CONTINUOUS
10
84.9514159999999947
20
-99.6388489999999933
11
84.7103669999999909
21
-99.6006699999999938
0
LINE
8
BLACK
6
CONTINUOUS
10
84.7103669999999909
20
-99.6006699999999938
11
84.4663129999999995
21
-99.6006699999999938
0
LINE
8
BLACK
6
CONTINUOUS
10
84.4663129999999995
20
-99.6006699999999938
11
84.3221599999999967
21
-99.623502000000002
0
LINE
8
BLACK
6
CONTINUOUS
10
84.3221599999999967
20
-99.623502000000002
11
84.2252670000000023
21
-99.6388479999999959
0
LINE
8
BLACK
6
CONTINUOUS
10
84.2252670000000023
20
-99.6388479999999959
11
84.0528529999999989
21
-99.6948689999999971
0
LINE
8
BLACK
6
CONTINUOUS
10
84.0528529999999989
20
-99.6948689999999971
11
84.0280889999999943
21
-99.696165999999991
0
LINE
8
BLACK
6
CONTINUOUS
10
84.0280889999999943
20
-99.696165999999991
11
84.0040229999999895
21
-99.7021349999999984
0
LINE
8
BLACK
6
CONTINUOUS
10
84.0040229999999895
20
-99.7021349999999984
11
83.9901979999999924
21
-99.6981519999999932
0
LINE
8
BLACK
6
CONTINUOUS
10
83.9901979999999924
20
-99.6981519999999932
11
83.9758309999999994
21
-99.6989049999999963
0
LINE
8
BLACK
6
CONTINUOUS
10
83.9758309999999994
20
-99.6989049999999963
11
83.9537380000000013
21
-99.6876479999999958
0
LINE
8
BLACK
6
CONTINUOUS
10
83.9537380000000013
20
-99.6876479999999958
11
83.929908999999995
21
-99.680782999999991
0
LINE
8
BLACK
6
CONTINUOUS
10
83.929908999999995
20
-99.680782999999991
11
83.9199259999999896
21
-99.6704199999999929
0
LINE
8
BLACK
6
CONTINUOUS
10
83.9199259999999896
20
-99.6704199999999929
11
83.9071089999999913
21
-99.6638889999999975
0
LINE
8
BLACK
6
CONTINUOUS
10
83.9071089999999913
20
-99.6638889999999975
11
83.8764029999999963
21
-99.625236000000001
0
LINE
8
BLACK
6
CONTINUOUS
10
83.8764029999999963
20
-99.625236000000001
11
83.7868729999999999
21
-99.4632429999999914
0
LINE
8
BLACK
6
CONTINUOUS
10
83.7868729999999999
20
-99.4632429999999914
11
83.7796249999999958
21
-99.4481899999999968
0
LINE
8
BLACK
6
CONTINUOUS
10
83.7796249999999958
20
-99.4481899999999968
11
83.6803049999999899
21
-99.208406999999994
0
LINE
8
BLACK
6
CONTINUOUS
10
83.6803049999999899
20
-99.208406999999994
11
83.6747859999999974
21
-99.1926359999999931
0
LINE
8
BLACK
6
CONTINUOUS
10
83.6747859999999974
20
-99.1926359999999931
11
83.6029319999999956
21
-98.9432199999999966
0
LINE
8
BLACK
6
CONTINUOUS
10
83.6029319999999956
20
-98.9432199999999966
11
83.5992200000000025
21
-98.926952
0
LINE
8
BLACK
6
CONTINUOUS
10
83.5992200000000025
20
-98.926952
11
83.5557459999999992
21
-98.6710659999999962
0
LINE
8
BLACK
6
CONTINUOUS
10
83.5557459999999992
20
-98.6710659999999962
11
83.5538749999999908
21
-98.6544619999999952
0
LINE
8
BLACK
6
CONTINUOUS
10
83.5538749999999908
20
-98.6544619999999952
11
83.549554999999998
21
-98.5775159999999886
0
LINE
8
BLACK
6
CONTINUOUS
10
83.549554999999998
20
-98.5775159999999886
11
83.5390730000000019
21
-98.3908419999999921
0
LINE
8
BLACK
6
CONTINUOUS
10
83.5390730000000019
20
-98.3908419999999921
11
83.5388399999999933
21
-98.3825059999999922
0
LINE
8
BLACK
6
CONTINUOUS
10
83.5388399999999933
20
-98.3825059999999922
11
83.5388409999999908
21
-98.2933519999999987
0
LINE
8
BLACK
6
CONTINUOUS
10
83.5388409999999908
20
-98.2933519999999987
11
83.5388399999999933
21
-98.2933459999999997
0
LINE
8
BLACK
6
CONTINUOUS
10
83.5388399999999933
20
-98.2933459999999997
11
83.5388399999999933
21
-96.1844139999999896
0
LINE
8
BLACK
6
CONTINUOUS
10
83.5388399999999933
20
-96.1844139999999896
11
83.5501659999999902
21
-96.1421449999999993
0
LINE
8
BLACK
6
CONTINUOUS
10
83.5501659999999902
20
-96.1421449999999993
11
83.558802
21
-96.1099139999999892
0
LINE
8
BLACK
6
CONTINUOUS
10
83.558802
20
-96.1099139999999892
11
83.5824769999999972
21
-96.0790590000000009
0
LINE
8
BLACK
6
CONTINUOUS
10
83.5824769999999972
20
-96.0790590000000009
11
83.7328569999999957
21
-95.9286799999999999
0
LINE
8
BLACK
6
CONTINUOUS
10
83.7328569999999957
20
-95.9286799999999999
11
83.8716829999999902
21
-95.7376029999999929
0
LINE
8
BLACK
6
CONTINUOUS
10
83.8716829999999902
20
-95.7376029999999929
11
83.9789079999999899
21
-95.5271619999999899
0
LINE
8
BLACK
6
CONTINUOUS
10
83.9789079999999899
20
-95.5271619999999899
11
84.0518929999999926
21
-95.3025379999999984
0
LINE
8
BLACK
6
CONTINUOUS
10
84.0518929999999926
20
-95.3025379999999984
11
84.0888399999999905
21
-95.0692619999999948
0
LINE
8
BLACK
6
CONTINUOUS
10
84.0888399999999905
20
-95.0692619999999948
11
84.0888399999999905
21
-93.0330779999999891
0
LINE
8
BLACK
6
CONTINUOUS
10
84.0888399999999905
20
-93.0330779999999891
11
84.0518929999999926
21
-92.7998019999999997
0
LINE
8
BLACK
6
CONTINUOUS
10
84.0518929999999926
20
-92.7998019999999997
11
83.9789079999999899
21
-92.575177999999994
0
LINE
8
BLACK
6
CONTINUOUS
10
83.9789079999999899
20
-92.575177999999994
11
83.8716829999999902
21
-92.364736999999991
0
LINE
8
BLACK
6
CONTINUOUS
10
83.8716829999999902
20
-92.364736999999991
11
83.7328569999999957
21
-92.1736599999999981
0
LINE
8
BLACK
6
CONTINUOUS
10
83.7328569999999957
20
-92.1736599999999981
11
83.5658499999999975
21
-92.006653
0
LINE
8
BLACK
6
CONTINUOUS
10
83.5658499999999975
20
-92.006653
11
83.4317169999999919
21
-91.909199000000001
0
LINE
8
BLACK
6
CONTINUOUS
10
83.4317169999999919
20
-91.909199000000001
11
83.3831799999999959
21
-91.849260000000001
0
LINE
8
BLACK
6
CONTINUOUS
10
83.3831799999999959
20
-91.849260000000001
11
83.3786609999999939
21
-91.8378689999999978
0
LINE
8
BLACK
6
CONTINUOUS
10
83.3786609999999939
20
-91.8378689999999978
11
83.3687029999999965
21
-91.8094119999999947
0
LINE
8
BLACK
6
CONTINUOUS
10
83.3687029999999965
20
-91.8094119999999947
11
83.34379899999999
21
-91.7382410000000021
0
LINE
8
BLACK
6
CONTINUOUS
10
83.34379899999999
20
-91.7382410000000021
11
83.2164939999999973
21
-91.4738949999999988
0
LINE
8
BLACK
6
CONTINUOUS
10
83.2164939999999973
20
-91.4738949999999988
11
83.2017249999999962
21
-91.4503909999999962
0
LINE
8
BLACK
6
CONTINUOUS
10
83.2017249999999962
20
-91.4503909999999962
11
83.0938909999999993
21
-91.2787759999999935
0
LINE
8
BLACK
6
CONTINUOUS
10
83.0938909999999993
20
-91.2787759999999935
11
83.0603919999999931
21
-91.2254640000000023
0
LINE
8
BLACK
6
CONTINUOUS
10
83.0603919999999931
20
-91.2254640000000023
11
83.0603899999999982
21
-91.2254619999999932
0
LINE
8
BLACK
6
CONTINUOUS
10
83.0603899999999982
20
-91.2254619999999932
11
83.0603880000000032
21
-91.2254579999999891
0
LINE
8
BLACK
6
CONTINUOUS
10
83.0603880000000032
20
-91.2254579999999891
11
83.0603869999999915
21
-91.2254569999999916
0
LINE
8
BLACK
6
CONTINUOUS
10
83.0603869999999915
20
-91.2254569999999916
11
82.8774559999999951
21
-90.996073999999993
0
LINE
8
BLACK
6
CONTINUOUS
10
82.8774559999999951
20
-90.996073999999993
11
82.7737209999999948
21
-90.8923410000000018
0
LINE
8
BLACK
6
CONTINUOUS
10
82.7737209999999948
20
-90.8923410000000018
11
82.7737209999999948
21
-90.8923399999999901
0
LINE
8
BLACK
6
CONTINUOUS
10
82.7737209999999948
20
-90.8923399999999901
11
82.7026639999999986
21
-90.8212849999999889
0
LINE
8
BLACK
6
CONTINUOUS
10
82.7026639999999986
20
-90.8212849999999889
11
82.7021000000000015
21
-90.8207730000000026
0
LINE
8
BLACK
6
CONTINUOUS
10
82.7021000000000015
20
-90.8207730000000026
11
82.6751610000000028
21
-90.7938309999999973
0
LINE
8
BLACK
6
CONTINUOUS
10
82.6751610000000028
20
-90.7938309999999973
11
82.670022000000003
21
-90.788691
0
LINE
8
BLACK
6
CONTINUOUS
10
82.670022000000003
20
-90.788691
11
82.4406469999999985
21
-90.6057440000000014
0
LINE
8
BLACK
6
CONTINUOUS
10
82.4406469999999985
20
-90.6057440000000014
11
82.4406419999999969
21
-90.6057409999999948
0
LINE
8
BLACK
6
CONTINUOUS
10
82.4406419999999969
20
-90.6057409999999948
11
82.4406369999999953
21
-90.6057369999999906
0
LINE
8
BLACK
6
CONTINUOUS
10
82.4406369999999953
20
-90.6057369999999906
11
82.1922289999999975
21
-90.4496309999999966
0
LINE
8
BLACK
6
CONTINUOUS
10
82.1922289999999975
20
-90.4496309999999966
11
81.9278869999999984
21
-90.3223139999999916
0
LINE
8
BLACK
6
CONTINUOUS
10
81.9278869999999984
20
-90.3223139999999916
11
81.6509769999999975
21
-90.2254039999999975
0
LINE
8
BLACK
6
CONTINUOUS
10
81.6509769999999975
20
-90.2254039999999975
11
81.6509689999999893
21
-90.2254009999999909
0
LINE
8
BLACK
6
CONTINUOUS
10
81.6509689999999893
20
-90.2254009999999909
11
81.6509640000000019
21
-90.2253999999999934
0
LINE
8
BLACK
6
CONTINUOUS
10
81.6509640000000019
20
-90.2253999999999934
11
81.3863020000000006
21
-90.1649809999999974
0
LINE
8
BLACK
6
CONTINUOUS
10
81.3863020000000006
20
-90.1649809999999974
11
81.3649169999999913
21
-90.1600990000000024
0
LINE
8
BLACK
6
CONTINUOUS
10
81.3649169999999913
20
-90.1600990000000024
11
81.0733759999999961
21
-90.127239000000003
0
LINE
8
BLACK
6
CONTINUOUS
10
81.0733759999999961
20
-90.127239000000003
11
81.0733800000000002
21
-90.127239000000003
0
LINE
8
BLACK
6
CONTINUOUS
10
81.0733800000000002
20
-90.127239000000003
11
81.0264379999999989
21
-90.1272379999999913
0
LINE
8
BLACK
6
CONTINUOUS
10
81.0264379999999989
20
-90.1272379999999913
11
81.0264379999999989
21
-90.1272369999999938
0
LINE
8
BLACK
6
CONTINUOUS
10
81.0264379999999989
20
-90.1272369999999938
11
81.0202680000000015
21
-90.1272359999999964
0
LINE
8
BLACK
6
CONTINUOUS
10
81.0202680000000015
20
-90.1272359999999964
11
81.0202629999999999
21
-90.1272359999999964
0
LINE
8
BLACK
6
CONTINUOUS
10
81.0202629999999999
20
-90.1272359999999964
11
80.9266760000000005
21
-90.1272359999999964
0
LINE
8
BLACK
6
CONTINUOUS
10
80.9266760000000005
20
-90.1272359999999964
11
80.926675000000003
21
-90.1272359999999964
0
LINE
8
BLACK
6
CONTINUOUS
10
80.926675000000003
20
-90.1272359999999964
11
80.9266609999999957
21
-90.1272349999999989
0
LINE
8
BLACK
6
CONTINUOUS
10
80.9266609999999957
20
-90.1272349999999989
11
80.8330579999999941
21
-90.1272329999999897
0
LINE
8
BLACK
6
CONTINUOUS
10
80.8330579999999941
20
-90.1272329999999897
11
80.8330559999999991
21
-90.1272329999999897
0
LINE
8
BLACK
6
CONTINUOUS
10
80.8330559999999991
20
-90.1272329999999897
11
80.8257329999999996
21
-90.1272329999999897
0
LINE
8
BLACK
6
CONTINUOUS
10
80.8257329999999996
20
-90.1272329999999897
11
80.8256729999999948
21
-90.1272359999999964
0
LINE
8
BLACK
6
CONTINUOUS
10
80.8256729999999948
20
-90.1272359999999964
11
79.1281639999999982
21
-90.1272359999999964
0
LINE
8
BLACK
6
CONTINUOUS
10
79.1281639999999982
20
-90.1272359999999964
11
79.0536639999999977
21
-90.1072739999999897
0
LINE
8
BLACK
6
CONTINUOUS
10
79.0536639999999977
20
-90.1072739999999897
11
79.0374549999999942
21
-90.0964429999999936
0
LINE
8
BLACK
6
CONTINUOUS
10
79.0374549999999942
20
-90.0964429999999936
11
79.0285360000000026
21
-90.0895989999999927
0
LINE
8
BLACK
6
CONTINUOUS
10
79.0285360000000026
20
-90.0895989999999927
11
78.9210909999999899
21
-90.0071480000000008
0
LINE
8
BLACK
6
CONTINUOUS
10
78.9210909999999899
20
-90.0071480000000008
11
78.8716799999999978
21
-89.9692309999999935
0
LINE
8
BLACK
6
CONTINUOUS
10
78.8716799999999978
20
-89.9692309999999935
11
78.6780299999999926
21
-89.8574210000000022
0
LINE
8
BLACK
6
CONTINUOUS
10
78.6780299999999926
20
-89.8574210000000022
11
78.6089520000000022
21
-89.8288060000000002
0
LINE
8
BLACK
6
CONTINUOUS
10
78.6089520000000022
20
-89.8288060000000002
11
78.4714409999999987
21
-89.7718429999999898
0
LINE
8
BLACK
6
CONTINUOUS
10
78.4714409999999987
20
-89.7718429999999898
11
78.4161019999999951
21
-89.7570130000000006
0
LINE
8
BLACK
6
CONTINUOUS
10
78.4161019999999951
20
-89.7570130000000006
11
78.3493139999999926
21
-89.7184510000000017
0
LINE
8
BLACK
6
CONTINUOUS
10
78.3493139999999926
20
-89.7184510000000017
11
78.3294229999999914
21
-89.6985600000000005
0
LINE
8
BLACK
6
CONTINUOUS
10
78.3294229999999914
20
-89.6985600000000005
11
78.3294199999999989
21
-89.6985569999999939
0
LINE
8
BLACK
6
CONTINUOUS
10
78.3294199999999989
20
-89.6985569999999939
11
78.1737419999999901
21
-89.5945359999999908
0
LINE
8
BLACK
6
CONTINUOUS
10
78.1737419999999901
20
-89.5945359999999908
11
78.1737409999999926
21
-89.5945349999999934
0
LINE
8
BLACK
6
CONTINUOUS
10
78.1737409999999926
20
-89.5945349999999934
11
78.1737389999999976
21
-89.5945339999999959
0
LINE
8
BLACK
6
CONTINUOUS
10
78.1737389999999976
20
-89.5945339999999959
11
78.0380049999999983
21
-89.5383119999999906
0
LINE
8
BLACK
6
CONTINUOUS
10
78.0380049999999983
20
-89.5383119999999906
11
78.0007629999999921
21
-89.5228859999999997
0
LINE
8
BLACK
6
CONTINUOUS
10
78.0007629999999921
20
-89.5228859999999997
11
77.9089450000000028
21
-89.5046219999999977
0
LINE
8
BLACK
6
CONTINUOUS
10
77.9089450000000028
20
-89.5046219999999977
11
77.9089439999999911
21
-89.5046210000000002
0
LINE
8
BLACK
6
CONTINUOUS
10
77.9089439999999911
20
-89.5046210000000002
11
77.8171289999999942
21
-89.4863589999999931
0
LINE
8
BLACK
6
CONTINUOUS
10
77.8171289999999942
20
-89.4863589999999931
11
77.8171279999999967
21
-89.4863589999999931
0
LINE
8
BLACK
6
CONTINUOUS
10
77.8171279999999967
20
-89.4863589999999931
11
76.7971369999999922
21
-89.4863589999999931
0
LINE
8
BLACK
6
CONTINUOUS
10
76.7971369999999922
20
-89.4863589999999931
11
76.7226369999999918
21
-89.4663970000000006
0
LINE
8
BLACK
6
CONTINUOUS
10
76.7226369999999918
20
-89.4663970000000006
11
76.668098999999998
21
-89.4118589999999926
0
LINE
8
BLACK
6
CONTINUOUS
10
76.668098999999998
20
-89.4118589999999926
11
76.6481369999999913
21
-89.3373589999999922
0
LINE
8
BLACK
6
CONTINUOUS
10
76.6481369999999913
20
-89.3373589999999922
11
76.6481369999999913
21
-85.285026000000002
0
LINE
8
BLACK
6
CONTINUOUS
10
76.6481369999999913
20
-85.285026000000002
11
76.668098999999998
21
-85.2105260000000015
0
LINE
8
BLACK
6
CONTINUOUS
10
76.668098999999998
20
-85.2105260000000015
11
76.6917779999999993
21
-85.1796669999999949
0
LINE
8
BLACK
6
CONTINUOUS
10
76.6917779999999993
20
-85.1796669999999949
11
77.5062819999999988
21
-84.3651629999999955
0
LINE
8
BLACK
6
CONTINUOUS
10
77.5062819999999988
20
-84.3651629999999955
11
78.3266419999999925
21
-83.5448030000000017
0
LINE
8
BLACK
6
CONTINUOUS
10
78.3266419999999925
20
-83.5448030000000017
11
78.4306629999999956
21
-83.3891249999999928
0
LINE
8
BLACK
6
CONTINUOUS
10
78.4306629999999956
20
-83.3891249999999928
11
78.4692979999999949
21
-83.295850999999999
0
LINE
8
BLACK
6
CONTINUOUS
10
78.4692979999999949
20
-83.295850999999999
11
78.4938769999999977
21
-83.2365130000000022
0
LINE
8
BLACK
6
CONTINUOUS
10
78.4938769999999977
20
-83.2365130000000022
11
78.5023109999999917
21
-83.216149999999999
0
LINE
8
BLACK
6
CONTINUOUS
10
78.5023109999999917
20
-83.216149999999999
11
78.5023130000000009
21
-83.2161459999999948
0
LINE
8
BLACK
6
CONTINUOUS
10
78.5023130000000009
20
-83.2161459999999948
11
78.5388399999999933
21
-83.0325109999999995
0
LINE
8
BLACK
6
CONTINUOUS
10
78.5388399999999933
20
-83.0325109999999995
11
78.5388399999999933
21
-81.2590549999999894
0
LINE
8
BLACK
6
CONTINUOUS
10
78.5388399999999933
20
-81.2590549999999894
11
78.558802
21
-81.1845550000000031
0
LINE
8
BLACK
6
CONTINUOUS
10
78.558802
20
-81.1845550000000031
11
78.5824769999999972
21
-81.1537000000000006
0
LINE
8
BLACK
6
CONTINUOUS
10
78.5824769999999972
20
-81.1537000000000006
11
78.6760319999999922
21
-81.0601460000000031
0
LINE
8
BLACK
6
CONTINUOUS
10
78.6760319999999922
20
-81.0601460000000031
11
78.8079639999999984
21
-80.8785570000000007
0
LINE
8
BLACK
6
CONTINUOUS
10
78.8079639999999984
20
-80.8785570000000007
11
78.9098659999999938
21
-80.6785639999999944
0
LINE
8
BLACK
6
CONTINUOUS
10
78.9098659999999938
20
-80.6785639999999944
11
78.9792269999999945
21
-80.4650919999999985
0
LINE
8
BLACK
6
CONTINUOUS
10
78.9792269999999945
20
-80.4650919999999985
11
79.01433999999999
21
-80.2433989999999966
0
LINE
8
BLACK
6
CONTINUOUS
10
79.01433999999999
20
-80.2433989999999966
11
79.01433999999999
21
-80.0189409999999981
0
LINE
8
BLACK
6
CONTINUOUS
10
79.01433999999999
20
-80.0189409999999981
11
78.9792269999999945
21
-79.7972479999999962
0
LINE
8
BLACK
6
CONTINUOUS
10
78.9792269999999945
20
-79.7972479999999962
11
78.9098659999999938
21
-79.5837760000000003
0
LINE
8
BLACK
6
CONTINUOUS
10
78.9098659999999938
20
-79.5837760000000003
11
78.8079639999999984
21
-79.383782999999994
0
LINE
8
BLACK
6
CONTINUOUS
10
78.8079639999999984
20
-79.383782999999994
11
78.6760319999999922
21
-79.2021939999999915
0
LINE
8
BLACK
6
CONTINUOUS
10
78.6760319999999922
20
-79.2021939999999915
11
78.5173159999999939
21
-79.0434779999999932
0
LINE
8
BLACK
6
CONTINUOUS
10
78.5173159999999939
20
-79.0434779999999932
11
78.3357269999999914
21
-78.9115460000000013
0
LINE
8
BLACK
6
CONTINUOUS
10
78.3357269999999914
20
-78.9115460000000013
11
78.3320439999999962
21
-78.9096689999999938
0
LINE
8
BLACK
6
CONTINUOUS
10
78.3320439999999962
20
-78.9096689999999938
11
78.2274740000000008
21
-78.856386999999998
0
LINE
8
BLACK
6
CONTINUOUS
10
78.2274740000000008
20
-78.856386999999998
11
78.1897609999999901
21
-78.8289869999999979
0
LINE
8
BLACK
6
CONTINUOUS
10
78.1897609999999901
20
-78.8289869999999979
11
77.7561779999999914
21
-78.3954039999999992
0
LINE
8
BLACK
6
CONTINUOUS
10
77.7561779999999914
20
-78.3954039999999992
11
77.6692529999999977
21
-78.4126949999999994
0
LINE
8
BLACK
6
CONTINUOUS
10
77.6692529999999977
20
-78.4126949999999994
11
77.5074269999999927
21
-78.4126949999999994
0
LINE
8
BLACK
6
CONTINUOUS
10
77.5074269999999927
20
-78.4126949999999994
11
77.4205010000000016
21
-78.3954039999999992
0
LINE
8
BLACK
6
CONTINUOUS
10
77.4205010000000016
20
-78.3954039999999992
11
76.9869169999999912
21
-78.8289869999999979
0
LINE
8
BLACK
6
CONTINUOUS
10
76.9869169999999912
20
-78.8289869999999979
11
76.9492049999999921
21
-78.856386999999998
0
LINE
8
BLACK
6
CONTINUOUS
10
76.9492049999999921
20
-78.856386999999998
11
76.8409549999999939
21
-78.9115439999999921
0
LINE
8
BLACK
6
CONTINUOUS
10
76.8409549999999939
20
-78.9115439999999921
11
76.6593670000000031
21
-79.0434750000000008
0
LINE
8
BLACK
6
CONTINUOUS
10
76.6593670000000031
20
-79.0434750000000008
11
76.5006449999999916
21
-79.2021969999999982
0
LINE
8
BLACK
6
CONTINUOUS
10
76.5006449999999916
20
-79.2021969999999982
11
76.3687169999999895
21
-79.383780999999999
0
LINE
8
BLACK
6
CONTINUOUS
10
76.3687169999999895
20
-79.383780999999999
11
76.2668139999999966
21
-79.5837750000000028
0
LINE
8
BLACK
6
CONTINUOUS
10
76.2668139999999966
20
-79.5837750000000028
11
76.1974529999999959
21
-79.7972449999999895
0
LINE
8
BLACK
6
CONTINUOUS
10
76.1974529999999959
20
-79.7972449999999895
11
76.1830369999999988
21
-79.888266999999999
0
LINE
8
BLACK
6
CONTINUOUS
10
76.1830369999999988
20
-79.888266999999999
11
76.1623400000000004
21
-80.0189409999999981
0
LINE
8
BLACK
6
CONTINUOUS
10
76.1623400000000004
20
-80.0189409999999981
11
76.1623400000000004
21
-80.2433989999999966
0
LINE
8
BLACK
6
CONTINUOUS
10
76.1623400000000004
20
-80.2433989999999966
11
76.180934999999991
21
-80.3607999999999976
0
LINE
8
BLACK
6
CONTINUOUS
10
76.180934999999991
20
-80.3607999999999976
11
76.1974529999999959
21
-80.4650939999999935
0
LINE
8
BLACK
6
CONTINUOUS
10
76.1974529999999959
20
-80.4650939999999935
11
76.2668139999999966
21
-80.6785639999999944
0
LINE
8
BLACK
6
CONTINUOUS
10
76.2668139999999966
20
-80.6785639999999944
11
76.3687159999999921
21
-80.8785570000000007
0
LINE
8
BLACK
6
CONTINUOUS
10
76.3687159999999921
20
-80.8785570000000007
11
76.5006479999999982
21
-81.0601460000000031
0
LINE
8
BLACK
6
CONTINUOUS
10
76.5006479999999982
20
-81.0601460000000031
11
76.5942000000000007
21
-81.1536979999999915
0
LINE
8
BLACK
6
CONTINUOUS
10
76.5942000000000007
20
-81.1536979999999915
11
76.6327629999999971
21
-81.2204909999999956
0
LINE
8
BLACK
6
CONTINUOUS
10
76.6327629999999971
20
-81.2204909999999956
11
76.6378399999999971
21
-81.2590549999999894
0
LINE
8
BLACK
6
CONTINUOUS
10
76.6378399999999971
20
-81.2590549999999894
11
76.6378399999999971
21
-82.4834669999999903
0
LINE
8
BLACK
6
CONTINUOUS
10
76.6378399999999971
20
-82.4834669999999903
11
76.6178779999999904
21
-82.5579669999999908
0
LINE
8
BLACK
6
CONTINUOUS
10
76.6178779999999904
20
-82.5579669999999908
11
76.5941990000000033
21
-82.5888259999999974
0
LINE
8
BLACK
6
CONTINUOUS
10
76.5941990000000033
20
-82.5888259999999974
11
75.2931990000000013
21
-83.8898259999999993
0
LINE
8
BLACK
6
CONTINUOUS
10
75.2931990000000013
20
-83.8898259999999993
11
75.2264040000000023
21
-83.9283899999999932
0
LINE
8
BLACK
6
CONTINUOUS
10
75.2264040000000023
20
-83.9283899999999932
11
75.1492760000000004
21
-83.9283899999999932
0
LINE
8
BLACK
6
CONTINUOUS
10
75.1492760000000004
20
-83.9283899999999932
11
75.0824810000000014
21
-83.8898259999999993
0
LINE
8
BLACK
6
CONTINUOUS
10
75.0824810000000014
20
-83.8898259999999993
11
75.0439169999999933
21
-83.8230310000000003
0
LINE
8
BLACK
6
CONTINUOUS
10
75.0439169999999933
20
-83.8230310000000003
11
75.0388399999999933
21
-83.7844669999999923
0
LINE
8
BLACK
6
CONTINUOUS
10
75.0388399999999933
20
-83.7844669999999923
11
75.0388399999999933
21
-77.4632440000000031
0
LINE
8
BLACK
6
CONTINUOUS
10
75.0388399999999933
20
-77.4632440000000031
11
75.0388399999999933
21
-76.3211699999999951
0
LINE
8
BLACK
6
CONTINUOUS
10
75.0388399999999933
20
-76.3211699999999951
11
75.0388399999999933
21
-74.9232439999999968
0
LINE
8
BLACK
6
CONTINUOUS
10
75.0388399999999933
20
-74.9232439999999968
11
75.0388399999999933
21
-73.6278080000000017
0
LINE
8
BLACK
6
CONTINUOUS
10
75.0388399999999933
20
-73.6278080000000017
11
75.0388399999999933
21
-64.1475669999999951
0
LINE
8
BLACK
6
CONTINUOUS
10
75.0388399999999933
20
-64.1475669999999951
11
75.058802
21
-64.0730669999999947
0
LINE
8
BLACK
6
CONTINUOUS
10
75.058802
20
-64.0730669999999947
11
75.1133399999999938
21
-64.0185290000000009
0
LINE
8
BLACK
6
CONTINUOUS
10
75.1133399999999938
20
-64.0185290000000009
11
75.1878399999999942
21
-63.9985669999999942
0
LINE
8
BLACK
6
CONTINUOUS
10
75.1878399999999942
20
-63.9985669999999942
11
75.2623399999999947
21
-64.0185290000000009
0
LINE
8
BLACK
6
CONTINUOUS
10
75.2623399999999947
20
-64.0185290000000009
11
75.3168780000000027
21
-64.0730669999999947
0
LINE
8
BLACK
6
CONTINUOUS
10
75.3168780000000027
20
-64.0730669999999947
11
75.3350059999999928
21
-64.124258999999995
0
LINE
8
BLACK
6
CONTINUOUS
10
75.3350059999999928
20
-64.124258999999995
11
75.3468730000000022
21
-64.1991859999999974
0
LINE
8
BLACK
6
CONTINUOUS
10
75.3468730000000022
20
-64.1991859999999974
11
75.3468730000000022
21
-64.1991869999999949
0
LINE
8
BLACK
6
CONTINUOUS
10
75.3468730000000022
20
-64.1991869999999949
11
75.4547379999999919
21
-64.6484789999999947
0
LINE
8
BLACK
6
CONTINUOUS
10
75.4547379999999919
20
-64.6484789999999947
11
75.4547409999999985
21
-64.6484870000000029
0
LINE
8
BLACK
6
CONTINUOUS
10
75.4547409999999985
20
-64.6484870000000029
11
75.5975119999999947
21
-65.087892999999994
0
LINE
8
BLACK
6
CONTINUOUS
10
75.5975119999999947
20
-65.087892999999994
11
75.5975239999999928
21
-65.087925999999996
0
LINE
8
BLACK
6
CONTINUOUS
10
75.5975239999999928
20
-65.087925999999996
11
75.7743370000000027
21
-65.5147869999999983
0
LINE
8
BLACK
6
CONTINUOUS
10
75.7743370000000027
20
-65.5147869999999983
11
75.7743439999999993
21
-65.5148020000000031
0
LINE
8
BLACK
6
CONTINUOUS
10
75.7743439999999993
20
-65.5148020000000031
11
75.9840949999999964
21
-65.9264620000000008
0
LINE
8
BLACK
6
CONTINUOUS
10
75.9840949999999964
20
-65.9264620000000008
11
76.225521999999998
21
-66.3204379999999958
0
LINE
8
BLACK
6
CONTINUOUS
10
76.225521999999998
20
-66.3204379999999958
11
76.4971120000000013
21
-66.6942499999999967
0
LINE
8
BLACK
6
CONTINUOUS
10
76.4971120000000013
20
-66.6942499999999967
11
76.6545389999999998
21
-66.8785730000000029
0
LINE
8
BLACK
6
CONTINUOUS
10
76.6545389999999998
20
-66.8785730000000029
11
77.2255869999999902
21
-66.3075230000000033
0
LINE
8
BLACK
6
CONTINUOUS
10
77.2255869999999902
20
-66.3075230000000033
11
77.0881049999999988
21
-66.1436779999999942
0
LINE
8
BLACK
6
CONTINUOUS
10
77.0881049999999988
20
-66.1436779999999942
11
76.8339110000000005
21
-65.7806520000000035
0
LINE
8
BLACK
6
CONTINUOUS
10
76.8339110000000005
20
-65.7806520000000035
11
76.6123249999999985
21
-65.396852999999993
0
LINE
8
BLACK
6
CONTINUOUS
10
76.6123249999999985
20
-65.396852999999993
11
76.4250320000000016
21
-64.9952019999999919
0
LINE
8
BLACK
6
CONTINUOUS
10
76.4250320000000016
20
-64.9952019999999919
11
76.2734579999999909
21
-64.578755000000001
0
LINE
8
BLACK
6
CONTINUOUS
10
76.2734579999999909
20
-64.578755000000001
11
76.1587559999999968
21
-64.1506830000000008
0
LINE
8
BLACK
6
CONTINUOUS
10
76.1587559999999968
20
-64.1506830000000008
11
76.0818000000000012
21
-63.7142429999999962
0
LINE
8
BLACK
6
CONTINUOUS
10
76.0818000000000012
20
-63.7142429999999962
11
76.0431749999999909
21
-63.272755999999994
0
LINE
8
BLACK
6
CONTINUOUS
10
76.0431749999999909
20
-63.272755999999994
11
76.0431749999999909
21
-62.829583999999997
0
LINE
8
BLACK
6
CONTINUOUS
10
76.0431749999999909
20
-62.829583999999997
11
76.0818000000000012
21
-62.3880969999999948
0
LINE
8
BLACK
6
CONTINUOUS
10
76.0818000000000012
20
-62.3880969999999948
11
76.1587559999999968
21
-61.9516569999999973
0
LINE
8
BLACK
6
CONTINUOUS
10
76.1587559999999968
20
-61.9516569999999973
11
76.2734579999999909
21
-61.5235849999999971
0
LINE
8
BLACK
6
CONTINUOUS
10
76.2734579999999909
20
-61.5235849999999971
11
76.4250320000000016
21
-61.1071379999999991
0
LINE
8
BLACK
6
CONTINUOUS
10
76.4250320000000016
20
-61.1071379999999991
11
76.6123249999999985
21
-60.705486999999998
0
LINE
8
BLACK
6
CONTINUOUS
10
76.6123249999999985
20
-60.705486999999998
11
76.8339110000000005
21
-60.3216879999999946
0
LINE
8
BLACK
6
CONTINUOUS
10
76.8339110000000005
20
-60.3216879999999946
11
77.0881049999999988
21
-59.9586619999999968
0
LINE
8
BLACK
6
CONTINUOUS
10
77.0881049999999988
20
-59.9586619999999968
11
77.2255880000000019
21
-59.7948139999999952
0
LINE
8
BLACK
6
CONTINUOUS
10
77.2255880000000019
20
-59.7948139999999952
11
76.6545389999999998
21
-59.2237650000000002
0
LINE
8
BLACK
6
CONTINUOUS
10
76.6545389999999998
20
-59.2237650000000002
11
76.4971129999999988
21
-59.4080889999999968
0
LINE
8
BLACK
6
CONTINUOUS
10
76.4971129999999988
20
-59.4080889999999968
11
76.225521999999998
21
-59.7819009999999977
0
LINE
8
BLACK
6
CONTINUOUS
10
76.225521999999998
20
-59.7819009999999977
11
75.9840949999999964
21
-60.1758769999999998
0
LINE
8
BLACK
6
CONTINUOUS
10
75.9840949999999964
20
-60.1758769999999998
11
75.7743439999999993
21
-60.5875369999999975
0
LINE
8
BLACK
6
CONTINUOUS
10
75.7743439999999993
20
-60.5875369999999975
11
75.7743370000000027
21
-60.5875519999999952
0
LINE
8
BLACK
6
CONTINUOUS
10
75.7743370000000027
20
-60.5875519999999952
11
75.5975239999999928
21
-61.0144129999999976
0
LINE
8
BLACK
6
CONTINUOUS
10
75.5975239999999928
20
-61.0144129999999976
11
75.5975119999999947
21
-61.0144459999999995
0
LINE
8
BLACK
6
CONTINUOUS
10
75.5975119999999947
20
-61.0144459999999995
11
75.4547409999999985
21
-61.4538519999999977
0
LINE
8
BLACK
6
CONTINUOUS
10
75.4547409999999985
20
-61.4538519999999977
11
75.4547379999999919
21
-61.4538599999999988
0
LINE
8
BLACK
6
CONTINUOUS
10
75.4547379999999919
20
-61.4538599999999988
11
75.3468730000000022
21
-61.903150999999994
0
LINE
8
BLACK
6
CONTINUOUS
10
75.3468730000000022
20
-61.903150999999994
11
75.3350059999999928
21
-61.978080999999996
0
LINE
8
BLACK
6
CONTINUOUS
10
75.3350059999999928
20
-61.978080999999996
11
75.3036349999999999
21
-62.0485410000000002
0
LINE
8
BLACK
6
CONTINUOUS
10
75.3036349999999999
20
-62.0485410000000002
11
75.2412369999999981
21
-62.093874999999997
0
LINE
8
BLACK
6
CONTINUOUS
10
75.2412369999999981
20
-62.093874999999997
11
75.1645309999999967
21
-62.101937999999997
0
LINE
8
BLACK
6
CONTINUOUS
10
75.1645309999999967
20
-62.101937999999997
11
75.0940709999999996
21
-62.0705669999999969
0
LINE
8
BLACK
6
CONTINUOUS
10
75.0940709999999996
20
-62.0705669999999969
11
75.0487370000000027
21
-62.0081689999999952
0
LINE
8
BLACK
6
CONTINUOUS
10
75.0487370000000027
20
-62.0081689999999952
11
75.0388399999999933
21
-61.9547719999999984
0
LINE
8
BLACK
6
CONTINUOUS
10
75.0388399999999933
20
-61.9547719999999984
11
75.0388399999999933
21
-56.2629680000000008
0
LINE
8
BLACK
6
CONTINUOUS
10
75.0388399999999933
20
-56.2629680000000008
11
75.0388459999999924
21
-56.2616769999999988
0
LINE
8
BLACK
6
CONTINUOUS
10
75.0388459999999924
20
-56.2616769999999988
11
75.0389249999999919
21
-56.252561
0
LINE
8
BLACK
6
CONTINUOUS
10
75.0389249999999919
20
-56.252561
11
75.0390330000000034
21
-56.2400789999999944
0
LINE
8
BLACK
6
CONTINUOUS
10
75.0390330000000034
20
-56.2400789999999944
11
75.0394069999999971
21
-56.230753
0
LINE
8
BLACK
6
CONTINUOUS
10
75.0394069999999971
20
-56.230753
11
75.0399689999999993
21
-56.2228969999999961
0
LINE
8
BLACK
6
CONTINUOUS
10
75.0399689999999993
20
-56.2228969999999961
11
75.0428449999999998
21
-56.1826900000000009
0
LINE
8
BLACK
6
CONTINUOUS
10
75.0428449999999998
20
-56.1826900000000009
11
75.0439799999999906
21
-56.1721369999999993
0
LINE
8
BLACK
6
CONTINUOUS
10
75.0439799999999906
20
-56.1721369999999993
11
75.0441730000000007
21
-56.1707989999999953
0
LINE
8
BLACK
6
CONTINUOUS
10
75.0441730000000007
20
-56.1707989999999953
11
75.0490039999999965
21
-56.1371970000000005
0
LINE
8
BLACK
6
CONTINUOUS
10
75.0490039999999965
20
-56.1371970000000005
11
75.050153999999992
21
-56.1291979999999953
0
LINE
8
BLACK
6
CONTINUOUS
10
75.050153999999992
20
-56.1291979999999953
11
75.0520420000000001
21
-56.1187339999999963
0
LINE
8
BLACK
6
CONTINUOUS
10
75.0520420000000001
20
-56.1187339999999963
11
75.0551829999999995
21
-56.1042969999999954
0
LINE
8
BLACK
6
CONTINUOUS
10
75.0551829999999995
20
-56.1042969999999954
11
75.0612550000000027
21
-56.0763759999999962
0
LINE
8
BLACK
6
CONTINUOUS
10
75.0612550000000027
20
-56.0763759999999962
11
75.0638849999999991
21
-56.0660729999999958
0
LINE
8
BLACK
6
CONTINUOUS
10
75.0638849999999991
20
-56.0660729999999958
11
75.0644109999999927
21
-56.0642840000000007
0
LINE
8
BLACK
6
CONTINUOUS
10
75.0644109999999927
20
-56.0642840000000007
11
75.0761099999999999
21
-56.0244399999999985
0
LINE
8
BLACK
6
CONTINUOUS
10
75.0761099999999999
20
-56.0244399999999985
11
75.0794659999999965
21
-56.014361000000001
0
LINE
8
BLACK
6
CONTINUOUS
10
75.0794659999999965
20
-56.014361000000001
11
75.0828209999999956
21
-56.0053649999999976
0
LINE
8
BLACK
6
CONTINUOUS
10
75.0828209999999956
20
-56.0053649999999976
11
75.0946249999999935
21
-55.973713999999994
0
LINE
8
BLACK
6
CONTINUOUS
10
75.0946249999999935
20
-55.973713999999994
11
75.0986740000000026
21
-55.9639379999999989
0
LINE
8
BLACK
6
CONTINUOUS
10
75.0986740000000026
20
-55.9639379999999989
11
75.1167080000000027
21
-55.9244500000000002
0
LINE
8
BLACK
6
CONTINUOUS
10
75.1167080000000027
20
-55.9244500000000002
11
75.1214559999999949
21
-55.9149649999999951
0
LINE
8
BLACK
6
CONTINUOUS
10
75.1214559999999949
20
-55.9149649999999951
11
75.1422539999999941
21
-55.8768749999999983
0
LINE
8
BLACK
6
CONTINUOUS
10
75.1422539999999941
20
-55.8768749999999983
11
75.1476540000000028
21
-55.8677739999999972
0
LINE
8
BLACK
6
CONTINUOUS
10
75.1476540000000028
20
-55.8677739999999972
11
75.171127999999996
21
-55.8312489999999997
0
LINE
8
BLACK
6
CONTINUOUS
10
75.171127999999996
20
-55.8312489999999997
11
75.1771760000000029
21
-55.8225379999999944
0
LINE
8
BLACK
6
CONTINUOUS
10
75.1771760000000029
20
-55.8225379999999944
11
75.2031700000000001
21
-55.7878139999999973
0
LINE
8
BLACK
6
CONTINUOUS
10
75.2031700000000001
20
-55.7878139999999973
11
75.2098359999999957
21
-55.7795439999999942
0
LINE
8
BLACK
6
CONTINUOUS
10
75.2098359999999957
20
-55.7795439999999942
11
75.2413609999999977
21
-55.7431610000000006
0
LINE
8
BLACK
6
CONTINUOUS
10
75.2413609999999977
20
-55.7431610000000006
11
75.2476899999999915
21
-55.7363019999999949
0
LINE
8
BLACK
6
CONTINUOUS
10
75.2476899999999915
20
-55.7363019999999949
11
75.25961199999999
21
-55.7241719999999958
0
LINE
8
BLACK
6
CONTINUOUS
10
75.25961199999999
20
-55.7241719999999958
11
75.2613389999999924
21
-55.7224450000000004
0
LINE
8
BLACK
6
CONTINUOUS
10
75.2613389999999924
20
-55.7224450000000004
11
75.2734609999999975
21
-55.7105329999999981
0
LINE
8
BLACK
6
CONTINUOUS
10
75.2734609999999975
20
-55.7105329999999981
11
75.2803129999999925
21
-55.7042099999999962
0
LINE
8
BLACK
6
CONTINUOUS
10
75.2803129999999925
20
-55.7042099999999962
11
75.2910159999999991
21
-55.6949359999999984
0
LINE
8
BLACK
6
CONTINUOUS
10
75.2910159999999991
20
-55.6949359999999984
11
75.3167229999999961
21
-55.6726600000000005
0
LINE
8
BLACK
6
CONTINUOUS
10
75.3167229999999961
20
-55.6726600000000005
11
75.3249689999999958
21
-55.6660149999999945
0
LINE
8
BLACK
6
CONTINUOUS
10
75.3249689999999958
20
-55.6660149999999945
11
75.3597149999999942
21
-55.6400039999999976
0
LINE
8
BLACK
6
CONTINUOUS
10
75.3597149999999942
20
-55.6400039999999976
11
75.3684109999999947
21
-55.6339660000000009
0
LINE
8
BLACK
6
CONTINUOUS
10
75.3684109999999947
20
-55.6339660000000009
11
75.404958999999991
21
-55.6104780000000005
0
LINE
8
BLACK
6
CONTINUOUS
10
75.404958999999991
20
-55.6104780000000005
11
75.4140560000000022
21
-55.6050809999999984
0
LINE
8
BLACK
6
CONTINUOUS
10
75.4140560000000022
20
-55.6050809999999984
11
75.4521330000000034
21
-55.5842899999999958
0
LINE
8
BLACK
6
CONTINUOUS
10
75.4521330000000034
20
-55.5842899999999958
11
75.4616189999999989
21
-55.5795419999999964
0
LINE
8
BLACK
6
CONTINUOUS
10
75.4616189999999989
20
-55.5795419999999964
11
75.5011030000000005
21
-55.5615099999999984
0
LINE
8
BLACK
6
CONTINUOUS
10
75.5011030000000005
20
-55.5615099999999984
11
75.5108730000000037
21
-55.557462000000001
0
LINE
8
BLACK
6
CONTINUOUS
10
75.5108730000000037
20
-55.557462000000001
11
75.5515520000000009
21
-55.5422889999999967
0
LINE
8
BLACK
6
CONTINUOUS
10
75.5515520000000009
20
-55.5422889999999967
11
75.5616059999999976
21
-55.5389429999999962
0
LINE
8
BLACK
6
CONTINUOUS
10
75.5616059999999976
20
-55.5389429999999962
11
75.6032659999999908
21
-55.5267109999999988
0
LINE
8
BLACK
6
CONTINUOUS
10
75.6032659999999908
20
-55.5267109999999988
11
75.6135249999999957
21
-55.5240930000000006
0
LINE
8
BLACK
6
CONTINUOUS
10
75.6135249999999957
20
-55.5240930000000006
11
75.6559409999999986
21
-55.5148669999999953
0
LINE
8
BLACK
6
CONTINUOUS
10
75.6559409999999986
20
-55.5148669999999953
11
75.6663420000000002
21
-55.512989999999995
0
LINE
8
BLACK
6
CONTINUOUS
10
75.6663420000000002
20
-55.512989999999995
11
75.7093299999999942
21
-55.5068099999999944
0
LINE
8
BLACK
6
CONTINUOUS
10
75.7093299999999942
20
-55.5068099999999944
11
75.7198690000000028
21
-55.5056769999999986
0
LINE
8
BLACK
6
CONTINUOUS
10
75.7198690000000028
20
-55.5056769999999986
11
75.7679449999999974
21
-55.5022379999999984
0
LINE
8
BLACK
6
CONTINUOUS
10
75.7679449999999974
20
-55.5022379999999984
11
75.7772659999999973
21
-55.5018649999999951
0
LINE
8
BLACK
6
CONTINUOUS
10
75.7772659999999973
20
-55.5018649999999951
11
75.7973759999999999
21
-55.5016889999999989
0
LINE
8
BLACK
6
CONTINUOUS
10
75.7973759999999999
20
-55.5016889999999989
11
75.7989139999999963
21
-55.5016759999999962
0
LINE
8
BLACK
6
CONTINUOUS
10
75.7989139999999963
20
-55.5016759999999962
11
75.8002149999999943
21
-55.5016699999999972
0
LINE
8
BLACK
6
CONTINUOUS
10
75.8002149999999943
20
-55.5016699999999972
11
85.9213680000000011
21
-55.5016699999999972
0
LINE
8
BLACK
6
CONTINUOUS
10
85.9213680000000011
20
-55.5016699999999972
11
85.9226969999999994
21
-55.5016759999999962
0
LINE
8
BLACK
6
CONTINUOUS
10
85.9226969999999994
20
-55.5016759999999962
11
85.9240389999999934
21
-55.5016869999999969
0
LINE
8
BLACK
6
CONTINUOUS
10
85.9240389999999934
20
-55.5016869999999969
11
85.9427730000000025
21
-55.5018549999999991
0
LINE
8
BLACK
6
CONTINUOUS
10
85.9427730000000025
20
-55.5018549999999991
11
85.9520519999999948
21
-55.5022279999999952
0
LINE
8
BLACK
6
CONTINUOUS
10
85.9520519999999948
20
-55.5022279999999952
11
85.997019999999992
21
-55.5054449999999946
0
LINE
8
BLACK
6
CONTINUOUS
10
85.997019999999992
20
-55.5054449999999946
11
86.0075470000000024
21
-55.5065759999999955
0
LINE
8
BLACK
6
CONTINUOUS
10
86.0075470000000024
20
-55.5065759999999955
11
86.0473289999999906
21
-55.5122959999999992
0
LINE
8
BLACK
6
CONTINUOUS
10
86.0473289999999906
20
-55.5122959999999992
11
86.0577739999999949
21
-55.5141819999999981
0
LINE
8
BLACK
6
CONTINUOUS
10
86.0577739999999949
20
-55.5141819999999981
11
86.0970159999999964
21
-55.5227199999999996
0
LINE
8
BLACK
6
CONTINUOUS
10
86.0970159999999964
20
-55.5227199999999996
11
86.1073079999999891
21
-55.525345999999999
0
LINE
8
BLACK
6
CONTINUOUS
10
86.1073079999999891
20
-55.525345999999999
11
86.1458539999999999
21
-55.5366639999999947
0
LINE
8
BLACK
6
CONTINUOUS
10
86.1458539999999999
20
-55.5366639999999947
11
86.1559309999999954
21
-55.5400190000000009
0
LINE
8
BLACK
6
CONTINUOUS
10
86.1559309999999954
20
-55.5400190000000009
11
86.1935560000000009
21
-55.5540529999999961
0
LINE
8
BLACK
6
CONTINUOUS
10
86.1935560000000009
20
-55.5540529999999961
11
86.2033720000000017
21
-55.5581199999999953
0
LINE
8
BLACK
6
CONTINUOUS
10
86.2033720000000017
20
-55.5581199999999953
11
86.2398960000000017
21
-55.5747999999999962
0
LINE
8
BLACK
6
CONTINUOUS
10
86.2398960000000017
20
-55.5747999999999962
11
86.2494049999999959
21
-55.5795589999999962
0
LINE
8
BLACK
6
CONTINUOUS
10
86.2494049999999959
20
-55.5795589999999962
11
86.2846639999999923
21
-55.5988129999999998
0
LINE
8
BLACK
6
CONTINUOUS
10
86.2846639999999923
20
-55.5988129999999998
11
86.293777999999989
21
-55.604219999999998
0
LINE
8
BLACK
6
CONTINUOUS
10
86.293777999999989
20
-55.604219999999998
11
86.3275790000000001
21
-55.6259439999999969
0
LINE
8
BLACK
6
CONTINUOUS
10
86.3275790000000001
20
-55.6259439999999969
11
86.3362809999999996
21
-55.6319859999999977
0
LINE
8
BLACK
6
CONTINUOUS
10
86.3362809999999996
20
-55.6319859999999977
11
86.3684569999999923
21
-55.6560719999999947
0
LINE
8
BLACK
6
CONTINUOUS
10
86.3684569999999923
20
-55.6560719999999947
11
86.3767179999999968
21
-55.6627310000000008
0
LINE
8
BLACK
6
CONTINUOUS
10
86.3767179999999968
20
-55.6627310000000008
11
86.4108919999999898
21
-55.6923419999999965
0
LINE
8
BLACK
6
CONTINUOUS
10
86.4108919999999898
20
-55.6923419999999965
11
86.4176839999999942
21
-55.6986069999999955
0
LINE
8
BLACK
6
CONTINUOUS
10
86.4176839999999942
20
-55.6986069999999955
11
86.4285829999999891
21
-55.7093069999999955
0
LINE
8
BLACK
6
CONTINUOUS
10
86.4285829999999891
20
-55.7093069999999955
11
86.4304039999999958
21
-55.7111269999999976
0
LINE
8
BLACK
6
CONTINUOUS
10
86.4304039999999958
20
-55.7111269999999976
11
86.4409840000000003
21
-55.7218979999999959
0
LINE
8
BLACK
6
CONTINUOUS
10
86.4409840000000003
20
-55.7218979999999959
11
86.4472789999999947
21
-55.7287199999999956
0
LINE
8
BLACK
6
CONTINUOUS
10
86.4472789999999947
20
-55.7287199999999956
11
86.476782
21
-55.7627679999999941
0
LINE
8
BLACK
6
CONTINUOUS
10
86.476782
20
-55.7627679999999941
11
86.4834559999999897
21
-55.7710499999999954
0
LINE
8
BLACK
6
CONTINUOUS
10
86.4834559999999897
20
-55.7710499999999954
11
86.5075199999999995
21
-55.8031959999999998
0
LINE
8
BLACK
6
CONTINUOUS
10
86.5075199999999995
20
-55.8031959999999998
11
86.5135839999999945
21
-55.8119299999999967
0
LINE
8
BLACK
6
CONTINUOUS
10
86.5135839999999945
20
-55.8119299999999967
11
86.5352999999999923
21
-55.8457189999999954
0
LINE
8
BLACK
6
CONTINUOUS
10
86.5352999999999923
20
-55.8457189999999954
11
86.5407249999999948
21
-55.8548629999999946
0
LINE
8
BLACK
6
CONTINUOUS
10
86.5407249999999948
20
-55.8548629999999946
11
86.5477599999999967
21
-55.8677449999999993
0
LINE
8
BLACK
6
CONTINUOUS
10
86.5477599999999967
20
-55.8677449999999993
11
86.5599610000000013
21
-55.8900900000000007
0
LINE
8
BLACK
6
CONTINUOUS
10
86.5599610000000013
20
-55.8900900000000007
11
86.5647209999999916
21
-55.8995989999999949
0
LINE
8
BLACK
6
CONTINUOUS
10
86.5647209999999916
20
-55.8995989999999949
11
86.5814029999999946
21
-55.9361259999999945
0
LINE
8
BLACK
6
CONTINUOUS
10
86.5814029999999946
20
-55.9361259999999945
11
86.5854709999999983
21
-55.9459459999999993
0
LINE
8
BLACK
6
CONTINUOUS
10
86.5854709999999983
20
-55.9459459999999993
11
86.5995080000000002
21
-55.9835810000000009
0
LINE
8
BLACK
6
CONTINUOUS
10
86.5995080000000002
20
-55.9835810000000009
11
86.6028629999999993
21
-55.9936599999999984
0
LINE
8
BLACK
6
CONTINUOUS
10
86.6028629999999993
20
-55.9936599999999984
11
86.6141739999999913
21
-56.0321809999999942
0
LINE
8
BLACK
6
CONTINUOUS
10
86.6141739999999913
20
-56.0321809999999942
11
86.6168040000000019
21
-56.0424839999999946
0
LINE
8
BLACK
6
CONTINUOUS
10
86.6168040000000019
20
-56.0424839999999946
11
86.6253419999999892
21
-56.0817279999999982
0
LINE
8
BLACK
6
CONTINUOUS
10
86.6253419999999892
20
-56.0817279999999982
11
86.6272309999999948
21
-56.0921969999999988
0
LINE
8
BLACK
6
CONTINUOUS
10
86.6272309999999948
20
-56.0921969999999988
11
86.6329439999999948
21
-56.1319269999999975
0
LINE
8
BLACK
6
CONTINUOUS
10
86.6329439999999948
20
-56.1319269999999975
11
86.6340809999999948
21
-56.1425020000000004
0
LINE
8
BLACK
6
CONTINUOUS
10
86.6340809999999948
20
-56.1425020000000004
11
86.6372849999999914
21
-56.1872889999999998
0
LINE
8
BLACK
6
CONTINUOUS
10
86.6372849999999914
20
-56.1872889999999998
11
86.6376589999999993
21
-56.1966210000000004
0
LINE
8
BLACK
6
CONTINUOUS
10
86.6376589999999993
20
-56.1966210000000004
11
86.637833999999998
21
-56.2166749999999951
0
LINE
8
BLACK
6
CONTINUOUS
10
86.637833999999998
20
-56.2166749999999951
11
86.6378399999999971
21
-56.2179749999999956
0
LINE
8
BLACK
6
CONTINUOUS
10
86.6378399999999971
20
-56.2179749999999956
11
86.6378399999999971
21
-60.3113549999999989
0
LINE
8
BLACK
6
CONTINUOUS
10
86.6378399999999971
20
-60.3113549999999989
11
86.6178779999999904
21
-60.3858549999999994
0
LINE
8
BLACK
6
CONTINUOUS
10
86.6178779999999904
20
-60.3858549999999994
11
86.5633399999999966
21
-60.4403930000000003
0
LINE
8
BLACK
6
CONTINUOUS
10
86.5633399999999966
20
-60.4403930000000003
11
86.4888399999999962
21
-60.4603549999999998
0
LINE
8
BLACK
6
CONTINUOUS
10
86.4888399999999962
20
-60.4603549999999998
11
86.4143399999999957
21
-60.4403930000000003
0
LINE
8
BLACK
6
CONTINUOUS
10
86.4143399999999957
20
-60.4403930000000003
11
86.359802000000002
21
-60.3858549999999994
0
LINE
8
BLACK
6
CONTINUOUS
10
86.359802000000002
20
-60.3858549999999994
11
86.3560799999999915
21
-60.3789990000000003
0
LINE
8
BLACK
6
CONTINUOUS
10
86.3560799999999915
20
-60.3789990000000003
11
86.2525839999999988
21
-60.1758769999999998
0
LINE
8
BLACK
6
CONTINUOUS
10
86.2525839999999988
20
-60.1758769999999998
11
86.0111569999999972
21
-59.7819009999999977
0
LINE
8
BLACK
6
CONTINUOUS
10
86.0111569999999972
20
-59.7819009999999977
11
85.7395669999999939
21
-59.4080889999999968
0
LINE
8
BLACK
6
CONTINUOUS
10
85.7395669999999939
20
-59.4080889999999968
11
85.582138999999998
21
-59.2237650000000002
0
LINE
8
BLACK
6
CONTINUOUS
10
85.582138999999998
20
-59.2237650000000002
11
85.0110899999999958
21
-59.7948129999999978
0
LINE
8
BLACK
6
CONTINUOUS
10
85.0110899999999958
20
-59.7948129999999978
11
85.1485749999999939
21
-59.9586619999999968
0
LINE
8
BLACK
6
CONTINUOUS
10
85.1485749999999939
20
-59.9586619999999968
11
85.4027689999999922
21
-60.3216879999999946
0
LINE
8
BLACK
6
CONTINUOUS
10
85.4027689999999922
20
-60.3216879999999946
11
85.6243549999999942
21
-60.705486999999998
0
LINE
8
BLACK
6
CONTINUOUS
10
85.6243549999999942
20
-60.705486999999998
11
85.811647999999991
21
-61.1071379999999991
0
LINE
8
BLACK
6
CONTINUOUS
10
85.811647999999991
20
-61.1071379999999991
11
85.9632220000000018
21
-61.5235849999999971
0
LINE
8
BLACK
6
CONTINUOUS
10
85.9632220000000018
20
-61.5235849999999971
11
86.0779239999999959
21
-61.9516569999999973
0
LINE
8
BLACK
6
CONTINUOUS
10
86.0779239999999959
20
-61.9516569999999973
11
86.1548799999999915
21
-62.3880969999999948
0
LINE
8
BLACK
6
CONTINUOUS
10
86.1548799999999915
20
-62.3880969999999948
11
86.1935050000000018
21
-62.829583999999997
0
LINE
8
BLACK
6
CONTINUOUS
10
86.1935050000000018
20
-62.829583999999997
11
86.1935050000000018
21
-63.272755999999994
0
LINE
8
BLACK
6
CONTINUOUS
10
86.1935050000000018
20
-63.272755999999994
11
86.1548799999999915
21
-63.7142429999999962
0
LINE
8
BLACK
6
CONTINUOUS
10
86.1548799999999915
20
-63.7142429999999962
11
86.0779239999999959
21
-64.1506830000000008
0
LINE
8
BLACK
6
CONTINUOUS
10
86.0779239999999959
20
-64.1506830000000008
11
85.9632220000000018
21
-64.578755000000001
0
LINE
8
BLACK
6
CONTINUOUS
10
85.9632220000000018
20
-64.578755000000001
11
85.811647999999991
21
-64.9952019999999919
0
LINE
8
BLACK
6
CONTINUOUS
10
85.811647999999991
20
-64.9952019999999919
11
85.6243549999999942
21
-65.396852999999993
0
LINE
8
BLACK
6
CONTINUOUS
10
85.6243549999999942
20
-65.396852999999993
11
85.4027689999999922
21
-65.7806520000000035
0
LINE
8
BLACK
6
CONTINUOUS
10
85.4027689999999922
20
-65.7806520000000035
11
85.1485749999999939
21
-66.1436779999999942
0
LINE
8
BLACK
6
CONTINUOUS
10
85.1485749999999939
20
-66.1436779999999942
11
85.0367979999999903
21
-66.2768870000000021
0
LINE
8
BLACK
6
CONTINUOUS
10
85.0367979999999903
20
-66.2768870000000021
11
85.1062379999999905
21
-66.3927339999999901
0
LINE
8
BLACK
6
CONTINUOUS
10
85.1062379999999905
20
-66.3927339999999901
11
85.1151569999999964
21
-66.4115910000000014
0
LINE
8
BLACK
6
CONTINUOUS
10
85.1151569999999964
20
-66.4115910000000014
11
85.582138999999998
21
-66.8785730000000029
0
LINE
8
BLACK
6
CONTINUOUS
10
85.582138999999998
20
-66.8785730000000029
11
85.7395569999999907
21
-66.6942629999999923
0
LINE
8
BLACK
6
CONTINUOUS
10
85.7395569999999907
20
-66.6942629999999923
11
85.7395649999999989
21
-66.6942530000000033
0
LINE
8
BLACK
6
CONTINUOUS
10
85.7395649999999989
20
-66.6942530000000033
11
86.0111569999999972
21
-66.3204379999999958
0
LINE
8
BLACK
6
CONTINUOUS
10
86.0111569999999972
20
-66.3204379999999958
11
86.2525839999999988
21
-65.9264620000000008
0
LINE
8
BLACK
6
CONTINUOUS
10
86.2525839999999988
20
-65.9264620000000008
11
86.3560799999999915
21
-65.7233399999999932
0
LINE
8
BLACK
6
CONTINUOUS
10
86.3560799999999915
20
-65.7233399999999932
11
86.4076879999999932
21
-65.6660219999999981
0
LINE
8
BLACK
6
CONTINUOUS
10
86.4076879999999932
20
-65.6660219999999981
11
86.4810409999999905
21
-65.6421879999999902
0
LINE
8
BLACK
6
CONTINUOUS
10
86.4810409999999905
20
-65.6421879999999902
11
86.5564839999999975
21
-65.6582239999999899
0
LINE
8
BLACK
6
CONTINUOUS
10
86.5564839999999975
20
-65.6582239999999899
11
86.6138019999999926
21
-65.7098319999999916
0
LINE
8
BLACK
6
CONTINUOUS
10
86.6138019999999926
20
-65.7098319999999916
11
86.6376360000000005
21
-65.7831850000000031
0
LINE
8
BLACK
6
CONTINUOUS
10
86.6376360000000005
20
-65.7831850000000031
11
86.6378399999999971
21
-65.7909839999999946
0
LINE
8
BLACK
6
CONTINUOUS
10
86.6378399999999971
20
-65.7909839999999946
11
86.6378399999999971
21
-70.9506899999999945
0
LINE
8
BLACK
6
CONTINUOUS
10
86.6378399999999971
20
-70.9506899999999945
11
86.6378149999999891
21
-70.9629099999999937
0
LINE
8
BLACK
6
CONTINUOUS
10
86.6378149999999891
20
-70.9629099999999937
11
86.6368749999999892
21
-70.9679259999999914
0
LINE
8
BLACK
6
CONTINUOUS
10
86.6368749999999892
20
-70.9679259999999914
11
86.6376609999999943
21
-71.0401009999999928
0
LINE
8
BLACK
6
CONTINUOUS
10
86.6376609999999943
20
-71.0401009999999928
11
86.6376599999999968
21
-71.0410600000000017
0
LINE
8
BLACK
6
CONTINUOUS
10
86.6376599999999968
20
-71.0410600000000017
11
86.6375329999999906
21
-71.0415270000000021
0
LINE
8
BLACK
6
CONTINUOUS
10
86.6375329999999906
20
-71.0415270000000021
11
86.6367750000000001
21
-71.0569759999999917
0
LINE
8
BLACK
6
CONTINUOUS
10
86.6367750000000001
20
-71.0569759999999917
11
86.6337740000000025
21
-71.0843899999999991
0
LINE
8
BLACK
6
CONTINUOUS
10
86.6337740000000025
20
-71.0843899999999991
11
86.6337740000000025
21
-71.084391999999994
0
LINE
8
BLACK
6
CONTINUOUS
10
86.6337740000000025
20
-71.084391999999994
11
86.6372729999999933
21
-71.1243850000000037
0
LINE
8
BLACK
6
CONTINUOUS
10
86.6372729999999933
20
-71.1243850000000037
11
86.6376970000000028
21
-71.1308480000000003
0
LINE
8
BLACK
6
CONTINUOUS
10
86.6376970000000028
20
-71.1308480000000003
11
86.6378399999999971
21
-71.1341099999999926
0
LINE
8
BLACK
6
CONTINUOUS
10
86.6378399999999971
20
-71.1341099999999926
11
86.6378399999999971
21
-71.1447859999999963
0
LINE
8
BLACK
6
CONTINUOUS
10
86.6378399999999971
20
-71.1447859999999963
11
86.6384400000000028
21
-71.1478039999999936
0
LINE
8
BLACK
6
CONTINUOUS
10
86.6384400000000028
20
-71.1478039999999936
11
86.6388609999999915
21
-71.1574080000000038
0
LINE
8
BLACK
6
CONTINUOUS
10
86.6388609999999915
20
-71.1574080000000038
11
86.6387539999999916
21
-71.1578889999999973
0
LINE
8
BLACK
6
CONTINUOUS
10
86.6387539999999916
20
-71.1578889999999973
11
86.6389949999999942
21
-71.1623029999999943
0
LINE
8
BLACK
6
CONTINUOUS
10
86.6389949999999942
20
-71.1623029999999943
11
86.6393929999999983
21
-71.1987879999999933
0
LINE
8
BLACK
6
CONTINUOUS
10
86.6393929999999983
20
-71.1987879999999933
11
86.6393939999999958
21
-71.1987909999999999
0
LINE
8
BLACK
6
CONTINUOUS
10
86.6393939999999958
20
-71.1987909999999999
11
86.6412409999999937
21
-71.2075760000000031
0
LINE
8
BLACK
6
CONTINUOUS
10
86.6412409999999937
20
-71.2075760000000031
11
86.6443929999999938
21
-71.2414699999999925
0
LINE
8
BLACK
6
CONTINUOUS
10
86.6443929999999938
20
-71.2414699999999925
11
86.6441069999999911
21
-71.2546079999999904
0
LINE
8
BLACK
6
CONTINUOUS
10
86.6441069999999911
20
-71.2546079999999904
11
86.6441069999999911
21
-71.2546179999999936
0
LINE
8
BLACK
6
CONTINUOUS
10
86.6441069999999911
20
-71.2546179999999936
11
86.6520269999999897
21
-71.2995360000000034
0
LINE
8
BLACK
6
CONTINUOUS
10
86.6520269999999897
20
-71.2995360000000034
11
86.6537229999999994
21
-71.3124179999999939
0
LINE
8
BLACK
6
CONTINUOUS
10
86.6537229999999994
20
-71.3124179999999939
11
86.6576989999999938
21
-71.3578589999999906
0
LINE
8
BLACK
6
CONTINUOUS
10
86.6576989999999938
20
-71.3578589999999906
11
86.6624849999999896
21
-71.3742809999999963
0
LINE
8
BLACK
6
CONTINUOUS
10
86.6624849999999896
20
-71.3742809999999963
11
86.6681169999999952
21
-71.406218999999993
0
LINE
8
BLACK
6
CONTINUOUS
10
86.6681169999999952
20
-71.406218999999993
11
86.6692369999999954
21
-71.423294999999996
0
LINE
8
BLACK
6
CONTINUOUS
10
86.6692369999999954
20
-71.423294999999996
11
86.6692369999999954
21
-71.4232990000000001
0
LINE
8
BLACK
6
CONTINUOUS
10
86.6692369999999954
20
-71.4232990000000001
11
86.6810430000000025
21
-71.4673590000000019
0
LINE
8
BLACK
6
CONTINUOUS
10
86.6810430000000025
20
-71.4673590000000019
11
86.6817700000000002
21
-71.4701829999999916
0
LINE
8
BLACK
6
CONTINUOUS
10
86.6817700000000002
20
-71.4701829999999916
11
86.6829800000000006
21
-71.4750820000000004
0
LINE
8
BLACK
6
CONTINUOUS
10
86.6829800000000006
20
-71.4750820000000004
11
86.6917749999999927
21
-71.5249570000000006
0
LINE
8
BLACK
6
CONTINUOUS
10
86.6917749999999927
20
-71.5249570000000006
11
86.7014519999999891
21
-71.5498429999999956
0
LINE
8
BLACK
6
CONTINUOUS
10
86.7014519999999891
20
-71.5498429999999956
11
86.7037539999999893
21
-71.5591599999999914
0
LINE
8
BLACK
6
CONTINUOUS
10
86.7037539999999893
20
-71.5591599999999914
11
86.7036930000000012
21
-71.5622429999999952
0
LINE
8
BLACK
6
CONTINUOUS
10
86.7036930000000012
20
-71.5622429999999952
11
86.7063679999999977
21
-71.5722250000000031
0
LINE
8
BLACK
6
CONTINUOUS
10
86.7063679999999977
20
-71.5722250000000031
11
86.7080629999999957
21
-71.5832350000000019
0
LINE
8
BLACK
6
CONTINUOUS
10
86.7080629999999957
20
-71.5832350000000019
11
86.7089709999999911
21
-71.5891329999999897
0
LINE
8
BLACK
6
CONTINUOUS
10
86.7089709999999911
20
-71.5891329999999897
11
86.7245709999999974
21
-71.6319950000000034
0
LINE
8
BLACK
6
CONTINUOUS
10
86.7245709999999974
20
-71.6319950000000034
11
86.7284739999999914
21
-71.6443730000000016
0
LINE
8
BLACK
6
CONTINUOUS
10
86.7284739999999914
20
-71.6443730000000016
11
86.7330339999999893
21
-71.6613880000000023
0
LINE
8
BLACK
6
CONTINUOUS
10
86.7330339999999893
20
-71.6613880000000023
11
86.740286999999995
21
-71.6884560000000022
0
LINE
8
BLACK
6
CONTINUOUS
10
86.740286999999995
20
-71.6884560000000022
11
86.7478490000000022
21
-71.7037899999999979
0
LINE
8
BLACK
6
CONTINUOUS
10
86.7478490000000022
20
-71.7037899999999979
11
86.758940999999993
21
-71.734265999999991
0
LINE
8
BLACK
6
CONTINUOUS
10
86.758940999999993
20
-71.734265999999991
11
86.7630079999999992
21
-71.7508839999999992
0
LINE
8
BLACK
6
CONTINUOUS
10
86.7630079999999992
20
-71.7508839999999992
11
86.7630099999999942
21
-71.7508909999999958
0
LINE
8
BLACK
6
CONTINUOUS
10
86.7630099999999942
20
-71.7508909999999958
11
86.7822859999999991
21
-71.7922279999999944
0
LINE
8
BLACK
6
CONTINUOUS
10
86.7822859999999991
20
-71.7922279999999944
11
86.7834929999999929
21
-71.7948820000000012
0
LINE
8
BLACK
6
CONTINUOUS
10
86.7834929999999929
20
-71.7948820000000012
11
86.7855330000000009
21
-71.7994910000000033
0
LINE
8
BLACK
6
CONTINUOUS
10
86.7855330000000009
20
-71.7994910000000033
11
86.802857000000003
21
-71.8470889999999969
0
LINE
8
BLACK
6
CONTINUOUS
10
86.802857000000003
20
-71.8470889999999969
11
86.8167129999999929
21
-71.8699239999999975
0
LINE
8
BLACK
6
CONTINUOUS
10
86.8167129999999929
20
-71.8699239999999975
11
86.8205949999999973
21
-71.8786929999999984
0
LINE
8
BLACK
6
CONTINUOUS
10
86.8205949999999973
20
-71.8786929999999984
11
86.8210709999999892
21
-71.8817420000000027
0
LINE
8
BLACK
6
CONTINUOUS
10
86.8210709999999892
20
-71.8817420000000027
11
86.8254400000000004
21
-71.8911109999999951
0
LINE
8
BLACK
6
CONTINUOUS
10
86.8254400000000004
20
-71.8911109999999951
11
86.8309399999999982
21
-71.907313000000002
0
LINE
8
BLACK
6
CONTINUOUS
10
86.8309399999999982
20
-71.907313000000002
11
86.8537469999999985
21
-71.9468179999999933
0
LINE
8
BLACK
6
CONTINUOUS
10
86.8537469999999985
20
-71.9468179999999933
11
86.8551789999999926
21
-71.9493549999999971
0
LINE
8
BLACK
6
CONTINUOUS
10
86.8551789999999926
20
-71.9493549999999971
11
86.8576240000000013
21
-71.953788000000003
0
LINE
8
BLACK
6
CONTINUOUS
10
86.8576240000000013
20
-71.953788000000003
11
86.8790249999999986
21
-71.9996819999999929
0
LINE
8
BLACK
6
CONTINUOUS
10
86.8790249999999986
20
-71.9996819999999929
11
86.8948099999999926
21
-72.0212099999999964
0
LINE
8
BLACK
6
CONTINUOUS
10
86.8948099999999926
20
-72.0212099999999964
11
86.899446999999995
21
-72.0296179999999993
0
LINE
8
BLACK
6
CONTINUOUS
10
86.899446999999995
20
-72.0296179999999993
11
86.9001859999999908
21
-72.0326110000000028
0
LINE
8
BLACK
6
CONTINUOUS
10
86.9001859999999908
20
-72.0326110000000028
11
86.9053550000000001
21
-72.0415629999999965
0
LINE
8
BLACK
6
CONTINUOUS
10
86.9053550000000001
20
-72.0415629999999965
11
86.9122459999999961
21
-72.0572239999999908
0
LINE
8
BLACK
6
CONTINUOUS
10
86.9122459999999961
20
-72.0572239999999908
11
86.9122490000000028
21
-72.0572289999999924
0
LINE
8
BLACK
6
CONTINUOUS
10
86.9122490000000028
20
-72.0572289999999924
11
86.9384019999999964
21
-72.094577000000001
0
LINE
8
BLACK
6
CONTINUOUS
10
86.9384019999999964
20
-72.094577000000001
11
86.9453869999999966
21
-72.1055410000000023
0
LINE
8
BLACK
6
CONTINUOUS
10
86.9453869999999966
20
-72.1055410000000023
11
86.9681959999999918
21
-72.145046999999991
0
LINE
8
BLACK
6
CONTINUOUS
10
86.9681959999999918
20
-72.145046999999991
11
86.9794749999999937
21
-72.1579079999999919
0
LINE
8
BLACK
6
CONTINUOUS
10
86.9794749999999937
20
-72.1579079999999919
11
86.9980729999999909
21
-72.1844679999999954
0
LINE
8
BLACK
6
CONTINUOUS
10
86.9980729999999909
20
-72.1844679999999954
11
87.0063069999999925
21
-72.19947599999999
0
LINE
8
BLACK
6
CONTINUOUS
10
87.0063069999999925
20
-72.19947599999999
11
87.0063090000000017
21
-72.1994789999999966
0
LINE
8
BLACK
6
CONTINUOUS
10
87.0063090000000017
20
-72.1994789999999966
11
87.0356290000000001
21
-72.234421999999995
0
LINE
8
BLACK
6
CONTINUOUS
10
87.0356290000000001
20
-72.234421999999995
11
87.0374800000000022
21
-72.2366719999999987
0
LINE
8
BLACK
6
CONTINUOUS
10
87.0374800000000022
20
-72.2366719999999987
11
87.0406479999999902
21
-72.2406009999999981
0
LINE
8
BLACK
6
CONTINUOUS
10
87.0406479999999902
20
-72.2406009999999981
11
87.069699
21
-72.2820899999999966
0
LINE
8
BLACK
6
CONTINUOUS
10
87.069699
20
-72.2820899999999966
11
87.088987000000003
21
-72.3005539999999911
0
LINE
8
BLACK
6
CONTINUOUS
10
87.088987000000003
20
-72.3005539999999911
11
87.0950089999999904
21
-72.3080229999999915
0
LINE
8
BLACK
6
CONTINUOUS
10
87.0950089999999904
20
-72.3080229999999915
11
87.0962579999999917
21
-72.310845999999998
0
LINE
8
BLACK
6
CONTINUOUS
10
87.0962579999999917
20
-72.310845999999998
11
87.1029059999999902
21
-72.3187679999999915
0
LINE
8
BLACK
6
CONTINUOUS
10
87.1029059999999902
20
-72.3187679999999915
11
87.1124049999999954
21
-72.3329849999999936
0
LINE
8
BLACK
6
CONTINUOUS
10
87.1124049999999954
20
-72.3329849999999936
11
87.112409999999997
21
-72.3329909999999927
0
LINE
8
BLACK
6
CONTINUOUS
10
87.112409999999997
20
-72.3329909999999927
11
87.1446600000000018
21
-72.3652409999999975
0
LINE
8
BLACK
6
CONTINUOUS
10
87.1446600000000018
20
-72.3652409999999975
11
87.1467019999999906
21
-72.3673239999999964
0
LINE
8
BLACK
6
CONTINUOUS
10
87.1467019999999906
20
-72.3673239999999964
11
87.1502009999999956
21
-72.3709630000000033
0
LINE
8
BLACK
6
CONTINUOUS
10
87.1502009999999956
20
-72.3709630000000033
11
87.1827609999999993
21
-72.4097659999999905
0
LINE
8
BLACK
6
CONTINUOUS
10
87.1827609999999993
20
-72.4097659999999905
11
87.2035860000000014
21
-72.426479999999998
0
LINE
8
BLACK
6
CONTINUOUS
10
87.2035860000000014
20
-72.426479999999998
11
87.2102369999999922
21
-72.4333969999999994
0
LINE
8
BLACK
6
CONTINUOUS
10
87.2102369999999922
20
-72.4333969999999994
11
87.2117250000000013
21
-72.436095999999992
0
LINE
8
BLACK
6
CONTINUOUS
10
87.2117250000000013
20
-72.436095999999992
11
87.2190319999999986
21
-72.4434019999999919
0
LINE
8
BLACK
6
CONTINUOUS
10
87.2190319999999986
20
-72.4434019999999919
11
87.2297439999999966
21
-72.4567479999999904
0
LINE
8
BLACK
6
CONTINUOUS
10
87.2297439999999966
20
-72.4567479999999904
11
87.2378339999999923
21
-72.4635359999999906
0
LINE
8
BLACK
6
CONTINUOUS
10
87.2378339999999923
20
-72.4635359999999906
11
87.2646779999999893
21
-72.4860609999999923
0
LINE
8
BLACK
6
CONTINUOUS
10
87.2646779999999893
20
-72.4860609999999923
11
87.2742619999999931
21
-72.494843000000003
0
LINE
8
BLACK
6
CONTINUOUS
10
87.2742619999999931
20
-72.494843000000003
11
87.3065189999999944
21
-72.5270999999999901
0
LINE
8
BLACK
6
CONTINUOUS
10
87.3065189999999944
20
-72.5270999999999901
11
87.3207459999999998
21
-72.5366059999999919
0
LINE
8
BLACK
6
CONTINUOUS
10
87.3207459999999998
20
-72.5366059999999919
11
87.3314829999999915
21
-72.5444969999999927
0
LINE
8
BLACK
6
CONTINUOUS
10
87.3314829999999915
20
-72.5444969999999927
11
87.3389509999999945
21
-72.5505179999999967
0
LINE
8
BLACK
6
CONTINUOUS
10
87.3389509999999945
20
-72.5505179999999967
11
87.3574179999999956
21
-72.5698089999999922
0
LINE
8
BLACK
6
CONTINUOUS
10
87.3574179999999956
20
-72.5698089999999922
11
87.3989179999999948
21
-72.598867999999996
0
LINE
8
BLACK
6
CONTINUOUS
10
87.3989179999999948
20
-72.598867999999996
11
87.4028339999999986
21
-72.6020249999999976
0
LINE
8
BLACK
6
CONTINUOUS
10
87.4028339999999986
20
-72.6020249999999976
11
87.4030399999999901
21
-72.6023069999999962
0
LINE
8
BLACK
6
CONTINUOUS
10
87.4030399999999901
20
-72.6023069999999962
11
87.4050779999999889
21
-72.603870999999998
0
LINE
8
BLACK
6
CONTINUOUS
10
87.4050779999999889
20
-72.603870999999998
11
87.4235989999999958
21
-72.619411999999997
0
LINE
8
BLACK
6
CONTINUOUS
10
87.4235989999999958
20
-72.619411999999997
11
87.4400320000000022
21
-72.6332009999999997
0
LINE
8
BLACK
6
CONTINUOUS
10
87.4400320000000022
20
-72.6332009999999997
11
87.4400389999999987
21
-72.6332060000000013
0
LINE
8
BLACK
6
CONTINUOUS
10
87.4400389999999987
20
-72.6332060000000013
11
87.4498139999999893
21
-72.6385679999999923
0
LINE
8
BLACK
6
CONTINUOUS
10
87.4498139999999893
20
-72.6385679999999923
11
87.4550270000000012
21
-72.6414269999999931
0
LINE
8
BLACK
6
CONTINUOUS
10
87.4550270000000012
20
-72.6414269999999931
11
87.4664179999999902
21
-72.6483569999999901
0
LINE
8
BLACK
6
CONTINUOUS
10
87.4664179999999902
20
-72.6483569999999901
11
87.474386999999993
21
-72.6537069999999972
0
LINE
8
BLACK
6
CONTINUOUS
10
87.474386999999993
20
-72.6537069999999972
11
87.4944619999999986
21
-72.6713129999999978
0
LINE
8
BLACK
6
CONTINUOUS
10
87.4944619999999986
20
-72.6713129999999978
11
87.5383240000000029
21
-72.6966369999999955
0
LINE
8
BLACK
6
CONTINUOUS
10
87.5383240000000029
20
-72.6966369999999955
11
87.5425099999999929
21
-72.6994469999999922
0
LINE
8
BLACK
6
CONTINUOUS
10
87.5425099999999929
20
-72.6994469999999922
11
87.5427389999999974
21
-72.6997089999999986
0
LINE
8
BLACK
6
CONTINUOUS
10
87.5427389999999974
20
-72.6997089999999986
11
87.544910999999999
21
-72.7010930000000002
0
LINE
8
BLACK
6
CONTINUOUS
10
87.544910999999999
20
-72.7010930000000002
11
87.5822849999999988
21
-72.7272629999999936
0
LINE
8
BLACK
6
CONTINUOUS
10
87.5822849999999988
20
-72.7272629999999936
11
87.594822999999991
21
-72.7327799999999911
0
LINE
8
BLACK
6
CONTINUOUS
10
87.594822999999991
20
-72.7327799999999911
11
87.5979409999999916
21
-72.7341519999999946
0
LINE
8
BLACK
6
CONTINUOUS
10
87.5979409999999916
20
-72.7341519999999946
11
87.6098889999999955
21
-72.7400609999999972
0
LINE
8
BLACK
6
CONTINUOUS
10
87.6098889999999955
20
-72.7400609999999972
11
87.6182979999999958
21
-72.7446979999999996
0
LINE
8
BLACK
6
CONTINUOUS
10
87.6182979999999958
20
-72.7446979999999996
11
87.6398299999999892
21
-72.7604860000000002
0
LINE
8
BLACK
6
CONTINUOUS
10
87.6398299999999892
20
-72.7604860000000002
11
87.6857309999999899
21
-72.7818889999999925
0
LINE
8
BLACK
6
CONTINUOUS
10
87.6857309999999899
20
-72.7818889999999925
11
87.6901529999999951
21
-72.7843280000000021
0
LINE
8
BLACK
6
CONTINUOUS
10
87.6901529999999951
20
-72.7843280000000021
11
87.6904049999999984
21
-72.7845700000000022
0
LINE
8
BLACK
6
CONTINUOUS
10
87.6904049999999984
20
-72.7845700000000022
11
87.6926919999999939
21
-72.7857609999999937
0
LINE
8
BLACK
6
CONTINUOUS
10
87.6926919999999939
20
-72.7857609999999937
11
87.7321960000000018
21
-72.8085689999999914
0
LINE
8
BLACK
6
CONTINUOUS
10
87.7321960000000018
20
-72.8085689999999914
11
87.7483939999999905
21
-72.8140669999999943
0
LINE
8
BLACK
6
CONTINUOUS
10
87.7483939999999905
20
-72.8140669999999943
11
87.7777930000000026
21
-72.8277769999999975
0
LINE
8
BLACK
6
CONTINUOUS
10
87.7777930000000026
20
-72.8277769999999975
11
87.7924079999999947
21
-72.8366460000000018
0
LINE
8
BLACK
6
CONTINUOUS
10
87.7924079999999947
20
-72.8366460000000018
11
87.8352789999999999
21
-72.852249999999998
0
LINE
8
BLACK
6
CONTINUOUS
10
87.8352789999999999
20
-72.852249999999998
11
87.838011999999992
21
-72.8532749999999965
0
LINE
8
BLACK
6
CONTINUOUS
10
87.838011999999992
20
-72.8532749999999965
11
87.8427129999999892
21
-72.8550910000000016
0
LINE
8
BLACK
6
CONTINUOUS
10
87.8427129999999892
20
-72.8550910000000016
11
87.8886229999999955
21
-72.8764989999999955
0
LINE
8
BLACK
6
CONTINUOUS
10
87.8886229999999955
20
-72.8764989999999955
11
87.9145489999999938
21
-72.8828419999999966
0
LINE
8
BLACK
6
CONTINUOUS
10
87.9145489999999938
20
-72.8828419999999966
11
87.9235070000000007
21
-72.8863029999999981
0
LINE
8
BLACK
6
CONTINUOUS
10
87.9235070000000007
20
-72.8863029999999981
11
87.9259989999999902
21
-72.8881209999999982
0
LINE
8
BLACK
6
CONTINUOUS
10
87.9259989999999902
20
-72.8881209999999982
11
87.9357109999999977
21
-72.8916559999999976
0
LINE
8
BLACK
6
CONTINUOUS
10
87.9357109999999977
20
-72.8916559999999976
11
87.9510539999999992
21
-72.8992229999999921
0
LINE
8
BLACK
6
CONTINUOUS
10
87.9510539999999992
20
-72.8992229999999921
11
87.9510559999999941
21
-72.8992229999999921
0
LINE
8
BLACK
6
CONTINUOUS
10
87.9510559999999941
20
-72.8992229999999921
11
87.9510569999999916
21
-72.8992240000000038
0
LINE
8
BLACK
6
CONTINUOUS
10
87.9510569999999916
20
-72.8992240000000038
11
87.9590069999999997
21
-72.9013539999999978
0
LINE
8
BLACK
6
CONTINUOUS
10
87.9590069999999997
20
-72.9013539999999978
11
87.9951159999999959
21
-72.9110280000000017
0
LINE
8
BLACK
6
CONTINUOUS
10
87.9951159999999959
20
-72.9110280000000017
11
88.0074949999999916
21
-72.9149309999999957
0
LINE
8
BLACK
6
CONTINUOUS
10
88.0074949999999916
20
-72.9149309999999957
11
88.0503640000000019
21
-72.9305360000000036
0
LINE
8
BLACK
6
CONTINUOUS
10
88.0503640000000019
20
-72.9305360000000036
11
88.0672809999999942
21
-72.9331389999999971
0
LINE
8
BLACK
6
CONTINUOUS
10
88.0672809999999942
20
-72.9331389999999971
11
88.0803459999999916
21
-72.9357540000000029
0
LINE
8
BLACK
6
CONTINUOUS
10
88.0803459999999916
20
-72.9357540000000029
11
88.0896609999999924
21
-72.9380549999999914
0
LINE
8
BLACK
6
CONTINUOUS
10
88.0896609999999924
20
-72.9380549999999914
11
88.1145519999999891
21
-72.9477349999999944
0
LINE
8
BLACK
6
CONTINUOUS
10
88.1145519999999891
20
-72.9477349999999944
11
88.1644349999999974
21
-72.9565300000000008
0
LINE
8
BLACK
6
CONTINUOUS
10
88.1644349999999974
20
-72.9565300000000008
11
88.1693360000000013
21
-72.9577409999999986
0
LINE
8
BLACK
6
CONTINUOUS
10
88.1693360000000013
20
-72.9577409999999986
11
88.1696409999999986
21
-72.9579090000000008
0
LINE
8
BLACK
6
CONTINUOUS
10
88.1696409999999986
20
-72.9579090000000008
11
88.1721409999999963
21
-72.9584629999999947
0
LINE
8
BLACK
6
CONTINUOUS
10
88.1721409999999963
20
-72.9584629999999947
11
88.2162119999999987
21
-72.9702729999999917
0
LINE
8
BLACK
6
CONTINUOUS
10
88.2162119999999987
20
-72.9702729999999917
11
88.233280999999991
21
-72.971390999999997
0
LINE
8
BLACK
6
CONTINUOUS
10
88.233280999999991
20
-72.971390999999997
11
88.2652300000000025
21
-72.9770249999999976
0
LINE
8
BLACK
6
CONTINUOUS
10
88.2652300000000025
20
-72.9770249999999976
11
88.2816490000000016
21
-72.9818109999999933
0
LINE
8
BLACK
6
CONTINUOUS
10
88.2816490000000016
20
-72.9818109999999933
11
88.3255809999999997
21
-72.9856539999999967
0
LINE
8
BLACK
6
CONTINUOUS
10
88.3255809999999997
20
-72.9856539999999967
11
88.3270890000000009
21
-72.9857859999999903
0
LINE
8
BLACK
6
CONTINUOUS
10
88.3270890000000009
20
-72.9857859999999903
11
88.330851999999993
21
-72.9861629999999906
0
LINE
8
BLACK
6
CONTINUOUS
10
88.330851999999993
20
-72.9861629999999906
11
88.3354300000000023
21
-72.9866799999999927
0
LINE
8
BLACK
6
CONTINUOUS
10
88.3354300000000023
20
-72.9866799999999927
11
88.3848940000000027
21
-72.995402999999996
0
LINE
8
BLACK
6
CONTINUOUS
10
88.3848940000000027
20
-72.995402999999996
11
88.408063999999996
21
-72.9948969999999946
0
LINE
8
BLACK
6
CONTINUOUS
10
88.408063999999996
20
-72.9948969999999946
11
88.418026999999995
21
-72.9960239999999914
0
LINE
8
BLACK
6
CONTINUOUS
10
88.418026999999995
20
-72.9960239999999914
11
88.4211979999999897
21
-72.9972700000000003
0
LINE
8
BLACK
6
CONTINUOUS
10
88.4211979999999897
20
-72.9972700000000003
11
88.4319359999999932
21
-72.9982679999999959
0
LINE
8
BLACK
6
CONTINUOUS
10
88.4319359999999932
20
-72.9982679999999959
11
88.4407219999999938
21
-73.0001159999999913
0
LINE
8
BLACK
6
CONTINUOUS
10
88.4407219999999938
20
-73.0001159999999913
11
88.4772379999999998
21
-73.0005139999999955
0
LINE
8
BLACK
6
CONTINUOUS
10
88.4772379999999998
20
-73.0005139999999955
11
88.4821019999999976
21
-73.0006470000000007
0
LINE
8
BLACK
6
CONTINUOUS
10
88.4821019999999976
20
-73.0006470000000007
11
88.491697000000002
21
-73.0010680000000036
0
LINE
8
BLACK
6
CONTINUOUS
10
88.491697000000002
20
-73.0010680000000036
11
88.4947229999999934
21
-73.0016699999999901
0
LINE
8
BLACK
6
CONTINUOUS
10
88.4947229999999934
20
-73.0016699999999901
11
88.5054119999999926
21
-73.0016699999999901
0
LINE
8
BLACK
6
CONTINUOUS
10
88.5054119999999926
20
-73.0016699999999901
11
88.5086699999999951
21
-73.0018129999999985
0
LINE
8
BLACK
6
CONTINUOUS
10
88.5086699999999951
20
-73.0018129999999985
11
88.5091929999999962
21
-73.001977999999994
0
LINE
8
BLACK
6
CONTINUOUS
10
88.5091929999999962
20
-73.001977999999994
11
88.515121999999991
21
-73.0022359999999964
0
LINE
8
BLACK
6
CONTINUOUS
10
88.515121999999991
20
-73.0022359999999964
11
88.5551169999999956
21
-73.0057359999999989
0
LINE
8
BLACK
6
CONTINUOUS
10
88.5551169999999956
20
-73.0057359999999989
11
88.5825370000000021
21
-73.0027319999999946
0
LINE
8
BLACK
6
CONTINUOUS
10
88.5825370000000021
20
-73.0027319999999946
11
88.5984479999999905
21
-73.0018479999999954
0
LINE
8
BLACK
6
CONTINUOUS
10
88.5984479999999905
20
-73.0018479999999954
11
88.5993229999999983
21
-73.0018460000000005
0
LINE
8
BLACK
6
CONTINUOUS
10
88.5993229999999983
20
-73.0018460000000005
11
88.6715829999999983
21
-73.0026349999999979
0
LINE
8
BLACK
6
CONTINUOUS
10
88.6715829999999983
20
-73.0026349999999979
11
88.6765979999999985
21
-73.0016940000000005
0
LINE
8
BLACK
6
CONTINUOUS
10
88.6765979999999985
20
-73.0016940000000005
11
88.6888249999999942
21
-73.0016699999999901
0
LINE
8
BLACK
6
CONTINUOUS
10
88.6888249999999942
20
-73.0016699999999901
11
88.6888659999999902
21
-73.0016799999999932
0
LINE
8
BLACK
6
CONTINUOUS
10
88.6888659999999902
20
-73.0016799999999932
11
88.6891179999999935
21
-73.0016699999999901
0
LINE
8
BLACK
6
CONTINUOUS
10
88.6891179999999935
20
-73.0016699999999901
11
92.1379369999999938
21
-73.0016699999999901
0
LINE
8
BLACK
6
CONTINUOUS
10
92.1379369999999938
20
-73.0016699999999901
11
92.2124369999999942
21
-73.0216319999999968
0
LINE
8
BLACK
6
CONTINUOUS
10
92.2124369999999942
20
-73.0216319999999968
11
92.2362099999999998
21
-73.0398739999999975
0
LINE
8
BLACK
6
CONTINUOUS
10
92.2362099999999998
20
-73.0398739999999975
11
92.2366710000000012
21
-73.0393349999999941
0
LINE
8
BLACK
6
CONTINUOUS
10
92.2366710000000012
20
-73.0393349999999941
11
92.2411269999999917
21
-73.0431409999999914
0
LINE
8
BLACK
6
CONTINUOUS
10
92.2411269999999917
20
-73.0431409999999914
11
92.4067269999999894
21
-73.163454999999999
0
LINE
8
BLACK
6
CONTINUOUS
10
92.4067269999999894
20
-73.163454999999999
11
92.406729999999996
21
-73.163456999999994
0
LINE
8
BLACK
6
CONTINUOUS
10
92.406729999999996
20
-73.163456999999994
11
92.5891209999999916
21
-73.2563899999999961
0
LINE
8
BLACK
6
CONTINUOUS
10
92.5891209999999916
20
-73.2563899999999961
11
92.7838059999999984
21
-73.3196470000000033
0
LINE
8
BLACK
6
CONTINUOUS
10
92.7838059999999984
20
-73.3196470000000033
11
92.9859879999999919
21
-73.3516699999999986
0
LINE
8
BLACK
6
CONTINUOUS
10
92.9859879999999919
20
-73.3516699999999986
11
92.9859929999999935
21
-73.3516699999999986
0
LINE
8
BLACK
6
CONTINUOUS
10
92.9859929999999935
20
-73.3516699999999986
11
93.1906869999999969
21
-73.3516699999999986
0
LINE
8
BLACK
6
CONTINUOUS
10
93.1906869999999969
20
-73.3516699999999986
11
93.1906919999999985
21
-73.3516699999999986
0
LINE
8
BLACK
6
CONTINUOUS
10
93.1906919999999985
20
-73.3516699999999986
11
93.392873999999992
21
-73.3196470000000033
0
LINE
8
BLACK
6
CONTINUOUS
10
93.392873999999992
20
-73.3196470000000033
11
93.5875589999999988
21
-73.2563899999999961
0
LINE
8
BLACK
6
CONTINUOUS
10
93.5875589999999988
20
-73.2563899999999961
11
93.7699499999999944
21
-73.163456999999994
0
LINE
8
BLACK
6
CONTINUOUS
10
93.7699499999999944
20
-73.163456999999994
11
93.9355589999999978
21
-73.0431359999999898
0
LINE
8
BLACK
6
CONTINUOUS
10
93.9355589999999978
20
-73.0431359999999898
11
94.0803059999999931
21
-72.8983889999999946
0
LINE
8
BLACK
6
CONTINUOUS
10
94.0803059999999931
20
-72.8983889999999946
11
94.2006269999999972
21
-72.7327799999999911
0
LINE
8
BLACK
6
CONTINUOUS
10
94.2006269999999972
20
-72.7327799999999911
11
94.2935599999999994
21
-72.5503889999999956
0
LINE
8
BLACK
6
CONTINUOUS
10
94.2935599999999994
20
-72.5503889999999956
11
94.3568169999999924
21
-72.3557040000000029
0
LINE
8
BLACK
6
CONTINUOUS
10
94.3568169999999924
20
-72.3557040000000029
11
94.3888400000000019
21
-72.1535219999999953
0
LINE
8
BLACK
6
CONTINUOUS
10
94.3888400000000019
20
-72.1535219999999953
11
94.3888400000000019
21
-72.1535149999999987
0
LINE
8
BLACK
6
CONTINUOUS
10
94.3888400000000019
20
-72.1535149999999987
11
94.3888409999999993
21
-72.1535089999999997
0
LINE
8
BLACK
6
CONTINUOUS
10
94.3888409999999993
20
-72.1535089999999997
11
94.3892999999999915
21
-72.1476820000000032
0
LINE
8
BLACK
6
CONTINUOUS
10
94.3892999999999915
20
-72.1476820000000032
11
94.3911879999999996
21
-72.147829999999999
0
LINE
8
BLACK
6
CONTINUOUS
10
94.3911879999999996
20
-72.147829999999999
11
94.4088019999999943
21
-72.0820969999999903
0
LINE
8
BLACK
6
CONTINUOUS
10
94.4088019999999943
20
-72.0820969999999903
11
94.4324809999999957
21
-72.0512379999999979
0
LINE
8
BLACK
6
CONTINUOUS
10
94.4324809999999957
20
-72.0512379999999979
11
94.8456139999999976
21
-71.6381049999999959
0
LINE
8
BLACK
6
CONTINUOUS
10
94.8456139999999976
20
-71.6381049999999959
11
95.2607719999999887
21
-71.2229459999999932
0
LINE
8
BLACK
6
CONTINUOUS
10
95.2607719999999887
20
-71.2229459999999932
11
95.267873999999992
21
-71.2162959999999998
0
LINE
8
BLACK
6
CONTINUOUS
10
95.267873999999992
20
-71.2162959999999998
11
95.2680239999999969
21
-71.2161650000000037
0
LINE
8
BLACK
6
CONTINUOUS
10
95.2680239999999969
20
-71.2161650000000037
11
95.4309709999999995
21
-71.0732639999999947
0
LINE
8
BLACK
6
CONTINUOUS
10
95.4309709999999995
20
-71.0732639999999947
11
95.4464249999999907
21
-71.061403999999996
0
LINE
8
BLACK
6
CONTINUOUS
10
95.4464249999999907
20
-71.061403999999996
11
95.6227359999999891
21
-70.9435969999999969
0
LINE
8
BLACK
6
CONTINUOUS
10
95.6227359999999891
20
-70.9435969999999969
11
95.6396019999999965
21
-70.9338589999999982
0
LINE
8
BLACK
6
CONTINUOUS
10
95.6396019999999965
20
-70.9338589999999982
11
95.829780999999997
21
-70.8400740000000013
0
LINE
8
BLACK
6
CONTINUOUS
10
95.829780999999997
20
-70.8400740000000013
11
95.8477709999999945
21
-70.8326220000000006
0
LINE
8
BLACK
6
CONTINUOUS
10
95.8477709999999945
20
-70.8326220000000006
11
96.0485649999999964
21
-70.7644619999999946
0
LINE
8
BLACK
6
CONTINUOUS
10
96.0485649999999964
20
-70.7644619999999946
11
96.0673869999999965
21
-70.7594179999999966
0
LINE
8
BLACK
6
CONTINUOUS
10
96.0673869999999965
20
-70.7594179999999966
11
96.2753499999999889
21
-70.7180510000000027
0
LINE
8
BLACK
6
CONTINUOUS
10
96.2753499999999889
20
-70.7180510000000027
11
96.2946639999999974
21
-70.7155079999999998
0
LINE
8
BLACK
6
CONTINUOUS
10
96.2946639999999974
20
-70.7155079999999998
11
96.476475999999991
21
-70.703591000000003
0
LINE
8
BLACK
6
CONTINUOUS
10
96.476475999999991
20
-70.703591000000003
11
96.5110799999999927
21
-70.7013230000000021
0
LINE
8
BLACK
6
CONTINUOUS
10
96.5110799999999927
20
-70.7013230000000021
11
96.5208250000000021
21
-70.7010039999999975
0
LINE
8
BLACK
6
CONTINUOUS
10
96.5208250000000021
20
-70.7010039999999975
11
99.8955669999999998
21
-70.7010039999999975
0
LINE
8
BLACK
6
CONTINUOUS
10
99.8955669999999998
20
-70.7010039999999975
11
99.9700670000000002
21
-70.72096599999999
0
LINE
8
BLACK
6
CONTINUOUS
10
99.9700670000000002
20
-70.72096599999999
11
100.024604999999994
21
-70.775503999999998
0
LINE
8
BLACK
6
CONTINUOUS
10
100.024604999999994
20
-70.775503999999998
11
100.0445670000000007
21
-70.8500039999999984
0
LINE
8
BLACK
6
CONTINUOUS
10
100.0445670000000007
20
-70.8500039999999984
11
100.024604999999994
21
-70.9245039999999989
0
LINE
8
BLACK
6
CONTINUOUS
10
100.024604999999994
20
-70.9245039999999989
11
99.9831459999999907
21
-70.9705479999999937
0
LINE
8
BLACK
6
CONTINUOUS
10
99.9831459999999907
20
-70.9705479999999937
11
99.8611269999999962
21
-71.059197999999995
0
LINE
8
BLACK
6
CONTINUOUS
10
99.8611269999999962
20
-71.059197999999995
11
99.8611190000000022
21
-71.0592049999999915
0
LINE
8
BLACK
6
CONTINUOUS
10
99.8611190000000022
20
-71.0592049999999915
11
99.7163749999999993
21
-71.2039489999999944
0
LINE
8
BLACK
6
CONTINUOUS
10
99.7163749999999993
20
-71.2039489999999944
11
99.7163679999999886
21
-71.2039570000000026
0
LINE
8
BLACK
6
CONTINUOUS
10
99.7163679999999886
20
-71.2039570000000026
11
99.5960539999999952
21
-71.3695570000000004
0
LINE
8
BLACK
6
CONTINUOUS
10
99.5960539999999952
20
-71.3695570000000004
11
99.5031219999999905
21
-71.5519450000000035
0
LINE
8
BLACK
6
CONTINUOUS
10
99.5031219999999905
20
-71.5519450000000035
11
99.5031180000000006
21
-71.5519570000000016
0
LINE
8
BLACK
6
CONTINUOUS
10
99.5031180000000006
20
-71.5519570000000016
11
99.4490299999999934
21
-71.7184239999999988
0
LINE
8
BLACK
6
CONTINUOUS
10
99.4490299999999934
20
-71.7184239999999988
11
99.4398630000000026
21
-71.7466359999999952
0
LINE
8
BLACK
6
CONTINUOUS
10
99.4398630000000026
20
-71.7466359999999952
11
99.4078399999999931
21
-71.9488180000000028
0
LINE
8
BLACK
6
CONTINUOUS
10
99.4078399999999931
20
-71.9488180000000028
11
99.4078399999999931
21
-72.1535219999999953
0
LINE
8
BLACK
6
CONTINUOUS
10
99.4078399999999931
20
-72.1535219999999953
11
99.4398630000000026
21
-72.3557040000000029
0
LINE
8
BLACK
6
CONTINUOUS
10
99.4398630000000026
20
-72.3557040000000029
11
99.495553000000001
21
-72.5271010000000018
0
LINE
8
BLACK
6
CONTINUOUS
10
99.495553000000001
20
-72.5271010000000018
11
99.5031180000000006
21
-72.550381999999999
0
LINE
8
BLACK
6
CONTINUOUS
10
99.5031180000000006
20
-72.550381999999999
11
99.5031219999999905
21
-72.5503939999999972
0
LINE
8
BLACK
6
CONTINUOUS
10
99.5031219999999905
20
-72.5503939999999972
11
99.5960539999999952
21
-72.7327820000000003
0
LINE
8
BLACK
6
CONTINUOUS
10
99.5960539999999952
20
-72.7327820000000003
11
99.7163679999999886
21
-72.898381999999998
0
LINE
8
BLACK
6
CONTINUOUS
10
99.7163679999999886
20
-72.898381999999998
11
99.7163749999999993
21
-72.898389999999992
0
LINE
8
BLACK
6
CONTINUOUS
10
99.7163749999999993
20
-72.898389999999992
11
99.8611190000000022
21
-73.0431339999999949
0
LINE
8
BLACK
6
CONTINUOUS
10
99.8611190000000022
20
-73.0431339999999949
11
99.8611269999999962
21
-73.0431409999999914
0
LINE
8
BLACK
6
CONTINUOUS
10
99.8611269999999962
20
-73.0431409999999914
11
100.026726999999994
21
-73.163454999999999
0
LINE
8
BLACK
6
CONTINUOUS
10
100.026726999999994
20
-73.163454999999999
11
100.0267300000000006
21
-73.163456999999994
0
LINE
8
BLACK
6
CONTINUOUS
10
100.0267300000000006
20
-73.163456999999994
11
100.2091209999999961
21
-73.2563899999999961
0
LINE
8
BLACK
6
CONTINUOUS
10
100.2091209999999961
20
-73.2563899999999961
11
100.4038059999999888
21
-73.3196470000000033
0
LINE
8
BLACK
6
CONTINUOUS
10
100.4038059999999888
20
-73.3196470000000033
11
100.6059879999999964
21
-73.3516699999999986
0
LINE
8
BLACK
6
CONTINUOUS
10
100.6059879999999964
20
-73.3516699999999986
11
100.6059939999999955
21
-73.3516699999999986
0
LINE
8
BLACK
6
CONTINUOUS
10
100.6059939999999955
20
-73.3516699999999986
11
100.6059999999999945
21
-73.3516709999999961
0
LINE
8
BLACK
6
CONTINUOUS
10
100.6059999999999945
20
-73.3516709999999961
11
100.6118279999999885
21
-73.3521300000000025
0
LINE
8
BLACK
6
CONTINUOUS
10
100.6118279999999885
20
-73.3521300000000025
11
100.6116789999999952
21
-73.3540189999999939
0
LINE
8
BLACK
6
CONTINUOUS
10
100.6116789999999952
20
-73.3540189999999939
11
100.6218599999999981
21
-73.3567469999999986
0
LINE
8
BLACK
6
CONTINUOUS
10
100.6218599999999981
20
-73.3567469999999986
11
100.6414759999999973
21
-73.3567469999999986
0
LINE
8
BLACK
6
CONTINUOUS
10
100.6414759999999973
20
-73.3567469999999986
11
100.6584629999999976
21
-73.3665539999999936
0
LINE
8
BLACK
6
CONTINUOUS
10
100.6584629999999976
20
-73.3665539999999936
11
100.6774119999999897
21
-73.3716319999999911
0
LINE
8
BLACK
6
CONTINUOUS
10
100.6774119999999897
20
-73.3716319999999911
11
100.7082709999999963
21
-73.3953109999999924
0
LINE
8
BLACK
6
CONTINUOUS
10
100.7082709999999963
20
-73.3953109999999924
11
100.7854759999999885
21
-73.4725159999999988
0
LINE
8
BLACK
6
CONTINUOUS
10
100.7854759999999885
20
-73.4725159999999988
11
100.7855009999999965
21
-73.4725600000000014
0
LINE
8
BLACK
6
CONTINUOUS
10
100.7855009999999965
20
-73.4725600000000014
11
100.8291169999999966
21
-73.5161760000000015
0
LINE
8
BLACK
6
CONTINUOUS
10
100.8291169999999966
20
-73.5161760000000015
11
100.8291169999999966
21
-73.516176999999999
0
LINE
8
BLACK
6
CONTINUOUS
10
100.8291169999999966
20
-73.516176999999999
11
100.9460009999999954
21
-73.6330619999999954
0
LINE
8
BLACK
6
CONTINUOUS
10
100.9460009999999954
20
-73.6330619999999954
11
101.201556999999994
21
-73.8427909999999912
0
LINE
8
BLACK
6
CONTINUOUS
10
101.201556999999994
20
-73.8427909999999912
11
101.4764409999999941
21
-74.0264609999999976
0
LINE
8
BLACK
6
CONTINUOUS
10
101.4764409999999941
20
-74.0264609999999976
11
101.4883659999999992
21
-74.0328349999999915
0
LINE
8
BLACK
6
CONTINUOUS
10
101.4883659999999992
20
-74.0328349999999915
11
101.5446570000000008
21
-74.0855529999999902
0
LINE
8
BLACK
6
CONTINUOUS
10
101.5446570000000008
20
-74.0855529999999902
11
101.5670499999999947
21
-74.1593589999999949
0
LINE
8
BLACK
6
CONTINUOUS
10
101.5670499999999947
20
-74.1593589999999949
11
101.5495399999999933
21
-74.2344729999999942
0
LINE
8
BLACK
6
CONTINUOUS
10
101.5495399999999933
20
-74.2344729999999942
11
101.5035939999999925
21
-74.2862939999999981
0
LINE
8
BLACK
6
CONTINUOUS
10
101.5035939999999925
20
-74.2862939999999981
11
101.403263999999993
21
-74.3565459999999945
0
LINE
8
BLACK
6
CONTINUOUS
10
101.403263999999993
20
-74.3565459999999945
11
101.403263999999993
21
-74.356546999999992
0
LINE
8
BLACK
6
CONTINUOUS
10
101.403263999999993
20
-74.356546999999992
11
101.1576799999999992
21
-74.5626180000000005
0
LINE
8
BLACK
6
CONTINUOUS
10
101.1576799999999992
20
-74.5626180000000005
11
101.1576659999999919
21
-74.5626309999999961
0
LINE
8
BLACK
6
CONTINUOUS
10
101.1576659999999919
20
-74.5626309999999961
11
101.0755139999999983
21
-74.6447849999999988
0
LINE
8
BLACK
6
CONTINUOUS
10
101.0755139999999983
20
-74.6447849999999988
11
101.0755130000000008
21
-74.6447859999999963
0
LINE
8
BLACK
6
CONTINUOUS
10
101.0755130000000008
20
-74.6447859999999963
11
99.6237989999999911
21
-76.0964989999999943
0
LINE
8
BLACK
6
CONTINUOUS
10
99.6237989999999911
20
-76.0964989999999943
11
99.5570039999999921
21
-76.1350630000000024
0
LINE
8
BLACK
6
CONTINUOUS
10
99.5570039999999921
20
-76.1350630000000024
11
99.4798759999999902
21
-76.1350630000000024
0
LINE
8
BLACK
6
CONTINUOUS
10
99.4798759999999902
20
-76.1350630000000024
11
99.4130809999999911
21
-76.0964989999999943
0
LINE
8
BLACK
6
CONTINUOUS
10
99.4130809999999911
20
-76.0964989999999943
11
99.3745169999999973
21
-76.0297039999999953
0
LINE
8
BLACK
6
CONTINUOUS
10
99.3745169999999973
20
-76.0297039999999953
11
99.3701569999999919
21
-76.0057410000000004
0
LINE
8
BLACK
6
CONTINUOUS
10
99.3701569999999919
20
-76.0057410000000004
11
99.3681469999999933
21
-75.9853310000000022
0
LINE
8
BLACK
6
CONTINUOUS
10
99.3681469999999933
20
-75.9853310000000022
11
99.3081069999999926
21
-75.7874079999999992
0
LINE
8
BLACK
6
CONTINUOUS
10
99.3081069999999926
20
-75.7874079999999992
11
99.3081049999999976
21
-75.7874029999999976
0
LINE
8
BLACK
6
CONTINUOUS
10
99.3081049999999976
20
-75.7874029999999976
11
99.2106139999999925
21
-75.605007999999998
0
LINE
8
BLACK
6
CONTINUOUS
10
99.2106139999999925
20
-75.605007999999998
11
99.2106089999999909
21
-75.6050010000000015
0
LINE
8
BLACK
6
CONTINUOUS
10
99.2106089999999909
20
-75.6050010000000015
11
99.0793939999999935
21
-75.4451150000000013
0
LINE
8
BLACK
6
CONTINUOUS
10
99.0793939999999935
20
-75.4451150000000013
11
98.9195079999999933
21
-75.3138999999999896
0
LINE
8
BLACK
6
CONTINUOUS
10
98.9195079999999933
20
-75.3138999999999896
11
98.9195009999999968
21
-75.3138950000000023
0
LINE
8
BLACK
6
CONTINUOUS
10
98.9195009999999968
20
-75.3138950000000023
11
98.7371059999999972
21
-75.2164039999999972
0
LINE
8
BLACK
6
CONTINUOUS
10
98.7371059999999972
20
-75.2164039999999972
11
98.7371009999999956
21
-75.2164020000000022
0
LINE
8
BLACK
6
CONTINUOUS
10
98.7371009999999956
20
-75.2164020000000022
11
98.5391779999999926
21
-75.1563620000000014
0
LINE
8
BLACK
6
CONTINUOUS
10
98.5391779999999926
20
-75.1563620000000014
11
98.3849230000000006
21
-75.1411700000000025
0
LINE
8
BLACK
6
CONTINUOUS
10
98.3849230000000006
20
-75.1411700000000025
11
98.2333399999999983
21
-75.1411700000000025
0
LINE
8
BLACK
6
CONTINUOUS
10
98.2333399999999983
20
-75.1411700000000025
11
98.2333399999999983
21
-75.9411699999999996
0
LINE
8
BLACK
6
CONTINUOUS
10
98.2333399999999983
20
-75.9411699999999996
11
98.3333399999999926
21
-75.9411699999999996
0
LINE
8
BLACK
6
CONTINUOUS
10
98.3333399999999926
20
-75.9411699999999996
11
98.4290109999999885
21
-75.9602000000000004
0
LINE
8
BLACK
6
CONTINUOUS
10
98.4290109999999885
20
-75.9602000000000004
11
98.5101169999999939
21
-76.0143929999999983
0
LINE
8
BLACK
6
CONTINUOUS
10
98.5101169999999939
20
-76.0143929999999983
11
98.5643099999999919
21
-76.0954989999999896
0
LINE
8
BLACK
6
CONTINUOUS
10
98.5643099999999919
20
-76.0954989999999896
11
98.5833399999999926
21
-76.1911699999999996
0
LINE
8
BLACK
6
CONTINUOUS
10
98.5833399999999926
20
-76.1911699999999996
11
98.5833399999999926
21
-77.2911699999999939
0
LINE
8
BLACK
6
CONTINUOUS
10
98.5833399999999926
20
-77.2911699999999939
11
98.5643099999999919
21
-77.3868409999999898
0
LINE
8
BLACK
6
CONTINUOUS
10
98.5643099999999919
20
-77.3868409999999898
11
98.5101169999999939
21
-77.4679469999999952
0
LINE
8
BLACK
6
CONTINUOUS
10
98.5101169999999939
20
-77.4679469999999952
11
98.4290109999999885
21
-77.5221399999999932
0
LINE
8
BLACK
6
CONTINUOUS
10
98.4290109999999885
20
-77.5221399999999932
11
98.3333399999999926
21
-77.5411699999999939
0
LINE
8
BLACK
6
CONTINUOUS
10
98.3333399999999926
20
-77.5411699999999939
11
97.2333399999999983
21
-77.5411699999999939
0
LINE
8
BLACK
6
CONTINUOUS
10
97.2333399999999983
20
-77.5411699999999939
11
97.1376690000000025
21
-77.5221399999999932
0
LINE
8
BLACK
6
CONTINUOUS
10
97.1376690000000025
20
-77.5221399999999932
11
97.056562999999997
21
-77.4679469999999952
0
LINE
8
BLACK
6
CONTINUOUS
10
97.056562999999997
20
-77.4679469999999952
11
97.0023699999999991
21
-77.3868409999999898
0
LINE
8
BLACK
6
CONTINUOUS
10
97.0023699999999991
20
-77.3868409999999898
11
96.9833399999999983
21
-77.2911699999999939
0
LINE
8
BLACK
6
CONTINUOUS
10
96.9833399999999983
20
-77.2911699999999939
11
96.9833399999999983
21
-77.1911699999999996
0
LINE
8
BLACK
6
CONTINUOUS
10
96.9833399999999983
20
-77.1911699999999996
11
96.1833400000000012
21
-77.1911699999999996
0
LINE
8
BLACK
6
CONTINUOUS
10
96.1833400000000012
20
-77.1911699999999996
11
96.1833400000000012
21
-77.3427519999999902
0
LINE
8
BLACK
6
CONTINUOUS
10
96.1833400000000012
20
-77.3427519999999902
11
96.1985320000000002
21
-77.4970079999999939
0
LINE
8
BLACK
6
CONTINUOUS
10
96.1985320000000002
20
-77.4970079999999939
11
96.2585720000000009
21
-77.6949309999999969
0
LINE
8
BLACK
6
CONTINUOUS
10
96.2585720000000009
20
-77.6949309999999969
11
96.2585739999999959
21
-77.6949359999999984
0
LINE
8
BLACK
6
CONTINUOUS
10
96.2585739999999959
20
-77.6949359999999984
11
96.356065000000001
21
-77.8773309999999981
0
LINE
8
BLACK
6
CONTINUOUS
10
96.356065000000001
20
-77.8773309999999981
11
96.3560700000000026
21
-77.8773379999999946
0
LINE
8
BLACK
6
CONTINUOUS
10
96.3560700000000026
20
-77.8773379999999946
11
96.487285
21
-78.0372239999999948
0
LINE
8
BLACK
6
CONTINUOUS
10
96.487285
20
-78.0372239999999948
11
96.6471710000000002
21
-78.1684389999999922
0
LINE
8
BLACK
6
CONTINUOUS
10
96.6471710000000002
20
-78.1684389999999922
11
96.6501169999999945
21
-78.1700139999999948
0
LINE
8
BLACK
6
CONTINUOUS
10
96.6501169999999945
20
-78.1700139999999948
11
96.6515839999999997
21
-78.1713879999999932
0
LINE
8
BLACK
6
CONTINUOUS
10
96.6515839999999997
20
-78.1713879999999932
11
96.6532569999999964
21
-78.1725059999999985
0
LINE
8
BLACK
6
CONTINUOUS
10
96.6532569999999964
20
-78.1725059999999985
11
96.6530719999999945
21
-78.172781999999998
0
LINE
8
BLACK
6
CONTINUOUS
10
96.6530719999999945
20
-78.172781999999998
11
96.7064109999999886
21
-78.2227379999999926
0
LINE
8
BLACK
6
CONTINUOUS
10
96.7064109999999886
20
-78.2227379999999926
11
96.7287999999999926
21
-78.2965449999999947
0
LINE
8
BLACK
6
CONTINUOUS
10
96.7287999999999926
20
-78.2965449999999947
11
96.7112869999999987
21
-78.3716579999999965
0
LINE
8
BLACK
6
CONTINUOUS
10
96.7112869999999987
20
-78.3716579999999965
11
96.7004239999999982
21
-78.3889999999999958
0
LINE
8
BLACK
6
CONTINUOUS
10
96.7004239999999982
20
-78.3889999999999958
11
96.5855299999999914
21
-78.5471390000000014
0
LINE
8
BLACK
6
CONTINUOUS
10
96.5855299999999914
20
-78.5471390000000014
11
96.5855249999999899
21
-78.5471459999999979
0
LINE
8
BLACK
6
CONTINUOUS
10
96.5855249999999899
20
-78.5471459999999979
11
96.4854449999999986
21
-78.7435629999999946
0
LINE
8
BLACK
6
CONTINUOUS
10
96.4854449999999986
20
-78.7435629999999946
11
96.4173249999999911
21
-78.953212999999991
0
LINE
8
BLACK
6
CONTINUOUS
10
96.4173249999999911
20
-78.953212999999991
11
96.4030289999999894
21
-79.0434779999999932
0
LINE
8
BLACK
6
CONTINUOUS
10
96.4030289999999894
20
-79.0434779999999932
11
96.3828400000000016
21
-79.1709479999999957
0
LINE
8
BLACK
6
CONTINUOUS
10
96.3828400000000016
20
-79.1709479999999957
11
96.3828400000000016
21
-79.3913919999999962
0
LINE
8
BLACK
6
CONTINUOUS
10
96.3828400000000016
20
-79.3913919999999962
11
96.384563
21
-79.4022679999999923
0
LINE
8
BLACK
6
CONTINUOUS
10
96.384563
20
-79.4022679999999923
11
96.4173249999999911
21
-79.6091260000000034
0
LINE
8
BLACK
6
CONTINUOUS
10
96.4173249999999911
20
-79.6091260000000034
11
96.4854449999999986
21
-79.8187759999999997
0
LINE
8
BLACK
6
CONTINUOUS
10
96.4854449999999986
20
-79.8187759999999997
11
96.5855249999999899
21
-80.0151929999999965
0
LINE
8
BLACK
6
CONTINUOUS
10
96.5855249999999899
20
-80.0151929999999965
11
96.5855260000000015
21
-80.0151939999999939
0
LINE
8
BLACK
6
CONTINUOUS
10
96.5855260000000015
20
-80.0151939999999939
11
96.627640999999997
21
-80.0731600000000014
0
LINE
8
BLACK
6
CONTINUOUS
10
96.627640999999997
20
-80.0731600000000014
11
96.7150979999999976
21
-80.1935349999999971
0
LINE
8
BLACK
6
CONTINUOUS
10
96.7150979999999976
20
-80.1935349999999971
11
96.8709750000000014
21
-80.3494120000000009
0
LINE
8
BLACK
6
CONTINUOUS
10
96.8709750000000014
20
-80.3494120000000009
11
96.9682549999999992
21
-80.4200889999999902
0
LINE
8
BLACK
6
CONTINUOUS
10
96.9682549999999992
20
-80.4200889999999902
11
96.9827569999999923
21
-80.4306259999999895
0
LINE
8
BLACK
6
CONTINUOUS
10
96.9827569999999923
20
-80.4306259999999895
11
96.9943489999999997
21
-80.4449419999999975
0
LINE
8
BLACK
6
CONTINUOUS
10
96.9943489999999997
20
-80.4449419999999975
11
97.0094259999999906
21
-80.4555239999999969
0
LINE
8
BLACK
6
CONTINUOUS
10
97.0094259999999906
20
-80.4555239999999969
11
97.0181989999999956
21
-80.4743939999999895
0
LINE
8
BLACK
6
CONTINUOUS
10
97.0181989999999956
20
-80.4743939999999895
11
97.0312950000000001
21
-80.4905660000000012
0
LINE
8
BLACK
6
CONTINUOUS
10
97.0312950000000001
20
-80.4905660000000012
11
97.0341760000000022
21
-80.5087580000000003
0
LINE
8
BLACK
6
CONTINUOUS
10
97.0341760000000022
20
-80.5087580000000003
11
97.0419429999999892
21
-80.525463000000002
0
LINE
8
BLACK
6
CONTINUOUS
10
97.0419429999999892
20
-80.525463000000002
11
97.0401049999999969
21
-80.5461909999999932
0
LINE
8
BLACK
6
CONTINUOUS
10
97.0401049999999969
20
-80.5461909999999932
11
97.0433609999999902
21
-80.5667449999999974
0
LINE
8
BLACK
6
CONTINUOUS
10
97.0433609999999902
20
-80.5667449999999974
11
97.0367589999999893
21
-80.5839429999999908
0
LINE
8
BLACK
6
CONTINUOUS
10
97.0367589999999893
20
-80.5839429999999908
11
97.0351330000000019
21
-80.6022899999999964
0
LINE
8
BLACK
6
CONTINUOUS
10
97.0351330000000019
20
-80.6022899999999964
11
97.0241059999999891
21
-80.6169060000000002
0
LINE
8
BLACK
6
CONTINUOUS
10
97.0241059999999891
20
-80.6169060000000002
11
97.0157209999999992
21
-80.6387500000000017
0
LINE
8
BLACK
6
CONTINUOUS
10
97.0157209999999992
20
-80.6387500000000017
11
96.9908229999999918
21
-80.665419
0
LINE
8
BLACK
6
CONTINUOUS
10
96.9908229999999918
20
-80.665419
11
96.9868919999999974
21
-80.6687089999999927
0
LINE
8
BLACK
6
CONTINUOUS
10
96.9868919999999974
20
-80.6687089999999927
11
96.8709750000000014
21
-80.7529279999999972
0
LINE
8
BLACK
6
CONTINUOUS
10
96.8709750000000014
20
-80.7529279999999972
11
96.7922149999999988
21
-80.8316870000000023
0
LINE
8
BLACK
6
CONTINUOUS
10
96.7922149999999988
20
-80.8316870000000023
11
96.7871609999999976
21
-80.8359189999999899
0
LINE
8
BLACK
6
CONTINUOUS
10
96.7871609999999976
20
-80.8359189999999899
11
96.7579629999999895
21
-80.8494929999999954
0
LINE
8
BLACK
6
CONTINUOUS
10
96.7579629999999895
20
-80.8494929999999954
11
96.7300789999999893
21
-80.8655929999999898
0
LINE
8
BLACK
6
CONTINUOUS
10
96.7300789999999893
20
-80.8655929999999898
11
96.7206729999999908
21
-80.8668309999999906
0
LINE
8
BLACK
6
CONTINUOUS
10
96.7206729999999908
20
-80.8668309999999906
11
96.7172219999999925
21
-80.8684360000000027
0
LINE
8
BLACK
6
CONTINUOUS
10
96.7172219999999925
20
-80.8684360000000027
11
96.7119999999999891
21
-80.8679729999999921
0
LINE
8
BLACK
6
CONTINUOUS
10
96.7119999999999891
20
-80.8679729999999921
11
96.6915149999999954
21
-80.8706699999999898
0
LINE
8
BLACK
6
CONTINUOUS
10
96.6915149999999954
20
-80.8706699999999898
11
96.0440979999999911
21
-80.8706699999999898
0
LINE
8
BLACK
6
CONTINUOUS
10
96.0440979999999911
20
-80.8706699999999898
11
96.0434709999999967
21
-80.8706999999999994
0
LINE
8
BLACK
6
CONTINUOUS
10
96.0434709999999967
20
-80.8706999999999994
11
96.0211869999999976
21
-80.8706999999999994
0
LINE
8
BLACK
6
CONTINUOUS
10
96.0211869999999976
20
-80.8706999999999994
11
95.8975179999999909
21
-80.8846309999999988
0
LINE
8
BLACK
6
CONTINUOUS
10
95.8975179999999909
20
-80.8846309999999988
11
95.776016999999996
21
-80.8983180000000033
0
LINE
8
BLACK
6
CONTINUOUS
10
95.776016999999996
20
-80.8983180000000033
11
95.5354739999999936
21
-80.953212999999991
0
LINE
8
BLACK
6
CONTINUOUS
10
95.5354739999999936
20
-80.953212999999991
11
95.3026089999999897
21
-81.0346880000000027
0
LINE
8
BLACK
6
CONTINUOUS
10
95.3026089999999897
20
-81.0346880000000027
11
95.3025880000000001
21
-81.0346969999999942
0
LINE
8
BLACK
6
CONTINUOUS
10
95.3025880000000001
20
-81.0346969999999942
11
95.0803099999999972
21
-81.1417319999999904
0
LINE
8
BLACK
6
CONTINUOUS
10
95.0803099999999972
20
-81.1417319999999904
11
95.0803080000000023
21
-81.1417330000000021
0
LINE
8
BLACK
6
CONTINUOUS
10
95.0803080000000023
20
-81.1417330000000021
11
94.9432669999999916
21
-81.2278349999999989
0
LINE
8
BLACK
6
CONTINUOUS
10
94.9432669999999916
20
-81.2278349999999989
11
94.8695649999999944
21
-81.2505659999999921
0
LINE
8
BLACK
6
CONTINUOUS
10
94.8695649999999944
20
-81.2505659999999921
11
94.8639989999999926
21
-81.2506699999999995
0
LINE
8
BLACK
6
CONTINUOUS
10
94.8639989999999926
20
-81.2506699999999995
11
94.7959879999999941
21
-81.2506699999999995
0
LINE
8
BLACK
6
CONTINUOUS
10
94.7959879999999941
20
-81.2506699999999995
11
94.6275029999999902
21
-81.277355
0
LINE
8
BLACK
6
CONTINUOUS
10
94.6275029999999902
20
-81.277355
11
94.593804999999989
21
-81.2826929999999948
0
LINE
8
BLACK
6
CONTINUOUS
10
94.593804999999989
20
-81.2826929999999948
11
94.3991269999999929
21
-81.3459479999999928
0
LINE
8
BLACK
6
CONTINUOUS
10
94.3991269999999929
20
-81.3459479999999928
11
94.3991149999999948
21
-81.3459519999999969
0
LINE
8
BLACK
6
CONTINUOUS
10
94.3991149999999948
20
-81.3459519999999969
11
94.2167269999999917
21
-81.4388840000000016
0
LINE
8
BLACK
6
CONTINUOUS
10
94.2167269999999917
20
-81.4388840000000016
11
94.0511269999999939
21
-81.559197999999995
0
LINE
8
BLACK
6
CONTINUOUS
10
94.0511269999999939
20
-81.559197999999995
11
94.0511189999999999
21
-81.5592049999999915
0
LINE
8
BLACK
6
CONTINUOUS
10
94.0511189999999999
20
-81.5592049999999915
11
93.906374999999997
21
-81.7039489999999944
0
LINE
8
BLACK
6
CONTINUOUS
10
93.906374999999997
20
-81.7039489999999944
11
93.9063680000000005
21
-81.7039570000000026
0
LINE
8
BLACK
6
CONTINUOUS
10
93.9063680000000005
20
-81.7039570000000026
11
93.7860539999999929
21
-81.8695570000000004
0
LINE
8
BLACK
6
CONTINUOUS
10
93.7860539999999929
20
-81.8695570000000004
11
93.6931220000000025
21
-82.0519449999999892
0
LINE
8
BLACK
6
CONTINUOUS
10
93.6931220000000025
20
-82.0519449999999892
11
93.6931179999999983
21
-82.0519570000000016
0
LINE
8
BLACK
6
CONTINUOUS
10
93.6931179999999983
20
-82.0519570000000016
11
93.6300099999999986
21
-82.246184999999997
0
LINE
8
BLACK
6
CONTINUOUS
10
93.6300099999999986
20
-82.246184999999997
11
93.6298630000000003
21
-82.2466359999999952
0
LINE
8
BLACK
6
CONTINUOUS
10
93.6298630000000003
20
-82.2466359999999952
11
93.5978399999999908
21
-82.4488180000000028
0
LINE
8
BLACK
6
CONTINUOUS
10
93.5978399999999908
20
-82.4488180000000028
11
93.5978399999999908
21
-82.6535219999999953
0
LINE
8
BLACK
6
CONTINUOUS
10
93.5978399999999908
20
-82.6535219999999953
11
93.6298630000000003
21
-82.8557040000000029
0
LINE
8
BLACK
6
CONTINUOUS
10
93.6298630000000003
20
-82.8557040000000029
11
93.6779140000000012
21
-83.0035910000000001
0
LINE
8
BLACK
6
CONTINUOUS
10
93.6779140000000012
20
-83.0035910000000001
11
93.6931179999999983
21
-83.050381999999999
0
LINE
8
BLACK
6
CONTINUOUS
10
93.6931179999999983
20
-83.050381999999999
11
93.6931220000000025
21
-83.0503939999999972
0
LINE
8
BLACK
6
CONTINUOUS
10
93.6931220000000025
20
-83.0503939999999972
11
93.7860539999999929
21
-83.2327820000000003
0
LINE
8
BLACK
6
CONTINUOUS
10
93.7860539999999929
20
-83.2327820000000003
11
93.9063680000000005
21
-83.398381999999998
0
LINE
8
BLACK
6
CONTINUOUS
10
93.9063680000000005
20
-83.398381999999998
11
93.906374999999997
21
-83.398389999999992
0
LINE
8
BLACK
6
CONTINUOUS
10
93.906374999999997
20
-83.398389999999992
11
94.0511189999999999
21
-83.5431339999999949
0
LINE
8
BLACK
6
CONTINUOUS
10
94.0511189999999999
20
-83.5431339999999949
11
94.0511269999999939
21
-83.5431409999999914
0
LINE
8
BLACK
6
CONTINUOUS
10
94.0511269999999939
20
-83.5431409999999914
11
94.2167269999999917
21
-83.663454999999999
0
LINE
8
BLACK
6
CONTINUOUS
10
94.2167269999999917
20
-83.663454999999999
11
94.2167299999999983
21
-83.663456999999994
0
LINE
8
BLACK
6
CONTINUOUS
10
94.2167299999999983
20
-83.663456999999994
11
94.3991209999999938
21
-83.7563899999999961
0
LINE
8
BLACK
6
CONTINUOUS
10
94.3991209999999938
20
-83.7563899999999961
11
94.5938060000000007
21
-83.8196469999999891
0
LINE
8
BLACK
6
CONTINUOUS
10
94.5938060000000007
20
-83.8196469999999891
11
94.7959879999999941
21
-83.8516699999999986
0
LINE
8
BLACK
6
CONTINUOUS
10
94.7959879999999941
20
-83.8516699999999986
11
94.7959929999999957
21
-83.8516699999999986
0
LINE
8
BLACK
6
CONTINUOUS
10
94.7959929999999957
20
-83.8516699999999986
11
95.0006869999999992
21
-83.8516699999999986
0
LINE
8
BLACK
6
CONTINUOUS
10
95.0006869999999992
20
-83.8516699999999986
11
95.0006920000000008
21
-83.8516699999999986
0
LINE
8
BLACK
6
CONTINUOUS
10
95.0006920000000008
20
-83.8516699999999986
11
95.2028739999999942
21
-83.8196469999999891
0
LINE
8
BLACK
6
CONTINUOUS
10
95.2028739999999942
20
-83.8196469999999891
11
95.3975590000000011
21
-83.7563899999999961
0
LINE
8
BLACK
6
CONTINUOUS
10
95.3975590000000011
20
-83.7563899999999961
11
95.5799499999999966
21
-83.663456999999994
0
LINE
8
BLACK
6
CONTINUOUS
10
95.5799499999999966
20
-83.663456999999994
11
95.7455590000000001
21
-83.5431359999999898
0
LINE
8
BLACK
6
CONTINUOUS
10
95.7455590000000001
20
-83.5431359999999898
11
95.8903059999999954
21
-83.3983889999999946
0
LINE
8
BLACK
6
CONTINUOUS
10
95.8903059999999954
20
-83.3983889999999946
11
96.0106269999999995
21
-83.2327799999999911
0
LINE
8
BLACK
6
CONTINUOUS
10
96.0106269999999995
20
-83.2327799999999911
11
96.1035600000000017
21
-83.0503889999999956
0
LINE
8
BLACK
6
CONTINUOUS
10
96.1035600000000017
20
-83.0503889999999956
11
96.1187659999999937
21
-83.0035910000000001
0
LINE
8
BLACK
6
CONTINUOUS
10
96.1187659999999937
20
-83.0035910000000001
11
96.1606699999999961
21
-82.8746259999999921
0
LINE
8
BLACK
6
CONTINUOUS
10
96.1606699999999961
20
-82.8746259999999921
11
96.2026769999999942
21
-82.8099409999999949
0
LINE
8
BLACK
6
CONTINUOUS
10
96.2026769999999942
20
-82.8099409999999949
11
96.2713990000000024
21
-82.7749259999999936
0
LINE
8
BLACK
6
CONTINUOUS
10
96.2713990000000024
20
-82.7749259999999936
11
96.3023769999999928
21
-82.7716700000000003
0
LINE
8
BLACK
6
CONTINUOUS
10
96.3023769999999928
20
-82.7716700000000003
11
96.6915149999999954
21
-82.7716700000000003
0
LINE
8
BLACK
6
CONTINUOUS
10
96.6915149999999954
20
-82.7716700000000003
11
96.7041699999999906
21
-82.7750599999999963
0
LINE
8
BLACK
6
CONTINUOUS
10
96.7041699999999906
20
-82.7750599999999963
11
96.7172219999999925
21
-82.7739040000000017
0
LINE
8
BLACK
6
CONTINUOUS
10
96.7172219999999925
20
-82.7739040000000017
11
96.7356970000000018
21
-82.7835079999999977
0
LINE
8
BLACK
6
CONTINUOUS
10
96.7356970000000018
20
-82.7835079999999977
11
96.7660149999999959
21
-82.7916319999999928
0
LINE
8
BLACK
6
CONTINUOUS
10
96.7660149999999959
20
-82.7916319999999928
11
96.7871609999999976
21
-82.8064210000000003
0
LINE
8
BLACK
6
CONTINUOUS
10
96.7871609999999976
20
-82.8064210000000003
11
96.7922149999999988
21
-82.8106519999999904
0
LINE
8
BLACK
6
CONTINUOUS
10
96.7922149999999988
20
-82.8106519999999904
11
96.8709750000000014
21
-82.889411999999993
0
LINE
8
BLACK
6
CONTINUOUS
10
96.8709750000000014
20
-82.889411999999993
11
96.9868919999999974
21
-82.97363
0
LINE
8
BLACK
6
CONTINUOUS
10
96.9868919999999974
20
-82.97363
11
96.9908229999999918
21
-82.9769209999999902
0
LINE
8
BLACK
6
CONTINUOUS
10
96.9908229999999918
20
-82.9769209999999902
11
97.0101359999999886
21
-83.0044369999999958
0
LINE
8
BLACK
6
CONTINUOUS
10
97.0101359999999886
20
-83.0044369999999958
11
97.0312950000000001
21
-83.0305659999999932
0
LINE
8
BLACK
6
CONTINUOUS
10
97.0312950000000001
20
-83.0305659999999932
11
97.032116000000002
21
-83.0357520000000022
0
LINE
8
BLACK
6
CONTINUOUS
10
97.032116000000002
20
-83.0357520000000022
11
97.0351330000000019
21
-83.0400499999999937
0
LINE
8
BLACK
6
CONTINUOUS
10
97.0351330000000019
20
-83.0400499999999937
11
97.0381009999999975
21
-83.0735379999999992
0
LINE
8
BLACK
6
CONTINUOUS
10
97.0381009999999975
20
-83.0735379999999992
11
97.0433609999999902
21
-83.1067449999999894
0
LINE
8
BLACK
6
CONTINUOUS
10
97.0433609999999902
20
-83.1067449999999894
11
97.0414789999999954
21
-83.1116459999999933
0
LINE
8
BLACK
6
CONTINUOUS
10
97.0414789999999954
20
-83.1116459999999933
11
97.0419429999999892
21
-83.1168770000000023
0
LINE
8
BLACK
6
CONTINUOUS
10
97.0419429999999892
20
-83.1168770000000023
11
97.0277699999999896
21
-83.1473589999999945
0
LINE
8
BLACK
6
CONTINUOUS
10
97.0277699999999896
20
-83.1473589999999945
11
97.0157209999999992
21
-83.1787499999999937
0
LINE
8
BLACK
6
CONTINUOUS
10
97.0157209999999992
20
-83.1787499999999937
11
97.0109640000000013
21
-83.1835059999999942
0
LINE
8
BLACK
6
CONTINUOUS
10
97.0109640000000013
20
-83.1835059999999942
11
97.0094259999999906
21
-83.1868159999999932
0
LINE
8
BLACK
6
CONTINUOUS
10
97.0094259999999906
20
-83.1868159999999932
11
97.0034849999999977
21
-83.1909849999999977
0
LINE
8
BLACK
6
CONTINUOUS
10
97.0034849999999977
20
-83.1909849999999977
11
96.9827569999999923
21
-83.2117140000000006
0
LINE
8
BLACK
6
CONTINUOUS
10
96.9827569999999923
20
-83.2117140000000006
11
96.8709759999999989
21
-83.2929269999999917
0
LINE
8
BLACK
6
CONTINUOUS
10
96.8709759999999989
20
-83.2929269999999917
11
96.8709729999999922
21
-83.2929290000000009
0
LINE
8
BLACK
6
CONTINUOUS
10
96.8709729999999922
20
-83.2929290000000009
11
96.715098999999995
21
-83.4488029999999981
0
LINE
8
BLACK
6
CONTINUOUS
10
96.715098999999995
20
-83.4488029999999981
11
96.7150970000000001
21
-83.4488059999999905
0
LINE
8
BLACK
6
CONTINUOUS
10
96.7150970000000001
20
-83.4488059999999905
11
96.5855260000000015
21
-83.6271449999999987
0
LINE
8
BLACK
6
CONTINUOUS
10
96.5855260000000015
20
-83.6271449999999987
11
96.5855249999999899
21
-83.6271459999999962
0
LINE
8
BLACK
6
CONTINUOUS
10
96.5855249999999899
20
-83.6271459999999962
11
96.4854449999999986
21
-83.8235629999999929
0
LINE
8
BLACK
6
CONTINUOUS
10
96.4854449999999986
20
-83.8235629999999929
11
96.4173249999999911
21
-84.0332129999999893
0
LINE
8
BLACK
6
CONTINUOUS
10
96.4173249999999911
20
-84.0332129999999893
11
96.3955579999999941
21
-84.1706499999999949
0
LINE
8
BLACK
6
CONTINUOUS
10
96.3955579999999941
20
-84.1706499999999949
11
96.3828400000000016
21
-84.250947999999994
0
LINE
8
BLACK
6
CONTINUOUS
10
96.3828400000000016
20
-84.250947999999994
11
96.3828400000000016
21
-84.4713919999999945
0
LINE
8
BLACK
6
CONTINUOUS
10
96.3828400000000016
20
-84.4713919999999945
11
96.392793999999995
21
-84.5342359999999928
0
LINE
8
BLACK
6
CONTINUOUS
10
96.392793999999995
20
-84.5342359999999928
11
96.4173249999999911
21
-84.6891260000000017
0
LINE
8
BLACK
6
CONTINUOUS
10
96.4173249999999911
20
-84.6891260000000017
11
96.4854449999999986
21
-84.898775999999998
0
LINE
8
BLACK
6
CONTINUOUS
10
96.4854449999999986
20
-84.898775999999998
11
96.5855249999999899
21
-85.0951929999999948
0
LINE
8
BLACK
6
CONTINUOUS
10
96.5855249999999899
20
-85.0951929999999948
11
96.5855260000000015
21
-85.0951939999999922
0
LINE
8
BLACK
6
CONTINUOUS
10
96.5855260000000015
20
-85.0951939999999922
11
96.590605999999994
21
-85.1021860000000032
0
LINE
8
BLACK
6
CONTINUOUS
10
96.590605999999994
20
-85.1021860000000032
11
96.7150979999999976
21
-85.2735349999999954
0
LINE
8
BLACK
6
CONTINUOUS
10
96.7150979999999976
20
-85.2735349999999954
11
96.8709750000000014
21
-85.4294119999999992
0
LINE
8
BLACK
6
CONTINUOUS
10
96.8709750000000014
20
-85.4294119999999992
11
96.9814360000000022
21
-85.5096659999999957
0
LINE
8
BLACK
6
CONTINUOUS
10
96.9814360000000022
20
-85.5096659999999957
11
97.0493149999999929
21
-85.5589829999999978
0
LINE
8
BLACK
6
CONTINUOUS
10
97.0493149999999929
20
-85.5589829999999978
11
97.0493159999999904
21
-85.5589839999999953
0
LINE
8
BLACK
6
CONTINUOUS
10
97.0493159999999904
20
-85.5589839999999953
11
97.0493179999999995
21
-85.5589849999999927
0
LINE
8
BLACK
6
CONTINUOUS
10
97.0493179999999995
20
-85.5589849999999927
11
97.2457339999999988
21
-85.6590649999999982
0
LINE
8
BLACK
6
CONTINUOUS
10
97.2457339999999988
20
-85.6590649999999982
11
97.317026999999996
21
-85.6822289999999924
0
LINE
8
BLACK
6
CONTINUOUS
10
97.317026999999996
20
-85.6822289999999924
11
97.4553829999999977
21
-85.7271839999999941
0
LINE
8
BLACK
6
CONTINUOUS
10
97.4553829999999977
20
-85.7271839999999941
11
97.4553879999999992
21
-85.7271839999999941
0
LINE
8
BLACK
6
CONTINUOUS
10
97.4553879999999992
20
-85.7271839999999941
11
97.4553889999999967
21
-85.7271849999999915
0
LINE
8
BLACK
6
CONTINUOUS
10
97.4553889999999967
20
-85.7271849999999915
11
97.6731180000000023
21
-85.7616699999999952
0
LINE
8
BLACK
6
CONTINUOUS
10
97.6731180000000023
20
-85.7616699999999952
11
97.6731219999999922
21
-85.7616699999999952
0
LINE
8
BLACK
6
CONTINUOUS
10
97.6731219999999922
20
-85.7616699999999952
11
97.8935579999999987
21
-85.7616699999999952
0
LINE
8
BLACK
6
CONTINUOUS
10
97.8935579999999987
20
-85.7616699999999952
11
97.8935619999999886
21
-85.7616699999999952
0
LINE
8
BLACK
6
CONTINUOUS
10
97.8935619999999886
20
-85.7616699999999952
11
98.1112909999999943
21
-85.7271849999999915
0
LINE
8
BLACK
6
CONTINUOUS
10
98.1112909999999943
20
-85.7271849999999915
11
98.1112919999999917
21
-85.7271839999999941
0
LINE
8
BLACK
6
CONTINUOUS
10
98.1112919999999917
20
-85.7271839999999941
11
98.1112959999999958
21
-85.7271839999999941
0
LINE
8
BLACK
6
CONTINUOUS
10
98.1112959999999958
20
-85.7271839999999941
11
98.1918959999999998
21
-85.7009949999999918
0
LINE
8
BLACK
6
CONTINUOUS
10
98.1918959999999998
20
-85.7009949999999918
11
98.3209459999999922
21
-85.6590649999999982
0
LINE
8
BLACK
6
CONTINUOUS
10
98.3209459999999922
20
-85.6590649999999982
11
98.5173619999999914
21
-85.5589849999999927
0
LINE
8
BLACK
6
CONTINUOUS
10
98.5173619999999914
20
-85.5589849999999927
11
98.6957049999999896
21
-85.4294119999999992
0
LINE
8
BLACK
6
CONTINUOUS
10
98.6957049999999896
20
-85.4294119999999992
11
98.8515819999999934
21
-85.2735349999999954
0
LINE
8
BLACK
6
CONTINUOUS
10
98.8515819999999934
20
-85.2735349999999954
11
98.9811550000000011
21
-85.0951919999999973
0
LINE
8
BLACK
6
CONTINUOUS
10
98.9811550000000011
20
-85.0951919999999973
11
99.0812349999999924
21
-84.898775999999998
0
LINE
8
BLACK
6
CONTINUOUS
10
99.0812349999999924
20
-84.898775999999998
11
99.1298109999999895
21
-84.7492730000000023
0
LINE
8
BLACK
6
CONTINUOUS
10
99.1298109999999895
20
-84.7492730000000023
11
99.1493540000000024
21
-84.6891260000000017
0
LINE
8
BLACK
6
CONTINUOUS
10
99.1493540000000024
20
-84.6891260000000017
11
99.1507709999999918
21
-84.6801789999999954
0
LINE
8
BLACK
6
CONTINUOUS
10
99.1507709999999918
20
-84.6801789999999954
11
99.1838399999999893
21
-84.4713919999999945
0
LINE
8
BLACK
6
CONTINUOUS
10
99.1838399999999893
20
-84.4713919999999945
11
99.1838399999999893
21
-84.3665960000000013
0
LINE
8
BLACK
6
CONTINUOUS
10
99.1838399999999893
20
-84.3665960000000013
11
99.203801999999996
21
-84.2920960000000008
0
LINE
8
BLACK
6
CONTINUOUS
10
99.203801999999996
20
-84.2920960000000008
11
99.2274769999999933
21
-84.2612409999999983
0
LINE
8
BLACK
6
CONTINUOUS
10
99.2274769999999933
20
-84.2612409999999983
11
100.2221660000000014
21
-83.2665519999999901
0
LINE
8
BLACK
6
CONTINUOUS
10
100.2221660000000014
20
-83.2665519999999901
11
100.2221689999999938
21
-83.2665509999999927
0
LINE
8
BLACK
6
CONTINUOUS
10
100.2221689999999938
20
-83.2665509999999927
11
100.2345989999999887
21
-83.2541190000000029
0
LINE
8
BLACK
6
CONTINUOUS
10
100.2345989999999887
20
-83.2541190000000029
11
100.2446939999999955
21
-83.2440229999999985
0
LINE
8
BLACK
6
CONTINUOUS
10
100.2446939999999955
20
-83.2440229999999985
11
100.2448469999999929
21
-83.2439349999999934
0
LINE
8
BLACK
6
CONTINUOUS
10
100.2448469999999929
20
-83.2439349999999934
11
100.2883939999999967
21
-83.2003830000000022
0
LINE
8
BLACK
6
CONTINUOUS
10
100.2883939999999967
20
-83.2003830000000022
11
100.2883949999999942
21
-83.2003839999999997
0
LINE
8
BLACK
6
CONTINUOUS
10
100.2883949999999942
20
-83.2003839999999997
11
100.3787889999999976
21
-83.1099820000000022
0
LINE
8
BLACK
6
CONTINUOUS
10
100.3787889999999976
20
-83.1099820000000022
11
100.5344319999999954
21
-82.9071289999999976
0
LINE
8
BLACK
6
CONTINUOUS
10
100.5344319999999954
20
-82.9071289999999976
11
100.5344359999999995
21
-82.9071209999999894
0
LINE
8
BLACK
6
CONTINUOUS
10
100.5344359999999995
20
-82.9071209999999894
11
100.5344379999999944
21
-82.9071199999999919
0
LINE
8
BLACK
6
CONTINUOUS
10
100.5344379999999944
20
-82.9071199999999919
11
100.638629999999992
21
-82.7266379999999941
0
LINE
8
BLACK
6
CONTINUOUS
10
100.638629999999992
20
-82.7266379999999941
11
100.6622669999999999
21
-82.6856949999999955
0
LINE
8
BLACK
6
CONTINUOUS
10
100.6622669999999999
20
-82.6856949999999955
11
100.7601059999999933
21
-82.4494710000000026
0
LINE
8
BLACK
6
CONTINUOUS
10
100.7601059999999933
20
-82.4494710000000026
11
100.8262749999999954
21
-82.2024969999999939
0
LINE
8
BLACK
6
CONTINUOUS
10
100.8262749999999954
20
-82.2024969999999939
11
100.8596419999999938
21
-81.9489999999999981
0
LINE
8
BLACK
6
CONTINUOUS
10
100.8596419999999938
20
-81.9489999999999981
11
100.8596359999999947
21
-81.6933159999999958
0
LINE
8
BLACK
6
CONTINUOUS
10
100.8596359999999947
20
-81.6933159999999958
11
100.8262579999999957
21
-81.4398199999999974
0
LINE
8
BLACK
6
CONTINUOUS
10
100.8262579999999957
20
-81.4398199999999974
11
100.8262549999999891
21
-81.4398099999999943
0
LINE
8
BLACK
6
CONTINUOUS
10
100.8262549999999891
20
-81.4398099999999943
11
100.8262539999999916
21
-81.4398029999999977
0
LINE
8
BLACK
6
CONTINUOUS
10
100.8262539999999916
20
-81.4398029999999977
11
100.7600789999999904
21
-81.1928509999999903
0
LINE
8
BLACK
6
CONTINUOUS
10
100.7600789999999904
20
-81.1928509999999903
11
100.7600779999999929
21
-81.1928479999999979
0
LINE
8
BLACK
6
CONTINUOUS
10
100.7600779999999929
20
-81.1928479999999979
11
100.6622330000000005
21
-80.9566370000000006
0
LINE
8
BLACK
6
CONTINUOUS
10
100.6622330000000005
20
-80.9566370000000006
11
100.6622289999999964
21
-80.9566289999999924
0
LINE
8
BLACK
6
CONTINUOUS
10
100.6622289999999964
20
-80.9566289999999924
11
100.626150999999993
21
-80.8941420000000022
0
LINE
8
BLACK
6
CONTINUOUS
10
100.626150999999993
20
-80.8941420000000022
11
100.5343850000000003
21
-80.7352009999999893
0
LINE
8
BLACK
6
CONTINUOUS
10
100.5343850000000003
20
-80.7352009999999893
11
100.4485619999999955
21
-80.6233549999999894
0
LINE
8
BLACK
6
CONTINUOUS
10
100.4485619999999955
20
-80.6233549999999894
11
100.3787359999999893
21
-80.5323559999999929
0
LINE
8
BLACK
6
CONTINUOUS
10
100.3787359999999893
20
-80.5323559999999929
11
99.2329079999999948
21
-79.3865279999999984
0
LINE
8
BLACK
6
CONTINUOUS
10
99.2329079999999948
20
-79.3865279999999984
11
99.194344000000001
21
-79.3197329999999994
0
LINE
8
BLACK
6
CONTINUOUS
10
99.194344000000001
20
-79.3197329999999994
11
99.194344000000001
21
-79.2426049999999975
0
LINE
8
BLACK
6
CONTINUOUS
10
99.194344000000001
20
-79.2426049999999975
11
99.2329059999999998
21
-79.1758119999999934
0
LINE
8
BLACK
6
CONTINUOUS
10
99.2329059999999998
20
-79.1758119999999934
11
102.3223529999999926
21
-76.0863650000000007
0
LINE
8
BLACK
6
CONTINUOUS
10
102.3223529999999926
20
-76.0863650000000007
11
102.3223559999999992
21
-76.0863640000000032
0
LINE
8
BLACK
6
CONTINUOUS
10
102.3223559999999992
20
-76.0863640000000032
11
102.3851349999999911
21
-76.0235830000000021
0
LINE
8
BLACK
6
CONTINUOUS
10
102.3851349999999911
20
-76.0235830000000021
11
102.392201
21
-76.0169659999999965
0
LINE
8
BLACK
6
CONTINUOUS
10
102.392201
20
-76.0169659999999965
11
102.5553129999999982
21
-75.8739199999999983
0
LINE
8
BLACK
6
CONTINUOUS
10
102.5553129999999982
20
-75.8739199999999983
11
102.5707609999999903
21
-75.8620659999999987
0
LINE
8
BLACK
6
CONTINUOUS
10
102.5707609999999903
20
-75.8620659999999987
11
102.7470699999999937
21
-75.7442589999999996
0
LINE
8
BLACK
6
CONTINUOUS
10
102.7470699999999937
20
-75.7442589999999996
11
102.7639360000000011
21
-75.7345219999999983
0
LINE
8
BLACK
6
CONTINUOUS
10
102.7639360000000011
20
-75.7345219999999983
11
102.9541079999999909
21
-75.6407389999999964
0
LINE
8
BLACK
6
CONTINUOUS
10
102.9541079999999909
20
-75.6407389999999964
11
102.9721029999999899
21
-75.6332850000000008
0
LINE
8
BLACK
6
CONTINUOUS
10
102.9721029999999899
20
-75.6332850000000008
11
103.1728979999999893
21
-75.5651249999999948
0
LINE
8
BLACK
6
CONTINUOUS
10
103.1728979999999893
20
-75.5651249999999948
11
103.1917100000000005
21
-75.5600850000000008
0
LINE
8
BLACK
6
CONTINUOUS
10
103.1917100000000005
20
-75.5600850000000008
11
103.3996759999999995
21
-75.5187179999999927
0
LINE
8
BLACK
6
CONTINUOUS
10
103.3996759999999995
20
-75.5187179999999927
11
103.4189870000000013
21
-75.5161760000000015
0
LINE
8
BLACK
6
CONTINUOUS
10
103.4189870000000013
20
-75.5161760000000015
11
103.5213830000000002
21
-75.5094660000000033
0
LINE
8
BLACK
6
CONTINUOUS
10
103.5213830000000002
20
-75.5094660000000033
11
103.6354829999999936
21
-75.5019889999999947
0
LINE
8
BLACK
6
CONTINUOUS
10
103.6354829999999936
20
-75.5019889999999947
11
103.6452259999999939
21
-75.5016699999999901
0
LINE
8
BLACK
6
CONTINUOUS
10
103.6452259999999939
20
-75.5016699999999901
11
103.7339300000000009
21
-75.5016710000000018
0
LINE
8
BLACK
6
CONTINUOUS
10
103.7339300000000009
20
-75.5016710000000018
11
103.7339349999999882
21
-75.5016699999999901
0
LINE
8
BLACK
6
CONTINUOUS
10
103.7339349999999882
20
-75.5016699999999901
11
104.3025149999999996
21
-75.5016699999999901
0
LINE
8
BLACK
6
CONTINUOUS
10
104.3025149999999996
20
-75.5016699999999901
11
104.3770150000000001
21
-75.5216319999999968
0
LINE
8
BLACK
6
CONTINUOUS
10
104.3770150000000001
20
-75.5216319999999968
11
104.4315529999999939
21
-75.5761699999999905
0
LINE
8
BLACK
6
CONTINUOUS
10
104.4315529999999939
20
-75.5761699999999905
11
104.4515150000000006
21
-75.650669999999991
0
LINE
8
BLACK
6
CONTINUOUS
10
104.4515150000000006
20
-75.650669999999991
11
104.4315529999999939
21
-75.7251699999999914
0
LINE
8
BLACK
6
CONTINUOUS
10
104.4315529999999939
20
-75.7251699999999914
11
104.4078739999999925
21
-75.7560289999999981
0
LINE
8
BLACK
6
CONTINUOUS
10
104.4078739999999925
20
-75.7560289999999981
11
104.3350989999999996
21
-75.8288029999999935
0
LINE
8
BLACK
6
CONTINUOUS
10
104.3350989999999996
20
-75.8288029999999935
11
104.3350969999999904
21
-75.8288060000000002
0
LINE
8
BLACK
6
CONTINUOUS
10
104.3350969999999904
20
-75.8288060000000002
11
104.2055259999999919
21
-76.0071449999999942
0
LINE
8
BLACK
6
CONTINUOUS
10
104.2055259999999919
20
-76.0071449999999942
11
104.2055249999999944
21
-76.0071459999999917
0
LINE
8
BLACK
6
CONTINUOUS
10
104.2055249999999944
20
-76.0071459999999917
11
104.1054449999999889
21
-76.2035630000000026
0
LINE
8
BLACK
6
CONTINUOUS
10
104.1054449999999889
20
-76.2035630000000026
11
104.0373249999999956
21
-76.4132129999999989
0
LINE
8
BLACK
6
CONTINUOUS
10
104.0373249999999956
20
-76.4132129999999989
11
104.0143349999999884
21
-76.558370999999994
0
LINE
8
BLACK
6
CONTINUOUS
10
104.0143349999999884
20
-76.558370999999994
11
104.002839999999992
21
-76.6309480000000036
0
LINE
8
BLACK
6
CONTINUOUS
10
104.002839999999992
20
-76.6309480000000036
11
104.002839999999992
21
-76.8513919999999899
0
LINE
8
BLACK
6
CONTINUOUS
10
104.002839999999992
20
-76.8513919999999899
11
104.0163409999999971
21
-76.9366349999999954
0
LINE
8
BLACK
6
CONTINUOUS
10
104.0163409999999971
20
-76.9366349999999954
11
104.0373249999999956
21
-77.0691259999999971
0
LINE
8
BLACK
6
CONTINUOUS
10
104.0373249999999956
20
-77.0691259999999971
11
104.1054449999999889
21
-77.2787759999999935
0
LINE
8
BLACK
6
CONTINUOUS
10
104.1054449999999889
20
-77.2787759999999935
11
104.2055249999999944
21
-77.4751929999999902
0
LINE
8
BLACK
6
CONTINUOUS
10
104.2055249999999944
20
-77.4751929999999902
11
104.2055259999999919
21
-77.4751940000000019
0
LINE
8
BLACK
6
CONTINUOUS
10
104.2055259999999919
20
-77.4751940000000019
11
104.2121819999999985
21
-77.4843549999999937
0
LINE
8
BLACK
6
CONTINUOUS
10
104.2121819999999985
20
-77.4843549999999937
11
104.3350980000000021
21
-77.6535349999999909
0
LINE
8
BLACK
6
CONTINUOUS
10
104.3350980000000021
20
-77.6535349999999909
11
104.4909749999999917
21
-77.8094119999999947
0
LINE
8
BLACK
6
CONTINUOUS
10
104.4909749999999917
20
-77.8094119999999947
11
104.56624699999999
21
-77.8640999999999934
0
LINE
8
BLACK
6
CONTINUOUS
10
104.56624699999999
20
-77.8640999999999934
11
104.6027569999999969
21
-77.8906259999999975
0
LINE
8
BLACK
6
CONTINUOUS
10
104.6027569999999969
20
-77.8906259999999975
11
104.6512949999999904
21
-77.9505659999999949
0
LINE
8
BLACK
6
CONTINUOUS
10
104.6512949999999904
20
-77.9505659999999949
11
104.6633609999999948
21
-78.0267449999999911
0
LINE
8
BLACK
6
CONTINUOUS
10
104.6633609999999948
20
-78.0267449999999911
11
104.6357209999999895
21
-78.0987499999999955
0
LINE
8
BLACK
6
CONTINUOUS
10
104.6357209999999895
20
-78.0987499999999955
11
104.6027569999999969
21
-78.1317140000000023
0
LINE
8
BLACK
6
CONTINUOUS
10
104.6027569999999969
20
-78.1317140000000023
11
104.4909759999999892
21
-78.2129269999999934
0
LINE
8
BLACK
6
CONTINUOUS
10
104.4909759999999892
20
-78.2129269999999934
11
104.4909729999999968
21
-78.2129290000000026
0
LINE
8
BLACK
6
CONTINUOUS
10
104.4909729999999968
20
-78.2129290000000026
11
104.3350989999999996
21
-78.3688029999999998
0
LINE
8
BLACK
6
CONTINUOUS
10
104.3350989999999996
20
-78.3688029999999998
11
104.3350969999999904
21
-78.3688059999999922
0
LINE
8
BLACK
6
CONTINUOUS
10
104.3350969999999904
20
-78.3688059999999922
11
104.2055259999999919
21
-78.5471450000000004
0
LINE
8
BLACK
6
CONTINUOUS
10
104.2055259999999919
20
-78.5471450000000004
11
104.2055249999999944
21
-78.5471459999999979
0
LINE
8
BLACK
6
CONTINUOUS
10
104.2055249999999944
20
-78.5471459999999979
11
104.1054449999999889
21
-78.7435629999999946
0
LINE
8
BLACK
6
CONTINUOUS
10
104.1054449999999889
20
-78.7435629999999946
11
104.0373249999999956
21
-78.953212999999991
0
LINE
8
BLACK
6
CONTINUOUS
10
104.0373249999999956
20
-78.953212999999991
11
104.023028999999994
21
-79.0434779999999932
0
LINE
8
BLACK
6
CONTINUOUS
10
104.023028999999994
20
-79.0434779999999932
11
104.002839999999992
21
-79.1709479999999957
0
LINE
8
BLACK
6
CONTINUOUS
10
104.002839999999992
20
-79.1709479999999957
11
104.002839999999992
21
-79.3913919999999962
0
LINE
8
BLACK
6
CONTINUOUS
10
104.002839999999992
20
-79.3913919999999962
11
104.0045629999999903
21
-79.4022679999999923
0
LINE
8
BLACK
6
CONTINUOUS
10
104.0045629999999903
20
-79.4022679999999923
11
104.0373249999999956
21
-79.6091260000000034
0
LINE
8
BLACK
6
CONTINUOUS
10
104.0373249999999956
20
-79.6091260000000034
11
104.1054449999999889
21
-79.8187759999999997
0
LINE
8
BLACK
6
CONTINUOUS
10
104.1054449999999889
20
-79.8187759999999997
11
104.2055249999999944
21
-80.0151929999999965
0
LINE
8
BLACK
6
CONTINUOUS
10
104.2055249999999944
20
-80.0151929999999965
11
104.2055259999999919
21
-80.0151939999999939
0
LINE
8
BLACK
6
CONTINUOUS
10
104.2055259999999919
20
-80.0151939999999939
11
104.2476410000000016
21
-80.0731600000000014
0
LINE
8
BLACK
6
CONTINUOUS
10
104.2476410000000016
20
-80.0731600000000014
11
104.3340429999999941
21
-80.1920829999999967
0
LINE
8
BLACK
6
CONTINUOUS
10
104.3340429999999941
20
-80.1920829999999967
11
104.3350969999999904
21
-80.1935330000000022
0
LINE
8
BLACK
6
CONTINUOUS
10
104.3350969999999904
20
-80.1935330000000022
11
104.3350989999999996
21
-80.1935359999999946
0
LINE
8
BLACK
6
CONTINUOUS
10
104.3350989999999996
20
-80.1935359999999946
11
104.409199000000001
21
-80.267635999999996
0
LINE
8
BLACK
6
CONTINUOUS
10
104.409199000000001
20
-80.267635999999996
11
104.4477629999999948
21
-80.334430999999995
0
LINE
8
BLACK
6
CONTINUOUS
10
104.4477629999999948
20
-80.334430999999995
11
104.4528399999999948
21
-80.3729950000000031
0
LINE
8
BLACK
6
CONTINUOUS
10
104.4528399999999948
20
-80.3729950000000031
11
104.4528399999999948
21
-80.729344999999995
0
LINE
8
BLACK
6
CONTINUOUS
10
104.4528399999999948
20
-80.729344999999995
11
104.4328780000000023
21
-80.8038449999999955
0
LINE
8
BLACK
6
CONTINUOUS
10
104.4328780000000023
20
-80.8038449999999955
11
104.409199000000001
21
-80.8347040000000021
0
LINE
8
BLACK
6
CONTINUOUS
10
104.409199000000001
20
-80.8347040000000021
11
104.3350989999999996
21
-80.9088029999999918
0
LINE
8
BLACK
6
CONTINUOUS
10
104.3350989999999996
20
-80.9088029999999918
11
104.3350969999999904
21
-80.9088059999999984
0
LINE
8
BLACK
6
CONTINUOUS
10
104.3350969999999904
20
-80.9088059999999984
11
104.2055259999999919
21
-81.0871449999999925
0
LINE
8
BLACK
6
CONTINUOUS
10
104.2055259999999919
20
-81.0871449999999925
11
104.2055249999999944
21
-81.08714599999999
0
LINE
8
BLACK
6
CONTINUOUS
10
104.2055249999999944
20
-81.08714599999999
11
104.1054449999999889
21
-81.2835630000000009
0
LINE
8
BLACK
6
CONTINUOUS
10
104.1054449999999889
20
-81.2835630000000009
11
104.0373249999999956
21
-81.4932129999999972
0
LINE
8
BLACK
6
CONTINUOUS
10
104.0373249999999956
20
-81.4932129999999972
11
104.0143349999999884
21
-81.6383709999999923
0
LINE
8
BLACK
6
CONTINUOUS
10
104.0143349999999884
20
-81.6383709999999923
11
104.002839999999992
21
-81.7109480000000019
0
LINE
8
BLACK
6
CONTINUOUS
10
104.002839999999992
20
-81.7109480000000019
11
104.002839999999992
21
-81.9313920000000024
0
LINE
8
BLACK
6
CONTINUOUS
10
104.002839999999992
20
-81.9313920000000024
11
104.005628999999999
21
-81.9489999999999981
0
LINE
8
BLACK
6
CONTINUOUS
10
104.005628999999999
20
-81.9489999999999981
11
104.0373249999999956
21
-82.1491259999999954
0
LINE
8
BLACK
6
CONTINUOUS
10
104.0373249999999956
20
-82.1491259999999954
11
104.1054449999999889
21
-82.3587759999999918
0
LINE
8
BLACK
6
CONTINUOUS
10
104.1054449999999889
20
-82.3587759999999918
11
104.2055249999999944
21
-82.5551930000000027
0
LINE
8
BLACK
6
CONTINUOUS
10
104.2055249999999944
20
-82.5551930000000027
11
104.2055259999999919
21
-82.5551940000000002
0
LINE
8
BLACK
6
CONTINUOUS
10
104.2055259999999919
20
-82.5551940000000002
11
104.3350980000000021
21
-82.7335349999999892
0
LINE
8
BLACK
6
CONTINUOUS
10
104.3350980000000021
20
-82.7335349999999892
11
104.4909749999999917
21
-82.889411999999993
0
LINE
8
BLACK
6
CONTINUOUS
10
104.4909749999999917
20
-82.889411999999993
11
104.5153609999999986
21
-82.9071289999999976
0
LINE
8
BLACK
6
CONTINUOUS
10
104.5153609999999986
20
-82.9071289999999976
11
104.6027569999999969
21
-82.9706259999999958
0
LINE
8
BLACK
6
CONTINUOUS
10
104.6027569999999969
20
-82.9706259999999958
11
104.6512949999999904
21
-83.0305659999999932
0
LINE
8
BLACK
6
CONTINUOUS
10
104.6512949999999904
20
-83.0305659999999932
11
104.6633609999999948
21
-83.1067449999999894
0
LINE
8
BLACK
6
CONTINUOUS
10
104.6633609999999948
20
-83.1067449999999894
11
104.6357209999999895
21
-83.1787499999999937
0
LINE
8
BLACK
6
CONTINUOUS
10
104.6357209999999895
20
-83.1787499999999937
11
104.6027569999999969
21
-83.2117140000000006
0
LINE
8
BLACK
6
CONTINUOUS
10
104.6027569999999969
20
-83.2117140000000006
11
104.4909759999999892
21
-83.2929269999999917
0
LINE
8
BLACK
6
CONTINUOUS
10
104.4909759999999892
20
-83.2929269999999917
11
104.4909729999999968
21
-83.2929290000000009
0
LINE
8
BLACK
6
CONTINUOUS
10
104.4909729999999968
20
-83.2929290000000009
11
104.3350989999999996
21
-83.4488029999999981
0
LINE
8
BLACK
6
CONTINUOUS
10
104.3350989999999996
20
-83.4488029999999981
11
104.3350969999999904
21
-83.4488059999999905
0
LINE
8
BLACK
6
CONTINUOUS
10
104.3350969999999904
20
-83.4488059999999905
11
104.2055259999999919
21
-83.6271449999999987
0
LINE
8
BLACK
6
CONTINUOUS
10
104.2055259999999919
20
-83.6271449999999987
11
104.2055249999999944
21
-83.6271459999999962
0
LINE
8
BLACK
6
CONTINUOUS
10
104.2055249999999944
20
-83.6271459999999962
11
104.1054449999999889
21
-83.8235629999999929
0
LINE
8
BLACK
6
CONTINUOUS
10
104.1054449999999889
20
-83.8235629999999929
11
104.0373249999999956
21
-84.0332129999999893
0
LINE
8
BLACK
6
CONTINUOUS
10
104.0373249999999956
20
-84.0332129999999893
11
104.0155579999999986
21
-84.1706499999999949
0
LINE
8
BLACK
6
CONTINUOUS
10
104.0155579999999986
20
-84.1706499999999949
11
104.0045129999999887
21
-84.2403889999999933
0
LINE
8
BLACK
6
CONTINUOUS
10
104.0045129999999887
20
-84.2403889999999933
11
104.002839999999992
21
-84.2509510000000006
0
LINE
8
BLACK
6
CONTINUOUS
10
104.002839999999992
20
-84.2509510000000006
11
104.002839999999992
21
-84.4126210000000015
0
LINE
8
BLACK
6
CONTINUOUS
10
104.002839999999992
20
-84.4126210000000015
11
103.9828779999999995
21
-84.4871210000000019
0
LINE
8
BLACK
6
CONTINUOUS
10
103.9828779999999995
20
-84.4871210000000019
11
103.9777270000000016
21
-84.495402999999996
0
LINE
8
BLACK
6
CONTINUOUS
10
103.9777270000000016
20
-84.495402999999996
11
103.8080879999999979
21
-84.7492730000000023
0
LINE
8
BLACK
6
CONTINUOUS
10
103.8080879999999979
20
-84.7492730000000023
11
103.8080799999999897
21
-84.7492869999999954
0
LINE
8
BLACK
6
CONTINUOUS
10
103.8080799999999897
20
-84.7492869999999954
11
103.6522409999999894
21
-85.0408279999999905
0
LINE
8
BLACK
6
CONTINUOUS
10
103.6522409999999894
20
-85.0408279999999905
11
103.5257269999999892
21
-85.3462449999999961
0
LINE
8
BLACK
6
CONTINUOUS
10
103.5257269999999892
20
-85.3462449999999961
11
103.5257220000000018
21
-85.3462589999999892
0
LINE
8
BLACK
6
CONTINUOUS
10
103.5257220000000018
20
-85.3462589999999892
11
103.429750999999996
21
-85.6626100000000008
0
LINE
8
BLACK
6
CONTINUOUS
10
103.429750999999996
20
-85.6626100000000008
11
103.4297499999999985
21
-85.6626139999999907
0
LINE
8
BLACK
6
CONTINUOUS
10
103.4297499999999985
20
-85.6626139999999907
11
103.4297499999999985
21
-85.6626150000000024
0
LINE
8
BLACK
6
CONTINUOUS
10
103.4297499999999985
20
-85.6626150000000024
11
103.3678389999999894
21
-85.9738449999999972
0
LINE
8
BLACK
6
CONTINUOUS
10
103.3678389999999894
20
-85.9738449999999972
11
103.365247999999994
21
-85.9868680000000012
0
LINE
8
BLACK
6
CONTINUOUS
10
103.365247999999994
20
-85.9868680000000012
11
103.3328399999999903
21
-86.3158559999999966
0
LINE
8
BLACK
6
CONTINUOUS
10
103.3328399999999903
20
-86.3158559999999966
11
103.3328389999999928
21
-86.4811579999999935
0
LINE
8
BLACK
6
CONTINUOUS
10
103.3328389999999928
20
-86.4811579999999935
11
103.3328379999999953
21
-86.5821109999999976
0
LINE
8
BLACK
6
CONTINUOUS
10
103.3328379999999953
20
-86.5821109999999976
11
103.3328399999999903
21
-86.5821519999999936
0
LINE
8
BLACK
6
CONTINUOUS
10
103.3328399999999903
20
-86.5821519999999936
11
103.3328399999999903
21
-89.6493449999999967
0
LINE
8
BLACK
6
CONTINUOUS
10
103.3328399999999903
20
-89.6493449999999967
11
103.3128779999999978
21
-89.7238449999999972
0
LINE
8
BLACK
6
CONTINUOUS
10
103.3128779999999978
20
-89.7238449999999972
11
103.2891989999999964
21
-89.7547039999999896
0
LINE
8
BLACK
6
CONTINUOUS
10
103.2891989999999964
20
-89.7547039999999896
11
103.215098999999995
21
-89.8288029999999935
0
LINE
8
BLACK
6
CONTINUOUS
10
103.215098999999995
20
-89.8288029999999935
11
103.2150970000000001
21
-89.8288060000000002
0
LINE
8
BLACK
6
CONTINUOUS
10
103.2150970000000001
20
-89.8288060000000002
11
103.0855260000000015
21
-90.0071449999999942
0
LINE
8
BLACK
6
CONTINUOUS
10
103.0855260000000015
20
-90.0071449999999942
11
103.0855249999999899
21
-90.0071459999999917
0
LINE
8
BLACK
6
CONTINUOUS
10
103.0855249999999899
20
-90.0071459999999917
11
102.9854449999999986
21
-90.2035630000000026
0
LINE
8
BLACK
6
CONTINUOUS
10
102.9854449999999986
20
-90.2035630000000026
11
102.9173249999999911
21
-90.4132129999999989
0
LINE
8
BLACK
6
CONTINUOUS
10
102.9173249999999911
20
-90.4132129999999989
11
102.8943349999999981
21
-90.558370999999994
0
LINE
8
BLACK
6
CONTINUOUS
10
102.8943349999999981
20
-90.558370999999994
11
102.8828400000000016
21
-90.6309479999999894
0
LINE
8
BLACK
6
CONTINUOUS
10
102.8828400000000016
20
-90.6309479999999894
11
102.8828400000000016
21
-90.8513919999999899
0
LINE
8
BLACK
6
CONTINUOUS
10
102.8828400000000016
20
-90.8513919999999899
11
102.8981659999999891
21
-90.9481600000000014
0
LINE
8
BLACK
6
CONTINUOUS
10
102.8981659999999891
20
-90.9481600000000014
11
102.9173249999999911
21
-91.0691259999999971
0
LINE
8
BLACK
6
CONTINUOUS
10
102.9173249999999911
20
-91.0691259999999971
11
102.9854449999999986
21
-91.2787759999999935
0
LINE
8
BLACK
6
CONTINUOUS
10
102.9854449999999986
20
-91.2787759999999935
11
103.0855249999999899
21
-91.4751929999999902
0
LINE
8
BLACK
6
CONTINUOUS
10
103.0855249999999899
20
-91.4751929999999902
11
103.0855260000000015
21
-91.4751940000000019
0
LINE
8
BLACK
6
CONTINUOUS
10
103.0855260000000015
20
-91.4751940000000019
11
103.1187549999999931
21
-91.5209299999999928
0
LINE
8
BLACK
6
CONTINUOUS
10
103.1187549999999931
20
-91.5209299999999928
11
103.2150979999999976
21
-91.6535349999999909
0
LINE
8
BLACK
6
CONTINUOUS
10
103.2150979999999976
20
-91.6535349999999909
11
103.3709750000000014
21
-91.8094119999999947
0
LINE
8
BLACK
6
CONTINUOUS
10
103.3709750000000014
20
-91.8094119999999947
11
103.5083219999999926
21
-91.9091999999999985
0
LINE
8
BLACK
6
CONTINUOUS
10
103.5083219999999926
20
-91.9091999999999985
11
103.5493149999999929
21
-91.9389829999999932
0
LINE
8
BLACK
6
CONTINUOUS
10
103.5493149999999929
20
-91.9389829999999932
11
103.5493159999999904
21
-91.9389839999999907
0
LINE
8
BLACK
6
CONTINUOUS
10
103.5493159999999904
20
-91.9389839999999907
11
103.5493179999999995
21
-91.9389850000000024
0
LINE
8
BLACK
6
CONTINUOUS
10
103.5493179999999995
20
-91.9389850000000024
11
103.7457339999999988
21
-92.0390649999999937
0
LINE
8
BLACK
6
CONTINUOUS
10
103.7457339999999988
20
-92.0390649999999937
11
103.8328519999999884
21
-92.0673709999999943
0
LINE
8
BLACK
6
CONTINUOUS
10
103.8328519999999884
20
-92.0673709999999943
11
103.9553829999999977
21
-92.1071839999999895
0
LINE
8
BLACK
6
CONTINUOUS
10
103.9553829999999977
20
-92.1071839999999895
11
103.9553879999999992
21
-92.1071839999999895
0
LINE
8
BLACK
6
CONTINUOUS
10
103.9553879999999992
20
-92.1071839999999895
11
103.9553889999999967
21
-92.1071850000000012
0
LINE
8
BLACK
6
CONTINUOUS
10
103.9553889999999967
20
-92.1071850000000012
11
104.1731180000000023
21
-92.1416699999999906
0
LINE
8
BLACK
6
CONTINUOUS
10
104.1731180000000023
20
-92.1416699999999906
11
104.1731219999999922
21
-92.1416699999999906
0
LINE
8
BLACK
6
CONTINUOUS
10
104.1731219999999922
20
-92.1416699999999906
11
104.3935579999999987
21
-92.1416699999999906
0
LINE
8
BLACK
6
CONTINUOUS
10
104.3935579999999987
20
-92.1416699999999906
11
104.3935619999999886
21
-92.1416699999999906
0
LINE
8
BLACK
6
CONTINUOUS
10
104.3935619999999886
20
-92.1416699999999906
11
104.6112909999999943
21
-92.1071850000000012
0
LINE
8
BLACK
6
CONTINUOUS
10
104.6112909999999943
20
-92.1071850000000012
11
104.6112919999999917
21
-92.1071839999999895
0
LINE
8
BLACK
6
CONTINUOUS
10
104.6112919999999917
20
-92.1071839999999895
11
104.6112959999999958
21
-92.1071839999999895
0
LINE
8
BLACK
6
CONTINUOUS
10
104.6112959999999958
20
-92.1071839999999895
11
104.7007539999999892
21
-92.0781169999999918
0
LINE
8
BLACK
6
CONTINUOUS
10
104.7007539999999892
20
-92.0781169999999918
11
104.8209459999999922
21
-92.0390649999999937
0
LINE
8
BLACK
6
CONTINUOUS
10
104.8209459999999922
20
-92.0390649999999937
11
105.0173619999999914
21
-91.9389850000000024
0
LINE
8
BLACK
6
CONTINUOUS
10
105.0173619999999914
20
-91.9389850000000024
11
105.1957049999999896
21
-91.8094119999999947
0
LINE
8
BLACK
6
CONTINUOUS
10
105.1957049999999896
20
-91.8094119999999947
11
105.3515819999999934
21
-91.6535349999999909
0
LINE
8
BLACK
6
CONTINUOUS
10
105.3515819999999934
20
-91.6535349999999909
11
105.4811550000000011
21
-91.4751919999999927
0
LINE
8
BLACK
6
CONTINUOUS
10
105.4811550000000011
20
-91.4751919999999927
11
105.5812349999999924
21
-91.2787759999999935
0
LINE
8
BLACK
6
CONTINUOUS
10
105.5812349999999924
20
-91.2787759999999935
11
105.6259450000000015
21
-91.1411700000000025
0
LINE
8
BLACK
6
CONTINUOUS
10
105.6259450000000015
20
-91.1411700000000025
11
105.6493539999999882
21
-91.0691259999999971
0
LINE
8
BLACK
6
CONTINUOUS
10
105.6493539999999882
20
-91.0691259999999971
11
105.6493549999999999
21
-91.0691209999999955
0
LINE
8
BLACK
6
CONTINUOUS
10
105.6493549999999999
20
-91.0691209999999955
11
105.6838399999999893
21
-90.8513919999999899
0
LINE
8
BLACK
6
CONTINUOUS
10
105.6838399999999893
20
-90.8513919999999899
11
105.6838399999999893
21
-90.6309479999999894
0
LINE
8
BLACK
6
CONTINUOUS
10
105.6838399999999893
20
-90.6309479999999894
11
105.6493549999999999
21
-90.413218999999998
0
LINE
8
BLACK
6
CONTINUOUS
10
105.6493549999999999
20
-90.413218999999998
11
105.6493539999999882
21
-90.4132180000000005
0
LINE
8
BLACK
6
CONTINUOUS
10
105.6493539999999882
20
-90.4132180000000005
11
105.6493539999999882
21
-90.4132129999999989
0
LINE
8
BLACK
6
CONTINUOUS
10
105.6493539999999882
20
-90.4132129999999989
11
105.6043849999999935
21
-90.2748139999999921
0
LINE
8
BLACK
6
CONTINUOUS
10
105.6043849999999935
20
-90.2748139999999921
11
105.5812349999999924
21
-90.2035640000000001
0
LINE
8
BLACK
6
CONTINUOUS
10
105.5812349999999924
20
-90.2035640000000001
11
105.4811550000000011
21
-90.0071480000000008
0
LINE
8
BLACK
6
CONTINUOUS
10
105.4811550000000011
20
-90.0071480000000008
11
105.3515819999999934
21
-89.8288050000000027
0
LINE
8
BLACK
6
CONTINUOUS
10
105.3515819999999934
20
-89.8288050000000027
11
105.2774809999999945
21
-89.7547039999999896
0
LINE
8
BLACK
6
CONTINUOUS
10
105.2774809999999945
20
-89.7547039999999896
11
105.2389170000000007
21
-89.6879089999999906
0
LINE
8
BLACK
6
CONTINUOUS
10
105.2389170000000007
20
-89.6879089999999906
11
105.2338400000000007
21
-89.6493449999999967
0
LINE
8
BLACK
6
CONTINUOUS
10
105.2338400000000007
20
-89.6493449999999967
11
105.2338400000000007
21
-86.4860469999999992
0
LINE
8
BLACK
6
CONTINUOUS
10
105.2338400000000007
20
-86.4860469999999992
11
105.2341589999999911
21
-86.4762999999999948
0
LINE
8
BLACK
6
CONTINUOUS
10
105.2341589999999911
20
-86.4762999999999948
11
105.2457249999999931
21
-86.29987899999999
0
LINE
8
BLACK
6
CONTINUOUS
10
105.2457249999999931
20
-86.29987899999999
11
105.2482689999999934
21
-86.28055599999999
0
LINE
8
BLACK
6
CONTINUOUS
10
105.2482689999999934
20
-86.28055599999999
11
105.2818139999999971
21
-86.1119199999999978
0
LINE
8
BLACK
6
CONTINUOUS
10
105.2818139999999971
20
-86.1119199999999978
11
105.2868529999999936
21
-86.0931149999999974
0
LINE
8
BLACK
6
CONTINUOUS
10
105.2868529999999936
20
-86.0931149999999974
11
105.3421279999999882
21
-85.9302929999999918
0
LINE
8
BLACK
6
CONTINUOUS
10
105.3421279999999882
20
-85.9302929999999918
11
105.3495779999999939
21
-85.9123079999999959
0
LINE
8
BLACK
6
CONTINUOUS
10
105.3495779999999939
20
-85.9123079999999959
11
105.3828879999999941
21
-85.8447639999999978
0
LINE
8
BLACK
6
CONTINUOUS
10
105.3828879999999941
20
-85.8447639999999978
11
105.4337429999999927
21
-85.7867789999999957
0
LINE
8
BLACK
6
CONTINUOUS
10
105.4337429999999927
20
-85.7867789999999957
11
105.5067779999999971
21
-85.7619889999999998
0
LINE
8
BLACK
6
CONTINUOUS
10
105.5067779999999971
20
-85.7619889999999998
11
105.5114599999999996
21
-85.7618349999999907
0
LINE
8
BLACK
6
CONTINUOUS
10
105.5114599999999996
20
-85.7618349999999907
11
105.5135509999999925
21
-85.7616709999999927
0
LINE
8
BLACK
6
CONTINUOUS
10
105.5135509999999925
20
-85.7616709999999927
11
105.5135569999999916
21
-85.7616699999999952
0
LINE
8
BLACK
6
CONTINUOUS
10
105.5135569999999916
20
-85.7616699999999952
11
105.5135619999999932
21
-85.7616699999999952
0
LINE
8
BLACK
6
CONTINUOUS
10
105.5135619999999932
20
-85.7616699999999952
11
105.7312909999999988
21
-85.7271849999999915
0
LINE
8
BLACK
6
CONTINUOUS
10
105.7312909999999988
20
-85.7271849999999915
11
105.7312919999999963
21
-85.7271839999999941
0
LINE
8
BLACK
6
CONTINUOUS
10
105.7312919999999963
20
-85.7271839999999941
11
105.7312960000000004
21
-85.7271839999999941
0
LINE
8
BLACK
6
CONTINUOUS
10
105.7312960000000004
20
-85.7271839999999941
11
105.8118959999999902
21
-85.7009949999999918
0
LINE
8
BLACK
6
CONTINUOUS
10
105.8118959999999902
20
-85.7009949999999918
11
105.9409459999999967
21
-85.6590649999999982
0
LINE
8
BLACK
6
CONTINUOUS
10
105.9409459999999967
20
-85.6590649999999982
11
106.137361999999996
21
-85.5589849999999927
0
LINE
8
BLACK
6
CONTINUOUS
10
106.137361999999996
20
-85.5589849999999927
11
106.3157049999999941
21
-85.4294119999999992
0
LINE
8
BLACK
6
CONTINUOUS
10
106.3157049999999941
20
-85.4294119999999992
11
106.4715819999999979
21
-85.2735349999999954
0
LINE
8
BLACK
6
CONTINUOUS
10
106.4715819999999979
20
-85.2735349999999954
11
106.6011549999999914
21
-85.0951919999999973
0
LINE
8
BLACK
6
CONTINUOUS
10
106.6011549999999914
20
-85.0951919999999973
11
106.7012349999999969
21
-84.898775999999998
0
LINE
8
BLACK
6
CONTINUOUS
10
106.7012349999999969
20
-84.898775999999998
11
106.749810999999994
21
-84.7492730000000023
0
LINE
8
BLACK
6
CONTINUOUS
10
106.749810999999994
20
-84.7492730000000023
11
106.7693539999999928
21
-84.6891260000000017
0
LINE
8
BLACK
6
CONTINUOUS
10
106.7693539999999928
20
-84.6891260000000017
11
106.7707709999999963
21
-84.6801789999999954
0
LINE
8
BLACK
6
CONTINUOUS
10
106.7707709999999963
20
-84.6801789999999954
11
106.8038399999999939
21
-84.4713919999999945
0
LINE
8
BLACK
6
CONTINUOUS
10
106.8038399999999939
20
-84.4713919999999945
11
106.8038399999999939
21
-84.250947999999994
0
LINE
8
BLACK
6
CONTINUOUS
10
106.8038399999999939
20
-84.250947999999994
11
106.7693549999999902
21
-84.0332190000000026
0
LINE
8
BLACK
6
CONTINUOUS
10
106.7693549999999902
20
-84.0332190000000026
11
106.7693539999999928
21
-84.0332179999999909
0
LINE
8
BLACK
6
CONTINUOUS
10
106.7693539999999928
20
-84.0332179999999909
11
106.7693539999999928
21
-84.0332129999999893
0
LINE
8
BLACK
6
CONTINUOUS
10
106.7693539999999928
20
-84.0332129999999893
11
106.7245470000000012
21
-83.8953109999999924
0
LINE
8
BLACK
6
CONTINUOUS
10
106.7245470000000012
20
-83.8953109999999924
11
106.7012349999999969
21
-83.8235639999999904
0
LINE
8
BLACK
6
CONTINUOUS
10
106.7012349999999969
20
-83.8235639999999904
11
106.6011549999999914
21
-83.6271479999999912
0
LINE
8
BLACK
6
CONTINUOUS
10
106.6011549999999914
20
-83.6271479999999912
11
106.4715819999999979
21
-83.448804999999993
0
LINE
8
BLACK
6
CONTINUOUS
10
106.4715819999999979
20
-83.448804999999993
11
106.3157049999999941
21
-83.2929279999999892
0
LINE
8
BLACK
6
CONTINUOUS
10
106.3157049999999941
20
-83.2929279999999892
11
106.3157039999999967
21
-83.2929269999999917
0
LINE
8
BLACK
6
CONTINUOUS
10
106.3157039999999967
20
-83.2929269999999917
11
106.3156979999999976
21
-83.2929219999999901
0
LINE
8
BLACK
6
CONTINUOUS
10
106.3156979999999976
20
-83.2929219999999901
11
106.203922999999989
21
-83.2117140000000006
0
LINE
8
BLACK
6
CONTINUOUS
10
106.203922999999989
20
-83.2117140000000006
11
106.1904519999999934
21
-83.1950789999999927
0
LINE
8
BLACK
6
CONTINUOUS
10
106.1904519999999934
20
-83.1950789999999927
11
106.1734489999999909
21
-83.1820790000000017
0
LINE
8
BLACK
6
CONTINUOUS
10
106.1734489999999909
20
-83.1820790000000017
11
106.1665999999999883
21
-83.1656260000000032
0
LINE
8
BLACK
6
CONTINUOUS
10
106.1665999999999883
20
-83.1656260000000032
11
106.155383999999998
21
-83.1517750000000007
0
LINE
8
BLACK
6
CONTINUOUS
10
106.155383999999998
20
-83.1517750000000007
11
106.1520349999999979
21
-83.1306330000000031
0
LINE
8
BLACK
6
CONTINUOUS
10
106.1520349999999979
20
-83.1306330000000031
11
106.143810000000002
21
-83.1108720000000005
0
LINE
8
BLACK
6
CONTINUOUS
10
106.143810000000002
20
-83.1108720000000005
11
106.1461049999999915
21
-83.093198000000001
0
LINE
8
BLACK
6
CONTINUOUS
10
106.1461049999999915
20
-83.093198000000001
11
106.1433179999999936
21
-83.0755959999999902
0
LINE
8
BLACK
6
CONTINUOUS
10
106.1433179999999936
20
-83.0755959999999902
11
106.1509879999999981
21
-83.0556129999999939
0
LINE
8
BLACK
6
CONTINUOUS
10
106.1509879999999981
20
-83.0556129999999939
11
106.1537459999999982
21
-83.0343869999999953
0
LINE
8
BLACK
6
CONTINUOUS
10
106.1537459999999982
20
-83.0343869999999953
11
106.1642689999999902
21
-83.0210129999999964
0
LINE
8
BLACK
6
CONTINUOUS
10
106.1642689999999902
20
-83.0210129999999964
11
106.1709579999999988
21
-83.0035910000000001
0
LINE
8
BLACK
6
CONTINUOUS
10
106.1709579999999988
20
-83.0035910000000001
11
106.2005929999999978
21
-82.973117000000002
0
LINE
8
BLACK
6
CONTINUOUS
10
106.2005929999999978
20
-82.973117000000002
11
106.2022410000000008
21
-82.9718469999999968
0
LINE
8
BLACK
6
CONTINUOUS
10
106.2022410000000008
20
-82.9718469999999968
11
106.3157049999999941
21
-82.889411999999993
0
LINE
8
BLACK
6
CONTINUOUS
10
106.3157049999999941
20
-82.889411999999993
11
106.3371810000000011
21
-82.8679350000000028
0
LINE
8
BLACK
6
CONTINUOUS
10
106.3371810000000011
20
-82.8679350000000028
11
106.344814999999997
21
-82.862056999999993
0
LINE
8
BLACK
6
CONTINUOUS
10
106.344814999999997
20
-82.862056999999993
11
106.3718209999999971
21
-82.8508159999999947
0
LINE
8
BLACK
6
CONTINUOUS
10
106.3718209999999971
20
-82.8508159999999947
11
106.3971559999999954
21
-82.8361879999999928
0
LINE
8
BLACK
6
CONTINUOUS
10
106.3971559999999954
20
-82.8361879999999928
11
106.4069649999999996
21
-82.8361869999999954
0
LINE
8
BLACK
6
CONTINUOUS
10
106.4069649999999996
20
-82.8361869999999954
11
106.4160219999999981
21
-82.8324179999999899
0
LINE
8
BLACK
6
CONTINUOUS
10
106.4160219999999981
20
-82.8324179999999899
11
106.4450329999999951
21
-82.8361859999999979
0
LINE
8
BLACK
6
CONTINUOUS
10
106.4450329999999951
20
-82.8361859999999979
11
106.4742839999999973
21
-82.8361859999999979
0
LINE
8
BLACK
6
CONTINUOUS
10
106.4742839999999973
20
-82.8361859999999979
11
106.4836179999999928
21
-82.8390169999999983
0
LINE
8
BLACK
6
CONTINUOUS
10
106.4836179999999928
20
-82.8390169999999983
11
106.604219999999998
21
-82.879958000000002
0
LINE
8
BLACK
6
CONTINUOUS
10
106.604219999999998
20
-82.879958000000002
11
106.6222119999999904
21
-82.8874100000000027
0
LINE
8
BLACK
6
CONTINUOUS
10
106.6222119999999904
20
-82.8874100000000027
11
106.776424999999989
21
-82.9634619999999927
0
LINE
8
BLACK
6
CONTINUOUS
10
106.776424999999989
20
-82.9634619999999927
11
106.7932939999999888
21
-82.9732020000000006
0
LINE
8
BLACK
6
CONTINUOUS
10
106.7932939999999888
20
-82.9732020000000006
11
106.8848619999999983
21
-83.0343869999999953
0
LINE
8
BLACK
6
CONTINUOUS
10
106.8848619999999983
20
-83.0343869999999953
11
106.9362529999999936
21
-83.0687259999999981
0
LINE
8
BLACK
6
CONTINUOUS
10
106.9362529999999936
20
-83.0687259999999981
11
106.9517099999999914
21
-83.0805859999999967
0
LINE
8
BLACK
6
CONTINUOUS
10
106.9517099999999914
20
-83.0805859999999967
11
107.0636420000000015
21
-83.1787499999999937
0
LINE
8
BLACK
6
CONTINUOUS
10
107.0636420000000015
20
-83.1787499999999937
11
107.0849149999999952
21
-83.1974060000000009
0
LINE
8
BLACK
6
CONTINUOUS
10
107.0849149999999952
20
-83.1974060000000009
11
107.0920289999999966
21
-83.2040689999999898
0
LINE
8
BLACK
6
CONTINUOUS
10
107.0920289999999966
20
-83.2040689999999898
11
107.1545330000000007
21
-83.2665739999999914
0
LINE
8
BLACK
6
CONTINUOUS
10
107.1545330000000007
20
-83.2665739999999914
11
107.1545359999999931
21
-83.2665760000000006
0
LINE
8
BLACK
6
CONTINUOUS
10
107.1545359999999931
20
-83.2665760000000006
11
107.6291989999999998
21
-83.7412389999999931
0
LINE
8
BLACK
6
CONTINUOUS
10
107.6291989999999998
20
-83.7412389999999931
11
107.6677629999999937
21
-83.8080339999999921
0
LINE
8
BLACK
6
CONTINUOUS
10
107.6677629999999937
20
-83.8080339999999921
11
107.6716729999999984
21
-83.83773699999999
0
LINE
8
BLACK
6
CONTINUOUS
10
107.6716729999999984
20
-83.83773699999999
11
107.6723799999999898
21
-83.8376820000000009
0
LINE
8
BLACK
6
CONTINUOUS
10
107.6723799999999898
20
-83.8376820000000009
11
107.6728379999999987
21
-83.8435089999999974
0
LINE
8
BLACK
6
CONTINUOUS
10
107.6728379999999987
20
-83.8435089999999974
11
107.6728399999999937
21
-83.8435209999999955
0
LINE
8
BLACK
6
CONTINUOUS
10
107.6728399999999937
20
-83.8435209999999955
11
107.6728399999999937
21
-83.843521999999993
0
LINE
8
BLACK
6
CONTINUOUS
10
107.6728399999999937
20
-83.843521999999993
11
107.7048629999999889
21
-84.0457040000000006
0
LINE
8
BLACK
6
CONTINUOUS
10
107.7048629999999889
20
-84.0457040000000006
11
107.7646269999999902
21
-84.2296399999999892
0
LINE
8
BLACK
6
CONTINUOUS
10
107.7646269999999902
20
-84.2296399999999892
11
107.7681180000000012
21
-84.2403819999999968
0
LINE
8
BLACK
6
CONTINUOUS
10
107.7681180000000012
20
-84.2403819999999968
11
107.7681219999999911
21
-84.2403939999999949
0
LINE
8
BLACK
6
CONTINUOUS
10
107.7681219999999911
20
-84.2403939999999949
11
107.8610539999999958
21
-84.422781999999998
0
LINE
8
BLACK
6
CONTINUOUS
10
107.8610539999999958
20
-84.422781999999998
11
107.9813679999999891
21
-84.5883819999999957
0
LINE
8
BLACK
6
CONTINUOUS
10
107.9813679999999891
20
-84.5883819999999957
11
107.9813749999999999
21
-84.5883899999999898
0
LINE
8
BLACK
6
CONTINUOUS
10
107.9813749999999999
20
-84.5883899999999898
11
108.1261189999999885
21
-84.7331339999999926
0
LINE
8
BLACK
6
CONTINUOUS
10
108.1261189999999885
20
-84.7331339999999926
11
108.1261269999999968
21
-84.7331409999999892
0
LINE
8
BLACK
6
CONTINUOUS
10
108.1261269999999968
20
-84.7331409999999892
11
108.2917269999999945
21
-84.8534549999999967
0
LINE
8
BLACK
6
CONTINUOUS
10
108.2917269999999945
20
-84.8534549999999967
11
108.2917300000000012
21
-84.8534569999999917
0
LINE
8
BLACK
6
CONTINUOUS
10
108.2917300000000012
20
-84.8534569999999917
11
108.4741209999999967
21
-84.9463899999999938
0
LINE
8
BLACK
6
CONTINUOUS
10
108.4741209999999967
20
-84.9463899999999938
11
108.6688059999999894
21
-85.0096470000000011
0
LINE
8
BLACK
6
CONTINUOUS
10
108.6688059999999894
20
-85.0096470000000011
11
108.707146999999992
21
-85.01571899999999
0
LINE
8
BLACK
6
CONTINUOUS
10
108.707146999999992
20
-85.01571899999999
11
108.7320279999999997
21
-85.026797000000002
0
LINE
8
BLACK
6
CONTINUOUS
10
108.7320279999999997
20
-85.026797000000002
11
108.7583369999999974
21
-85.0338459999999969
0
LINE
8
BLACK
6
CONTINUOUS
10
108.7583369999999974
20
-85.0338459999999969
11
108.7667439999999885
21
-85.0422530000000023
0
LINE
8
BLACK
6
CONTINUOUS
10
108.7667439999999885
20
-85.0422530000000023
11
108.7776059999999916
21
-85.0470889999999997
0
LINE
8
BLACK
6
CONTINUOUS
10
108.7776059999999916
20
-85.0470889999999997
11
108.7936149999999884
21
-85.0691229999999905
0
LINE
8
BLACK
6
CONTINUOUS
10
108.7936149999999884
20
-85.0691229999999905
11
108.8128759999999886
21
-85.0883829999999932
0
LINE
8
BLACK
6
CONTINUOUS
10
108.8128759999999886
20
-85.0883829999999932
11
108.8159529999999933
21
-85.0998659999999916
0
LINE
8
BLACK
6
CONTINUOUS
10
108.8159529999999933
20
-85.0998659999999916
11
108.8229419999999976
21
-85.1094859999999898
0
LINE
8
BLACK
6
CONTINUOUS
10
108.8229419999999976
20
-85.1094859999999898
11
108.8328389999999928
21
-85.1628829999999937
0
LINE
8
BLACK
6
CONTINUOUS
10
108.8328389999999928
20
-85.1628829999999937
11
108.8328379999999953
21
-85.2175239999999974
0
LINE
8
BLACK
6
CONTINUOUS
10
108.8328379999999953
20
-85.2175239999999974
11
108.8328389999999928
21
-85.2175330000000031
0
LINE
8
BLACK
6
CONTINUOUS
10
108.8328389999999928
20
-85.2175330000000031
11
108.8328399999999903
21
-85.2248989999999935
0
LINE
8
BLACK
6
CONTINUOUS
10
108.8328399999999903
20
-85.2248989999999935
11
108.8328399999999903
21
-85.8993449999999967
0
LINE
8
BLACK
6
CONTINUOUS
10
108.8328399999999903
20
-85.8993449999999967
11
108.8128779999999978
21
-85.9738449999999972
0
LINE
8
BLACK
6
CONTINUOUS
10
108.8128779999999978
20
-85.9738449999999972
11
108.7891989999999964
21
-86.0047039999999896
0
LINE
8
BLACK
6
CONTINUOUS
10
108.7891989999999964
20
-86.0047039999999896
11
108.715098999999995
21
-86.0788029999999935
0
LINE
8
BLACK
6
CONTINUOUS
10
108.715098999999995
20
-86.0788029999999935
11
108.7150970000000001
21
-86.0788060000000002
0
LINE
8
BLACK
6
CONTINUOUS
10
108.7150970000000001
20
-86.0788060000000002
11
108.5855260000000015
21
-86.2571449999999942
0
LINE
8
BLACK
6
CONTINUOUS
10
108.5855260000000015
20
-86.2571449999999942
11
108.5855249999999899
21
-86.2571459999999917
0
LINE
8
BLACK
6
CONTINUOUS
10
108.5855249999999899
20
-86.2571459999999917
11
108.4854449999999986
21
-86.4535630000000026
0
LINE
8
BLACK
6
CONTINUOUS
10
108.4854449999999986
20
-86.4535630000000026
11
108.4173249999999911
21
-86.6632129999999989
0
LINE
8
BLACK
6
CONTINUOUS
10
108.4173249999999911
20
-86.6632129999999989
11
108.3943349999999981
21
-86.808370999999994
0
LINE
8
BLACK
6
CONTINUOUS
10
108.3943349999999981
20
-86.808370999999994
11
108.3828400000000016
21
-86.8809479999999894
0
LINE
8
BLACK
6
CONTINUOUS
10
108.3828400000000016
20
-86.8809479999999894
11
108.3828400000000016
21
-87.1013919999999899
0
LINE
8
BLACK
6
CONTINUOUS
10
108.3828400000000016
20
-87.1013919999999899
11
108.3958969999999908
21
-87.1838290000000029
0
LINE
8
BLACK
6
CONTINUOUS
10
108.3958969999999908
20
-87.1838290000000029
11
108.4173249999999911
21
-87.3191259999999971
0
LINE
8
BLACK
6
CONTINUOUS
10
108.4173249999999911
20
-87.3191259999999971
11
108.4854449999999986
21
-87.5287759999999935
0
LINE
8
BLACK
6
CONTINUOUS
10
108.4854449999999986
20
-87.5287759999999935
11
108.5855249999999899
21
-87.7251929999999902
0
LINE
8
BLACK
6
CONTINUOUS
10
108.5855249999999899
20
-87.7251929999999902
11
108.5855260000000015
21
-87.7251940000000019
0
LINE
8
BLACK
6
CONTINUOUS
10
108.5855260000000015
20
-87.7251940000000019
11
108.7150979999999976
21
-87.9035349999999909
0
LINE
8
BLACK
6
CONTINUOUS
10
108.7150979999999976
20
-87.9035349999999909
11
108.8709750000000014
21
-88.0594119999999947
0
LINE
8
BLACK
6
CONTINUOUS
10
108.8709750000000014
20
-88.0594119999999947
11
109.0139649999999989
21
-88.163298999999995
0
LINE
8
BLACK
6
CONTINUOUS
10
109.0139649999999989
20
-88.163298999999995
11
109.0493149999999929
21
-88.1889829999999932
0
LINE
8
BLACK
6
CONTINUOUS
10
109.0493149999999929
20
-88.1889829999999932
11
109.0493159999999904
21
-88.1889839999999907
0
LINE
8
BLACK
6
CONTINUOUS
10
109.0493159999999904
20
-88.1889839999999907
11
109.0493179999999995
21
-88.1889850000000024
0
LINE
8
BLACK
6
CONTINUOUS
10
109.0493179999999995
20
-88.1889850000000024
11
109.2457339999999988
21
-88.2890649999999937
0
LINE
8
BLACK
6
CONTINUOUS
10
109.2457339999999988
20
-88.2890649999999937
11
109.3295559999999966
21
-88.3162999999999982
0
LINE
8
BLACK
6
CONTINUOUS
10
109.3295559999999966
20
-88.3162999999999982
11
109.4553829999999977
21
-88.3571839999999895
0
LINE
8
BLACK
6
CONTINUOUS
10
109.4553829999999977
20
-88.3571839999999895
11
109.4553879999999992
21
-88.3571839999999895
0
LINE
8
BLACK
6
CONTINUOUS
10
109.4553879999999992
20
-88.3571839999999895
11
109.4553889999999967
21
-88.3571850000000012
0
LINE
8
BLACK
6
CONTINUOUS
10
109.4553889999999967
20
-88.3571850000000012
11
109.6731179999999881
21
-88.3916699999999906
0
LINE
8
BLACK
6
CONTINUOUS
10
109.6731179999999881
20
-88.3916699999999906
11
109.6731219999999922
21
-88.3916699999999906
0
LINE
8
BLACK
6
CONTINUOUS
10
109.6731219999999922
20
-88.3916699999999906
11
109.8935579999999987
21
-88.3916699999999906
0
LINE
8
BLACK
6
CONTINUOUS
10
109.8935579999999987
20
-88.3916699999999906
11
109.8935619999999886
21
-88.3916699999999906
0
LINE
8
BLACK
6
CONTINUOUS
10
109.8935619999999886
20
-88.3916699999999906
11
110.1112909999999943
21
-88.3571850000000012
0
LINE
8
BLACK
6
CONTINUOUS
10
110.1112909999999943
20
-88.3571850000000012
11
110.1112919999999917
21
-88.3571839999999895
0
LINE
8
BLACK
6
CONTINUOUS
10
110.1112919999999917
20
-88.3571839999999895
11
110.1112959999999958
21
-88.3571839999999895
0
LINE
8
BLACK
6
CONTINUOUS
10
110.1112959999999958
20
-88.3571839999999895
11
110.1918959999999998
21
-88.3309950000000015
0
LINE
8
BLACK
6
CONTINUOUS
10
110.1918959999999998
20
-88.3309950000000015
11
110.3209459999999922
21
-88.2890649999999937
0
LINE
8
BLACK
6
CONTINUOUS
10
110.3209459999999922
20
-88.2890649999999937
11
110.5173619999999914
21
-88.1889850000000024
0
LINE
8
BLACK
6
CONTINUOUS
10
110.5173619999999914
20
-88.1889850000000024
11
110.6957049999999896
21
-88.0594119999999947
0
LINE
8
BLACK
6
CONTINUOUS
10
110.6957049999999896
20
-88.0594119999999947
11
110.8515819999999934
21
-87.9035349999999909
0
LINE
8
BLACK
6
CONTINUOUS
10
110.8515819999999934
20
-87.9035349999999909
11
110.9811550000000011
21
-87.7251919999999927
0
LINE
8
BLACK
6
CONTINUOUS
10
110.9811550000000011
20
-87.7251919999999927
11
111.0812349999999924
21
-87.5287759999999935
0
LINE
8
BLACK
6
CONTINUOUS
10
111.0812349999999924
20
-87.5287759999999935
11
111.1362899999999883
21
-87.3593309999999974
0
LINE
8
BLACK
6
CONTINUOUS
10
111.1362899999999883
20
-87.3593309999999974
11
111.1493539999999882
21
-87.3191259999999971
0
LINE
8
BLACK
6
CONTINUOUS
10
111.1493539999999882
20
-87.3191259999999971
11
111.1557499999999976
21
-87.2787419999999941
0
LINE
8
BLACK
6
CONTINUOUS
10
111.1557499999999976
20
-87.2787419999999941
11
111.1838399999999893
21
-87.1013919999999899
0
LINE
8
BLACK
6
CONTINUOUS
10
111.1838399999999893
20
-87.1013919999999899
11
111.1838399999999893
21
-86.8809479999999894
0
LINE
8
BLACK
6
CONTINUOUS
10
111.1838399999999893
20
-86.8809479999999894
11
111.1493549999999999
21
-86.663218999999998
0
LINE
8
BLACK
6
CONTINUOUS
10
111.1493549999999999
20
-86.663218999999998
11
111.1493539999999882
21
-86.6632180000000005
0
LINE
8
BLACK
6
CONTINUOUS
10
111.1493539999999882
20
-86.6632180000000005
11
111.1493539999999882
21
-86.6632129999999989
0
LINE
8
BLACK
6
CONTINUOUS
10
111.1493539999999882
20
-86.6632129999999989
11
111.0812339999999949
21
-86.453559999999996
0
LINE
8
BLACK
6
CONTINUOUS
10
111.0812339999999949
20
-86.453559999999996
11
111.048805999999999
21
-86.3899199999999894
0
LINE
8
BLACK
6
CONTINUOUS
10
111.048805999999999
20
-86.3899199999999894
11
110.9811550000000011
21
-86.2571480000000008
0
LINE
8
BLACK
6
CONTINUOUS
10
110.9811550000000011
20
-86.2571480000000008
11
110.9694229999999919
21
-86.2410009999999971
0
LINE
8
BLACK
6
CONTINUOUS
10
110.9694229999999919
20
-86.2410009999999971
11
110.9694219999999945
21
-86.2409979999999905
0
LINE
8
BLACK
6
CONTINUOUS
10
110.9694219999999945
20
-86.2409979999999905
11
110.851586999999995
21
-86.0788110000000017
0
LINE
8
BLACK
6
CONTINUOUS
10
110.851586999999995
20
-86.0788110000000017
11
110.8515799999999984
21
-86.0788029999999935
0
LINE
8
BLACK
6
CONTINUOUS
10
110.8515799999999984
20
-86.0788029999999935
11
110.7774809999999945
21
-86.0047039999999896
0
LINE
8
BLACK
6
CONTINUOUS
10
110.7774809999999945
20
-86.0047039999999896
11
110.7389170000000007
21
-85.9379089999999906
0
LINE
8
BLACK
6
CONTINUOUS
10
110.7389170000000007
20
-85.9379089999999906
11
110.7338400000000007
21
-85.8993449999999967
0
LINE
8
BLACK
6
CONTINUOUS
10
110.7338400000000007
20
-85.8993449999999967
11
110.7338400000000007
21
-85.5841659999999962
0
LINE
8
BLACK
6
CONTINUOUS
10
110.7338400000000007
20
-85.5841659999999962
11
110.7538019999999932
21
-85.5096659999999957
0
LINE
8
BLACK
6
CONTINUOUS
10
110.7538019999999932
20
-85.5096659999999957
11
110.8083400000000012
21
-85.455128000000002
0
LINE
8
BLACK
6
CONTINUOUS
10
110.8083400000000012
20
-85.455128000000002
11
110.8828400000000016
21
-85.4351659999999953
0
LINE
8
BLACK
6
CONTINUOUS
10
110.8828400000000016
20
-85.4351659999999953
11
110.9573400000000021
21
-85.455128000000002
0
LINE
8
BLACK
6
CONTINUOUS
10
110.9573400000000021
20
-85.455128000000002
11
111.0118779999999958
21
-85.5096659999999957
0
LINE
8
BLACK
6
CONTINUOUS
10
111.0118779999999958
20
-85.5096659999999957
11
111.025424000000001
21
-85.5409149999999983
0
LINE
8
BLACK
6
CONTINUOUS
10
111.025424000000001
20
-85.5409149999999983
11
111.0950319999999891
21
-85.770387999999997
0
LINE
8
BLACK
6
CONTINUOUS
10
111.0950319999999891
20
-85.770387999999997
11
111.0950319999999891
21
-85.7703899999999919
0
LINE
8
BLACK
6
CONTINUOUS
10
111.0950319999999891
20
-85.7703899999999919
11
111.2301810000000017
21
-86.0966719999999981
0
LINE
8
BLACK
6
CONTINUOUS
10
111.2301810000000017
20
-86.0966719999999981
11
111.2301839999999942
21
-86.0966779999999972
0
LINE
8
BLACK
6
CONTINUOUS
10
111.2301839999999942
20
-86.0966779999999972
11
111.2309479999999979
21
-86.0985220000000027
0
LINE
8
BLACK
6
CONTINUOUS
10
111.2309479999999979
20
-86.0985220000000027
11
111.3118899999999911
21
-86.2499549999999999
0
LINE
8
BLACK
6
CONTINUOUS
10
111.3118899999999911
20
-86.2499549999999999
11
111.3123459999999909
21
-86.2508089999999896
0
LINE
8
BLACK
6
CONTINUOUS
10
111.3123459999999909
20
-86.2508089999999896
11
111.3123480000000001
21
-86.2508109999999988
0
LINE
8
BLACK
6
CONTINUOUS
10
111.3123480000000001
20
-86.2508109999999988
11
111.3983709999999974
21
-86.4117469999999912
0
LINE
8
BLACK
6
CONTINUOUS
10
111.3983709999999974
20
-86.4117469999999912
11
111.595682999999994
21
-86.7070459999999912
0
LINE
8
BLACK
6
CONTINUOUS
10
111.595682999999994
20
-86.7070459999999912
11
111.5956860000000006
21
-86.7070499999999953
0
LINE
8
BLACK
6
CONTINUOUS
10
111.5956860000000006
20
-86.7070499999999953
11
111.8209969999999913
21
-86.9815899999999971
0
LINE
8
BLACK
6
CONTINUOUS
10
111.8209969999999913
20
-86.9815899999999971
11
111.8210039999999879
21
-86.9815979999999911
0
LINE
8
BLACK
6
CONTINUOUS
10
111.8210039999999879
20
-86.9815979999999911
11
111.8797560000000004
21
-87.0403499999999894
0
LINE
8
BLACK
6
CONTINUOUS
10
111.8797560000000004
20
-87.0403499999999894
11
113.3603829999999988
21
-88.5209759999999903
0
LINE
8
BLACK
6
CONTINUOUS
10
113.3603829999999988
20
-88.5209759999999903
11
113.3909989999999937
21
-88.5515919999999994
0
LINE
8
BLACK
6
CONTINUOUS
10
113.3909989999999937
20
-88.5515919999999994
11
113.391026999999994
21
-88.5516409999999894
0
LINE
8
BLACK
6
CONTINUOUS
10
113.391026999999994
20
-88.5516409999999894
11
113.4346400000000017
21
-88.5952529999999996
0
LINE
8
BLACK
6
CONTINUOUS
10
113.4346400000000017
20
-88.5952529999999996
11
113.4346400000000017
21
-88.5952539999999971
0
LINE
8
BLACK
6
CONTINUOUS
10
113.4346400000000017
20
-88.5952539999999971
11
113.5602090000000004
21
-88.7208229999999958
0
LINE
8
BLACK
6
CONTINUOUS
10
113.5602090000000004
20
-88.7208229999999958
11
113.8347539999999896
21
-88.9461349999999982
0
LINE
8
BLACK
6
CONTINUOUS
10
113.8347539999999896
20
-88.9461349999999982
11
114.1300609999999978
21
-89.1434519999999964
0
LINE
8
BLACK
6
CONTINUOUS
10
114.1300609999999978
20
-89.1434519999999964
11
114.4432879999999955
21
-89.3108730000000008
0
LINE
8
BLACK
6
CONTINUOUS
10
114.4432879999999955
20
-89.3108730000000008
11
114.7714159999999879
21
-89.4467849999999913
0
LINE
8
BLACK
6
CONTINUOUS
10
114.7714159999999879
20
-89.4467849999999913
11
115.1112869999999901
21
-89.5498800000000017
0
LINE
8
BLACK
6
CONTINUOUS
10
115.1112869999999901
20
-89.5498800000000017
11
115.4596260000000001
21
-89.6191649999999953
0
LINE
8
BLACK
6
CONTINUOUS
10
115.4596260000000001
20
-89.6191649999999953
11
115.8130789999999877
21
-89.6539709999999985
0
LINE
8
BLACK
6
CONTINUOUS
10
115.8130789999999877
20
-89.6539709999999985
11
115.9018689999999907
21
-89.6539700000000011
0
LINE
8
BLACK
6
CONTINUOUS
10
115.9018689999999907
20
-89.6539700000000011
11
124.3388399999999905
21
-89.6539700000000011
0
LINE
8
BLACK
6
CONTINUOUS
10
124.3388399999999905
20
-89.6539700000000011
11
124.4133399999999909
21
-89.6739319999999935
0
LINE
8
BLACK
6
CONTINUOUS
10
124.4133399999999909
20
-89.6739319999999935
11
124.4678779999999989
21
-89.7284700000000015
0
LINE
8
BLACK
6
CONTINUOUS
10
124.4678779999999989
20
-89.7284700000000015
11
124.4878399999999914
21
-89.802970000000002
0
LINE
8
BLACK
6
CONTINUOUS
10
124.4878399999999914
20
-89.802970000000002
11
124.4878399999999914
21
-92.8751239999999996
0
LINE
8
BLACK
6
CONTINUOUS
10
124.4878399999999914
20
-92.8751239999999996
11
124.4887729999999948
21
-92.8888779999999912
0
LINE
8
BLACK
6
CONTINUOUS
10
124.4887729999999948
20
-92.8888779999999912
11
124.4906560000000013
21
-92.9166629999999998
0
LINE
8
BLACK
6
CONTINUOUS
10
124.4906560000000013
20
-92.9166629999999998
11
124.535302999999999
21
-93.0961909999999904
0
LINE
8
BLACK
6
CONTINUOUS
10
124.535302999999999
20
-93.0961909999999904
11
124.6174959999999885
21
-93.261921000000001
0
LINE
8
BLACK
6
CONTINUOUS
10
124.6174959999999885
20
-93.261921000000001
11
124.6174979999999977
21
-93.2619229999999959
0
LINE
8
BLACK
6
CONTINUOUS
10
124.6174979999999977
20
-93.2619229999999959
11
124.7333999999999889
21
-93.4061099999999982
0
LINE
8
BLACK
6
CONTINUOUS
10
124.7333999999999889
20
-93.4061099999999982
11
124.8482209999999952
21
-93.4984070000000003
0
LINE
8
BLACK
6
CONTINUOUS
10
124.8482209999999952
20
-93.4984070000000003
11
124.8775879999999887
21
-93.5220130000000012
0
LINE
8
BLACK
6
CONTINUOUS
10
124.8775879999999887
20
-93.5220130000000012
11
124.9604530000000011
21
-93.5631089999999972
0
LINE
8
BLACK
6
CONTINUOUS
10
124.9604530000000011
20
-93.5631089999999972
11
125.0433189999999968
21
-93.6042070000000024
0
LINE
8
BLACK
6
CONTINUOUS
10
125.0433189999999968
20
-93.6042070000000024
11
125.2228449999999924
21
-93.6488530000000026
0
LINE
8
BLACK
6
CONTINUOUS
10
125.2228449999999924
20
-93.6488530000000026
11
125.2643859999999876
21
-93.6516699999999958
0
LINE
8
BLACK
6
CONTINUOUS
10
125.2643859999999876
20
-93.6516699999999958
11
125.2643939999999958
21
-93.6516699999999958
0
LINE
8
BLACK
6
CONTINUOUS
10
125.2643939999999958
20
-93.6516699999999958
11
128.9122859999999946
21
-93.6516699999999958
0
LINE
8
BLACK
6
CONTINUOUS
10
128.9122859999999946
20
-93.6516699999999958
11
128.9122940000000028
21
-93.6516699999999958
0
LINE
8
BLACK
6
CONTINUOUS
10
128.9122940000000028
20
-93.6516699999999958
11
128.953834999999998
21
-93.6488530000000026
0
LINE
8
BLACK
6
CONTINUOUS
10
128.953834999999998
20
-93.6488530000000026
11
129.1333610000000078
21
-93.6042070000000024
0
LINE
8
BLACK
6
CONTINUOUS
10
129.1333610000000078
20
-93.6042070000000024
11
129.2990929999999992
21
-93.5220119999999895
0
LINE
8
BLACK
6
CONTINUOUS
10
129.2990929999999992
20
-93.5220119999999895
11
129.4432799999999872
21
-93.4061099999999982
0
LINE
8
BLACK
6
CONTINUOUS
10
129.4432799999999872
20
-93.4061099999999982
11
129.5591819999999927
21
-93.2619229999999959
0
LINE
8
BLACK
6
CONTINUOUS
10
129.5591819999999927
20
-93.2619229999999959
11
129.5849259999999958
21
-93.2100149999999985
0
LINE
8
BLACK
6
CONTINUOUS
10
129.5849259999999958
20
-93.2100149999999985
11
129.5891359999999963
21
-93.2015269999999987
0
LINE
8
BLACK
6
CONTINUOUS
10
129.5891359999999963
20
-93.2015269999999987
11
129.5891369999999938
21
-93.2015249999999895
0
LINE
8
BLACK
6
CONTINUOUS
10
129.5891369999999938
20
-93.2015249999999895
11
129.6413760000000082
21
-93.0961929999999995
0
LINE
8
BLACK
6
CONTINUOUS
10
129.6413760000000082
20
-93.0961929999999995
11
129.6413749999999823
21
-93.0961929999999995
0
LINE
8
BLACK
6
CONTINUOUS
10
129.6413749999999823
20
-93.0961929999999995
11
129.6413770000000056
21
-93.0961909999999904
0
LINE
8
BLACK
6
CONTINUOUS
10
129.6413770000000056
20
-93.0961909999999904
11
129.6860230000000058
21
-92.9166649999999947
0
LINE
8
BLACK
6
CONTINUOUS
10
129.6860230000000058
20
-92.9166649999999947
11
129.688839999999999
21
-92.8751239999999996
0
LINE
8
BLACK
6
CONTINUOUS
10
129.688839999999999
20
-92.8751239999999996
11
129.688839999999999
21
-90.8939249999999959
0
LINE
8
BLACK
6
CONTINUOUS
10
129.688839999999999
20
-90.8939249999999959
11
129.688839999999999
21
-89.2272159999999985
0
LINE
8
BLACK
6
CONTINUOUS
10
129.688839999999999
20
-89.2272159999999985
11
129.6860230000000058
21
-89.1856749999999892
0
LINE
8
BLACK
6
CONTINUOUS
10
129.6860230000000058
20
-89.1856749999999892
11
129.6413770000000056
21
-89.0061489999999935
0
LINE
8
BLACK
6
CONTINUOUS
10
129.6413770000000056
20
-89.0061489999999935
11
129.6413760000000082
21
-89.0061460000000011
0
LINE
8
BLACK
6
CONTINUOUS
10
129.6413760000000082
20
-89.0061460000000011
11
129.5891349999999989
21
-88.9008099999999928
0
LINE
8
BLACK
6
CONTINUOUS
10
129.5891349999999989
20
-88.9008099999999928
11
129.5591829999999902
21
-88.8404179999999997
0
LINE
8
BLACK
6
CONTINUOUS
10
129.5591829999999902
20
-88.8404179999999997
11
129.4977559999999812
21
-88.7640009999999933
0
LINE
8
BLACK
6
CONTINUOUS
10
129.4977559999999812
20
-88.7640009999999933
11
129.4432799999999872
21
-88.6962299999999999
0
LINE
8
BLACK
6
CONTINUOUS
10
129.4432799999999872
20
-88.6962299999999999
11
129.3194419999999809
21
-88.5966849999999937
0
LINE
8
BLACK
6
CONTINUOUS
10
129.3194419999999809
20
-88.5966849999999937
11
129.2990910000000042
21
-88.5803259999999995
0
LINE
8
BLACK
6
CONTINUOUS
10
129.2990910000000042
20
-88.5803259999999995
11
129.1333589999999845
21
-88.4981319999999982
0
LINE
8
BLACK
6
CONTINUOUS
10
129.1333589999999845
20
-88.4981319999999982
11
129.0752439999999979
21
-88.4836789999999951
0
LINE
8
BLACK
6
CONTINUOUS
10
129.0752439999999979
20
-88.4836789999999951
11
129.0077639999999803
21
-88.4463269999999966
0
LINE
8
BLACK
6
CONTINUOUS
10
129.0077639999999803
20
-88.4463269999999966
11
128.9680009999999868
21
-88.3802390000000031
0
LINE
8
BLACK
6
CONTINUOUS
10
128.9680009999999868
20
-88.3802390000000031
11
128.9666100000000029
21
-88.3031229999999994
0
LINE
8
BLACK
6
CONTINUOUS
10
128.9666100000000029
20
-88.3031229999999994
11
129.0039620000000014
21
-88.2356429999999961
0
LINE
8
BLACK
6
CONTINUOUS
10
129.0039620000000014
20
-88.2356429999999961
11
129.005753999999996
21
-88.2338179999999994
0
LINE
8
BLACK
6
CONTINUOUS
10
129.005753999999996
20
-88.2338179999999994
11
129.4227359999999862
21
-87.8168349999999975
0
LINE
8
BLACK
6
CONTINUOUS
10
129.4227359999999862
20
-87.8168349999999975
11
129.427991999999989
21
-87.811830999999998
0
LINE
8
BLACK
6
CONTINUOUS
10
129.427991999999989
20
-87.811830999999998
11
129.6836889999999869
21
-87.5800839999999994
0
LINE
8
BLACK
6
CONTINUOUS
10
129.6836889999999869
20
-87.5800839999999994
11
129.6949669999999912
21
-87.5708279999999917
0
LINE
8
BLACK
6
CONTINUOUS
10
129.6949669999999912
20
-87.5708279999999917
11
129.9691970000000083
21
-87.367447999999996
0
LINE
8
BLACK
6
CONTINUOUS
10
129.9691970000000083
20
-87.367447999999996
11
129.9813309999999831
21
-87.3593400000000031
0
LINE
8
BLACK
6
CONTINUOUS
10
129.9813309999999831
20
-87.3593400000000031
11
130.2741790000000037
21
-87.1838169999999906
0
LINE
8
BLACK
6
CONTINUOUS
10
130.2741790000000037
20
-87.1838169999999906
11
130.2870389999999929
21
-87.1769419999999968
0
LINE
8
BLACK
6
CONTINUOUS
10
130.2870389999999929
20
-87.1769419999999968
11
130.5956799999999873
21
-87.0309689999999989
0
LINE
8
BLACK
6
CONTINUOUS
10
130.5956799999999873
20
-87.0309689999999989
11
130.6091820000000041
21
-87.0253769999999918
0
LINE
8
BLACK
6
CONTINUOUS
10
130.6091820000000041
20
-87.0253769999999918
11
130.930610999999999
21
-86.9103709999999978
0
LINE
8
BLACK
6
CONTINUOUS
10
130.930610999999999
20
-86.9103709999999978
11
130.9445879999999818
21
-86.906131000000002
0
LINE
8
BLACK
6
CONTINUOUS
10
130.9445879999999818
20
-86.906131000000002
11
131.2757699999999943
21
-86.8231770000000012
0
LINE
8
BLACK
6
CONTINUOUS
10
131.2757699999999943
20
-86.8231770000000012
11
131.2900970000000029
21
-86.8203279999999893
0
LINE
8
BLACK
6
CONTINUOUS
10
131.2900970000000029
20
-86.8203279999999893
11
131.627789000000007
21
-86.770237999999992
0
LINE
8
BLACK
6
CONTINUOUS
10
131.627789000000007
20
-86.770237999999992
11
131.6423269999999945
21
-86.7688050000000004
0
LINE
8
BLACK
6
CONTINUOUS
10
131.6423269999999945
20
-86.7688050000000004
11
131.9875700000000052
21
-86.7518479999999954
0
LINE
8
BLACK
6
CONTINUOUS
10
131.9875700000000052
20
-86.7518479999999954
11
131.9948489999999879
21
-86.7516699999999901
0
LINE
8
BLACK
6
CONTINUOUS
10
131.9948489999999879
20
-86.7516699999999901
11
132.095659999999981
21
-86.7516710000000018
0
LINE
8
BLACK
6
CONTINUOUS
10
132.095659999999981
20
-86.7516710000000018
11
132.0956659999999943
21
-86.7516699999999901
0
LINE
8
BLACK
6
CONTINUOUS
10
132.0956659999999943
20
-86.7516699999999901
11
140.0834429999999884
21
-86.7516699999999901
0
LINE
8
BLACK
6
CONTINUOUS
10
140.0834429999999884
20
-86.7516699999999901
11
140.0931899999999928
21
-86.7519889999999947
0
LINE
8
BLACK
6
CONTINUOUS
10
140.0931899999999928
20
-86.7519889999999947
11
140.3134609999999896
21
-86.7664290000000022
0
LINE
8
BLACK
6
CONTINUOUS
10
140.3134609999999896
20
-86.7664290000000022
11
140.3327809999999829
21
-86.7689719999999909
0
LINE
8
BLACK
6
CONTINUOUS
10
140.3327809999999829
20
-86.7689719999999909
11
140.5445059999999842
21
-86.8110889999999955
0
LINE
8
BLACK
6
CONTINUOUS
10
140.5445059999999842
20
-86.8110889999999955
11
140.5633109999999988
21
-86.8161289999999894
0
LINE
8
BLACK
6
CONTINUOUS
10
140.5633109999999988
20
-86.8161289999999894
11
140.7677170000000046
21
-86.885516999999993
0
LINE
8
BLACK
6
CONTINUOUS
10
140.7677170000000046
20
-86.885516999999993
11
140.7857079999999996
21
-86.8929689999999937
0
LINE
8
BLACK
6
CONTINUOUS
10
140.7857079999999996
20
-86.8929689999999937
11
140.9793239999999912
21
-86.9884509999999977
0
LINE
8
BLACK
6
CONTINUOUS
10
140.9793239999999912
20
-86.9884509999999977
11
140.9961940000000027
21
-86.9981909999999914
0
LINE
8
BLACK
6
CONTINUOUS
10
140.9961940000000027
20
-86.9981909999999914
11
141.1756670000000042
21
-87.1181129999999939
0
LINE
8
BLACK
6
CONTINUOUS
10
141.1756670000000042
20
-87.1181129999999939
11
141.1911289999999894
21
-87.1299769999999967
0
LINE
8
BLACK
6
CONTINUOUS
10
141.1911289999999894
20
-87.1299769999999967
11
141.3534229999999923
21
-87.2723060000000004
0
LINE
8
BLACK
6
CONTINUOUS
10
141.3534229999999923
20
-87.2723060000000004
11
141.3671989999999994
21
-87.2860819999999933
0
LINE
8
BLACK
6
CONTINUOUS
10
141.3671989999999994
20
-87.2860819999999933
11
141.5095279999999889
21
-87.4483779999999911
0
LINE
8
BLACK
6
CONTINUOUS
10
141.5095279999999889
20
-87.4483779999999911
11
141.5213860000000068
21
-87.463830999999999
0
LINE
8
BLACK
6
CONTINUOUS
10
141.5213860000000068
20
-87.463830999999999
11
141.6413110000000017
21
-87.6433119999999946
0
LINE
8
BLACK
6
CONTINUOUS
10
141.6413110000000017
20
-87.6433119999999946
11
141.6510549999999853
21
-87.6601890000000026
0
LINE
8
BLACK
6
CONTINUOUS
10
141.6510549999999853
20
-87.6601890000000026
11
141.7270399999999881
21
-87.8142699999999934
0
LINE
8
BLACK
6
CONTINUOUS
10
141.7270399999999881
20
-87.8142699999999934
11
141.7465279999999836
21
-87.8537859999999995
0
LINE
8
BLACK
6
CONTINUOUS
10
141.7465279999999836
20
-87.8537859999999995
11
141.7539859999999976
21
-87.8717929999999967
0
LINE
8
BLACK
6
CONTINUOUS
10
141.7539859999999976
20
-87.8717929999999967
11
141.8233689999999854
21
-88.0761859999999928
0
LINE
8
BLACK
6
CONTINUOUS
10
141.8233689999999854
20
-88.0761859999999928
11
141.8284139999999809
21
-88.095011999999997
0
LINE
8
BLACK
6
CONTINUOUS
10
141.8284139999999809
20
-88.095011999999997
11
141.8705269999999814
21
-88.3067219999999935
0
LINE
8
BLACK
6
CONTINUOUS
10
141.8705269999999814
20
-88.3067219999999935
11
141.8730709999999817
21
-88.326043999999996
0
LINE
8
BLACK
6
CONTINUOUS
10
141.8730709999999817
20
-88.326043999999996
11
141.8812409999999886
21
-88.4506700000000023
0
LINE
8
BLACK
6
CONTINUOUS
10
141.8812409999999886
20
-88.4506700000000023
11
141.8875209999999925
21
-88.5464759999999984
0
LINE
8
BLACK
6
CONTINUOUS
10
141.8875209999999925
20
-88.5464759999999984
11
141.8878399999999829
21
-88.5562070000000006
0
LINE
8
BLACK
6
CONTINUOUS
10
141.8878399999999829
20
-88.5562070000000006
11
141.8878399999999829
21
-102.4461409999999972
0
LINE
8
BLACK
6
CONTINUOUS
10
141.8878399999999829
20
-102.4461409999999972
11
141.8878389999999854
21
-102.4461469999999963
0
LINE
8
BLACK
6
CONTINUOUS
10
141.8878389999999854
20
-102.4461469999999963
11
141.8878389999999854
21
-102.496231999999992
0
LINE
8
BLACK
6
CONTINUOUS
10
141.8878389999999854
20
-102.496231999999992
11
141.8878389999999854
21
-102.5475099999999884
0
LINE
8
BLACK
6
CONTINUOUS
10
141.8878389999999854
20
-102.5475099999999884
11
141.8878389999999854
21
-102.5475110000000001
0
LINE
8
BLACK
6
CONTINUOUS
10
141.8878389999999854
20
-102.5475110000000001
11
141.8876599999999826
21
-102.5548209999999898
0
LINE
8
BLACK
6
CONTINUOUS
10
141.8876599999999826
20
-102.5548209999999898
11
141.8707310000000064
21
-102.8994749999999954
0
LINE
8
BLACK
6
CONTINUOUS
10
141.8707310000000064
20
-102.8994749999999954
11
141.8692969999999889
21
-102.9140269999999902
0
LINE
8
BLACK
6
CONTINUOUS
10
141.8692969999999889
20
-102.9140269999999902
11
141.8192090000000007
21
-103.2517079999999936
0
LINE
8
BLACK
6
CONTINUOUS
10
141.8192090000000007
20
-103.2517079999999936
11
141.8163569999999822
21
-103.2660489999999953
0
LINE
8
BLACK
6
CONTINUOUS
10
141.8163569999999822
20
-103.2660489999999953
11
141.7334060000000022
21
-103.5972159999999889
0
LINE
8
BLACK
6
CONTINUOUS
10
141.7334060000000022
20
-103.5972159999999889
11
141.7291610000000048
21
-103.6112090000000023
0
LINE
8
BLACK
6
CONTINUOUS
10
141.7291610000000048
20
-103.6112090000000023
11
141.6141549999999825
21
-103.9326349999999906
0
LINE
8
BLACK
6
CONTINUOUS
10
141.6141549999999825
20
-103.9326349999999906
11
141.6085599999999829
21
-103.9461439999999897
0
LINE
8
BLACK
6
CONTINUOUS
10
141.6085599999999829
20
-103.9461439999999897
11
141.4625949999999932
21
-104.2547659999999894
0
LINE
8
BLACK
6
CONTINUOUS
10
141.4625949999999932
20
-104.2547659999999894
11
141.4557020000000023
21
-104.2676609999999897
0
LINE
8
BLACK
6
CONTINUOUS
10
141.4557020000000023
20
-104.2676609999999897
11
141.2801989999999819
21
-104.5604749999999967
0
LINE
8
BLACK
6
CONTINUOUS
10
141.2801989999999819
20
-104.5604749999999967
11
141.2720759999999984
21
-104.5726329999999962
0
LINE
8
BLACK
6
CONTINUOUS
10
141.2720759999999984
20
-104.5726329999999962
11
141.2170309999999915
21
-104.6468539999999905
0
LINE
8
BLACK
6
CONTINUOUS
10
141.2170309999999915
20
-104.6468539999999905
11
141.1566179999999804
21
-104.6948019999999957
0
LINE
8
BLACK
6
CONTINUOUS
10
141.1566179999999804
20
-104.6948019999999957
11
141.0803249999999878
21
-104.7061199999999985
0
LINE
8
BLACK
6
CONTINUOUS
10
141.0803249999999878
20
-104.7061199999999985
11
141.0195009999999911
21
-104.6851389999999924
0
LINE
8
BLACK
6
CONTINUOUS
10
141.0195009999999911
20
-104.6851389999999924
11
140.8660950000000014
21
-104.5911320000000018
0
LINE
8
BLACK
6
CONTINUOUS
10
140.8660950000000014
20
-104.5911320000000018
11
140.8660869999999932
21
-104.5911270000000002
0
LINE
8
BLACK
6
CONTINUOUS
10
140.8660869999999932
20
-104.5911270000000002
11
140.468371999999988
21
-104.3884819999999962
0
LINE
8
BLACK
6
CONTINUOUS
10
140.468371999999988
20
-104.3884819999999962
11
140.0559859999999901
21
-104.2176659999999941
0
LINE
8
BLACK
6
CONTINUOUS
10
140.0559859999999901
20
-104.2176659999999941
11
140.0559639999999888
21
-104.2176580000000001
0
LINE
8
BLACK
6
CONTINUOUS
10
140.0559639999999888
20
-104.2176580000000001
11
139.6314549999999883
21
-104.0797269999999912
0
LINE
8
BLACK
6
CONTINUOUS
10
139.6314549999999883
20
-104.0797269999999912
11
139.1974040000000059
21
-103.9755189999999914
0
LINE
8
BLACK
6
CONTINUOUS
10
139.1974040000000059
20
-103.9755189999999914
11
138.8961799999999869
21
-103.9278099999999938
0
LINE
8
BLACK
6
CONTINUOUS
10
138.8961799999999869
20
-103.9278099999999938
11
138.7565259999999796
21
-103.9056920000000019
0
LINE
8
BLACK
6
CONTINUOUS
10
138.7565259999999796
20
-103.9056920000000019
11
138.3115269999999839
21
-103.8706699999999898
0
LINE
8
BLACK
6
CONTINUOUS
10
138.3115269999999839
20
-103.8706699999999898
11
137.8651529999999923
21
-103.8706699999999898
0
LINE
8
BLACK
6
CONTINUOUS
10
137.8651529999999923
20
-103.8706699999999898
11
137.4201539999999966
21
-103.9056920000000019
0
LINE
8
BLACK
6
CONTINUOUS
10
137.4201539999999966
20
-103.9056920000000019
11
137.3503269999999929
21
-103.9167509999999908
0
LINE
8
BLACK
6
CONTINUOUS
10
137.3503269999999929
20
-103.9167509999999908
11
136.9792750000000012
21
-103.9755189999999914
0
LINE
8
BLACK
6
CONTINUOUS
10
136.9792750000000012
20
-103.9755189999999914
11
136.5452239999999904
21
-104.0797269999999912
0
LINE
8
BLACK
6
CONTINUOUS
10
136.5452239999999904
20
-104.0797269999999912
11
136.1207149999999899
21
-104.2176580000000001
0
LINE
8
BLACK
6
CONTINUOUS
10
136.1207149999999899
20
-104.2176580000000001
11
136.1206929999999886
21
-104.2176659999999941
0
LINE
8
BLACK
6
CONTINUOUS
10
136.1206929999999886
20
-104.2176659999999941
11
135.7083069999999907
21
-104.3884819999999962
0
LINE
8
BLACK
6
CONTINUOUS
10
135.7083069999999907
20
-104.3884819999999962
11
135.3105919999999855
21
-104.5911270000000002
0
LINE
8
BLACK
6
CONTINUOUS
10
135.3105919999999855
20
-104.5911270000000002
11
134.9299879999999803
21
-104.8243629999999911
0
LINE
8
BLACK
6
CONTINUOUS
10
134.9299879999999803
20
-104.8243629999999911
11
134.5688600000000008
21
-105.0867360000000019
0
LINE
8
BLACK
6
CONTINUOUS
10
134.5688600000000008
20
-105.0867360000000019
11
134.5688499999999976
21
-105.0867439999999959
0
LINE
8
BLACK
6
CONTINUOUS
10
134.5688499999999976
20
-105.0867439999999959
11
134.2294389999999851
21
-105.3766289999999941
0
LINE
8
BLACK
6
CONTINUOUS
10
134.2294389999999851
20
-105.3766289999999941
11
133.9137989999999832
21
-105.692268999999996
0
LINE
8
BLACK
6
CONTINUOUS
10
133.9137989999999832
20
-105.692268999999996
11
133.623913999999985
21
-106.0316799999999944
0
LINE
8
BLACK
6
CONTINUOUS
10
133.623913999999985
20
-106.0316799999999944
11
133.6239060000000052
21
-106.0316899999999976
0
LINE
8
BLACK
6
CONTINUOUS
10
133.6239060000000052
20
-106.0316899999999976
11
133.3615329999999801
21
-106.3928179999999912
0
LINE
8
BLACK
6
CONTINUOUS
10
133.3615329999999801
20
-106.3928179999999912
11
133.1282970000000034
21
-106.7734219999999965
0
LINE
8
BLACK
6
CONTINUOUS
10
133.1282970000000034
20
-106.7734219999999965
11
132.9256519999999853
21
-107.1711370000000016
0
LINE
8
BLACK
6
CONTINUOUS
10
132.9256519999999853
20
-107.1711370000000016
11
132.7548359999999832
21
-107.5835229999999996
0
LINE
8
BLACK
6
CONTINUOUS
10
132.7548359999999832
20
-107.5835229999999996
11
132.7548280000000034
21
-107.5835450000000009
0
LINE
8
BLACK
6
CONTINUOUS
10
132.7548280000000034
20
-107.5835450000000009
11
132.6168969999999945
21
-108.0080540000000013
0
LINE
8
BLACK
6
CONTINUOUS
10
132.6168969999999945
20
-108.0080540000000013
11
132.5126889999999946
21
-108.442104999999998
0
LINE
8
BLACK
6
CONTINUOUS
10
132.5126889999999946
20
-108.442104999999998
11
132.4560259999999801
21
-108.7998659999999944
0
LINE
8
BLACK
6
CONTINUOUS
10
132.4560259999999801
20
-108.7998659999999944
11
132.442861999999991
21
-108.8829839999999933
0
LINE
8
BLACK
6
CONTINUOUS
10
132.442861999999991
20
-108.8829839999999933
11
132.4078399999999931
21
-109.327982999999989
0
LINE
8
BLACK
6
CONTINUOUS
10
132.4078399999999931
20
-109.327982999999989
11
132.4078399999999931
21
-109.7743569999999949
0
LINE
8
BLACK
6
CONTINUOUS
10
132.4078399999999931
20
-109.7743569999999949
11
132.4251840000000016
21
-109.9947329999999965
0
LINE
8
BLACK
6
CONTINUOUS
10
132.4251840000000016
20
-109.9947329999999965
11
132.442861999999991
21
-110.2193539999999956
0
LINE
8
BLACK
6
CONTINUOUS
10
132.442861999999991
20
-110.2193539999999956
11
132.5126889999999946
21
-110.6602339999999884
0
LINE
8
BLACK
6
CONTINUOUS
10
132.5126889999999946
20
-110.6602339999999884
11
132.6168969999999945
21
-111.0942849999999993
0
LINE
8
BLACK
6
CONTINUOUS
10
132.6168969999999945
20
-111.0942849999999993
11
132.7548280000000034
21
-111.5187939999999998
0
LINE
8
BLACK
6
CONTINUOUS
10
132.7548280000000034
20
-111.5187939999999998
11
132.7548359999999832
21
-111.5188160000000011
0
LINE
8
BLACK
6
CONTINUOUS
10
132.7548359999999832
20
-111.5188160000000011
11
132.9256519999999853
21
-111.931201999999999
0
LINE
8
BLACK
6
CONTINUOUS
10
132.9256519999999853
20
-111.931201999999999
11
133.1282970000000034
21
-112.3289169999999899
0
LINE
8
BLACK
6
CONTINUOUS
10
133.1282970000000034
20
-112.3289169999999899
11
133.1603329999999801
21
-112.3811949999999911
0
LINE
8
BLACK
6
CONTINUOUS
10
133.1603329999999801
20
-112.3811949999999911
11
133.3615329999999801
21
-112.7095219999999927
0
LINE
8
BLACK
6
CONTINUOUS
10
133.3615329999999801
20
-112.7095219999999927
11
133.5231310000000065
21
-112.9319429999999898
0
LINE
8
BLACK
6
CONTINUOUS
10
133.5231310000000065
20
-112.9319429999999898
11
133.6239060000000052
21
-113.0706489999999889
0
LINE
8
BLACK
6
CONTINUOUS
10
133.6239060000000052
20
-113.0706489999999889
11
133.623913999999985
21
-113.070658999999992
0
LINE
8
BLACK
6
CONTINUOUS
10
133.623913999999985
20
-113.070658999999992
11
133.9137989999999832
21
-113.4100699999999904
0
LINE
8
BLACK
6
CONTINUOUS
10
133.9137989999999832
20
-113.4100699999999904
11
134.2294389999999851
21
-113.7257099999999923
0
LINE
8
BLACK
6
CONTINUOUS
10
134.2294389999999851
20
-113.7257099999999923
11
134.5688499999999976
21
-114.0155949999999905
0
LINE
8
BLACK
6
CONTINUOUS
10
134.5688499999999976
20
-114.0155949999999905
11
134.5688600000000008
21
-114.0156029999999987
0
LINE
8
BLACK
6
CONTINUOUS
10
134.5688600000000008
20
-114.0156029999999987
11
134.5688629999999932
21
-114.0156049999999937
0
LINE
8
BLACK
6
CONTINUOUS
10
134.5688629999999932
20
-114.0156049999999937
11
134.9299879999999803
21
-114.2779769999999928
0
LINE
8
BLACK
6
CONTINUOUS
10
134.9299879999999803
20
-114.2779769999999928
11
135.3105850000000032
21
-114.5112079999999963
0
LINE
8
BLACK
6
CONTINUOUS
10
135.3105850000000032
20
-114.5112079999999963
11
135.3105919999999855
21
-114.5112120000000004
0
LINE
8
BLACK
6
CONTINUOUS
10
135.3105919999999855
20
-114.5112120000000004
11
135.4971459999999865
21
-114.6062649999999934
0
LINE
8
BLACK
6
CONTINUOUS
10
135.4971459999999865
20
-114.6062649999999934
11
135.7083079999999882
21
-114.7138580000000019
0
LINE
8
BLACK
6
CONTINUOUS
10
135.7083079999999882
20
-114.7138580000000019
11
136.1207049999999867
21
-114.8846779999999939
0
LINE
8
BLACK
6
CONTINUOUS
10
136.1207049999999867
20
-114.8846779999999939
11
136.5452329999999961
21
-115.0226150000000018
0
LINE
8
BLACK
6
CONTINUOUS
10
136.5452329999999961
20
-115.0226150000000018
11
136.9792740000000038
21
-115.126819999999995
0
LINE
8
BLACK
6
CONTINUOUS
10
136.9792740000000038
20
-115.126819999999995
11
137.4201539999999966
21
-115.1966479999999962
0
LINE
8
BLACK
6
CONTINUOUS
10
137.4201539999999966
20
-115.1966479999999962
11
137.8651529999999923
21
-115.231669999999994
0
LINE
8
BLACK
6
CONTINUOUS
10
137.8651529999999923
20
-115.231669999999994
11
137.865160000000003
21
-115.231669999999994
0
LINE
8
BLACK
6
CONTINUOUS
10
137.865160000000003
20
-115.231669999999994
11
138.3115200000000016
21
-115.231669999999994
0
LINE
8
BLACK
6
CONTINUOUS
10
138.3115200000000016
20
-115.231669999999994
11
138.3115269999999839
21
-115.231669999999994
0
LINE
8
BLACK
6
CONTINUOUS
10
138.3115269999999839
20
-115.231669999999994
11
138.7565259999999796
21
-115.1966479999999962
0
LINE
8
BLACK
6
CONTINUOUS
10
138.7565259999999796
20
-115.1966479999999962
11
139.1974060000000009
21
-115.126819999999995
0
LINE
8
BLACK
6
CONTINUOUS
10
139.1974060000000009
20
-115.126819999999995
11
139.6314469999999801
21
-115.0226150000000018
0
LINE
8
BLACK
6
CONTINUOUS
10
139.6314469999999801
20
-115.0226150000000018
11
140.0559749999999894
21
-114.8846779999999939
0
LINE
8
BLACK
6
CONTINUOUS
10
140.0559749999999894
20
-114.8846779999999939
11
140.468371999999988
21
-114.7138580000000019
0
LINE
8
BLACK
6
CONTINUOUS
10
140.468371999999988
20
-114.7138580000000019
11
140.8660950000000014
21
-114.5112079999999963
0
LINE
8
BLACK
6
CONTINUOUS
10
140.8660950000000014
20
-114.5112079999999963
11
141.2466919999999959
21
-114.2779769999999928
0
LINE
8
BLACK
6
CONTINUOUS
10
141.2466919999999959
20
-114.2779769999999928
11
141.32358499999998
21
-114.2221109999999982
0
LINE
8
BLACK
6
CONTINUOUS
10
141.32358499999998
20
-114.2221109999999982
11
141.607816999999983
21
-114.0156049999999937
0
LINE
8
BLACK
6
CONTINUOUS
10
141.607816999999983
20
-114.0156049999999937
11
141.9472429999999861
21
-113.7257079999999974
0
LINE
8
BLACK
6
CONTINUOUS
10
141.9472429999999861
20
-113.7257079999999974
11
142.2628780000000006
21
-113.410072999999997
0
LINE
8
BLACK
6
CONTINUOUS
10
142.2628780000000006
20
-113.410072999999997
11
142.5527749999999969
21
-113.0706469999999939
0
LINE
8
BLACK
6
CONTINUOUS
10
142.5527749999999969
20
-113.0706469999999939
11
142.8151469999999961
21
-112.7095219999999927
0
LINE
8
BLACK
6
CONTINUOUS
10
142.8151469999999961
20
-112.7095219999999927
11
143.0483779999999854
21
-112.3289249999999981
0
LINE
8
BLACK
6
CONTINUOUS
10
143.0483779999999854
20
-112.3289249999999981
11
143.2510279999999909
21
-111.931201999999999
0
LINE
8
BLACK
6
CONTINUOUS
10
143.2510279999999909
20
-111.931201999999999
11
143.4218479999999829
21
-111.5188050000000004
0
LINE
8
BLACK
6
CONTINUOUS
10
143.4218479999999829
20
-111.5188050000000004
11
143.5597850000000051
21
-111.0942769999999911
0
LINE
8
BLACK
6
CONTINUOUS
10
143.5597850000000051
20
-111.0942769999999911
11
143.6639899999999841
21
-110.6602359999999976
0
LINE
8
BLACK
6
CONTINUOUS
10
143.6639899999999841
20
-110.6602359999999976
11
143.7338179999999852
21
-110.2193559999999906
0
LINE
8
BLACK
6
CONTINUOUS
10
143.7338179999999852
20
-110.2193559999999906
11
143.7688399999999831
21
-109.7743569999999949
0
LINE
8
BLACK
6
CONTINUOUS
10
143.7688399999999831
20
-109.7743569999999949
11
143.7688399999999831
21
-109.327982999999989
0
LINE
8
BLACK
6
CONTINUOUS
10
143.7688399999999831
20
-109.327982999999989
11
143.7338179999999852
21
-108.8829839999999933
0
LINE
8
BLACK
6
CONTINUOUS
10
143.7338179999999852
20
-108.8829839999999933
11
143.6639899999999841
21
-108.4421040000000005
0
LINE
8
BLACK
6
CONTINUOUS
10
143.6639899999999841
20
-108.4421040000000005
11
143.5597850000000051
21
-108.0080629999999928
0
LINE
8
BLACK
6
CONTINUOUS
10
143.5597850000000051
20
-108.0080629999999928
11
143.4218479999999829
21
-107.5835349999999977
0
LINE
8
BLACK
6
CONTINUOUS
10
143.4218479999999829
20
-107.5835349999999977
11
143.2510279999999909
21
-107.1711379999999991
0
LINE
8
BLACK
6
CONTINUOUS
10
143.2510279999999909
20
-107.1711379999999991
11
143.0948089999999979
21
-106.864539999999991
0
LINE
8
BLACK
6
CONTINUOUS
10
143.0948089999999979
20
-106.864539999999991
11
143.0483820000000037
21
-106.7734219999999965
0
LINE
8
BLACK
6
CONTINUOUS
10
143.0483820000000037
20
-106.7734219999999965
11
142.9108269999999834
21
-106.5489529999999974
0
LINE
8
BLACK
6
CONTINUOUS
10
142.9108269999999834
20
-106.5489529999999974
11
142.8889209999999821
21
-106.4750009999999918
0
LINE
8
BLACK
6
CONTINUOUS
10
142.8889209999999821
20
-106.4750009999999918
11
142.9069259999999986
21
-106.4000039999999956
0
LINE
8
BLACK
6
CONTINUOUS
10
142.9069259999999986
20
-106.4000039999999956
11
142.9252620000000036
21
-106.3735279999999932
0
LINE
8
BLACK
6
CONTINUOUS
10
142.9252620000000036
20
-106.3735279999999932
11
142.9573000000000036
21
-106.3365549999999899
0
LINE
8
BLACK
6
CONTINUOUS
10
142.9573000000000036
20
-106.3365549999999899
11
143.215375999999992
21
-105.9918019999999927
0
LINE
8
BLACK
6
CONTINUOUS
10
143.215375999999992
20
-105.9918019999999927
11
143.4481989999999882
21
-105.6295159999999953
0
LINE
8
BLACK
6
CONTINUOUS
10
143.4481989999999882
20
-105.6295159999999953
11
143.6545849999999973
21
-105.2515439999999955
0
LINE
8
BLACK
6
CONTINUOUS
10
143.6545849999999973
20
-105.2515439999999955
11
143.8334799999999802
21
-104.8598119999999909
0
LINE
8
BLACK
6
CONTINUOUS
10
143.8334799999999802
20
-104.8598119999999909
11
143.9839739999999892
21
-104.4563149999999894
0
LINE
8
BLACK
6
CONTINUOUS
10
143.9839739999999892
20
-104.4563149999999894
11
144.1052990000000023
21
-104.0431099999999986
0
LINE
8
BLACK
6
CONTINUOUS
10
144.1052990000000023
20
-104.0431099999999986
11
144.1968369999999879
21
-103.6223030000000023
0
LINE
8
BLACK
6
CONTINUOUS
10
144.1968369999999879
20
-103.6223030000000023
11
144.258121999999986
21
-103.1960380000000015
0
LINE
8
BLACK
6
CONTINUOUS
10
144.258121999999986
20
-103.1960380000000015
11
144.258121999999986
21
-103.1960270000000008
0
LINE
8
BLACK
6
CONTINUOUS
10
144.258121999999986
20
-103.1960270000000008
11
144.2581239999999809
21
-103.1960189999999926
0
LINE
8
BLACK
6
CONTINUOUS
10
144.2581239999999809
20
-103.1960189999999926
11
144.2832760000000007
21
-102.8442939999999908
0
LINE
8
BLACK
6
CONTINUOUS
10
144.2832760000000007
20
-102.8442939999999908
11
144.2888409999999908
21
-102.7664869999999979
0
LINE
8
BLACK
6
CONTINUOUS
10
144.2888409999999908
20
-102.7664869999999979
11
144.2888399999999933
21
-102.5511629999999883
0
LINE
8
BLACK
6
CONTINUOUS
10
144.2888399999999933
20
-102.5511629999999883
11
144.2888399999999933
21
-102.4461319999999915
0
LINE
8
BLACK
6
CONTINUOUS
10
144.2888399999999933
20
-102.4461319999999915
11
144.2888399999999933
21
-88.6561930000000018
0
LINE
8
BLACK
6
CONTINUOUS
10
144.2888399999999933
20
-88.6561930000000018
11
144.2888409999999908
21
-88.6561880000000002
0
LINE
8
BLACK
6
CONTINUOUS
10
144.2888409999999908
20
-88.6561880000000002
11
144.2888399999999933
21
-88.5511580000000009
0
LINE
8
BLACK
6
CONTINUOUS
10
144.2888399999999933
20
-88.5511580000000009
11
144.2888399999999933
21
-88.4566889999999972
0
LINE
8
BLACK
6
CONTINUOUS
10
144.2888399999999933
20
-88.4566889999999972
11
144.2888399999999933
21
-88.4510219999999947
0
LINE
8
BLACK
6
CONTINUOUS
10
144.2888399999999933
20
-88.4510219999999947
11
144.2888279999999952
21
-88.4507600000000025
0
LINE
8
BLACK
6
CONTINUOUS
10
144.2888279999999952
20
-88.4507600000000025
11
144.2888279999999952
21
-88.3569589999999891
0
LINE
8
BLACK
6
CONTINUOUS
10
144.2888279999999952
20
-88.3569589999999891
11
144.2732619999999883
21
-88.1889850000000024
0
LINE
8
BLACK
6
CONTINUOUS
10
144.2732619999999883
20
-88.1889850000000024
11
144.2529899999999827
21
-87.9702339999999907
0
LINE
8
BLACK
6
CONTINUOUS
10
144.2529899999999827
20
-87.9702339999999907
11
144.2529889999999853
21
-87.9702259999999967
0
LINE
8
BLACK
6
CONTINUOUS
10
144.2529889999999853
20
-87.9702259999999967
11
144.2529879999999878
21
-87.9702240000000018
0
LINE
8
BLACK
6
CONTINUOUS
10
144.2529879999999878
20
-87.9702240000000018
11
144.2529879999999878
21
-87.970216999999991
0
LINE
8
BLACK
6
CONTINUOUS
10
144.2529879999999878
20
-87.970216999999991
11
144.1816169999999886
21
-87.5884319999999974
0
LINE
8
BLACK
6
CONTINUOUS
10
144.1816169999999886
20
-87.5884319999999974
11
144.0753249999999923
21
-87.2148609999999991
0
LINE
8
BLACK
6
CONTINUOUS
10
144.0753249999999923
20
-87.2148609999999991
11
143.9350169999999878
21
-86.852690999999993
0
LINE
8
BLACK
6
CONTINUOUS
10
143.9350169999999878
20
-86.852690999999993
11
143.9350129999999979
21
-86.8526820000000015
0
LINE
8
BLACK
6
CONTINUOUS
10
143.9350129999999979
20
-86.8526820000000015
11
143.9350110000000029
21
-86.8526769999999999
0
LINE
8
BLACK
6
CONTINUOUS
10
143.9350110000000029
20
-86.8526769999999999
11
143.7619009999999946
21
-86.5050279999999958
0
LINE
8
BLACK
6
CONTINUOUS
10
143.7619009999999946
20
-86.5050279999999958
11
143.7618909999999914
21
-86.5050099999999986
0
LINE
8
BLACK
6
CONTINUOUS
10
143.7618909999999914
20
-86.5050099999999986
11
143.7471270000000061
21
-86.4811660000000018
0
LINE
8
BLACK
6
CONTINUOUS
10
143.7471270000000061
20
-86.4811660000000018
11
143.5574259999999924
21
-86.1747879999999924
0
LINE
8
BLACK
6
CONTINUOUS
10
143.5574259999999924
20
-86.1747879999999924
11
143.3233630000000005
21
-85.8648389999999893
0
LINE
8
BLACK
6
CONTINUOUS
10
143.3233630000000005
20
-85.8648389999999893
11
143.3115479999999877
21
-85.8518789999999967
0
LINE
8
BLACK
6
CONTINUOUS
10
143.3115479999999877
20
-85.8518789999999967
11
143.0617019999999968
21
-85.5778099999999995
0
LINE
8
BLACK
6
CONTINUOUS
10
143.0617019999999968
20
-85.5778099999999995
11
143.0616990000000044
21
-85.5778069999999929
0
LINE
8
BLACK
6
CONTINUOUS
10
143.0616990000000044
20
-85.5778069999999929
11
142.7746699999999862
21
-85.3161439999999942
0
LINE
8
BLACK
6
CONTINUOUS
10
142.7746699999999862
20
-85.3161439999999942
11
142.7746649999999988
21
-85.3161399999999901
0
LINE
8
BLACK
6
CONTINUOUS
10
142.7746649999999988
20
-85.3161399999999901
11
142.4647339999999929
21
-85.0820889999999963
0
LINE
8
BLACK
6
CONTINUOUS
10
142.4647339999999929
20
-85.0820889999999963
11
142.4647159999999815
21
-85.0820760000000007
0
LINE
8
BLACK
6
CONTINUOUS
10
142.4647159999999815
20
-85.0820760000000007
11
142.1345059999999876
21
-84.8776179999999982
0
LINE
8
BLACK
6
CONTINUOUS
10
142.1345059999999876
20
-84.8776179999999982
11
142.1345039999999926
21
-84.8776170000000008
0
LINE
8
BLACK
6
CONTINUOUS
10
142.1345039999999926
20
-84.8776170000000008
11
142.1345010000000002
21
-84.8776149999999916
0
LINE
8
BLACK
6
CONTINUOUS
10
142.1345010000000002
20
-84.8776149999999916
11
141.7868220000000008
21
-84.7044879999999978
0
LINE
8
BLACK
6
CONTINUOUS
10
141.7868220000000008
20
-84.7044879999999978
11
141.6632060000000024
21
-84.6565980000000025
0
LINE
8
BLACK
6
CONTINUOUS
10
141.6632060000000024
20
-84.6565980000000025
11
141.4246589999999912
21
-84.5641820000000024
0
LINE
8
BLACK
6
CONTINUOUS
10
141.4246589999999912
20
-84.5641820000000024
11
141.4246499999999855
21
-84.5641789999999958
0
LINE
8
BLACK
6
CONTINUOUS
10
141.4246499999999855
20
-84.5641789999999958
11
141.051085999999998
21
-84.4578869999999995
0
LINE
8
BLACK
6
CONTINUOUS
10
141.051085999999998
20
-84.4578869999999995
11
141.0510809999999822
21
-84.457886000000002
0
LINE
8
BLACK
6
CONTINUOUS
10
141.0510809999999822
20
-84.457886000000002
11
140.9882969999999887
21
-84.4461489999999912
0
LINE
8
BLACK
6
CONTINUOUS
10
140.9882969999999887
20
-84.4461489999999912
11
140.6692970000000003
21
-84.3865139999999911
0
LINE
8
BLACK
6
CONTINUOUS
10
140.6692970000000003
20
-84.3865139999999911
11
140.6692899999999895
21
-84.3865129999999937
0
LINE
8
BLACK
6
CONTINUOUS
10
140.6692899999999895
20
-84.3865129999999937
11
140.6692830000000072
21
-84.3865119999999962
0
LINE
8
BLACK
6
CONTINUOUS
10
140.6692830000000072
20
-84.3865119999999962
11
140.282560999999987
21
-84.350672000000003
0
LINE
8
BLACK
6
CONTINUOUS
10
140.282560999999987
20
-84.350672000000003
11
140.2825540000000046
21
-84.3506709999999913
0
LINE
8
BLACK
6
CONTINUOUS
10
140.2825540000000046
20
-84.3506709999999913
11
140.1828280000000007
21
-84.3506699999999938
0
LINE
8
BLACK
6
CONTINUOUS
10
140.1828280000000007
20
-84.3506699999999938
11
140.1828270000000032
21
-84.3506699999999938
0
LINE
8
BLACK
6
CONTINUOUS
10
140.1828270000000032
20
-84.3506699999999938
11
140.1828249999999798
21
-84.3506699999999938
0
LINE
8
BLACK
6
CONTINUOUS
10
140.1828249999999798
20
-84.3506699999999938
11
140.0883560000000045
21
-84.3506699999999938
0
LINE
8
BLACK
6
CONTINUOUS
10
140.0883560000000045
20
-84.3506699999999938
11
139.9833260000000053
21
-84.3506679999999989
0
LINE
8
BLACK
6
CONTINUOUS
10
139.9833260000000053
20
-84.3506679999999989
11
139.9833150000000046
21
-84.3506699999999938
0
LINE
8
BLACK
6
CONTINUOUS
10
139.9833150000000046
20
-84.3506699999999938
11
131.8961589999999831
21
-84.3506699999999938
0
LINE
8
BLACK
6
CONTINUOUS
10
131.8961589999999831
20
-84.3506699999999938
11
131.890703000000002
21
-84.3506699999999938
0
LINE
8
BLACK
6
CONTINUOUS
10
131.890703000000002
20
-84.3506699999999938
11
131.8900099999999895
21
-84.3506959999999992
0
LINE
8
BLACK
6
CONTINUOUS
10
131.8900099999999895
20
-84.3506959999999992
11
131.7753139999999803
21
-84.3506959999999992
0
LINE
8
BLACK
6
CONTINUOUS
10
131.7753139999999803
20
-84.3506959999999992
11
131.3457949999999812
21
-84.3814119999999974
0
LINE
8
BLACK
6
CONTINUOUS
10
131.3457949999999812
20
-84.3814119999999974
11
130.9194980000000044
21
-84.4427009999999996
0
LINE
8
BLACK
6
CONTINUOUS
10
130.9194980000000044
20
-84.4427009999999996
11
130.4987199999999916
21
-84.5342320000000029
0
LINE
8
BLACK
6
CONTINUOUS
10
130.4987199999999916
20
-84.5342320000000029
11
130.4987099999999884
21
-84.5342349999999954
0
LINE
8
BLACK
6
CONTINUOUS
10
130.4987099999999884
20
-84.5342349999999954
11
130.3967240000000061
21
-84.5641799999999932
0
LINE
8
BLACK
6
CONTINUOUS
10
130.3967240000000061
20
-84.5641799999999932
11
130.1191469999999981
21
-84.6456819999999936
0
LINE
8
BLACK
6
CONTINUOUS
10
130.1191469999999981
20
-84.6456819999999936
11
130.0855009999999936
21
-84.6555609999999916
0
LINE
8
BLACK
6
CONTINUOUS
10
130.0855009999999936
20
-84.6555609999999916
11
129.6820060000000012
21
-84.8060540000000032
0
LINE
8
BLACK
6
CONTINUOUS
10
129.6820060000000012
20
-84.8060540000000032
11
129.6820019999999829
21
-84.8060559999999981
0
LINE
8
BLACK
6
CONTINUOUS
10
129.6820019999999829
20
-84.8060559999999981
11
129.2902839999999856
21
-84.9849430000000012
0
LINE
8
BLACK
6
CONTINUOUS
10
129.2902839999999856
20
-84.9849430000000012
11
128.9123119999999858
21
-85.1913270000000011
0
LINE
8
BLACK
6
CONTINUOUS
10
128.9123119999999858
20
-85.1913270000000011
11
128.912304000000006
21
-85.1913320000000027
0
LINE
8
BLACK
6
CONTINUOUS
10
128.912304000000006
20
-85.1913320000000027
11
128.5500260000000026
21
-85.4241509999999948
0
LINE
8
BLACK
6
CONTINUOUS
10
128.5500260000000026
20
-85.4241509999999948
11
128.5500189999999918
21
-85.4241559999999964
0
LINE
8
BLACK
6
CONTINUOUS
10
128.5500189999999918
20
-85.4241559999999964
11
128.2052730000000054
21
-85.682226
0
LINE
8
BLACK
6
CONTINUOUS
10
128.2052730000000054
20
-85.682226
11
127.8798180000000002
21
-85.9642290000000031
0
LINE
8
BLACK
6
CONTINUOUS
10
127.8798180000000002
20
-85.9642290000000031
11
127.8798069999999996
21
-85.9642399999999895
0
LINE
8
BLACK
6
CONTINUOUS
10
127.8798069999999996
20
-85.9642399999999895
11
127.7275489999999962
21
-86.1164959999999979
0
LINE
8
BLACK
6
CONTINUOUS
10
127.7275489999999962
20
-86.1164959999999979
11
127.7275489999999962
21
-86.1164950000000005
0
LINE
8
BLACK
6
CONTINUOUS
10
127.7275489999999962
20
-86.1164950000000005
11
127.6532799999999952
21
-86.1907619999999923
0
LINE
8
BLACK
6
CONTINUOUS
10
127.6532799999999952
20
-86.1907619999999923
11
127.6532729999999987
21
-86.1907700000000006
0
LINE
8
BLACK
6
CONTINUOUS
10
127.6532729999999987
20
-86.1907700000000006
11
127.6495229999999879
21
-86.1945209999999946
0
LINE
8
BLACK
6
CONTINUOUS
10
127.6495229999999879
20
-86.1945209999999946
11
127.6495219999999904
21
-86.1945219999999921
0
LINE
8
BLACK
6
CONTINUOUS
10
127.6495219999999904
20
-86.1945219999999921
11
126.9506979999999885
21
-86.8933449999999965
0
LINE
8
BLACK
6
CONTINUOUS
10
126.9506979999999885
20
-86.8933449999999965
11
126.9421069999999929
21
-86.9012869999999964
0
LINE
8
BLACK
6
CONTINUOUS
10
126.9421069999999929
20
-86.9012869999999964
11
126.8106599999999986
21
-87.0135530000000017
0
LINE
8
BLACK
6
CONTINUOUS
10
126.8106599999999986
20
-87.0135530000000017
11
126.7917449999999917
21
-87.0272949999999952
0
LINE
8
BLACK
6
CONTINUOUS
10
126.7917449999999917
20
-87.0272949999999952
11
126.6493469999999917
21
-87.1145569999999907
0
LINE
8
BLACK
6
CONTINUOUS
10
126.6493469999999917
20
-87.1145569999999907
11
126.6285149999999931
21
-87.1251719999999921
0
LINE
8
BLACK
6
CONTINUOUS
10
126.6285149999999931
20
-87.1251719999999921
11
126.474222999999995
21
-87.1890829999999966
0
LINE
8
BLACK
6
CONTINUOUS
10
126.474222999999995
20
-87.1890829999999966
11
126.4519869999999884
21
-87.1963080000000019
0
LINE
8
BLACK
6
CONTINUOUS
10
126.4519869999999884
20
-87.1963080000000019
11
126.2895949999999914
21
-87.2352970000000028
0
LINE
8
BLACK
6
CONTINUOUS
10
126.2895949999999914
20
-87.2352970000000028
11
126.2665030000000002
21
-87.23895499999999
0
LINE
8
BLACK
6
CONTINUOUS
10
126.2665030000000002
20
-87.23895499999999
11
126.0942909999999983
21
-87.2525109999999984
0
LINE
8
BLACK
6
CONTINUOUS
10
126.0942909999999983
20
-87.2525109999999984
11
126.0825979999999902
21
-87.2529699999999906
0
LINE
8
BLACK
6
CONTINUOUS
10
126.0825979999999902
20
-87.2529699999999906
11
116.1021899999999931
21
-87.2529699999999906
0
LINE
8
BLACK
6
CONTINUOUS
10
116.1021899999999931
20
-87.2529699999999906
11
116.0956659999999943
21
-87.2529689999999931
0
LINE
8
BLACK
6
CONTINUOUS
10
116.0956659999999943
20
-87.2529689999999931
11
116.095649999999992
21
-87.2529669999999982
0
LINE
8
BLACK
6
CONTINUOUS
10
116.095649999999992
20
-87.2529669999999982
11
116.0198779999999914
21
-87.2529679999999956
0
LINE
8
BLACK
6
CONTINUOUS
10
116.0198779999999914
20
-87.2529679999999956
11
115.996469999999988
21
-87.2529679999999956
0
LINE
8
BLACK
6
CONTINUOUS
10
115.996469999999988
20
-87.2529679999999956
11
115.9964689999999905
21
-87.2529669999999982
0
LINE
8
BLACK
6
CONTINUOUS
10
115.9964689999999905
20
-87.2529669999999982
11
115.984784999999988
21
-87.2525089999999892
0
LINE
8
BLACK
6
CONTINUOUS
10
115.984784999999988
20
-87.2525089999999892
11
115.8124430000000018
21
-87.2389479999999935
0
LINE
8
BLACK
6
CONTINUOUS
10
115.8124430000000018
20
-87.2389479999999935
11
115.7893490000000014
21
-87.235289999999992
0
LINE
8
BLACK
6
CONTINUOUS
10
115.7893490000000014
20
-87.235289999999992
11
115.6269750000000016
21
-87.1963089999999994
0
LINE
8
BLACK
6
CONTINUOUS
10
115.6269750000000016
20
-87.1963089999999994
11
115.604738999999995
21
-87.1890849999999915
0
LINE
8
BLACK
6
CONTINUOUS
10
115.604738999999995
20
-87.1890849999999915
11
115.4504449999999878
21
-87.1251769999999937
0
LINE
8
BLACK
6
CONTINUOUS
10
115.4504449999999878
20
-87.1251769999999937
11
115.4296159999999958
21
-87.1145640000000014
0
LINE
8
BLACK
6
CONTINUOUS
10
115.4296159999999958
20
-87.1145640000000014
11
115.2872189999999932
21
-87.0273049999999984
0
LINE
8
BLACK
6
CONTINUOUS
10
115.2872189999999932
20
-87.0273049999999984
11
115.2683059999999955
21
-87.0135629999999907
0
LINE
8
BLACK
6
CONTINUOUS
10
115.2683059999999955
20
-87.0135629999999907
11
115.1370000000000005
21
-86.901416999999995
0
LINE
8
BLACK
6
CONTINUOUS
10
115.1370000000000005
20
-86.901416999999995
11
115.1284259999999904
21
-86.8934919999999948
0
LINE
8
BLACK
6
CONTINUOUS
10
115.1284259999999904
20
-86.8934919999999948
11
115.0581479999999885
21
-86.823213999999993
0
LINE
8
BLACK
6
CONTINUOUS
10
115.0581479999999885
20
-86.823213999999993
11
115.0581469999999911
21
-86.8232129999999955
0
LINE
8
BLACK
6
CONTINUOUS
10
115.0581469999999911
20
-86.8232129999999955
11
115.0544159999999891
21
-86.8194819999999936
0
LINE
8
BLACK
6
CONTINUOUS
10
115.0544159999999891
20
-86.8194819999999936
11
115.0544009999999986
21
-86.8194680000000005
0
LINE
8
BLACK
6
CONTINUOUS
10
115.0544009999999986
20
-86.8194680000000005
11
113.6484639999999899
21
-85.4135299999999944
0
LINE
8
BLACK
6
CONTINUOUS
10
113.6484639999999899
20
-85.4135299999999944
11
113.6405230000000017
21
-85.4049389999999988
0
LINE
8
BLACK
6
CONTINUOUS
10
113.6405230000000017
20
-85.4049389999999988
11
113.5282509999999974
21
-85.2734870000000029
0
LINE
8
BLACK
6
CONTINUOUS
10
113.5282509999999974
20
-85.2734870000000029
11
113.5145069999999947
21
-85.2545709999999985
0
LINE
8
BLACK
6
CONTINUOUS
10
113.5145069999999947
20
-85.2545709999999985
11
113.4272500000000008
21
-85.1121799999999951
0
LINE
8
BLACK
6
CONTINUOUS
10
113.4272500000000008
20
-85.1121799999999951
11
113.4166359999999969
21
-85.091346999999999
0
LINE
8
BLACK
6
CONTINUOUS
10
113.4166359999999969
20
-85.091346999999999
11
113.352729999999994
21
-84.9370609999999999
0
LINE
8
BLACK
6
CONTINUOUS
10
113.352729999999994
20
-84.9370609999999999
11
113.3455089999999927
21
-84.9148390000000006
0
LINE
8
BLACK
6
CONTINUOUS
10
113.3455089999999927
20
-84.9148390000000006
11
113.3065229999999985
21
-84.7524509999999935
0
LINE
8
BLACK
6
CONTINUOUS
10
113.3065229999999985
20
-84.7524509999999935
11
113.3028659999999945
21
-84.7293569999999931
0
LINE
8
BLACK
6
CONTINUOUS
10
113.3028659999999945
20
-84.7293569999999931
11
113.2998999999999938
21
-84.691670000000002
0
LINE
8
BLACK
6
CONTINUOUS
10
113.2998999999999938
20
-84.691670000000002
11
113.2892979999999881
21
-84.5569409999999948
0
LINE
8
BLACK
6
CONTINUOUS
10
113.2892979999999881
20
-84.5569409999999948
11
113.2888399999999933
21
-84.5452539999999999
0
LINE
8
BLACK
6
CONTINUOUS
10
113.2888399999999933
20
-84.5452539999999999
11
113.2888399999999933
21
-84.4609009999999927
0
LINE
8
BLACK
6
CONTINUOUS
10
113.2888399999999933
20
-84.4609009999999927
11
113.2888409999999908
21
-84.4461549999999903
0
LINE
8
BLACK
6
CONTINUOUS
10
113.2888409999999908
20
-84.4461549999999903
11
113.2888399999999933
21
-84.4461489999999912
0
LINE
8
BLACK
6
CONTINUOUS
10
113.2888399999999933
20
-84.4461489999999912
11
113.2888399999999933
21
-83.6388180000000006
0
LINE
8
BLACK
6
CONTINUOUS
10
113.2888399999999933
20
-83.6388180000000006
11
113.2888399999999933
21
-82.2520449999999954
0
LINE
8
BLACK
6
CONTINUOUS
10
113.2888399999999933
20
-82.2520449999999954
11
113.2892989999999998
21
-82.2403539999999964
0
LINE
8
BLACK
6
CONTINUOUS
10
113.2892989999999998
20
-82.2403539999999964
11
113.2922789999999935
21
-82.2024969999999939
0
LINE
8
BLACK
6
CONTINUOUS
10
113.2922789999999935
20
-82.2024969999999939
11
113.3028649999999971
21
-82.0679939999999988
0
LINE
8
BLACK
6
CONTINUOUS
10
113.3028649999999971
20
-82.0679939999999988
11
113.3065199999999919
21
-82.0449219999999997
0
LINE
8
BLACK
6
CONTINUOUS
10
113.3065199999999919
20
-82.0449219999999997
11
113.3455129999999969
21
-81.8825089999999989
0
LINE
8
BLACK
6
CONTINUOUS
10
113.3455129999999969
20
-81.8825089999999989
11
113.3527309999999915
21
-81.8602970000000028
0
LINE
8
BLACK
6
CONTINUOUS
10
113.3527309999999915
20
-81.8602970000000028
11
113.4166489999999925
21
-81.7059859999999958
0
LINE
8
BLACK
6
CONTINUOUS
10
113.4166489999999925
20
-81.7059859999999958
11
113.4272589999999923
21
-81.6851649999999978
0
LINE
8
BLACK
6
CONTINUOUS
10
113.4272589999999923
20
-81.6851649999999978
11
113.5145189999999928
21
-81.5427699999999902
0
LINE
8
BLACK
6
CONTINUOUS
10
113.5145189999999928
20
-81.5427699999999902
11
113.5282559999999989
21
-81.5238599999999991
0
LINE
8
BLACK
6
CONTINUOUS
10
113.5282559999999989
20
-81.5238599999999991
11
113.6406219999999934
21
-81.3922960000000018
0
LINE
8
BLACK
6
CONTINUOUS
10
113.6406219999999934
20
-81.3922960000000018
11
113.6485369999999904
21
-81.3837339999999898
0
LINE
8
BLACK
6
CONTINUOUS
10
113.6485369999999904
20
-81.3837339999999898
11
114.6015299999999968
21
-80.43074399999999
0
LINE
8
BLACK
6
CONTINUOUS
10
114.6015299999999968
20
-80.43074399999999
11
114.6015309999999943
21
-80.4307409999999976
0
LINE
8
BLACK
6
CONTINUOUS
10
114.6015309999999943
20
-80.4307409999999976
11
114.6100160000000017
21
-80.4222570000000019
0
LINE
8
BLACK
6
CONTINUOUS
10
114.6100160000000017
20
-80.4222570000000019
11
114.610020999999989
21
-80.4222499999999911
0
LINE
8
BLACK
6
CONTINUOUS
10
114.610020999999989
20
-80.4222499999999911
11
115.1355049999999949
21
-79.8967679999999945
0
LINE
8
BLACK
6
CONTINUOUS
10
115.1355049999999949
20
-79.8967679999999945
11
115.1355059999999924
21
-79.896765000000002
0
LINE
8
BLACK
6
CONTINUOUS
10
115.1355059999999924
20
-79.896765000000002
11
115.1439909999999998
21
-79.8882809999999921
0
LINE
8
BLACK
6
CONTINUOUS
10
115.1439909999999998
20
-79.8882809999999921
11
115.1439960000000013
21
-79.8882739999999956
0
LINE
8
BLACK
6
CONTINUOUS
10
115.1439960000000013
20
-79.8882739999999956
11
115.9169179999999955
21
-79.1153539999999964
0
LINE
8
BLACK
6
CONTINUOUS
10
115.9169179999999955
20
-79.1153539999999964
11
115.9169189999999929
21
-79.1153509999999898
0
LINE
8
BLACK
6
CONTINUOUS
10
115.9169189999999929
20
-79.1153509999999898
11
115.9254040000000003
21
-79.1068669999999941
0
LINE
8
BLACK
6
CONTINUOUS
10
115.9254040000000003
20
-79.1068669999999941
11
115.9254089999999877
21
-79.1068599999999975
0
LINE
8
BLACK
6
CONTINUOUS
10
115.9254089999999877
20
-79.1068599999999975
11
116.5622589999999974
21
-78.4700109999999995
0
LINE
8
BLACK
6
CONTINUOUS
10
116.5622589999999974
20
-78.4700109999999995
11
116.5999690000000015
21
-78.4426139999999918
0
LINE
8
BLACK
6
CONTINUOUS
10
116.5999690000000015
20
-78.4426139999999918
11
116.7749499999999898
21
-78.3534569999999917
0
LINE
8
BLACK
6
CONTINUOUS
10
116.7749499999999898
20
-78.3534569999999917
11
116.9405589999999933
21
-78.2331360000000018
0
LINE
8
BLACK
6
CONTINUOUS
10
116.9405589999999933
20
-78.2331360000000018
11
117.0853059999999886
21
-78.0883889999999923
0
LINE
8
BLACK
6
CONTINUOUS
10
117.0853059999999886
20
-78.0883889999999923
11
117.2056269999999927
21
-77.922780000000003
0
LINE
8
BLACK
6
CONTINUOUS
10
117.2056269999999927
20
-77.922780000000003
11
117.2985599999999948
21
-77.7403889999999933
0
LINE
8
BLACK
6
CONTINUOUS
10
117.2985599999999948
20
-77.7403889999999933
11
117.3618169999999878
21
-77.5457040000000006
0
LINE
8
BLACK
6
CONTINUOUS
10
117.3618169999999878
20
-77.5457040000000006
11
117.3938399999999973
21
-77.343521999999993
0
LINE
8
BLACK
6
CONTINUOUS
10
117.3938399999999973
20
-77.343521999999993
11
117.3938399999999973
21
-77.1388180000000006
0
LINE
8
BLACK
6
CONTINUOUS
10
117.3938399999999973
20
-77.1388180000000006
11
117.3618169999999878
21
-76.9366359999999929
0
LINE
8
BLACK
6
CONTINUOUS
10
117.3618169999999878
20
-76.9366359999999929
11
117.301130999999998
21
-76.7498659999999973
0
LINE
8
BLACK
6
CONTINUOUS
10
117.301130999999998
20
-76.7498659999999973
11
117.2938399999999888
21
-76.7038239999999973
0
LINE
8
BLACK
6
CONTINUOUS
10
117.2938399999999888
20
-76.7038239999999973
11
117.2938399999999888
21
-69.6463799999999935
0
LINE
8
BLACK
6
CONTINUOUS
10
117.2938399999999888
20
-69.6463799999999935
11
117.2938159999999925
21
-69.6457929999999976
0
LINE
8
BLACK
6
CONTINUOUS
10
117.2938159999999925
20
-69.6457929999999976
11
117.29381699999999
21
-69.582177999999999
0
LINE
8
BLACK
6
CONTINUOUS
10
117.29381699999999
20
-69.582177999999999
11
117.2938180000000017
21
-69.5391369999999966
0
LINE
8
BLACK
6
CONTINUOUS
10
117.2938180000000017
20
-69.5391369999999966
11
117.2612589999999955
21
-69.1253820000000019
0
LINE
8
BLACK
6
CONTINUOUS
10
117.2612589999999955
20
-69.1253820000000019
11
117.1963369999999998
21
-68.7154570000000007
0
LINE
8
BLACK
6
CONTINUOUS
10
117.1963369999999998
20
-68.7154570000000007
11
117.0994519999999994
21
-68.3118899999999911
0
LINE
8
BLACK
6
CONTINUOUS
10
117.0994519999999994
20
-68.3118899999999911
11
116.9712029999999885
21
-67.9171680000000038
0
LINE
8
BLACK
6
CONTINUOUS
10
116.9712029999999885
20
-67.9171680000000038
11
116.8123789999999929
21
-67.533725000000004
0
LINE
8
BLACK
6
CONTINUOUS
10
116.8123789999999929
20
-67.533725000000004
11
116.8123760000000004
21
-67.5337200000000024
0
LINE
8
BLACK
6
CONTINUOUS
10
116.8123760000000004
20
-67.5337200000000024
11
116.8123739999999913
21
-67.5337140000000034
0
LINE
8
BLACK
6
CONTINUOUS
10
116.8123739999999913
20
-67.5337140000000034
11
116.8123729999999938
21
-67.5337119999999942
0
LINE
8
BLACK
6
CONTINUOUS
10
116.8123729999999938
20
-67.5337119999999942
11
116.6239599999999967
21
-67.1639279999999985
0
LINE
8
BLACK
6
CONTINUOUS
10
116.6239599999999967
20
-67.1639279999999985
11
116.6239589999999993
21
-67.1639260000000036
0
LINE
8
BLACK
6
CONTINUOUS
10
116.6239589999999993
20
-67.1639260000000036
11
116.4071069999999963
21
-66.8100500000000039
0
LINE
8
BLACK
6
CONTINUOUS
10
116.4071069999999963
20
-66.8100500000000039
11
116.1631569999999982
21
-66.4742789999999957
0
LINE
8
BLACK
6
CONTINUOUS
10
116.1631569999999982
20
-66.4742789999999957
11
115.9857399999999927
21
-66.2665480000000002
0
LINE
8
BLACK
6
CONTINUOUS
10
115.9857399999999927
20
-66.2665480000000002
11
115.9363719999999915
21
-66.2087449999999933
0
LINE
8
BLACK
6
CONTINUOUS
10
115.9363719999999915
20
-66.2087449999999933
11
115.9031679999999938
21
-66.1391299999999944
0
LINE
8
BLACK
6
CONTINUOUS
10
115.9031679999999938
20
-66.1391299999999944
11
115.9092199999999906
21
-66.0622400000000027
0
LINE
8
BLACK
6
CONTINUOUS
10
115.9092199999999906
20
-66.0622400000000027
11
115.9226299999999981
21
-66.0341250000000031
0
LINE
8
BLACK
6
CONTINUOUS
10
115.9226299999999981
20
-66.0341250000000031
11
115.951761999999988
21
-65.9865860000000026
0
LINE
8
BLACK
6
CONTINUOUS
10
115.951761999999988
20
-65.9865860000000026
11
116.0483779999999996
21
-65.8289249999999981
0
LINE
8
BLACK
6
CONTINUOUS
10
116.0483779999999996
20
-65.8289249999999981
11
116.2510279999999909
21
-65.431201999999999
0
LINE
8
BLACK
6
CONTINUOUS
10
116.2510279999999909
20
-65.431201999999999
11
116.4218479999999971
21
-65.0188050000000004
0
LINE
8
BLACK
6
CONTINUOUS
10
116.4218479999999971
20
-65.0188050000000004
11
116.5597849999999909
21
-64.5942769999999911
0
LINE
8
BLACK
6
CONTINUOUS
10
116.5597849999999909
20
-64.5942769999999911
11
116.6639899999999983
21
-64.1602359999999976
0
LINE
8
BLACK
6
CONTINUOUS
10
116.6639899999999983
20
-64.1602359999999976
11
116.7338179999999994
21
-63.7193559999999977
0
LINE
8
BLACK
6
CONTINUOUS
10
116.7338179999999994
20
-63.7193559999999977
11
116.7688399999999973
21
-63.2743569999999949
0
LINE
8
BLACK
6
CONTINUOUS
10
116.7688399999999973
20
-63.2743569999999949
11
116.7688399999999973
21
-62.8279829999999961
0
LINE
8
BLACK
6
CONTINUOUS
10
116.7688399999999973
20
-62.8279829999999961
11
116.7338179999999994
21
-62.3829840000000004
0
LINE
8
BLACK
6
CONTINUOUS
10
116.7338179999999994
20
-62.3829840000000004
11
116.6639899999999983
21
-61.9421040000000005
0
LINE
8
BLACK
6
CONTINUOUS
10
116.6639899999999983
20
-61.9421040000000005
11
116.5597849999999909
21
-61.5080629999999999
0
LINE
8
BLACK
6
CONTINUOUS
10
116.5597849999999909
20
-61.5080629999999999
11
116.4218479999999971
21
-61.0835349999999977
0
LINE
8
BLACK
6
CONTINUOUS
10
116.4218479999999971
20
-61.0835349999999977
11
116.2510279999999909
21
-60.6711379999999991
0
LINE
8
BLACK
6
CONTINUOUS
10
116.2510279999999909
20
-60.6711379999999991
11
116.1521789999999896
21
-60.477136999999999
0
LINE
8
BLACK
6
CONTINUOUS
10
116.1521789999999896
20
-60.477136999999999
11
116.1361440000000016
21
-60.4016959999999941
0
LINE
8
BLACK
6
CONTINUOUS
10
116.1361440000000016
20
-60.4016959999999941
11
116.1599779999999953
21
-60.3283429999999967
0
LINE
8
BLACK
6
CONTINUOUS
10
116.1599779999999953
20
-60.3283429999999967
11
116.1795759999999973
21
-60.3041399999999967
0
LINE
8
BLACK
6
CONTINUOUS
10
116.1795759999999973
20
-60.3041399999999967
11
116.6372769999999974
21
-59.8464389999999966
0
LINE
8
BLACK
6
CONTINUOUS
10
116.6372769999999974
20
-59.8464389999999966
11
116.6410489999999953
21
-59.8427999999999969
0
LINE
8
BLACK
6
CONTINUOUS
10
116.6410489999999953
20
-59.8427999999999969
11
116.9639829999999989
21
-59.5421389999999988
0
LINE
8
BLACK
6
CONTINUOUS
10
116.9639829999999989
20
-59.5421389999999988
11
116.9720030000000008
21
-59.535191999999995
0
LINE
8
BLACK
6
CONTINUOUS
10
116.9720030000000008
20
-59.535191999999995
11
116.9763619999999946
21
-59.5316799999999944
0
LINE
8
BLACK
6
CONTINUOUS
10
116.9763619999999946
20
-59.5316799999999944
11
117.313455999999988
21
-59.260033
0
LINE
8
BLACK
6
CONTINUOUS
10
117.313455999999988
20
-59.260033
11
117.3219549999999884
21
-59.2536699999999996
0
LINE
8
BLACK
6
CONTINUOUS
10
117.3219549999999884
20
-59.2536699999999996
11
117.6821899999999914
21
-59.0035559999999961
0
LINE
8
BLACK
6
CONTINUOUS
10
117.6821899999999914
20
-59.0035559999999961
11
117.6910999999999916
21
-58.9978300000000004
0
LINE
8
BLACK
6
CONTINUOUS
10
117.6910999999999916
20
-58.9978300000000004
11
118.0682779999999923
21
-58.7740419999999943
0
LINE
8
BLACK
6
CONTINUOUS
10
118.0682779999999923
20
-58.7740419999999943
11
118.077588999999989
21
-58.7689579999999978
0
LINE
8
BLACK
6
CONTINUOUS
10
118.077588999999989
20
-58.7689579999999978
11
118.4697409999999991
21
-58.5726629999999986
0
LINE
8
BLACK
6
CONTINUOUS
10
118.4697409999999991
20
-58.5726629999999986
11
118.4793979999999891
21
-58.5682529999999986
0
LINE
8
BLACK
6
CONTINUOUS
10
118.4793979999999891
20
-58.5682529999999986
11
118.8845609999999908
21
-58.4004309999999975
0
LINE
8
BLACK
6
CONTINUOUS
10
118.8845609999999908
20
-58.4004309999999975
11
118.894480999999999
21
-58.3967309999999955
0
LINE
8
BLACK
6
CONTINUOUS
10
118.894480999999999
20
-58.3967309999999955
11
119.3106089999999995
21
-58.2582319999999996
0
LINE
8
BLACK
6
CONTINUOUS
10
119.3106089999999995
20
-58.2582319999999996
11
119.3207589999999954
21
-58.2552519999999987
0
LINE
8
BLACK
6
CONTINUOUS
10
119.3207589999999954
20
-58.2552519999999987
11
119.745705000000001
21
-58.1467919999999978
0
LINE
8
BLACK
6
CONTINUOUS
10
119.745705000000001
20
-58.1467919999999978
11
119.7560589999999934
21
-58.1445399999999992
0
LINE
8
BLACK
6
CONTINUOUS
10
119.7560589999999934
20
-58.1445399999999992
11
120.1876509999999882
21
-58.066673999999999
0
LINE
8
BLACK
6
CONTINUOUS
10
120.1876509999999882
20
-58.066673999999999
11
120.1981600000000014
21
-58.0651639999999958
0
LINE
8
BLACK
6
CONTINUOUS
10
120.1981600000000014
20
-58.0651639999999958
11
120.6341699999999975
21
-58.0182900000000004
0
LINE
8
BLACK
6
CONTINUOUS
10
120.6341699999999975
20
-58.0182900000000004
11
120.6447679999999991
21
-58.0175319999999957
0
LINE
8
BLACK
6
CONTINUOUS
10
120.6447679999999991
20
-58.0175319999999957
11
120.9257849999999905
21
-58.0074970000000008
0
LINE
8
BLACK
6
CONTINUOUS
10
120.9257849999999905
20
-58.0074970000000008
11
121.0863209999999981
21
-58.0017649999999989
0
LINE
8
BLACK
6
CONTINUOUS
10
121.0863209999999981
20
-58.0017649999999989
11
121.091637999999989
21
-58.0016699999999972
0
LINE
8
BLACK
6
CONTINUOUS
10
121.091637999999989
20
-58.0016699999999972
11
121.1819500000000005
21
-58.0016699999999972
0
LINE
8
BLACK
6
CONTINUOUS
10
121.1819500000000005
20
-58.0016699999999972
11
130.9340660000000014
21
-58.0016699999999972
0
LINE
8
BLACK
6
CONTINUOUS
10
130.9340660000000014
20
-58.0016699999999972
11
130.9340709999999888
21
-58.0016709999999946
0
LINE
8
BLACK
6
CONTINUOUS
10
130.9340709999999888
20
-58.0016709999999946
11
131.0228119999999876
21
-58.0016699999999972
0
LINE
8
BLACK
6
CONTINUOUS
10
131.0228119999999876
20
-58.0016699999999972
11
131.0325530000000072
21
-58.0019879999999972
0
LINE
8
BLACK
6
CONTINUOUS
10
131.0325530000000072
20
-58.0019879999999972
11
131.2281150000000025
21
-58.0148049999999955
0
LINE
8
BLACK
6
CONTINUOUS
10
131.2281150000000025
20
-58.0148049999999955
11
131.2474279999999851
21
-58.0173479999999984
0
LINE
8
BLACK
6
CONTINUOUS
10
131.2474279999999851
20
-58.0173479999999984
11
131.4348540000000014
21
-58.0546279999999939
0
LINE
8
BLACK
6
CONTINUOUS
10
131.4348540000000014
20
-58.0546279999999939
11
131.4536559999999952
21
-58.0596649999999954
0
LINE
8
BLACK
6
CONTINUOUS
10
131.4536559999999952
20
-58.0596649999999954
11
131.6346259999999972
21
-58.1210949999999968
0
LINE
8
BLACK
6
CONTINUOUS
10
131.6346259999999972
20
-58.1210949999999968
11
131.6526209999999821
21
-58.1285489999999996
0
LINE
8
BLACK
6
CONTINUOUS
10
131.6526209999999821
20
-58.1285489999999996
11
131.7499080000000049
21
-58.1765259999999955
0
LINE
8
BLACK
6
CONTINUOUS
10
131.7499080000000049
20
-58.1765259999999955
11
131.807895000000002
21
-58.2273789999999991
0
LINE
8
BLACK
6
CONTINUOUS
10
131.807895000000002
20
-58.2273789999999991
11
131.8326869999999928
21
-58.3004139999999964
0
LINE
8
BLACK
6
CONTINUOUS
10
131.8326869999999928
20
-58.3004139999999964
11
131.8317309999999907
21
-58.3296069999999958
0
LINE
8
BLACK
6
CONTINUOUS
10
131.8317309999999907
20
-58.3296069999999958
11
131.8178399999999897
21
-58.4351190000000003
0
LINE
8
BLACK
6
CONTINUOUS
10
131.8178399999999897
20
-58.4351190000000003
11
131.8178399999999897
21
-58.6672200000000004
0
LINE
8
BLACK
6
CONTINUOUS
10
131.8178399999999897
20
-58.6672200000000004
11
131.8481309999999951
21
-58.8973079999999953
0
LINE
8
BLACK
6
CONTINUOUS
10
131.8481309999999951
20
-58.8973079999999953
11
131.8481309999999951
21
-58.8973089999999999
0
LINE
8
BLACK
6
CONTINUOUS
10
131.8481309999999951
20
-58.8973089999999999
11
131.8853969999999833
21
-59.0363869999999977
0
LINE
8
BLACK
6
CONTINUOUS
10
131.8853969999999833
20
-59.0363869999999977
11
131.9082029999999861
21
-59.1214999999999975
0
LINE
8
BLACK
6
CONTINUOUS
10
131.9082029999999861
20
-59.1214999999999975
11
131.997019999999992
21
-59.3359219999999965
0
LINE
8
BLACK
6
CONTINUOUS
10
131.997019999999992
20
-59.3359219999999965
11
131.9970229999999844
21
-59.3359279999999956
0
LINE
8
BLACK
6
CONTINUOUS
10
131.9970229999999844
20
-59.3359279999999956
11
131.9970239999999819
21
-59.3359290000000001
0
LINE
8
BLACK
6
CONTINUOUS
10
131.9970239999999819
20
-59.3359290000000001
11
132.1130609999999876
21
-59.5369139999999959
0
LINE
8
BLACK
6
CONTINUOUS
10
132.1130609999999876
20
-59.5369139999999959
11
132.1130660000000034
21
-59.536921999999997
0
LINE
8
BLACK
6
CONTINUOUS
10
132.1130660000000034
20
-59.536921999999997
11
132.2543509999999856
21
-59.7210469999999987
0
LINE
8
BLACK
6
CONTINUOUS
10
132.2543509999999856
20
-59.7210469999999987
11
132.4184630000000027
21
-59.8851589999999945
0
LINE
8
BLACK
6
CONTINUOUS
10
132.4184630000000027
20
-59.8851589999999945
11
132.4585260000000062
21
-59.9159000000000006
0
LINE
8
BLACK
6
CONTINUOUS
10
132.4585260000000062
20
-59.9159000000000006
11
132.6025869999999998
21
-60.0264430000000004
0
LINE
8
BLACK
6
CONTINUOUS
10
132.6025869999999998
20
-60.0264430000000004
11
132.602595000000008
21
-60.0264479999999949
0
LINE
8
BLACK
6
CONTINUOUS
10
132.602595000000008
20
-60.0264479999999949
11
132.6791560000000061
21
-60.0706500000000005
0
LINE
8
BLACK
6
CONTINUOUS
10
132.6791560000000061
20
-60.0706500000000005
11
132.8035879999999906
21
-60.1424899999999951
0
LINE
8
BLACK
6
CONTINUOUS
10
132.8035879999999906
20
-60.1424899999999951
11
133.0180100000000039
21
-60.2313069999999939
0
LINE
8
BLACK
6
CONTINUOUS
10
133.0180100000000039
20
-60.2313069999999939
11
133.2421909999999912
21
-60.2913759999999996
0
LINE
8
BLACK
6
CONTINUOUS
10
133.2421909999999912
20
-60.2913759999999996
11
133.2421949999999811
21
-60.2913759999999996
0
LINE
8
BLACK
6
CONTINUOUS
10
133.2421949999999811
20
-60.2913759999999996
11
133.2422009999999943
21
-60.2913779999999946
0
LINE
8
BLACK
6
CONTINUOUS
10
133.2422009999999943
20
-60.2913779999999946
11
133.3939450000000022
21
-60.3113549999999989
0
LINE
8
BLACK
6
CONTINUOUS
10
133.3939450000000022
20
-60.3113549999999989
11
133.4722950000000026
21
-60.3216699999999975
0
LINE
8
BLACK
6
CONTINUOUS
10
133.4722950000000026
20
-60.3216699999999975
11
133.704385000000002
21
-60.3216699999999975
0
LINE
8
BLACK
6
CONTINUOUS
10
133.704385000000002
20
-60.3216699999999975
11
133.7923859999999934
21
-60.3100839999999963
0
LINE
8
BLACK
6
CONTINUOUS
10
133.7923859999999934
20
-60.3100839999999963
11
133.9344779999999844
21
-60.2913779999999946
0
LINE
8
BLACK
6
CONTINUOUS
10
133.9344779999999844
20
-60.2913779999999946
11
133.9344789999999819
21
-60.2913779999999946
0
LINE
8
BLACK
6
CONTINUOUS
10
133.9344789999999819
20
-60.2913779999999946
11
133.9344839999999976
21
-60.2913759999999996
0
LINE
8
BLACK
6
CONTINUOUS
10
133.9344839999999976
20
-60.2913759999999996
11
133.934488999999985
21
-60.2913759999999996
0
LINE
8
BLACK
6
CONTINUOUS
10
133.934488999999985
20
-60.2913759999999996
11
134.1586700000000008
21
-60.2313069999999939
0
LINE
8
BLACK
6
CONTINUOUS
10
134.1586700000000008
20
-60.2313069999999939
11
134.3730919999999855
21
-60.1424899999999951
0
LINE
8
BLACK
6
CONTINUOUS
10
134.3730919999999855
20
-60.1424899999999951
11
134.5740879999999891
21
-60.026446
0
LINE
8
BLACK
6
CONTINUOUS
10
134.5740879999999891
20
-60.026446
11
134.7582170000000019
21
-59.8851589999999945
0
LINE
8
BLACK
6
CONTINUOUS
10
134.7582170000000019
20
-59.8851589999999945
11
134.9223289999999906
21
-59.7210469999999987
0
LINE
8
BLACK
6
CONTINUOUS
10
134.9223289999999906
20
-59.7210469999999987
11
135.0636159999999961
21
-59.536918
0
LINE
8
BLACK
6
CONTINUOUS
10
135.0636159999999961
20
-59.536918
11
135.1796599999999842
21
-59.3359219999999965
0
LINE
8
BLACK
6
CONTINUOUS
10
135.1796599999999842
20
-59.3359219999999965
11
135.2684769999999901
21
-59.1214999999999975
0
LINE
8
BLACK
6
CONTINUOUS
10
135.2684769999999901
20
-59.1214999999999975
11
135.3285459999999887
21
-58.897318999999996
0
LINE
8
BLACK
6
CONTINUOUS
10
135.3285459999999887
20
-58.897318999999996
11
135.3285459999999887
21
-58.8973139999999944
0
LINE
8
BLACK
6
CONTINUOUS
10
135.3285459999999887
20
-58.8973139999999944
11
135.3285479999999836
21
-58.8973089999999999
0
LINE
8
BLACK
6
CONTINUOUS
10
135.3285479999999836
20
-58.8973089999999999
11
135.3285479999999836
21
-58.8973079999999953
0
LINE
8
BLACK
6
CONTINUOUS
10
135.3285479999999836
20
-58.8973079999999953
11
135.358838999999989
21
-58.6672200000000004
0
LINE
8
BLACK
6
CONTINUOUS
10
135.358838999999989
20
-58.6672200000000004
11
135.3588399999999865
21
-58.6672149999999988
0
LINE
8
BLACK
6
CONTINUOUS
10
135.3588399999999865
20
-58.6672149999999988
11
135.3588399999999865
21
-58.4351249999999993
0
LINE
8
BLACK
6
CONTINUOUS
10
135.3588399999999865
20
-58.4351249999999993
11
135.358838999999989
21
-58.4351190000000003
0
LINE
8
BLACK
6
CONTINUOUS
10
135.358838999999989
20
-58.4351190000000003
11
135.3581570000000056
21
-58.4299419999999969
0
LINE
8
BLACK
6
CONTINUOUS
10
135.3581570000000056
20
-58.4299419999999969
11
135.3424629999999809
21
-58.3107279999999975
0
LINE
8
BLACK
6
CONTINUOUS
10
135.3424629999999809
20
-58.3107279999999975
11
135.3285479999999836
21
-58.2050309999999982
0
LINE
8
BLACK
6
CONTINUOUS
10
135.3285479999999836
20
-58.2050309999999982
11
135.3285479999999836
21
-58.2050300000000007
0
LINE
8
BLACK
6
CONTINUOUS
10
135.3285479999999836
20
-58.2050300000000007
11
135.3285459999999887
21
-58.205020999999995
0
LINE
8
BLACK
6
CONTINUOUS
10
135.3285459999999887
20
-58.205020999999995
11
135.2684769999999901
21
-57.9808400000000006
0
LINE
8
BLACK
6
CONTINUOUS
10
135.2684769999999901
20
-57.9808400000000006
11
135.1796599999999842
21
-57.7664179999999945
0
LINE
8
BLACK
6
CONTINUOUS
10
135.1796599999999842
20
-57.7664179999999945
11
135.0636159999999961
21
-57.5654219999999981
0
LINE
8
BLACK
6
CONTINUOUS
10
135.0636159999999961
20
-57.5654219999999981
11
135.0636130000000037
21
-57.5654169999999965
0
LINE
8
BLACK
6
CONTINUOUS
10
135.0636130000000037
20
-57.5654169999999965
11
134.9223279999999932
21
-57.3812919999999949
0
LINE
8
BLACK
6
CONTINUOUS
10
134.9223279999999932
20
-57.3812919999999949
11
134.7582170000000019
21
-57.2171809999999965
0
LINE
8
BLACK
6
CONTINUOUS
10
134.7582170000000019
20
-57.2171809999999965
11
134.5740920000000074
21
-57.0758960000000002
0
LINE
8
BLACK
6
CONTINUOUS
10
134.5740920000000074
20
-57.0758960000000002
11
134.5740839999999992
21
-57.0758909999999986
0
LINE
8
BLACK
6
CONTINUOUS
10
134.5740839999999992
20
-57.0758909999999986
11
134.3730989999999963
21
-56.959854
0
LINE
8
BLACK
6
CONTINUOUS
10
134.3730989999999963
20
-56.959854
11
134.3730979999999988
21
-56.9598529999999954
0
LINE
8
BLACK
6
CONTINUOUS
10
134.3730979999999988
20
-56.9598529999999954
11
134.3730919999999855
21
-56.9598499999999959
0
LINE
8
BLACK
6
CONTINUOUS
10
134.3730919999999855
20
-56.9598499999999959
11
134.1974099999999908
21
-56.887079
0
LINE
8
BLACK
6
CONTINUOUS
10
134.1974099999999908
20
-56.887079
11
134.1586729999999932
21
-56.8710339999999945
0
LINE
8
BLACK
6
CONTINUOUS
10
134.1586729999999932
20
-56.8710339999999945
11
134.1586709999999982
21
-56.8710329999999971
0
LINE
8
BLACK
6
CONTINUOUS
10
134.1586709999999982
20
-56.8710329999999971
11
134.1586700000000008
21
-56.8710329999999971
0
LINE
8
BLACK
6
CONTINUOUS
10
134.1586700000000008
20
-56.8710329999999971
11
133.934488999999985
21
-56.8109639999999985
0
LINE
8
BLACK
6
CONTINUOUS
10
133.934488999999985
20
-56.8109639999999985
11
133.9344779999999844
21
-56.8109609999999989
0
LINE
8
BLACK
6
CONTINUOUS
10
133.9344779999999844
20
-56.8109609999999989
11
133.7043899999999894
21
-56.7806700000000006
0
LINE
8
BLACK
6
CONTINUOUS
10
133.7043899999999894
20
-56.7806700000000006
11
133.704385000000002
21
-56.7806700000000006
0
LINE
8
BLACK
6
CONTINUOUS
10
133.704385000000002
20
-56.7806700000000006
11
133.4722950000000026
21
-56.7806700000000006
0
LINE
8
BLACK
6
CONTINUOUS
10
133.4722950000000026
20
-56.7806700000000006
11
133.4722889999999893
21
-56.7806700000000006
0
LINE
8
BLACK
6
CONTINUOUS
10
133.4722889999999893
20
-56.7806700000000006
11
133.2421970000000044
21
-56.8109619999999964
0
LINE
8
BLACK
6
CONTINUOUS
10
133.2421970000000044
20
-56.8109619999999964
11
133.2374089999999853
21
-56.8119149999999991
0
LINE
8
BLACK
6
CONTINUOUS
10
133.2374089999999853
20
-56.8119149999999991
11
133.2370339999999942
21
-56.8100309999999951
0
LINE
8
BLACK
6
CONTINUOUS
10
133.2370339999999942
20
-56.8100309999999951
11
133.1685129999999901
21
-56.8099789999999985
0
LINE
8
BLACK
6
CONTINUOUS
10
133.1685129999999901
20
-56.8099789999999985
11
133.1244069999999908
21
-56.7899749999999983
0
LINE
8
BLACK
6
CONTINUOUS
10
133.1244069999999908
20
-56.7899749999999983
11
132.834953999999982
21
-56.5965689999999952
0
LINE
8
BLACK
6
CONTINUOUS
10
132.834953999999982
20
-56.5965689999999952
11
132.530715999999984
21
-56.4339510000000004
0
LINE
8
BLACK
6
CONTINUOUS
10
132.530715999999984
20
-56.4339510000000004
11
132.5307099999999991
21
-56.4339480000000009
0
LINE
8
BLACK
6
CONTINUOUS
10
132.5307099999999991
20
-56.4339480000000009
11
132.2119849999999985
21
-56.3019279999999966
0
LINE
8
BLACK
6
CONTINUOUS
10
132.2119849999999985
20
-56.3019279999999966
11
132.2119759999999928
21
-56.3019249999999971
0
LINE
8
BLACK
6
CONTINUOUS
10
132.2119759999999928
20
-56.3019249999999971
11
131.8818449999999984
21
-56.2017819999999944
0
LINE
8
BLACK
6
CONTINUOUS
10
131.8818449999999984
20
-56.2017819999999944
11
131.5434970000000021
21
-56.1344819999999984
0
LINE
8
BLACK
6
CONTINUOUS
10
131.5434970000000021
20
-56.1344819999999984
11
131.5434929999999838
21
-56.134481000000001
0
LINE
8
BLACK
6
CONTINUOUS
10
131.5434929999999838
20
-56.134481000000001
11
131.5434899999999914
21
-56.134481000000001
0
LINE
8
BLACK
6
CONTINUOUS
10
131.5434899999999914
20
-56.134481000000001
11
131.2001640000000009
21
-56.1006689999999963
0
LINE
8
BLACK
6
CONTINUOUS
10
131.2001640000000009
20
-56.1006689999999963
11
131.2001589999999851
21
-56.1006689999999963
0
LINE
8
BLACK
6
CONTINUOUS
10
131.2001589999999851
20
-56.1006689999999963
11
131.027670999999998
21
-56.1006700000000009
0
LINE
8
BLACK
6
CONTINUOUS
10
131.027670999999998
20
-56.1006700000000009
11
120.9878469999999879
21
-56.1006700000000009
0
LINE
8
BLACK
6
CONTINUOUS
10
120.9878469999999879
20
-56.1006700000000009
11
120.9873860000000008
21
-56.1006919999999951
0
LINE
8
BLACK
6
CONTINUOUS
10
120.9873860000000008
20
-56.1006919999999951
11
120.8201269999999994
21
-56.1006919999999951
0
LINE
8
BLACK
6
CONTINUOUS
10
120.8201269999999994
20
-56.1006919999999951
11
120.2848419999999976
21
-56.1357719999999958
0
LINE
8
BLACK
6
CONTINUOUS
10
120.2848419999999976
20
-56.1357719999999958
11
119.7530029999999925
21
-56.2057879999999983
0
LINE
8
BLACK
6
CONTINUOUS
10
119.7530029999999925
20
-56.2057879999999983
11
119.2268830000000008
21
-56.3104379999999978
0
LINE
8
BLACK
6
CONTINUOUS
10
119.2268830000000008
20
-56.3104379999999978
11
119.2268649999999894
21
-56.3104419999999948
0
LINE
8
BLACK
6
CONTINUOUS
10
119.2268649999999894
20
-56.3104419999999948
11
118.7087389999999942
21
-56.449270999999996
0
LINE
8
BLACK
6
CONTINUOUS
10
118.7087389999999942
20
-56.449270999999996
11
118.7087159999999955
21
-56.4492779999999996
0
LINE
8
BLACK
6
CONTINUOUS
10
118.7087159999999955
20
-56.4492779999999996
11
118.2007649999999899
21
-56.6217019999999991
0
LINE
8
BLACK
6
CONTINUOUS
10
118.2007649999999899
20
-56.6217019999999991
11
118.2007509999999968
21
-56.6217070000000007
0
LINE
8
BLACK
6
CONTINUOUS
10
118.2007509999999968
20
-56.6217070000000007
11
117.7051639999999963
21
-56.8269839999999959
0
LINE
8
BLACK
6
CONTINUOUS
10
117.7051639999999963
20
-56.8269839999999959
11
117.7051579999999973
21
-56.826985999999998
0
LINE
8
BLACK
6
CONTINUOUS
10
117.7051579999999973
20
-56.826985999999998
11
117.2240509999999887
21
-57.0642409999999956
0
LINE
8
BLACK
6
CONTINUOUS
10
117.2240509999999887
20
-57.0642409999999956
11
116.7595019999999977
21
-57.3324449999999999
0
LINE
8
BLACK
6
CONTINUOUS
10
116.7595019999999977
20
-57.3324449999999999
11
116.7594869999999929
21
-57.3324539999999985
0
LINE
8
BLACK
6
CONTINUOUS
10
116.7594869999999929
20
-57.3324539999999985
11
116.3134689999999978
21
-57.630471
0
LINE
8
BLACK
6
CONTINUOUS
10
116.3134689999999978
20
-57.630471
11
116.3134639999999962
21
-57.6304759999999945
0
LINE
8
BLACK
6
CONTINUOUS
10
116.3134639999999962
20
-57.6304759999999945
11
115.8878789999999981
21
-57.9570359999999951
0
LINE
8
BLACK
6
CONTINUOUS
10
115.8878789999999981
20
-57.9570359999999951
11
115.8878769999999889
21
-57.9570379999999972
0
LINE
8
BLACK
6
CONTINUOUS
10
115.8878769999999889
20
-57.9570379999999972
11
115.4845679999999959
21
-58.3107279999999975
0
LINE
8
BLACK
6
CONTINUOUS
10
115.4845679999999959
20
-58.3107279999999975
11
115.4845660000000009
21
-58.3107299999999995
0
LINE
8
BLACK
6
CONTINUOUS
10
115.4845660000000009
20
-58.3107299999999995
11
115.3653119999999888
21
-58.429983
0
LINE
8
BLACK
6
CONTINUOUS
10
115.3653119999999888
20
-58.429983
11
115.3653130000000004
21
-58.4299839999999975
0
LINE
8
BLACK
6
CONTINUOUS
10
115.3653130000000004
20
-58.4299839999999975
11
115.2263289999999927
21
-58.5689670000000007
0
LINE
8
BLACK
6
CONTINUOUS
10
115.2263289999999927
20
-58.5689670000000007
11
115.0292219999999901
21
-58.7660739999999961
0
LINE
8
BLACK
6
CONTINUOUS
10
115.0292219999999901
20
-58.7660739999999961
11
114.962426999999991
21
-58.8046379999999971
0
LINE
8
BLACK
6
CONTINUOUS
10
114.962426999999991
20
-58.8046379999999971
11
114.8852989999999892
21
-58.8046379999999971
0
LINE
8
BLACK
6
CONTINUOUS
10
114.8852989999999892
20
-58.8046379999999971
11
114.8270949999999999
21
-58.774015999999996
0
LINE
8
BLACK
6
CONTINUOUS
10
114.8270949999999999
20
-58.774015999999996
11
114.8177960000000013
21
-58.7660739999999961
0
LINE
8
BLACK
6
CONTINUOUS
10
114.8177960000000013
20
-58.7660739999999961
11
114.6078169999999972
21
-58.5867349999999973
0
LINE
8
BLACK
6
CONTINUOUS
10
114.6078169999999972
20
-58.5867349999999973
11
114.2466919999999959
21
-58.3243629999999982
0
LINE
8
BLACK
6
CONTINUOUS
10
114.2466919999999959
20
-58.3243629999999982
11
113.8660950000000014
21
-58.0911319999999947
0
LINE
8
BLACK
6
CONTINUOUS
10
113.8660950000000014
20
-58.0911319999999947
11
113.8660869999999932
21
-58.0911270000000002
0
LINE
8
BLACK
6
CONTINUOUS
10
113.8660869999999932
20
-58.0911270000000002
11
113.468371999999988
21
-57.8884819999999962
0
LINE
8
BLACK
6
CONTINUOUS
10
113.468371999999988
20
-57.8884819999999962
11
113.0559859999999901
21
-57.7176659999999941
0
LINE
8
BLACK
6
CONTINUOUS
10
113.0559859999999901
20
-57.7176659999999941
11
113.0559639999999888
21
-57.7176580000000001
0
LINE
8
BLACK
6
CONTINUOUS
10
113.0559639999999888
20
-57.7176580000000001
11
112.6314549999999883
21
-57.5797269999999983
0
LINE
8
BLACK
6
CONTINUOUS
10
112.6314549999999883
20
-57.5797269999999983
11
112.1974039999999917
21
-57.4755189999999985
0
LINE
8
BLACK
6
CONTINUOUS
10
112.1974039999999917
20
-57.4755189999999985
11
111.8961800000000011
21
-57.4278100000000009
0
LINE
8
BLACK
6
CONTINUOUS
10
111.8961800000000011
20
-57.4278100000000009
11
111.7565259999999938
21
-57.4056919999999948
0
LINE
8
BLACK
6
CONTINUOUS
10
111.7565259999999938
20
-57.4056919999999948
11
111.3115269999999981
21
-57.3706699999999969
0
LINE
8
BLACK
6
CONTINUOUS
10
111.3115269999999981
20
-57.3706699999999969
11
110.8651529999999923
21
-57.3706699999999969
0
LINE
8
BLACK
6
CONTINUOUS
10
110.8651529999999923
20
-57.3706699999999969
11
110.4201539999999966
21
-57.4056919999999948
0
LINE
8
BLACK
6
CONTINUOUS
10
110.4201539999999966
20
-57.4056919999999948
11
110.3503269999999929
21
-57.4167509999999979
0
LINE
8
BLACK
6
CONTINUOUS
10
110.3503269999999929
20
-57.4167509999999979
11
109.9792750000000012
21
-57.4755189999999985
0
LINE
8
BLACK
6
CONTINUOUS
10
109.9792750000000012
20
-57.4755189999999985
11
109.5452239999999904
21
-57.5797269999999983
0
LINE
8
BLACK
6
CONTINUOUS
10
109.5452239999999904
20
-57.5797269999999983
11
109.1207149999999899
21
-57.7176580000000001
0
LINE
8
BLACK
6
CONTINUOUS
10
109.1207149999999899
20
-57.7176580000000001
11
109.1206929999999886
21
-57.7176659999999941
0
LINE
8
BLACK
6
CONTINUOUS
10
109.1206929999999886
20
-57.7176659999999941
11
108.7083069999999907
21
-57.8884819999999962
0
LINE
8
BLACK
6
CONTINUOUS
10
108.7083069999999907
20
-57.8884819999999962
11
108.3105919999999998
21
-58.0911270000000002
0
LINE
8
BLACK
6
CONTINUOUS
10
108.3105919999999998
20
-58.0911270000000002
11
107.9299879999999945
21
-58.3243629999999982
0
LINE
8
BLACK
6
CONTINUOUS
10
107.9299879999999945
20
-58.3243629999999982
11
107.5688600000000008
21
-58.5867359999999948
0
LINE
8
BLACK
6
CONTINUOUS
10
107.5688600000000008
20
-58.5867359999999948
11
107.5688499999999976
21
-58.5867439999999959
0
LINE
8
BLACK
6
CONTINUOUS
10
107.5688499999999976
20
-58.5867439999999959
11
107.2294389999999993
21
-58.8766289999999941
0
LINE
8
BLACK
6
CONTINUOUS
10
107.2294389999999993
20
-58.8766289999999941
11
106.9137989999999974
21
-59.192268999999996
0
LINE
8
BLACK
6
CONTINUOUS
10
106.9137989999999974
20
-59.192268999999996
11
106.6239139999999992
21
-59.5316799999999944
0
LINE
8
BLACK
6
CONTINUOUS
10
106.6239139999999992
20
-59.5316799999999944
11
106.623905999999991
21
-59.5316899999999976
0
LINE
8
BLACK
6
CONTINUOUS
10
106.623905999999991
20
-59.5316899999999976
11
106.3615329999999943
21
-59.8928179999999983
0
LINE
8
BLACK
6
CONTINUOUS
10
106.3615329999999943
20
-59.8928179999999983
11
106.1282969999999892
21
-60.2734219999999965
0
LINE
8
BLACK
6
CONTINUOUS
10
106.1282969999999892
20
-60.2734219999999965
11
105.9256519999999995
21
-60.6711369999999945
0
LINE
8
BLACK
6
CONTINUOUS
10
105.9256519999999995
20
-60.6711369999999945
11
105.7548359999999974
21
-61.0835229999999996
0
LINE
8
BLACK
6
CONTINUOUS
10
105.7548359999999974
20
-61.0835229999999996
11
105.7548279999999892
21
-61.0835449999999938
0
LINE
8
BLACK
6
CONTINUOUS
10
105.7548279999999892
20
-61.0835449999999938
11
105.6168969999999945
21
-61.5080539999999942
0
LINE
8
BLACK
6
CONTINUOUS
10
105.6168969999999945
20
-61.5080539999999942
11
105.5126889999999946
21
-61.942104999999998
0
LINE
8
BLACK
6
CONTINUOUS
10
105.5126889999999946
20
-61.942104999999998
11
105.4766130000000004
21
-62.1698859999999982
0
LINE
8
BLACK
6
CONTINUOUS
10
105.4766130000000004
20
-62.1698859999999982
11
105.442861999999991
21
-62.3829840000000004
0
LINE
8
BLACK
6
CONTINUOUS
10
105.442861999999991
20
-62.3829840000000004
11
105.4078399999999931
21
-62.8279829999999961
0
LINE
8
BLACK
6
CONTINUOUS
10
105.4078399999999931
20
-62.8279829999999961
11
105.4078399999999931
21
-63.2743569999999949
0
LINE
8
BLACK
6
CONTINUOUS
10
105.4078399999999931
20
-63.2743569999999949
11
105.4387589999999904
21
-63.6672200000000004
0
LINE
8
BLACK
6
CONTINUOUS
10
105.4387589999999904
20
-63.6672200000000004
11
105.442861999999991
21
-63.7193539999999956
0
LINE
8
BLACK
6
CONTINUOUS
10
105.442861999999991
20
-63.7193539999999956
11
105.5126889999999946
21
-64.1602340000000027
0
LINE
8
BLACK
6
CONTINUOUS
10
105.5126889999999946
20
-64.1602340000000027
11
105.6168969999999945
21
-64.5942849999999993
0
LINE
8
BLACK
6
CONTINUOUS
10
105.6168969999999945
20
-64.5942849999999993
11
105.7548279999999892
21
-65.0187939999999998
0
LINE
8
BLACK
6
CONTINUOUS
10
105.7548279999999892
20
-65.0187939999999998
11
105.7548359999999974
21
-65.0188160000000011
0
LINE
8
BLACK
6
CONTINUOUS
10
105.7548359999999974
20
-65.0188160000000011
11
105.9256519999999995
21
-65.431201999999999
0
LINE
8
BLACK
6
CONTINUOUS
10
105.9256519999999995
20
-65.431201999999999
11
106.1282969999999892
21
-65.8289170000000041
0
LINE
8
BLACK
6
CONTINUOUS
10
106.1282969999999892
20
-65.8289170000000041
11
106.1283019999999908
21
-65.8289249999999981
0
LINE
8
BLACK
6
CONTINUOUS
10
106.1283019999999908
20
-65.8289249999999981
11
106.3615329999999943
21
-66.2095219999999927
0
LINE
8
BLACK
6
CONTINUOUS
10
106.3615329999999943
20
-66.2095219999999927
11
106.4421179999999936
21
-66.3204379999999958
0
LINE
8
BLACK
6
CONTINUOUS
10
106.4421179999999936
20
-66.3204379999999958
11
106.623905999999991
21
-66.5706490000000031
0
LINE
8
BLACK
6
CONTINUOUS
10
106.623905999999991
20
-66.5706490000000031
11
106.6239139999999992
21
-66.570658999999992
0
LINE
8
BLACK
6
CONTINUOUS
10
106.6239139999999992
20
-66.570658999999992
11
106.9137989999999974
21
-66.9100699999999904
0
LINE
8
BLACK
6
CONTINUOUS
10
106.9137989999999974
20
-66.9100699999999904
11
107.2294389999999993
21
-67.2257099999999923
0
LINE
8
BLACK
6
CONTINUOUS
10
107.2294389999999993
20
-67.2257099999999923
11
107.5688499999999976
21
-67.5155949999999905
0
LINE
8
BLACK
6
CONTINUOUS
10
107.5688499999999976
20
-67.5155949999999905
11
107.5688600000000008
21
-67.5156029999999987
0
LINE
8
BLACK
6
CONTINUOUS
10
107.5688600000000008
20
-67.5156029999999987
11
107.5688629999999932
21
-67.5156049999999937
0
LINE
8
BLACK
6
CONTINUOUS
10
107.5688629999999932
20
-67.5156049999999937
11
107.9299879999999945
21
-67.7779769999999928
0
LINE
8
BLACK
6
CONTINUOUS
10
107.9299879999999945
20
-67.7779769999999928
11
108.310584999999989
21
-68.0112079999999963
0
LINE
8
BLACK
6
CONTINUOUS
10
108.310584999999989
20
-68.0112079999999963
11
108.3105919999999998
21
-68.0112120000000004
0
LINE
8
BLACK
6
CONTINUOUS
10
108.3105919999999998
20
-68.0112120000000004
11
108.4971460000000008
21
-68.1062649999999934
0
LINE
8
BLACK
6
CONTINUOUS
10
108.4971460000000008
20
-68.1062649999999934
11
108.7083079999999882
21
-68.2138580000000019
0
LINE
8
BLACK
6
CONTINUOUS
10
108.7083079999999882
20
-68.2138580000000019
11
109.120705000000001
21
-68.3846779999999939
0
LINE
8
BLACK
6
CONTINUOUS
10
109.120705000000001
20
-68.3846779999999939
11
109.5452329999999961
21
-68.5226150000000018
0
LINE
8
BLACK
6
CONTINUOUS
10
109.5452329999999961
20
-68.5226150000000018
11
109.9792739999999895
21
-68.626819999999995
0
LINE
8
BLACK
6
CONTINUOUS
10
109.9792739999999895
20
-68.626819999999995
11
109.9792779999999937
21
-68.626819999999995
0
LINE
8
BLACK
6
CONTINUOUS
10
109.9792779999999937
20
-68.626819999999995
11
109.9792789999999911
21
-68.6268209999999925
0
LINE
8
BLACK
6
CONTINUOUS
10
109.9792789999999911
20
-68.6268209999999925
11
109.9900519999999915
21
-68.6285269999999912
0
LINE
8
BLACK
6
CONTINUOUS
10
109.9900519999999915
20
-68.6285269999999912
11
109.9928060000000016
21
-68.6297529999999938
0
LINE
8
BLACK
6
CONTINUOUS
10
109.9928060000000016
20
-68.6297529999999938
11
109.9958129999999983
21
-68.6295559999999938
0
LINE
8
BLACK
6
CONTINUOUS
10
109.9958129999999983
20
-68.6295559999999938
11
110.0278549999999882
21
-68.64535699999999
0
LINE
8
BLACK
6
CONTINUOUS
10
110.0278549999999882
20
-68.64535699999999
11
110.0605119999999886
21
-68.6598960000000034
0
LINE
8
BLACK
6
CONTINUOUS
10
110.0605119999999886
20
-68.6598960000000034
11
110.0622839999999911
21
-68.6623349999999988
0
LINE
8
BLACK
6
CONTINUOUS
10
110.0622839999999911
20
-68.6623349999999988
11
110.0649869999999879
21
-68.6636680000000013
0
LINE
8
BLACK
6
CONTINUOUS
10
110.0649869999999879
20
-68.6636680000000013
11
110.0848399999999998
21
-68.6933789999999931
0
LINE
8
BLACK
6
CONTINUOUS
10
110.0848399999999998
20
-68.6933789999999931
11
110.1058479999999946
21
-68.7222929999999934
0
LINE
8
BLACK
6
CONTINUOUS
10
110.1058479999999946
20
-68.7222929999999934
11
110.1061629999999951
21
-68.7252900000000011
0
LINE
8
BLACK
6
CONTINUOUS
10
110.1061629999999951
20
-68.7252900000000011
11
110.107838000000001
21
-68.7277969999999954
0
LINE
8
BLACK
6
CONTINUOUS
10
110.107838000000001
20
-68.7277969999999954
11
110.1101749999999981
21
-68.7634570000000025
0
LINE
8
BLACK
6
CONTINUOUS
10
110.1101749999999981
20
-68.7634570000000025
11
110.1139119999999991
21
-68.7989989999999949
0
LINE
8
BLACK
6
CONTINUOUS
10
110.1139119999999991
20
-68.7989989999999949
11
110.1128829999999965
21
-68.8047600000000017
0
LINE
8
BLACK
6
CONTINUOUS
10
110.1128829999999965
20
-68.8047600000000017
11
110.0898739999999947
21
-68.9204419999999942
0
LINE
8
BLACK
6
CONTINUOUS
10
110.0898739999999947
20
-68.9204419999999942
11
110.0848299999999966
21
-68.9392679999999984
0
LINE
8
BLACK
6
CONTINUOUS
10
110.0848299999999966
20
-68.9392679999999984
11
110.029564999999991
21
-69.1020800000000008
0
LINE
8
BLACK
6
CONTINUOUS
10
110.029564999999991
20
-69.1020800000000008
11
110.0221069999999912
21
-69.1200860000000006
0
LINE
8
BLACK
6
CONTINUOUS
10
110.0221069999999912
20
-69.1200860000000006
11
109.9460649999999902
21
-69.274290999999991
0
LINE
8
BLACK
6
CONTINUOUS
10
109.9460649999999902
20
-69.274290999999991
11
109.9363199999999949
21
-69.2911699999999939
0
LINE
8
BLACK
6
CONTINUOUS
10
109.9363199999999949
20
-69.2911699999999939
11
109.840800999999999
21
-69.4341289999999987
0
LINE
8
BLACK
6
CONTINUOUS
10
109.840800999999999
20
-69.4341289999999987
11
109.8289369999999963
21
-69.4495919999999956
0
LINE
8
BLACK
6
CONTINUOUS
10
109.8289369999999963
20
-69.4495919999999956
11
109.7126659999999987
21
-69.582177999999999
0
LINE
8
BLACK
6
CONTINUOUS
10
109.7126659999999987
20
-69.582177999999999
11
109.7059989999999914
21
-69.5892959999999903
0
LINE
8
BLACK
6
CONTINUOUS
10
109.7059989999999914
20
-69.5892959999999903
11
107.74319899999999
21
-71.5520980000000009
0
LINE
8
BLACK
6
CONTINUOUS
10
107.74319899999999
20
-71.5520980000000009
11
107.6764039999999909
21
-71.5906619999999947
0
LINE
8
BLACK
6
CONTINUOUS
10
107.6764039999999909
20
-71.5906619999999947
11
107.599275999999989
21
-71.5906619999999947
0
LINE
8
BLACK
6
CONTINUOUS
10
107.599275999999989
20
-71.5906619999999947
11
107.53248099999999
21
-71.5520980000000009
0
LINE
8
BLACK
6
CONTINUOUS
10
107.53248099999999
20
-71.5520980000000009
11
107.4939169999999962
21
-71.4853030000000018
0
LINE
8
BLACK
6
CONTINUOUS
10
107.4939169999999962
20
-71.4853030000000018
11
107.4888399999999962
21
-71.4467389999999938
0
LINE
8
BLACK
6
CONTINUOUS
10
107.4888399999999962
20
-71.4467389999999938
11
107.4888399999999962
21
-71.4409509999999983
0
LINE
8
BLACK
6
CONTINUOUS
10
107.4888399999999962
20
-71.4409509999999983
11
107.4860439999999926
21
-71.4232990000000001
0
LINE
8
BLACK
6
CONTINUOUS
10
107.4860439999999926
20
-71.4232990000000001
11
107.4543549999999925
21
-71.2232190000000003
0
LINE
8
BLACK
6
CONTINUOUS
10
107.4543549999999925
20
-71.2232190000000003
11
107.454353999999995
21
-71.2232180000000028
0
LINE
8
BLACK
6
CONTINUOUS
10
107.454353999999995
20
-71.2232180000000028
11
107.454353999999995
21
-71.2232130000000012
0
LINE
8
BLACK
6
CONTINUOUS
10
107.454353999999995
20
-71.2232130000000012
11
107.4070199999999886
21
-71.0775349999999975
0
LINE
8
BLACK
6
CONTINUOUS
10
107.4070199999999886
20
-71.0775349999999975
11
107.3862349999999992
21
-71.0135640000000024
0
LINE
8
BLACK
6
CONTINUOUS
10
107.3862349999999992
20
-71.0135640000000024
11
107.2861549999999937
21
-70.8171480000000031
0
LINE
8
BLACK
6
CONTINUOUS
10
107.2861549999999937
20
-70.8171480000000031
11
107.1565820000000002
21
-70.6388049999999907
0
LINE
8
BLACK
6
CONTINUOUS
10
107.1565820000000002
20
-70.6388049999999907
11
107.0007049999999964
21
-70.4829280000000011
0
LINE
8
BLACK
6
CONTINUOUS
10
107.0007049999999964
20
-70.4829280000000011
11
106.9115329999999915
21
-70.4181409999999914
0
LINE
8
BLACK
6
CONTINUOUS
10
106.9115329999999915
20
-70.4181409999999914
11
106.8223639999999932
21
-70.3533559999999909
0
LINE
8
BLACK
6
CONTINUOUS
10
106.8223639999999932
20
-70.3533559999999909
11
106.8223629999999957
21
-70.3533549999999934
0
LINE
8
BLACK
6
CONTINUOUS
10
106.8223629999999957
20
-70.3533549999999934
11
106.625945999999999
21
-70.2532750000000021
0
LINE
8
BLACK
6
CONTINUOUS
10
106.625945999999999
20
-70.2532750000000021
11
106.4162959999999885
21
-70.1851549999999946
0
LINE
8
BLACK
6
CONTINUOUS
10
106.4162959999999885
20
-70.1851549999999946
11
106.2953299999999928
21
-70.1659959999999927
0
LINE
8
BLACK
6
CONTINUOUS
10
106.2953299999999928
20
-70.1659959999999927
11
106.1985619999999955
21
-70.150669999999991
0
LINE
8
BLACK
6
CONTINUOUS
10
106.1985619999999955
20
-70.150669999999991
11
106.1985579999999914
21
-70.150669999999991
0
LINE
8
BLACK
6
CONTINUOUS
10
106.1985579999999914
20
-70.150669999999991
11
106.0937679999999972
21
-70.150669999999991
0
LINE
8
BLACK
6
CONTINUOUS
10
106.0937679999999972
20
-70.150669999999991
11
106.0748199999999883
21
-70.145592999999991
0
LINE
8
BLACK
6
CONTINUOUS
10
106.0748199999999883
20
-70.145592999999991
11
106.0552039999999892
21
-70.145592999999991
0
LINE
8
BLACK
6
CONTINUOUS
10
106.0552039999999892
20
-70.145592999999991
11
106.0382159999999914
21
-70.1357849999999985
0
LINE
8
BLACK
6
CONTINUOUS
10
106.0382159999999914
20
-70.1357849999999985
11
106.0192679999999967
21
-70.1307079999999985
0
LINE
8
BLACK
6
CONTINUOUS
10
106.0192679999999967
20
-70.1307079999999985
11
105.9884089999999901
21
-70.1070289999999972
0
LINE
8
BLACK
6
CONTINUOUS
10
105.9884089999999901
20
-70.1070289999999972
11
105.8280740000000009
21
-69.9466939999999937
0
LINE
8
BLACK
6
CONTINUOUS
10
105.8280740000000009
20
-69.9466939999999937
11
105.8280699999999968
21
-69.9466889999999921
0
LINE
8
BLACK
6
CONTINUOUS
10
105.8280699999999968
20
-69.9466889999999921
11
105.7985159999999922
21
-69.9171350000000018
0
LINE
8
BLACK
6
CONTINUOUS
10
105.7985159999999922
20
-69.9171350000000018
11
105.7984939999999909
21
-69.9170969999999983
0
LINE
8
BLACK
6
CONTINUOUS
10
105.7984939999999909
20
-69.9170969999999983
11
105.7566769999999963
21
-69.8752810000000011
0
LINE
8
BLACK
6
CONTINUOUS
10
105.7566769999999963
20
-69.8752810000000011
11
105.7566779999999937
21
-69.8752810000000011
0
LINE
8
BLACK
6
CONTINUOUS
10
105.7566779999999937
20
-69.8752810000000011
11
105.6433339999999959
21
-69.7619389999999981
0
LINE
8
BLACK
6
CONTINUOUS
10
105.6433339999999959
20
-69.7619389999999981
11
105.49792699999999
21
-69.6399289999999951
0
LINE
8
BLACK
6
CONTINUOUS
10
105.49792699999999
20
-69.6399289999999951
11
105.3977560000000011
21
-69.5558769999999953
0
LINE
8
BLACK
6
CONTINUOUS
10
105.3977560000000011
20
-69.5558769999999953
11
105.397751999999997
21
-69.5558740000000029
0
LINE
8
BLACK
6
CONTINUOUS
10
105.397751999999997
20
-69.5558740000000029
11
105.2238799999999941
21
-69.4341289999999987
0
LINE
8
BLACK
6
CONTINUOUS
10
105.2238799999999941
20
-69.4341289999999987
11
105.1351469999999892
21
-69.3719979999999907
0
LINE
8
BLACK
6
CONTINUOUS
10
105.1351469999999892
20
-69.3719979999999907
11
105.1351339999999936
21
-69.3719899999999967
0
LINE
8
BLACK
6
CONTINUOUS
10
105.1351339999999936
20
-69.3719899999999967
11
104.857529999999997
21
-69.211716999999993
0
LINE
8
BLACK
6
CONTINUOUS
10
104.857529999999997
20
-69.211716999999993
11
104.8575159999999897
21
-69.2117099999999965
0
LINE
8
BLACK
6
CONTINUOUS
10
104.8575159999999897
20
-69.2117099999999965
11
104.8575119999999998
21
-69.2117080000000016
0
LINE
8
BLACK
6
CONTINUOUS
10
104.8575119999999998
20
-69.2117080000000016
11
104.5669649999999962
21
-69.0762249999999938
0
LINE
8
BLACK
6
CONTINUOUS
10
104.5669649999999962
20
-69.0762249999999938
11
104.2657150000000001
21
-68.9665809999999908
0
LINE
8
BLACK
6
CONTINUOUS
10
104.2657150000000001
20
-68.9665809999999908
11
104.2657059999999944
21
-68.9665779999999984
0
LINE
8
BLACK
6
CONTINUOUS
10
104.2657059999999944
20
-68.9665779999999984
11
104.2656989999999979
21
-68.9665760000000034
0
LINE
8
BLACK
6
CONTINUOUS
10
104.2656989999999979
20
-68.9665760000000034
11
103.9560729999999893
21
-68.8836139999999943
0
LINE
8
BLACK
6
CONTINUOUS
10
103.9560729999999893
20
-68.8836139999999943
11
103.9560609999999912
21
-68.8836110000000019
0
LINE
8
BLACK
6
CONTINUOUS
10
103.9560609999999912
20
-68.8836110000000019
11
103.9560570000000013
21
-68.8836099999999902
0
LINE
8
BLACK
6
CONTINUOUS
10
103.9560570000000013
20
-68.8836099999999902
11
103.9560559999999896
21
-68.8836099999999902
0
LINE
8
BLACK
6
CONTINUOUS
10
103.9560559999999896
20
-68.8836099999999902
11
103.6403430000000014
21
-68.8279429999999905
0
LINE
8
BLACK
6
CONTINUOUS
10
103.6403430000000014
20
-68.8279429999999905
11
103.6403320000000008
21
-68.8279409999999956
0
LINE
8
BLACK
6
CONTINUOUS
10
103.6403320000000008
20
-68.8279409999999956
11
103.4015160000000009
21
-68.8070479999999947
0
LINE
8
BLACK
6
CONTINUOUS
10
103.4015160000000009
20
-68.8070479999999947
11
103.3209799999999916
21
-68.8000030000000038
0
LINE
8
BLACK
6
CONTINUOUS
10
103.3209799999999916
20
-68.8000030000000038
11
103.3209760000000017
21
-68.8000030000000038
0
LINE
8
BLACK
6
CONTINUOUS
10
103.3209760000000017
20
-68.8000030000000038
11
103.1606889999999908
21
-68.8000040000000013
0
LINE
8
BLACK
6
CONTINUOUS
10
103.1606889999999908
20
-68.8000040000000013
11
96.5777029999999996
21
-68.8000040000000013
0
LINE
8
BLACK
6
CONTINUOUS
10
96.5777029999999996
20
-68.8000040000000013
11
96.577691999999999
21
-68.8000009999999946
0
LINE
8
BLACK
6
CONTINUOUS
10
96.577691999999999
20
-68.8000009999999946
11
96.5159819999999939
21
-68.8000009999999946
0
LINE
8
BLACK
6
CONTINUOUS
10
96.5159819999999939
20
-68.8000009999999946
11
96.3556919999999906
21
-68.8000009999999946
0
LINE
8
BLACK
6
CONTINUOUS
10
96.3556919999999906
20
-68.8000009999999946
11
96.3319120000000026
21
-68.8020810000000012
0
LINE
8
BLACK
6
CONTINUOUS
10
96.3319120000000026
20
-68.8020810000000012
11
96.0363289999999949
21
-68.8279419999999931
0
LINE
8
BLACK
6
CONTINUOUS
10
96.0363289999999949
20
-68.8279419999999931
11
95.7206329999999923
21
-68.8836089999999928
0
LINE
8
BLACK
6
CONTINUOUS
10
95.7206329999999923
20
-68.8836089999999928
11
95.7206229999999891
21
-68.8836110000000019
0
LINE
8
BLACK
6
CONTINUOUS
10
95.7206229999999891
20
-68.8836110000000019
11
95.4109599999999887
21
-68.9665859999999924
0
LINE
8
BLACK
6
CONTINUOUS
10
95.4109599999999887
20
-68.9665859999999924
11
95.4109499999999997
21
-68.966588999999999
0
LINE
8
BLACK
6
CONTINUOUS
10
95.4109499999999997
20
-68.966588999999999
11
95.1097109999999901
21
-69.0762319999999903
0
LINE
8
BLACK
6
CONTINUOUS
10
95.1097109999999901
20
-69.0762319999999903
11
95.1097060000000027
21
-69.0762339999999995
0
LINE
8
BLACK
6
CONTINUOUS
10
95.1097060000000027
20
-69.0762339999999995
11
94.8191750000000013
21
-69.211710999999994
0
LINE
8
BLACK
6
CONTINUOUS
10
94.8191750000000013
20
-69.211710999999994
11
94.8191669999999931
21
-69.2117149999999981
0
LINE
8
BLACK
6
CONTINUOUS
10
94.8191669999999931
20
-69.2117149999999981
11
94.8191659999999956
21
-69.2117159999999956
0
LINE
8
BLACK
6
CONTINUOUS
10
94.8191659999999956
20
-69.2117159999999956
11
94.7107829999999922
21
-69.274290999999991
0
LINE
8
BLACK
6
CONTINUOUS
10
94.7107829999999922
20
-69.274290999999991
11
94.5415369999999911
21
-69.3720050000000015
0
LINE
8
BLACK
6
CONTINUOUS
10
94.5415369999999911
20
-69.3720050000000015
11
94.2789209999999969
21
-69.5558899999999909
0
LINE
8
BLACK
6
CONTINUOUS
10
94.2789209999999969
20
-69.5558899999999909
11
94.0333490000000012
21
-69.7619490000000013
0
LINE
8
BLACK
6
CONTINUOUS
10
94.0333490000000012
20
-69.7619490000000013
11
93.9861999999999966
21
-69.8090990000000033
0
LINE
8
BLACK
6
CONTINUOUS
10
93.9861999999999966
20
-69.8090990000000033
11
93.0882709999999918
21
-70.7070289999999915
0
LINE
8
BLACK
6
CONTINUOUS
10
93.0882709999999918
20
-70.7070289999999915
11
93.0214759999999927
21
-70.7455929999999995
0
LINE
8
BLACK
6
CONTINUOUS
10
93.0214759999999927
20
-70.7455929999999995
11
92.9917719999999974
21
-70.74950299999999
0
LINE
8
BLACK
6
CONTINUOUS
10
92.9917719999999974
20
-70.74950299999999
11
92.9918279999999982
21
-70.7502099999999956
0
LINE
8
BLACK
6
CONTINUOUS
10
92.9918279999999982
20
-70.7502099999999956
11
92.98599999999999
21
-70.7506679999999903
0
LINE
8
BLACK
6
CONTINUOUS
10
92.98599999999999
20
-70.7506679999999903
11
92.783805000000001
21
-70.7826929999999948
0
LINE
8
BLACK
6
CONTINUOUS
10
92.783805000000001
20
-70.7826929999999948
11
92.5891269999999906
21
-70.8459479999999928
0
LINE
8
BLACK
6
CONTINUOUS
10
92.5891269999999906
20
-70.8459479999999928
11
92.5891149999999925
21
-70.8459519999999969
0
LINE
8
BLACK
6
CONTINUOUS
10
92.5891149999999925
20
-70.8459519999999969
11
92.4067269999999894
21
-70.9388840000000016
0
LINE
8
BLACK
6
CONTINUOUS
10
92.4067269999999894
20
-70.9388840000000016
11
92.2411269999999917
21
-71.059197999999995
0
LINE
8
BLACK
6
CONTINUOUS
10
92.2411269999999917
20
-71.059197999999995
11
92.2366710000000012
21
-71.0630049999999898
0
LINE
8
BLACK
6
CONTINUOUS
10
92.2366710000000012
20
-71.0630049999999898
11
92.235439999999997
21
-71.06156399999999
0
LINE
8
BLACK
6
CONTINUOUS
10
92.235439999999997
20
-71.06156399999999
11
92.1765010000000018
21
-71.0955929999999938
0
LINE
8
BLACK
6
CONTINUOUS
10
92.1765010000000018
20
-71.0955929999999938
11
92.1379369999999938
21
-71.1006699999999938
0
LINE
8
BLACK
6
CONTINUOUS
10
92.1379369999999938
20
-71.1006699999999938
11
88.6878399999999942
21
-71.1006699999999938
0
LINE
8
BLACK
6
CONTINUOUS
10
88.6878399999999942
20
-71.1006699999999938
11
88.6133399999999938
21
-71.0807080000000013
0
LINE
8
BLACK
6
CONTINUOUS
10
88.6133399999999938
20
-71.0807080000000013
11
88.558802
21
-71.0261699999999934
0
LINE
8
BLACK
6
CONTINUOUS
10
88.558802
20
-71.0261699999999934
11
88.5388399999999933
21
-70.9516699999999929
0
LINE
8
BLACK
6
CONTINUOUS
10
88.5388399999999933
20
-70.9516699999999929
11
88.5388399999999933
21
-61.2221109999999982
0
LINE
8
BLACK
6
CONTINUOUS
10
88.5388399999999933
20
-61.2221109999999982
11
88.5388399999999933
21
-56.3137929999999969
0
LINE
8
BLACK
6
CONTINUOUS
10
88.5388399999999933
20
-56.3137929999999969
11
88.538848999999999
21
-56.3026389999999992
0
LINE
8
BLACK
6
CONTINUOUS
10
88.538848999999999
20
-56.3026389999999992
11
88.5396149999999977
21
-56.298608999999999
0
LINE
8
BLACK
6
CONTINUOUS
10
88.5396149999999977
20
-56.298608999999999
11
88.5389199999999903
21
-56.2184069999999991
0
LINE
8
BLACK
6
CONTINUOUS
10
88.5389199999999903
20
-56.2184069999999991
11
88.538921000000002
21
-56.2177829999999972
0
LINE
8
BLACK
6
CONTINUOUS
10
88.538921000000002
20
-56.2177829999999972
11
88.5390329999999892
21
-56.2173629999999989
0
LINE
8
BLACK
6
CONTINUOUS
10
88.5390329999999892
20
-56.2173629999999989
11
88.5400810000000007
21
-56.1993519999999975
0
LINE
8
BLACK
6
CONTINUOUS
10
88.5400810000000007
20
-56.1993519999999975
11
88.5425829999999934
21
-56.179431000000001
0
LINE
8
BLACK
6
CONTINUOUS
10
88.5425829999999934
20
-56.179431000000001
11
88.5392200000000003
21
-56.1324259999999953
0
LINE
8
BLACK
6
CONTINUOUS
10
88.5392200000000003
20
-56.1324259999999953
11
88.5390159999999895
21
-56.1290440000000004
0
LINE
8
BLACK
6
CONTINUOUS
10
88.5390159999999895
20
-56.1290440000000004
11
88.5388399999999933
21
-56.125430999999999
0
LINE
8
BLACK
6
CONTINUOUS
10
88.5388399999999933
20
-56.125430999999999
11
88.5388399999999933
21
-56.119612999999994
0
LINE
8
BLACK
6
CONTINUOUS
10
88.5388399999999933
20
-56.119612999999994
11
88.5384639999999905
21
-56.117726999999995
0
LINE
8
BLACK
6
CONTINUOUS
10
88.5384639999999905
20
-56.117726999999995
11
88.5381009999999975
21
-56.1102619999999987
0
LINE
8
BLACK
6
CONTINUOUS
10
88.5381009999999975
20
-56.1102619999999987
11
88.5382199999999955
21
-56.1097089999999952
0
LINE
8
BLACK
6
CONTINUOUS
10
88.5382199999999955
20
-56.1097089999999952
11
88.5379310000000004
21
-56.1043139999999951
0
LINE
8
BLACK
6
CONTINUOUS
10
88.5379310000000004
20
-56.1043139999999951
11
88.5374800000000022
21
-56.0520420000000001
0
LINE
8
BLACK
6
CONTINUOUS
10
88.5374800000000022
20
-56.0520420000000001
11
88.5357419999999991
21
-56.0436869999999985
0
LINE
8
BLACK
6
CONTINUOUS
10
88.5357419999999991
20
-56.0436869999999985
11
88.532833999999994
21
-56.0053739999999962
0
LINE
8
BLACK
6
CONTINUOUS
10
88.532833999999994
20
-56.0053739999999962
11
88.5335039999999935
21
-55.9928859999999986
0
LINE
8
BLACK
6
CONTINUOUS
10
88.5335039999999935
20
-55.9928859999999986
11
88.5257639999999952
21
-55.9390649999999994
0
LINE
8
BLACK
6
CONTINUOUS
10
88.5257639999999952
20
-55.9390649999999994
11
88.5246289999999902
21
-55.9284999999999997
0
LINE
8
BLACK
6
CONTINUOUS
10
88.5246289999999902
20
-55.9284999999999997
11
88.5210549999999898
21
-55.8785509999999945
0
LINE
8
BLACK
6
CONTINUOUS
10
88.5210549999999898
20
-55.8785509999999945
11
88.52075099999999
21
-55.8742949999999965
0
LINE
8
BLACK
6
CONTINUOUS
10
88.52075099999999
20
-55.8742949999999965
11
88.5166990000000027
21
-55.8595289999999949
0
LINE
8
BLACK
6
CONTINUOUS
10
88.5166990000000027
20
-55.8595289999999949
11
88.5114129999999903
21
-55.8227669999999989
0
LINE
8
BLACK
6
CONTINUOUS
10
88.5114129999999903
20
-55.8227669999999989
11
88.5111399999999975
21
-55.8074489999999983
0
LINE
8
BLACK
6
CONTINUOUS
10
88.5111399999999975
20
-55.8074489999999983
11
88.499566999999999
21
-55.7542589999999976
0
LINE
8
BLACK
6
CONTINUOUS
10
88.499566999999999
20
-55.7542589999999976
11
88.4992129999999975
21
-55.7525809999999993
0
LINE
8
BLACK
6
CONTINUOUS
10
88.4992129999999975
20
-55.7525809999999993
11
88.4983269999999891
21
-55.7482609999999994
0
LINE
8
BLACK
6
CONTINUOUS
10
88.4983269999999891
20
-55.7482609999999994
11
88.489963000000003
21
-55.6900849999999963
0
LINE
8
BLACK
6
CONTINUOUS
10
88.489963000000003
20
-55.6900849999999963
11
88.4814629999999909
21
-55.6659909999999982
0
LINE
8
BLACK
6
CONTINUOUS
10
88.4814629999999909
20
-55.6659909999999982
11
88.4794109999999989
21
-55.655980999999997
0
LINE
8
BLACK
6
CONTINUOUS
10
88.4794109999999989
20
-55.655980999999997
11
88.4796639999999996
21
-55.6517300000000006
0
LINE
8
BLACK
6
CONTINUOUS
10
88.4796639999999996
20
-55.6517300000000006
11
88.4769689999999969
21
-55.6393399999999971
0
LINE
8
BLACK
6
CONTINUOUS
10
88.4769689999999969
20
-55.6393399999999971
11
88.4756039999999899
21
-55.6240819999999943
0
LINE
8
BLACK
6
CONTINUOUS
10
88.4756039999999899
20
-55.6240819999999943
11
88.4602840000000015
21
-55.5719119999999975
0
LINE
8
BLACK
6
CONTINUOUS
10
88.4602840000000015
20
-55.5719119999999975
11
88.457665999999989
21
-55.5616589999999988
0
LINE
8
BLACK
6
CONTINUOUS
10
88.457665999999989
20
-55.5616589999999988
11
88.4461079999999953
21
-55.5085249999999988
0
LINE
8
BLACK
6
CONTINUOUS
10
88.4461079999999953
20
-55.5085249999999988
11
88.439990999999992
21
-55.4944739999999967
0
LINE
8
BLACK
6
CONTINUOUS
10
88.439990999999992
20
-55.4944739999999967
11
88.4341579999999965
21
-55.4786979999999943
0
LINE
8
BLACK
6
CONTINUOUS
10
88.4341579999999965
20
-55.4786979999999943
11
88.431162999999998
21
-55.4689339999999973
0
LINE
8
BLACK
6
CONTINUOUS
10
88.431162999999998
20
-55.4689339999999973
11
88.4270759999999996
21
-55.4437129999999954
0
LINE
8
BLACK
6
CONTINUOUS
10
88.4270759999999996
20
-55.4437129999999954
11
88.406532999999996
21
-55.3886399999999952
0
LINE
8
BLACK
6
CONTINUOUS
10
88.406532999999996
20
-55.3886399999999952
11
88.4052389999999946
21
-55.3844209999999961
0
LINE
8
BLACK
6
CONTINUOUS
10
88.4052389999999946
20
-55.3844209999999961
11
88.405231999999998
21
-55.3842309999999998
0
LINE
8
BLACK
6
CONTINUOUS
10
88.405231999999998
20
-55.3842309999999998
11
88.4047309999999982
21
-55.3827259999999981
0
LINE
8
BLACK
6
CONTINUOUS
10
88.4047309999999982
20
-55.3827259999999981
11
88.3894129999999905
21
-55.3305590000000009
0
LINE
8
BLACK
6
CONTINUOUS
10
88.3894129999999905
20
-55.3305590000000009
11
88.3823099999999897
21
-55.3169800000000009
0
LINE
8
BLACK
6
CONTINUOUS
10
88.3823099999999897
20
-55.3169800000000009
11
88.3707380000000029
21
-55.2876699999999985
0
LINE
8
BLACK
6
CONTINUOUS
10
88.3707380000000029
20
-55.2876699999999985
11
88.3699829999999906
21
-55.2849439999999959
0
LINE
8
BLACK
6
CONTINUOUS
10
88.3699829999999906
20
-55.2849439999999959
11
88.3658089999999987
21
-55.2672799999999995
0
LINE
8
BLACK
6
CONTINUOUS
10
88.3658089999999987
20
-55.2672799999999995
11
88.3451790000000017
21
-55.2221109999999982
0
LINE
8
BLACK
6
CONTINUOUS
10
88.3451790000000017
20
-55.2221109999999982
11
88.3432219999999973
21
-55.2178249999999977
0
LINE
8
BLACK
6
CONTINUOUS
10
88.3432219999999973
20
-55.2178249999999977
11
88.3391589999999951
21
-55.2080139999999986
0
LINE
8
BLACK
6
CONTINUOUS
10
88.3391589999999951
20
-55.2080139999999986
11
88.3201660000000004
21
-55.1570940000000007
0
LINE
8
BLACK
6
CONTINUOUS
10
88.3201660000000004
20
-55.1570940000000007
11
88.3201639999999912
21
-55.1570889999999991
0
LINE
8
BLACK
6
CONTINUOUS
10
88.3201639999999912
20
-55.1570889999999991
11
88.3201639999999912
21
-55.1570879999999946
0
LINE
8
BLACK
6
CONTINUOUS
10
88.3201639999999912
20
-55.1570879999999946
11
88.3121069999999975
21
-55.1440459999999959
0
LINE
8
BLACK
6
CONTINUOUS
10
88.3121069999999975
20
-55.1440459999999959
11
88.3040960000000013
21
-55.1292720000000003
0
LINE
8
BLACK
6
CONTINUOUS
10
88.3040960000000013
20
-55.1292720000000003
11
88.2997409999999974
21
-55.1200329999999994
0
LINE
8
BLACK
6
CONTINUOUS
10
88.2997409999999974
20
-55.1200329999999994
11
88.2921089999999964
21
-55.0956580000000002
0
LINE
8
BLACK
6
CONTINUOUS
10
88.2921089999999964
20
-55.0956580000000002
11
88.26394599999999
21
-55.044081999999996
0
LINE
8
BLACK
6
CONTINUOUS
10
88.26394599999999
20
-55.044081999999996
11
88.2620569999999987
21
-55.0400739999999971
0
LINE
8
BLACK
6
CONTINUOUS
10
88.2620569999999987
20
-55.0400739999999971
11
88.2620229999999992
21
-55.0398889999999952
0
LINE
8
BLACK
6
CONTINUOUS
10
88.2620229999999992
20
-55.0398889999999952
11
88.2613029999999981
21
-55.0384499999999974
0
LINE
8
BLACK
6
CONTINUOUS
10
88.2613029999999981
20
-55.0384499999999974
11
88.2387239999999906
21
-54.9890089999999958
0
LINE
8
BLACK
6
CONTINUOUS
10
88.2387239999999906
20
-54.9890089999999958
11
88.229764000000003
21
-54.976585
0
LINE
8
BLACK
6
CONTINUOUS
10
88.229764000000003
20
-54.976585
11
88.2207109999999943
21
-54.962409000000001
0
LINE
8
BLACK
6
CONTINUOUS
10
88.2207109999999943
20
-54.962409000000001
11
88.2157089999999897
21
-54.9535039999999952
0
LINE
8
BLACK
6
CONTINUOUS
10
88.2157089999999897
20
-54.9535039999999952
11
88.2063550000000021
21
-54.9297309999999968
0
LINE
8
BLACK
6
CONTINUOUS
10
88.2063550000000021
20
-54.9297309999999968
11
88.1745729999999952
21
-54.8802789999999945
0
LINE
8
BLACK
6
CONTINUOUS
10
88.1745729999999952
20
-54.8802789999999945
11
88.1724119999999942
21
-54.8764309999999966
0
LINE
8
BLACK
6
CONTINUOUS
10
88.1724119999999942
20
-54.8764309999999966
11
88.1723649999999992
21
-54.8762469999999993
0
LINE
8
BLACK
6
CONTINUOUS
10
88.1723649999999992
20
-54.8762469999999993
11
88.1715449999999947
21
-54.8748649999999998
0
LINE
8
BLACK
6
CONTINUOUS
10
88.1715449999999947
20
-54.8748649999999998
11
88.1454949999999968
21
-54.8271599999999992
0
LINE
8
BLACK
6
CONTINUOUS
10
88.1454949999999968
20
-54.8271599999999992
11
88.1356710000000021
21
-54.8154049999999984
0
LINE
8
BLACK
6
CONTINUOUS
10
88.1356710000000021
20
-54.8154049999999984
11
88.1256329999999934
21
-54.8019139999999965
0
LINE
8
BLACK
6
CONTINUOUS
10
88.1256329999999934
20
-54.8019139999999965
11
88.1200019999999995
21
-54.7933799999999991
0
LINE
8
BLACK
6
CONTINUOUS
10
88.1200019999999995
20
-54.7933799999999991
11
88.108981
21
-54.7703439999999944
0
LINE
8
BLACK
6
CONTINUOUS
10
88.108981
20
-54.7703439999999944
11
88.0737599999999929
21
-54.7232950000000002
0
LINE
8
BLACK
6
CONTINUOUS
10
88.0737599999999929
20
-54.7232950000000002
11
88.0713209999999975
21
-54.7195979999999977
0
LINE
8
BLACK
6
CONTINUOUS
10
88.0713209999999975
20
-54.7195979999999977
11
88.0712609999999927
21
-54.7194189999999949
0
LINE
8
BLACK
6
CONTINUOUS
10
88.0712609999999927
20
-54.7194189999999949
11
88.0703419999999966
21
-54.7180949999999982
0
LINE
8
BLACK
6
CONTINUOUS
10
88.0703419999999966
20
-54.7180949999999982
11
88.0409619999999933
21
-54.6723789999999994
0
LINE
8
BLACK
6
CONTINUOUS
10
88.0409619999999933
20
-54.6723789999999994
11
88.0359069999999946
21
-54.6671399999999963
0
LINE
8
BLACK
6
CONTINUOUS
10
88.0359069999999946
20
-54.6671399999999963
11
88.0303229999999957
21
-54.6613529999999983
0
LINE
8
BLACK
6
CONTINUOUS
10
88.0303229999999957
20
-54.6613529999999983
11
88.0080679999999944
21
-54.6316229999999976
0
LINE
8
BLACK
6
CONTINUOUS
10
88.0080679999999944
20
-54.6316229999999976
11
88.0004890000000017
21
-54.6183130000000006
0
LINE
8
BLACK
6
CONTINUOUS
10
88.0004890000000017
20
-54.6183130000000006
11
87.9794380000000018
21
-54.5940189999999959
0
LINE
8
BLACK
6
CONTINUOUS
10
87.9794380000000018
20
-54.5940189999999959
11
87.9648529999999909
21
-54.5771859999999975
0
LINE
8
BLACK
6
CONTINUOUS
10
87.9648529999999909
20
-54.5771859999999975
11
87.9633369999999957
21
-54.5754079999999959
0
LINE
8
BLACK
6
CONTINUOUS
10
87.9633369999999957
20
-54.5754079999999959
11
87.9606989999999911
21
-54.5722619999999949
0
LINE
8
BLACK
6
CONTINUOUS
10
87.9606989999999911
20
-54.5722619999999949
11
87.9256519999999995
21
-54.5254459999999952
0
LINE
8
BLACK
6
CONTINUOUS
10
87.9256519999999995
20
-54.5254459999999952
11
87.908574999999999
21
-54.5101060000000004
0
LINE
8
BLACK
6
CONTINUOUS
10
87.908574999999999
20
-54.5101060000000004
11
87.9018080000000026
21
-54.5020369999999943
0
LINE
8
BLACK
6
CONTINUOUS
10
87.9018080000000026
20
-54.5020369999999943
11
87.8998759999999919
21
-54.4978899999999982
0
LINE
8
BLACK
6
CONTINUOUS
10
87.8998759999999919
20
-54.4978899999999982
11
87.8913560000000018
21
-54.4879689999999997
0
LINE
8
BLACK
6
CONTINUOUS
10
87.8913560000000018
20
-54.4879689999999997
11
87.8867929999999973
21
-54.4810060000000007
0
LINE
8
BLACK
6
CONTINUOUS
10
87.8867929999999973
20
-54.4810060000000007
11
87.8484519999999947
21
-54.4419759999999968
0
LINE
8
BLACK
6
CONTINUOUS
10
87.8484519999999947
20
-54.4419759999999968
11
87.8431379999999962
21
-54.4362749999999949
0
LINE
8
BLACK
6
CONTINUOUS
10
87.8431379999999962
20
-54.4362749999999949
11
87.8369119999999981
21
-54.429235999999996
0
LINE
8
BLACK
6
CONTINUOUS
10
87.8369119999999981
20
-54.429235999999996
11
87.8342310000000026
21
-54.425301999999995
0
LINE
8
BLACK
6
CONTINUOUS
10
87.8342310000000026
20
-54.425301999999995
11
87.8281690000000026
21
-54.4193509999999989
0
LINE
8
BLACK
6
CONTINUOUS
10
87.8281690000000026
20
-54.4193509999999989
11
87.8246859999999998
21
-54.4154130000000009
0
LINE
8
BLACK
6
CONTINUOUS
10
87.8246859999999998
20
-54.4154130000000009
11
87.8246029999999962
21
-54.4152470000000008
0
LINE
8
BLACK
6
CONTINUOUS
10
87.8246029999999962
20
-54.4152470000000008
11
87.8236869999999925
21
-54.4142719999999969
0
LINE
8
BLACK
6
CONTINUOUS
10
87.8236869999999925
20
-54.4142719999999969
11
87.8001569999999987
21
-54.3871169999999964
0
LINE
8
BLACK
6
CONTINUOUS
10
87.8001569999999987
20
-54.3871169999999964
11
87.7955609999999922
21
-54.3835470000000001
0
LINE
8
BLACK
6
CONTINUOUS
10
87.7955609999999922
20
-54.3835470000000001
11
87.7928560000000004
21
-54.3814449999999994
0
LINE
8
BLACK
6
CONTINUOUS
10
87.7928560000000004
20
-54.3814449999999994
11
87.7879999999999967
21
-54.3776729999999944
0
LINE
8
BLACK
6
CONTINUOUS
10
87.7879999999999967
20
-54.3776729999999944
11
87.7739019999999925
21
-54.3652169999999941
0
LINE
8
BLACK
6
CONTINUOUS
10
87.7739019999999925
20
-54.3652169999999941
11
87.7673929999999984
21
-54.3586899999999957
0
LINE
8
BLACK
6
CONTINUOUS
10
87.7673929999999984
20
-54.3586899999999957
11
87.7523809999999997
21
-54.3393650000000008
0
LINE
8
BLACK
6
CONTINUOUS
10
87.7523809999999997
20
-54.3393650000000008
11
87.7210409999999996
21
-54.3122089999999957
0
LINE
8
BLACK
6
CONTINUOUS
10
87.7210409999999996
20
-54.3122089999999957
11
87.7172109999999918
21
-54.3083679999999944
0
LINE
8
BLACK
6
CONTINUOUS
10
87.7172109999999918
20
-54.3083679999999944
11
87.717140999999998
21
-54.3082469999999944
0
LINE
8
BLACK
6
CONTINUOUS
10
87.717140999999998
20
-54.3082469999999944
11
87.7164339999999925
21
-54.3075830000000011
0
LINE
8
BLACK
6
CONTINUOUS
10
87.7164339999999925
20
-54.3075830000000011
11
87.7139990000000012
21
-54.305104
0
LINE
8
BLACK
6
CONTINUOUS
10
87.7139990000000012
20
-54.305104
11
87.713994999999997
21
-54.3051010000000005
0
LINE
8
BLACK
6
CONTINUOUS
10
87.713994999999997
20
-54.3051010000000005
11
87.7139930000000021
21
-54.3050989999999985
0
LINE
8
BLACK
6
CONTINUOUS
10
87.7139930000000021
20
-54.3050989999999985
11
87.7083889999999968
21
-54.3004159999999985
0
LINE
8
BLACK
6
CONTINUOUS
10
87.7083889999999968
20
-54.3004159999999985
11
87.7086099999999931
21
-54.3001509999999996
0
LINE
8
BLACK
6
CONTINUOUS
10
87.7086099999999931
20
-54.3001509999999996
11
87.6973239999999947
21
-54.2908909999999949
0
LINE
8
BLACK
6
CONTINUOUS
10
87.6973239999999947
20
-54.2908909999999949
11
87.6582779999999957
21
-54.2525569999999959
0
LINE
8
BLACK
6
CONTINUOUS
10
87.6582779999999957
20
-54.2525569999999959
11
87.6514919999999904
21
-54.248111999999999
0
LINE
8
BLACK
6
CONTINUOUS
10
87.6514919999999904
20
-54.248111999999999
11
87.622294999999994
21
-54.223044999999999
0
LINE
8
BLACK
6
CONTINUOUS
10
87.622294999999994
20
-54.223044999999999
11
87.6140609999999924
21
-54.2138789999999986
0
LINE
8
BLACK
6
CONTINUOUS
10
87.6140609999999924
20
-54.2138789999999986
11
87.6140570000000025
21
-54.2138749999999945
0
LINE
8
BLACK
6
CONTINUOUS
10
87.6140570000000025
20
-54.2138749999999945
11
87.570532
21
-54.1812909999999945
0
LINE
8
BLACK
6
CONTINUOUS
10
87.570532
20
-54.1812909999999945
11
87.5622549999999933
21
-54.1746209999999948
0
LINE
8
BLACK
6
CONTINUOUS
10
87.5622549999999933
20
-54.1746209999999948
11
87.5326539999999937
21
-54.1489720000000005
0
LINE
8
BLACK
6
CONTINUOUS
10
87.5326539999999937
20
-54.1489720000000005
11
87.5211860000000001
21
-54.1390349999999998
0
LINE
8
BLACK
6
CONTINUOUS
10
87.5211860000000001
20
-54.1390349999999998
11
87.521183999999991
21
-54.1390339999999952
0
LINE
8
BLACK
6
CONTINUOUS
10
87.521183999999991
20
-54.1390339999999952
11
87.5211809999999986
21
-54.1390309999999957
0
LINE
8
BLACK
6
CONTINUOUS
10
87.5211809999999986
20
-54.1390309999999957
11
87.5078779999999909
21
-54.131456
0
LINE
8
BLACK
6
CONTINUOUS
10
87.5078779999999909
20
-54.131456
11
87.4781479999999902
21
-54.1092009999999988
0
LINE
8
BLACK
6
CONTINUOUS
10
87.4781479999999902
20
-54.1092009999999988
11
87.4671199999999942
21
-54.0985589999999945
0
LINE
8
BLACK
6
CONTINUOUS
10
87.4671199999999942
20
-54.0985589999999945
11
87.4213539999999938
21
-54.069147000000001
0
LINE
8
BLACK
6
CONTINUOUS
10
87.4213539999999938
20
-54.069147000000001
11
87.4198959999999943
21
-54.0681969999999978
0
LINE
8
BLACK
6
CONTINUOUS
10
87.4198959999999943
20
-54.0681969999999978
11
87.4162039999999934
21
-54.0657609999999949
0
LINE
8
BLACK
6
CONTINUOUS
10
87.4162039999999934
20
-54.0657609999999949
11
87.3691609999999912
21
-54.030543999999999
0
LINE
8
BLACK
6
CONTINUOUS
10
87.3691609999999912
20
-54.030543999999999
11
87.346114
21
-54.0195159999999959
0
LINE
8
BLACK
6
CONTINUOUS
10
87.346114
20
-54.0195159999999959
11
87.3375839999999926
21
-54.0138889999999989
0
LINE
8
BLACK
6
CONTINUOUS
10
87.3375839999999926
20
-54.0138889999999989
11
87.3347589999999911
21
-54.0107049999999944
0
LINE
8
BLACK
6
CONTINUOUS
10
87.3347589999999911
20
-54.0107049999999944
11
87.3240919999999932
21
-54.0038499999999999
0
LINE
8
BLACK
6
CONTINUOUS
10
87.3240919999999932
20
-54.0038499999999999
11
87.3123360000000019
21
-53.9940250000000006
0
LINE
8
BLACK
6
CONTINUOUS
10
87.3123360000000019
20
-53.9940250000000006
11
87.264522999999997
21
-53.9679159999999953
0
LINE
8
BLACK
6
CONTINUOUS
10
87.264522999999997
20
-53.9679159999999953
11
87.2630679999999899
21
-53.9671099999999981
0
LINE
8
BLACK
6
CONTINUOUS
10
87.2630679999999899
20
-53.9671099999999981
11
87.259215999999995
21
-53.9649459999999976
0
LINE
8
BLACK
6
CONTINUOUS
10
87.259215999999995
20
-53.9649459999999976
11
87.2097679999999968
21
-53.9331679999999949
0
LINE
8
BLACK
6
CONTINUOUS
10
87.2097679999999968
20
-53.9331679999999949
11
87.1860029999999995
21
-53.9238169999999997
0
LINE
8
BLACK
6
CONTINUOUS
10
87.1860029999999995
20
-53.9238169999999997
11
87.1770899999999926
21
-53.9188100000000006
0
LINE
8
BLACK
6
CONTINUOUS
10
87.1770899999999926
20
-53.9188100000000006
11
87.1740470000000016
21
-53.9158369999999962
0
LINE
8
BLACK
6
CONTINUOUS
10
87.1740470000000016
20
-53.9158369999999962
11
87.1629199999999997
21
-53.9097620000000006
0
LINE
8
BLACK
6
CONTINUOUS
10
87.1629199999999997
20
-53.9097620000000006
11
87.1504929999999973
21
-53.9008009999999942
0
LINE
8
BLACK
6
CONTINUOUS
10
87.1504929999999973
20
-53.9008009999999942
11
87.1504939999999948
21
-53.9008009999999942
0
LINE
8
BLACK
6
CONTINUOUS
10
87.1504939999999948
20
-53.9008009999999942
11
87.1010639999999938
21
-53.8782269999999954
0
LINE
8
BLACK
6
CONTINUOUS
10
87.1010639999999938
20
-53.8782269999999954
11
87.0915549999999996
21
-53.873466999999998
0
LINE
8
BLACK
6
CONTINUOUS
10
87.0915549999999996
20
-53.873466999999998
11
87.0438429999999954
21
-53.8474140000000006
0
LINE
8
BLACK
6
CONTINUOUS
10
87.0438429999999954
20
-53.8474140000000006
11
87.0292249999999967
21
-53.8428369999999958
0
LINE
8
BLACK
6
CONTINUOUS
10
87.0292249999999967
20
-53.8428369999999958
11
87.0134860000000003
21
-53.8369140000000002
0
LINE
8
BLACK
6
CONTINUOUS
10
87.0134860000000003
20
-53.8369140000000002
11
87.0041370000000001
21
-53.8327789999999951
0
LINE
8
BLACK
6
CONTINUOUS
10
87.0041370000000001
20
-53.8327789999999951
11
86.9824119999999965
21
-53.8193589999999986
0
LINE
8
BLACK
6
CONTINUOUS
10
86.9824119999999965
20
-53.8193589999999986
11
86.927347999999995
21
-53.7988199999999992
0
LINE
8
BLACK
6
CONTINUOUS
10
86.927347999999995
20
-53.7988199999999992
11
86.923294999999996
21
-53.7970279999999974
0
LINE
8
BLACK
6
CONTINUOUS
10
86.923294999999996
20
-53.7970279999999974
11
86.9231470000000002
21
-53.7969089999999994
0
LINE
8
BLACK
6
CONTINUOUS
10
86.9231470000000002
20
-53.7969089999999994
11
86.9216600000000028
21
-53.7962929999999986
0
LINE
8
BLACK
6
CONTINUOUS
10
86.9216600000000028
20
-53.7962929999999986
11
86.8722289999999902
21
-53.7737169999999978
0
LINE
8
BLACK
6
CONTINUOUS
10
86.8722289999999902
20
-53.7737169999999978
11
86.8722229999999911
21
-53.7737149999999957
0
LINE
8
BLACK
6
CONTINUOUS
10
86.8722229999999911
20
-53.7737149999999957
11
86.8573099999999982
21
-53.770190999999997
0
LINE
8
BLACK
6
CONTINUOUS
10
86.8573099999999982
20
-53.770190999999997
11
86.8225229999999897
21
-53.7572159999999997
0
LINE
8
BLACK
6
CONTINUOUS
10
86.8225229999999897
20
-53.7572159999999997
11
86.8197919999999925
21
-53.755786999999998
0
LINE
8
BLACK
6
CONTINUOUS
10
86.8197919999999925
20
-53.755786999999998
11
86.8089420000000018
21
-53.7501119999999943
0
LINE
8
BLACK
6
CONTINUOUS
10
86.8089420000000018
20
-53.7501119999999943
11
86.8089389999999952
21
-53.7501109999999969
0
LINE
8
BLACK
6
CONTINUOUS
10
86.8089389999999952
20
-53.7501109999999969
11
86.7567829999999987
21
-53.7347949999999983
0
LINE
8
BLACK
6
CONTINUOUS
10
86.7567829999999987
20
-53.7347949999999983
11
86.7550710000000009
21
-53.7342809999999957
0
LINE
8
BLACK
6
CONTINUOUS
10
86.7550710000000009
20
-53.7342809999999957
11
86.7508359999999925
21
-53.7329819999999998
0
LINE
8
BLACK
6
CONTINUOUS
10
86.7508359999999925
20
-53.7329819999999998
11
86.6957859999999982
21
-53.7124489999999994
0
LINE
8
BLACK
6
CONTINUOUS
10
86.6957859999999982
20
-53.7124489999999994
11
86.6705749999999995
21
-53.7083629999999985
0
LINE
8
BLACK
6
CONTINUOUS
10
86.6705749999999995
20
-53.7083629999999985
11
86.6608039999999988
21
-53.7053659999999979
0
LINE
8
BLACK
6
CONTINUOUS
10
86.6608039999999988
20
-53.7053659999999979
11
86.6571969999999965
21
-53.7031080000000003
0
LINE
8
BLACK
6
CONTINUOUS
10
86.6571969999999965
20
-53.7031080000000003
11
86.6450320000000005
21
-53.6995349999999974
0
LINE
8
BLACK
6
CONTINUOUS
10
86.6450320000000005
20
-53.6995349999999974
11
86.6309830000000005
21
-53.6934199999999962
0
LINE
8
BLACK
6
CONTINUOUS
10
86.6309830000000005
20
-53.6934199999999962
11
86.6176399999999944
21
-53.6905169999999998
0
LINE
8
BLACK
6
CONTINUOUS
10
86.6176399999999944
20
-53.6905169999999998
11
86.5778650000000027
21
-53.6818629999999999
0
LINE
8
BLACK
6
CONTINUOUS
10
86.5778650000000027
20
-53.6818629999999999
11
86.5761200000000031
21
-53.6814719999999994
0
LINE
8
BLACK
6
CONTINUOUS
10
86.5761200000000031
20
-53.6814719999999994
11
86.5718009999999936
21
-53.6804769999999962
0
LINE
8
BLACK
6
CONTINUOUS
10
86.5718009999999936
20
-53.6804769999999962
11
86.5154209999999892
21
-53.6639229999999969
0
LINE
8
BLACK
6
CONTINUOUS
10
86.5154209999999892
20
-53.6639229999999969
11
86.4899889999999942
21
-53.6616459999999975
0
LINE
8
BLACK
6
CONTINUOUS
10
86.4899889999999942
20
-53.6616459999999975
11
86.4800240000000002
21
-53.6593529999999959
0
LINE
8
BLACK
6
CONTINUOUS
10
86.4800240000000002
20
-53.6593529999999959
11
86.4762659999999954
21
-53.657357999999995
0
LINE
8
BLACK
6
CONTINUOUS
10
86.4762659999999954
20
-53.657357999999995
11
86.4638729999999924
21
-53.6546619999999947
0
LINE
8
BLACK
6
CONTINUOUS
10
86.4638729999999924
20
-53.6546619999999947
11
86.449428999999995
21
-53.6495660000000001
0
LINE
8
BLACK
6
CONTINUOUS
10
86.449428999999995
20
-53.6495660000000001
11
86.3956369999999936
21
-53.6418299999999988
0
LINE
8
BLACK
6
CONTINUOUS
10
86.3956369999999936
20
-53.6418299999999988
11
86.3851739999999921
21
-53.6399419999999978
0
LINE
8
BLACK
6
CONTINUOUS
10
86.3851739999999921
20
-53.6399419999999978
11
86.3320609999999959
21
-53.6283869999999965
0
LINE
8
BLACK
6
CONTINUOUS
10
86.3320609999999959
20
-53.6283869999999965
11
86.3320530000000019
21
-53.628385999999999
0
LINE
8
BLACK
6
CONTINUOUS
10
86.3320530000000019
20
-53.628385999999999
11
86.3167320000000018
21
-53.6281119999999945
0
LINE
8
BLACK
6
CONTINUOUS
10
86.3167320000000018
20
-53.6281119999999945
11
86.279989999999998
21
-53.6228289999999959
0
LINE
8
BLACK
6
CONTINUOUS
10
86.279989999999998
20
-53.6228289999999959
11
86.2791599999999903
21
-53.622600999999996
0
LINE
8
BLACK
6
CONTINUOUS
10
86.2791599999999903
20
-53.622600999999996
11
86.2652049999999946
21
-53.6187729999999974
0
LINE
8
BLACK
6
CONTINUOUS
10
86.2652049999999946
20
-53.6187729999999974
11
86.2652029999999996
21
-53.6187719999999999
0
LINE
8
BLACK
6
CONTINUOUS
10
86.2652029999999996
20
-53.6187719999999999
11
86.265199999999993
21
-53.6187719999999999
0
LINE
8
BLACK
6
CONTINUOUS
10
86.265199999999993
20
-53.6187719999999999
11
86.2109849999999938
21
-53.614892999999995
0
LINE
8
BLACK
6
CONTINUOUS
10
86.2109849999999938
20
-53.614892999999995
11
86.2085869999999943
21
-53.6147019999999941
0
LINE
8
BLACK
6
CONTINUOUS
10
86.2085869999999943
20
-53.6147019999999941
11
86.2044789999999921
21
-53.614340999999996
0
LINE
8
BLACK
6
CONTINUOUS
10
86.2044789999999921
20
-53.614340999999996
11
86.1466289999999901
21
-53.6060230000000004
0
LINE
8
BLACK
6
CONTINUOUS
10
86.1466289999999901
20
-53.6060230000000004
11
86.1237110000000001
21
-53.6072500000000005
0
LINE
8
BLACK
6
CONTINUOUS
10
86.1237110000000001
20
-53.6072500000000005
11
86.1132199999999983
21
-53.6063289999999952
0
LINE
8
BLACK
6
CONTINUOUS
10
86.1132199999999983
20
-53.6063289999999952
11
86.1089249999999993
21
-53.6047639999999959
0
LINE
8
BLACK
6
CONTINUOUS
10
86.1089249999999993
20
-53.6047639999999959
11
86.0958849999999956
21
-53.6037729999999968
0
LINE
8
BLACK
6
CONTINUOUS
10
86.0958849999999956
20
-53.6037729999999968
11
86.0877389999999991
21
-53.6020769999999942
0
LINE
8
BLACK
6
CONTINUOUS
10
86.0877389999999991
20
-53.6020769999999942
11
86.035468999999992
21
-53.6016079999999988
0
LINE
8
BLACK
6
CONTINUOUS
10
86.035468999999992
20
-53.6016079999999988
11
86.0295399999999972
21
-53.6014369999999971
0
LINE
8
BLACK
6
CONTINUOUS
10
86.0295399999999972
20
-53.6014369999999971
11
86.0218699999999927
21
-53.6010619999999989
0
LINE
8
BLACK
6
CONTINUOUS
10
86.0218699999999927
20
-53.6010619999999989
11
86.0198960000000028
21
-53.6006700000000009
0
LINE
8
BLACK
6
CONTINUOUS
10
86.0198960000000028
20
-53.6006700000000009
11
86.0138319999999936
21
-53.6006700000000009
0
LINE
8
BLACK
6
CONTINUOUS
10
86.0138319999999936
20
-53.6006700000000009
11
86.0102069999999941
21
-53.6004930000000002
0
LINE
8
BLACK
6
CONTINUOUS
10
86.0102069999999941
20
-53.6004930000000002
11
86.0099159999999898
21
-53.6003989999999959
0
LINE
8
BLACK
6
CONTINUOUS
10
86.0099159999999898
20
-53.6003989999999959
11
86.0068429999999893
21
-53.6002900000000011
0
LINE
8
BLACK
6
CONTINUOUS
10
86.0068429999999893
20
-53.6002900000000011
11
85.9600719999999967
21
-53.5969440000000006
0
LINE
8
BLACK
6
CONTINUOUS
10
85.9600719999999967
20
-53.5969440000000006
11
85.9600679999999926
21
-53.5969440000000006
0
LINE
8
BLACK
6
CONTINUOUS
10
85.9600679999999926
20
-53.5969440000000006
11
85.9403159999999957
21
-53.5994239999999991
0
LINE
8
BLACK
6
CONTINUOUS
10
85.9403159999999957
20
-53.5994239999999991
11
85.9204269999999894
21
-53.6005779999999987
0
LINE
8
BLACK
6
CONTINUOUS
10
85.9204269999999894
20
-53.6005779999999987
11
85.8411770000000018
21
-53.5998699999999957
0
LINE
8
BLACK
6
CONTINUOUS
10
85.8411770000000018
20
-53.5998699999999957
11
85.8411759999999902
21
-53.5998699999999957
0
LINE
8
BLACK
6
CONTINUOUS
10
85.8411759999999902
20
-53.5998699999999957
11
85.8411729999999977
21
-53.5998699999999957
0
LINE
8
BLACK
6
CONTINUOUS
10
85.8411729999999977
20
-53.5998699999999957
11
85.8411689999999936
21
-53.5998699999999957
0
LINE
8
BLACK
6
CONTINUOUS
10
85.8411689999999936
20
-53.5998699999999957
11
85.8388559999999927
21
-53.6000779999999963
0
LINE
8
BLACK
6
CONTINUOUS
10
85.8388559999999927
20
-53.6000779999999963
11
85.8255819999999972
21
-53.6006700000000009
0
LINE
8
BLACK
6
CONTINUOUS
10
85.8255819999999972
20
-53.6006700000000009
11
75.8960349999999977
21
-53.6006700000000009
0
LINE
8
BLACK
6
CONTINUOUS
10
75.8960349999999977
20
-53.6006700000000009
11
75.8848189999999931
21
-53.6006619999999998
0
LINE
8
BLACK
6
CONTINUOUS
10
75.8848189999999931
20
-53.6006619999999998
11
75.8807309999999973
21
-53.5998859999999979
0
LINE
8
BLACK
6
CONTINUOUS
10
75.8807309999999973
20
-53.5998859999999979
11
75.7990889999999951
21
-53.6006009999999975
0
LINE
8
BLACK
6
CONTINUOUS
10
75.7990889999999951
20
-53.6006009999999975
11
75.7983770000000021
21
-53.6006009999999975
0
LINE
8
BLACK
6
CONTINUOUS
10
75.7983770000000021
20
-53.6006009999999975
11
75.7979579999999942
21
-53.6004879999999986
0
LINE
8
BLACK
6
CONTINUOUS
10
75.7979579999999942
20
-53.6004879999999986
11
75.7799119999999959
21
-53.5994389999999967
0
LINE
8
BLACK
6
CONTINUOUS
10
75.7799119999999959
20
-53.5994389999999967
11
75.760074000000003
21
-53.5969470000000001
0
LINE
8
BLACK
6
CONTINUOUS
10
75.760074000000003
20
-53.5969470000000001
11
75.7600619999999907
21
-53.5969459999999955
0
LINE
8
BLACK
6
CONTINUOUS
10
75.7600619999999907
20
-53.5969459999999955
11
75.7162909999999982
21
-53.6000779999999963
0
LINE
8
BLACK
6
CONTINUOUS
10
75.7162909999999982
20
-53.6000779999999963
11
75.7133209999999934
21
-53.6002900000000011
0
LINE
8
BLACK
6
CONTINUOUS
10
75.7133209999999934
20
-53.6002900000000011
11
75.7105189999999908
21
-53.6004649999999998
0
LINE
8
BLACK
6
CONTINUOUS
10
75.7105189999999908
20
-53.6004649999999998
11
75.7066190000000034
21
-53.6006700000000009
0
LINE
8
BLACK
6
CONTINUOUS
10
75.7066190000000034
20
-53.6006700000000009
11
75.7018300000000011
21
-53.6006700000000009
0
LINE
8
BLACK
6
CONTINUOUS
10
75.7018300000000011
20
-53.6006700000000009
11
75.7001070000000027
21
-53.6010119999999972
0
LINE
8
BLACK
6
CONTINUOUS
10
75.7001070000000027
20
-53.6010119999999972
11
75.6929420000000022
21
-53.6013889999999975
0
LINE
8
BLACK
6
CONTINUOUS
10
75.6929420000000022
20
-53.6013889999999975
11
75.6923809999999975
21
-53.6012689999999949
0
LINE
8
BLACK
6
CONTINUOUS
10
75.6923809999999975
20
-53.6012689999999949
11
75.6864279999999923
21
-53.6015879999999996
0
LINE
8
BLACK
6
CONTINUOUS
10
75.6864279999999923
20
-53.6015879999999996
11
75.6325549999999964
21
-53.6020599999999945
0
LINE
8
BLACK
6
CONTINUOUS
10
75.6325549999999964
20
-53.6020599999999945
11
75.6325509999999923
21
-53.6020609999999991
0
LINE
8
BLACK
6
CONTINUOUS
10
75.6325509999999923
20
-53.6020609999999991
11
75.6227429999999998
21
-53.604101
0
LINE
8
BLACK
6
CONTINUOUS
10
75.6227429999999998
20
-53.604101
11
75.5844409999999982
21
-53.6070089999999979
0
LINE
8
BLACK
6
CONTINUOUS
10
75.5844409999999982
20
-53.6070089999999979
11
75.5703049999999905
21
-53.6062519999999978
0
LINE
8
BLACK
6
CONTINUOUS
10
75.5703049999999905
20
-53.6062519999999978
11
75.5702950000000016
21
-53.6062519999999978
0
LINE
8
BLACK
6
CONTINUOUS
10
75.5702950000000016
20
-53.6062519999999978
11
75.516492999999997
21
-53.6139869999999945
0
LINE
8
BLACK
6
CONTINUOUS
10
75.516492999999997
20
-53.6139869999999945
11
75.5059229999999957
21
-53.615122999999997
0
LINE
8
BLACK
6
CONTINUOUS
10
75.5059229999999957
20
-53.615122999999997
11
75.4517259999999936
21
-53.6189989999999952
0
LINE
8
BLACK
6
CONTINUOUS
10
75.4517259999999936
20
-53.6189989999999952
11
75.451712999999998
21
-53.6190009999999972
0
LINE
8
BLACK
6
CONTINUOUS
10
75.451712999999998
20
-53.6190009999999972
11
75.4353770000000026
21
-53.6234830000000002
0
LINE
8
BLACK
6
CONTINUOUS
10
75.4353770000000026
20
-53.6234830000000002
11
75.3986209999999915
21
-53.6287669999999963
0
LINE
8
BLACK
6
CONTINUOUS
10
75.3986209999999915
20
-53.6287669999999963
11
75.3816929999999985
21
-53.6290689999999941
0
LINE
8
BLACK
6
CONTINUOUS
10
75.3816929999999985
20
-53.6290689999999941
11
75.3816819999999979
21
-53.6290699999999987
0
LINE
8
BLACK
6
CONTINUOUS
10
75.3816819999999979
20
-53.6290699999999987
11
75.32856799999999
21
-53.6406229999999979
0
LINE
8
BLACK
6
CONTINUOUS
10
75.32856799999999
20
-53.6406229999999979
11
75.3271419999999949
21
-53.6409260000000003
0
LINE
8
BLACK
6
CONTINUOUS
10
75.3271419999999949
20
-53.6409260000000003
11
75.3226489999999984
21
-53.6418569999999946
0
LINE
8
BLACK
6
CONTINUOUS
10
75.3226489999999984
20
-53.6418569999999946
11
75.2643139999999988
21
-53.6502449999999982
0
LINE
8
BLACK
6
CONTINUOUS
10
75.2643139999999988
20
-53.6502449999999982
11
75.2388540000000035
21
-53.6592249999999993
0
LINE
8
BLACK
6
CONTINUOUS
10
75.2388540000000035
20
-53.6592249999999993
11
75.2290050000000008
21
-53.6612669999999952
0
LINE
8
BLACK
6
CONTINUOUS
10
75.2290050000000008
20
-53.6612669999999952
11
75.2247129999999942
21
-53.6610200000000006
0
LINE
8
BLACK
6
CONTINUOUS
10
75.2247129999999942
20
-53.6610200000000006
11
75.2120529999999974
21
-53.6637739999999965
0
LINE
8
BLACK
6
CONTINUOUS
10
75.2120529999999974
20
-53.6637739999999965
11
75.1951699999999903
21
-53.6652849999999972
0
LINE
8
BLACK
6
CONTINUOUS
10
75.1951699999999903
20
-53.6652849999999972
11
75.1430259999999919
21
-53.6805959999999942
0
LINE
8
BLACK
6
CONTINUOUS
10
75.1430259999999919
20
-53.6805959999999942
11
75.1327220000000011
21
-53.6832259999999977
0
LINE
8
BLACK
6
CONTINUOUS
10
75.1327220000000011
20
-53.6832259999999977
11
75.0796149999999898
21
-53.6947779999999995
0
LINE
8
BLACK
6
CONTINUOUS
10
75.0796149999999898
20
-53.6947779999999995
11
75.0640690000000035
21
-53.7015449999999959
0
LINE
8
BLACK
6
CONTINUOUS
10
75.0640690000000035
20
-53.7015449999999959
11
75.0479839999999996
21
-53.7074700000000007
0
LINE
8
BLACK
6
CONTINUOUS
10
75.0479839999999996
20
-53.7074700000000007
11
75.0383629999999897
21
-53.7103970000000004
0
LINE
8
BLACK
6
CONTINUOUS
10
75.0383629999999897
20
-53.7103970000000004
11
75.0117149999999953
21
-53.7147159999999957
0
LINE
8
BLACK
6
CONTINUOUS
10
75.0117149999999953
20
-53.7147159999999957
11
74.956514999999996
21
-53.7353039999999993
0
LINE
8
BLACK
6
CONTINUOUS
10
74.956514999999996
20
-53.7353039999999993
11
74.952108999999993
21
-53.7366449999999958
0
LINE
8
BLACK
6
CONTINUOUS
10
74.952108999999993
20
-53.7366449999999958
11
74.9519519999999915
21
-53.7366499999999974
0
LINE
8
BLACK
6
CONTINUOUS
10
74.9519519999999915
20
-53.7366499999999974
11
74.9507119999999958
21
-53.7370629999999991
0
LINE
8
BLACK
6
CONTINUOUS
10
74.9507119999999958
20
-53.7370629999999991
11
74.8985600000000034
21
-53.7523759999999982
0
LINE
8
BLACK
6
CONTINUOUS
10
74.8985600000000034
20
-53.7523759999999982
11
74.8985559999999992
21
-53.7523780000000002
0
LINE
8
BLACK
6
CONTINUOUS
10
74.8985559999999992
20
-53.7523780000000002
11
74.8835349999999949
21
-53.7602349999999944
0
LINE
8
BLACK
6
CONTINUOUS
10
74.8835349999999949
20
-53.7602349999999944
11
74.8679190000000006
21
-53.7672899999999956
0
LINE
8
BLACK
6
CONTINUOUS
10
74.8679190000000006
20
-53.7672899999999956
11
74.8585289999999901
21
-53.7708969999999979
0
LINE
8
BLACK
6
CONTINUOUS
10
74.8585289999999901
20
-53.7708969999999979
11
74.8322599999999909
21
-53.7771059999999963
0
LINE
8
BLACK
6
CONTINUOUS
10
74.8322599999999909
20
-53.7771059999999963
11
74.778655999999998
21
-53.8015849999999958
0
LINE
8
BLACK
6
CONTINUOUS
10
74.778655999999998
20
-53.8015849999999958
11
74.774360999999999
21
-53.8032359999999983
0
LINE
8
BLACK
6
CONTINUOUS
10
74.774360999999999
20
-53.8032359999999983
11
74.774203
21
-53.8032520000000005
0
LINE
8
BLACK
6
CONTINUOUS
10
74.774203
20
-53.8032520000000005
11
74.7729929999999996
21
-53.8037539999999979
0
LINE
8
BLACK
6
CONTINUOUS
10
74.7729929999999996
20
-53.8037539999999979
11
74.7220769999999987
21
-53.8227440000000001
0
LINE
8
BLACK
6
CONTINUOUS
10
74.7220769999999987
20
-53.8227440000000001
11
74.7220669999999956
21
-53.8227489999999946
0
LINE
8
BLACK
6
CONTINUOUS
10
74.7220669999999956
20
-53.8227489999999946
11
74.7076529999999934
21
-53.8316529999999958
0
LINE
8
BLACK
6
CONTINUOUS
10
74.7076529999999934
20
-53.8316529999999958
11
74.6738819999999919
21
-53.8470759999999942
0
LINE
8
BLACK
6
CONTINUOUS
10
74.6738819999999919
20
-53.8470759999999942
11
74.6577059999999904
21
-53.852140999999996
0
LINE
8
BLACK
6
CONTINUOUS
10
74.6577059999999904
20
-53.852140999999996
11
74.6576979999999963
21
-53.8521450000000002
0
LINE
8
BLACK
6
CONTINUOUS
10
74.6576979999999963
20
-53.8521450000000002
11
74.6099889999999988
21
-53.8781949999999981
0
LINE
8
BLACK
6
CONTINUOUS
10
74.6099889999999988
20
-53.8781949999999981
11
74.6087069999999954
21
-53.8788869999999989
0
LINE
8
BLACK
6
CONTINUOUS
10
74.6087069999999954
20
-53.8788869999999989
11
74.6046559999999914
21
-53.8810469999999953
0
LINE
8
BLACK
6
CONTINUOUS
10
74.6046559999999914
20
-53.8810469999999953
11
74.5510620000000017
21
-53.9055239999999998
0
LINE
8
BLACK
6
CONTINUOUS
10
74.5510620000000017
20
-53.9055239999999998
11
74.5291599999999903
21
-53.9213149999999999
0
LINE
8
BLACK
6
CONTINUOUS
10
74.5291599999999903
20
-53.9213149999999999
11
74.5202919999999978
21
-53.9260459999999995
0
LINE
8
BLACK
6
CONTINUOUS
10
74.5202919999999978
20
-53.9260459999999995
11
74.5161039999999986
21
-53.9270179999999968
0
LINE
8
BLACK
6
CONTINUOUS
10
74.5161039999999986
20
-53.9270179999999968
11
74.5047309999999925
21
-53.9332289999999972
0
LINE
8
BLACK
6
CONTINUOUS
10
74.5047309999999925
20
-53.9332289999999972
11
74.4889519999999976
21
-53.9394379999999956
0
LINE
8
BLACK
6
CONTINUOUS
10
74.4889519999999976
20
-53.9394379999999956
11
74.4432279999999906
21
-53.9688219999999959
0
LINE
8
BLACK
6
CONTINUOUS
10
74.4432279999999906
20
-53.9688219999999959
11
74.4419989999999956
21
-53.9696029999999993
0
LINE
8
BLACK
6
CONTINUOUS
10
74.4419989999999956
20
-53.9696029999999993
11
74.4380949999999899
21
-53.9720569999999995
0
LINE
8
BLACK
6
CONTINUOUS
10
74.4380949999999899
20
-53.9720569999999995
11
74.3863860000000017
21
-54.0002939999999967
0
LINE
8
BLACK
6
CONTINUOUS
10
74.3863860000000017
20
-54.0002939999999967
11
74.3656679999999994
21
-54.0176079999999956
0
LINE
8
BLACK
6
CONTINUOUS
10
74.3656679999999994
20
-54.0176079999999956
11
74.3571579999999983
21
-54.0229599999999976
0
LINE
8
BLACK
6
CONTINUOUS
10
74.3571579999999983
20
-54.0229599999999976
11
74.3530470000000037
21
-54.0242289999999983
0
LINE
8
BLACK
6
CONTINUOUS
10
74.3530470000000037
20
-54.0242289999999983
11
74.3421419999999955
21
-54.0312379999999948
0
LINE
8
BLACK
6
CONTINUOUS
10
74.3421419999999955
20
-54.0312379999999948
11
74.3268559999999923
21
-54.0385509999999982
0
LINE
8
BLACK
6
CONTINUOUS
10
74.3268559999999923
20
-54.0385509999999982
11
74.283346999999992
21
-54.071120999999998
0
LINE
8
BLACK
6
CONTINUOUS
10
74.283346999999992
20
-54.071120999999998
11
74.2821730000000002
21
-54.071990999999997
0
LINE
8
BLACK
6
CONTINUOUS
10
74.2821730000000002
20
-54.071990999999997
11
74.2784639999999996
21
-54.0747099999999961
0
LINE
8
BLACK
6
CONTINUOUS
10
74.2784639999999996
20
-54.0747099999999961
11
74.2288929999999993
21
-54.1065690000000004
0
LINE
8
BLACK
6
CONTINUOUS
10
74.2288929999999993
20
-54.1065690000000004
11
74.2094709999999935
21
-54.1253079999999969
0
LINE
8
BLACK
6
CONTINUOUS
10
74.2094709999999935
20
-54.1253079999999969
11
74.2013589999999965
21
-54.1312579999999954
0
LINE
8
BLACK
6
CONTINUOUS
10
74.2013589999999965
20
-54.1312579999999954
11
74.1973529999999926
21
-54.1328159999999983
0
LINE
8
BLACK
6
CONTINUOUS
10
74.1973529999999926
20
-54.1328159999999983
11
74.186981000000003
21
-54.1405809999999974
0
LINE
8
BLACK
6
CONTINUOUS
10
74.186981000000003
20
-54.1405809999999974
11
74.1722499999999911
21
-54.1489699999999985
0
LINE
8
BLACK
6
CONTINUOUS
10
74.1722499999999911
20
-54.1489699999999985
11
74.1311669999999907
21
-54.1845669999999942
0
LINE
8
BLACK
6
CONTINUOUS
10
74.1311669999999907
20
-54.1845669999999942
11
74.1296269999999993
21
-54.1858829999999969
0
LINE
8
BLACK
6
CONTINUOUS
10
74.1296269999999993
20
-54.1858829999999969
11
74.1263220000000018
21
-54.1886679999999998
0
LINE
8
BLACK
6
CONTINUOUS
10
74.1263220000000018
20
-54.1886679999999998
11
74.0793839999999904
21
-54.2238070000000008
0
LINE
8
BLACK
6
CONTINUOUS
10
74.0793839999999904
20
-54.2238070000000008
11
74.0630049999999898
21
-54.2420399999999958
0
LINE
8
BLACK
6
CONTINUOUS
10
74.0630049999999898
20
-54.2420399999999958
11
74.0551009999999934
21
-54.248702999999999
0
LINE
8
BLACK
6
CONTINUOUS
10
74.0551009999999934
20
-54.248702999999999
11
74.0509179999999958
21
-54.2506640000000004
0
LINE
8
BLACK
6
CONTINUOUS
10
74.0509179999999958
20
-54.2506640000000004
11
74.040773999999999
21
-54.2593779999999981
0
LINE
8
BLACK
6
CONTINUOUS
10
74.040773999999999
20
-54.2593779999999981
11
74.0323669999999936
21
-54.2648899999999941
0
LINE
8
BLACK
6
CONTINUOUS
10
74.0323669999999936
20
-54.2648899999999941
11
74.0323599999999971
21
-54.2648949999999957
0
LINE
8
BLACK
6
CONTINUOUS
10
74.0323599999999971
20
-54.2648949999999957
11
73.9924680000000023
21
-54.3040959999999941
0
LINE
8
BLACK
6
CONTINUOUS
10
73.9924680000000023
20
-54.3040959999999941
11
73.9864800000000002
21
-54.3096649999999954
0
LINE
8
BLACK
6
CONTINUOUS
10
73.9864800000000002
20
-54.3096649999999954
11
73.9795349999999985
21
-54.3157769999999971
0
LINE
8
BLACK
6
CONTINUOUS
10
73.9795349999999985
20
-54.3157769999999971
11
73.9760559999999998
21
-54.3181469999999962
0
LINE
8
BLACK
6
CONTINUOUS
10
73.9760559999999998
20
-54.3181469999999962
11
73.9710039999999935
21
-54.323285999999996
0
LINE
8
BLACK
6
CONTINUOUS
10
73.9710039999999935
20
-54.323285999999996
11
73.9669499999999971
21
-54.3268549999999948
0
LINE
8
BLACK
6
CONTINUOUS
10
73.9669499999999971
20
-54.3268549999999948
11
73.9668209999999959
21
-54.3269179999999992
0
LINE
8
BLACK
6
CONTINUOUS
10
73.9668209999999959
20
-54.3269179999999992
11
73.9660829999999976
21
-54.3276119999999949
0
LINE
8
BLACK
6
CONTINUOUS
10
73.9660829999999976
20
-54.3276119999999949
11
73.9386229999999927
21
-54.3514069999999947
0
LINE
8
BLACK
6
CONTINUOUS
10
73.9386229999999927
20
-54.3514069999999947
11
73.9386159999999961
21
-54.3514139999999983
0
LINE
8
BLACK
6
CONTINUOUS
10
73.9386159999999961
20
-54.3514139999999983
11
73.9282240000000002
21
-54.3647909999999968
0
LINE
8
BLACK
6
CONTINUOUS
10
73.9282240000000002
20
-54.3647909999999968
11
73.9019799999999947
21
-54.3910359999999997
0
LINE
8
BLACK
6
CONTINUOUS
10
73.9019799999999947
20
-54.3910359999999997
11
73.8885789999999929
21
-54.4014469999999974
0
LINE
8
BLACK
6
CONTINUOUS
10
73.8885789999999929
20
-54.4014469999999974
11
73.8885739999999913
21
-54.401451999999999
0
LINE
8
BLACK
6
CONTINUOUS
10
73.8885739999999913
20
-54.401451999999999
11
73.8647940000000034
21
-54.4288939999999997
0
LINE
8
BLACK
6
CONTINUOUS
10
73.8647940000000034
20
-54.4288939999999997
11
73.8640410000000003
21
-54.4297559999999976
0
LINE
8
BLACK
6
CONTINUOUS
10
73.8640410000000003
20
-54.4297559999999976
11
73.8604600000000033
21
-54.4338229999999967
0
LINE
8
BLACK
6
CONTINUOUS
10
73.8604600000000033
20
-54.4338229999999967
11
73.8553449999999998
21
-54.4388519999999971
0
LINE
8
BLACK
6
CONTINUOUS
10
73.8553449999999998
20
-54.4388519999999971
11
73.8529839999999922
21
-54.4423180000000002
0
LINE
8
BLACK
6
CONTINUOUS
10
73.8529839999999922
20
-54.4423180000000002
11
73.8468680000000006
21
-54.4492679999999964
0
LINE
8
BLACK
6
CONTINUOUS
10
73.8468680000000006
20
-54.4492679999999964
11
73.8454270000000008
21
-54.4502260000000007
0
LINE
8
BLACK
6
CONTINUOUS
10
73.8454270000000008
20
-54.4502260000000007
11
73.8412900000000008
21
-54.4552649999999971
0
LINE
8
BLACK
6
CONTINUOUS
10
73.8412900000000008
20
-54.4552649999999971
11
73.8020939999999968
21
-54.4951480000000004
0
LINE
8
BLACK
6
CONTINUOUS
10
73.8020939999999968
20
-54.4951480000000004
11
73.8020860000000027
21
-54.4951579999999964
0
LINE
8
BLACK
6
CONTINUOUS
10
73.8020860000000027
20
-54.4951579999999964
11
73.7965509999999938
21
-54.5035989999999941
0
LINE
8
BLACK
6
CONTINUOUS
10
73.7965509999999938
20
-54.5035989999999941
11
73.771529000000001
21
-54.5327289999999962
0
LINE
8
BLACK
6
CONTINUOUS
10
73.771529000000001
20
-54.5327289999999962
11
73.7609800000000035
21
-54.5422049999999956
0
LINE
8
BLACK
6
CONTINUOUS
10
73.7609800000000035
20
-54.5422049999999956
11
73.7609719999999953
21
-54.5422139999999942
0
LINE
8
BLACK
6
CONTINUOUS
10
73.7609719999999953
20
-54.5422139999999942
11
73.7283879999999954
21
-54.5857399999999942
0
LINE
8
BLACK
6
CONTINUOUS
10
73.7283879999999954
20
-54.5857399999999942
11
73.7217160000000007
21
-54.5940189999999959
0
LINE
8
BLACK
6
CONTINUOUS
10
73.7217160000000007
20
-54.5940189999999959
11
73.6861430000000013
21
-54.635072000000001
0
LINE
8
BLACK
6
CONTINUOUS
10
73.6861430000000013
20
-54.635072000000001
11
73.6861370000000022
21
-54.6350809999999996
0
LINE
8
BLACK
6
CONTINUOUS
10
73.6861370000000022
20
-54.6350809999999996
11
73.6777529999999956
21
-54.6498029999999986
0
LINE
8
BLACK
6
CONTINUOUS
10
73.6777529999999956
20
-54.6498029999999986
11
73.6555049999999909
21
-54.6795229999999961
0
LINE
8
BLACK
6
CONTINUOUS
10
73.6555049999999909
20
-54.6795229999999961
11
73.643732
21
-54.6917240000000007
0
LINE
8
BLACK
6
CONTINUOUS
10
73.643732
20
-54.6917240000000007
11
73.6143399999999986
21
-54.7374579999999966
0
LINE
8
BLACK
6
CONTINUOUS
10
73.6143399999999986
20
-54.7374579999999966
11
73.613546999999997
21
-54.7386789999999976
0
LINE
8
BLACK
6
CONTINUOUS
10
73.613546999999997
20
-54.7386789999999976
11
73.6110240000000005
21
-54.742519999999999
0
LINE
8
BLACK
6
CONTINUOUS
10
73.6110240000000005
20
-54.742519999999999
11
73.5757189999999923
21
-54.7896849999999986
0
LINE
8
BLACK
6
CONTINUOUS
10
73.5757189999999923
20
-54.7896849999999986
11
73.5640669999999943
21
-54.814036999999999
0
LINE
8
BLACK
6
CONTINUOUS
10
73.5640669999999943
20
-54.814036999999999
11
73.5585489999999993
21
-54.8224419999999952
0
LINE
8
BLACK
6
CONTINUOUS
10
73.5585489999999993
20
-54.8224419999999952
11
73.5553390000000036
21
-54.8253020000000006
0
LINE
8
BLACK
6
CONTINUOUS
10
73.5553390000000036
20
-54.8253020000000006
11
73.548332000000002
21
-54.8362069999999946
0
LINE
8
BLACK
6
CONTINUOUS
10
73.548332000000002
20
-54.8362069999999946
11
73.5374580000000009
21
-54.8492189999999979
0
LINE
8
BLACK
6
CONTINUOUS
10
73.5374580000000009
20
-54.8492189999999979
11
73.5374559999999917
21
-54.8492219999999975
0
LINE
8
BLACK
6
CONTINUOUS
10
73.5374559999999917
20
-54.8492219999999975
11
73.5114129999999903
21
-54.8969139999999953
0
LINE
8
BLACK
6
CONTINUOUS
10
73.5114129999999903
20
-54.8969139999999953
11
73.5059899999999971
21
-54.9060549999999949
0
LINE
8
BLACK
6
CONTINUOUS
10
73.5059899999999971
20
-54.9060549999999949
11
73.4766059999999896
21
-54.9517789999999948
0
LINE
8
BLACK
6
CONTINUOUS
10
73.4766059999999896
20
-54.9517789999999948
11
73.4766010000000023
21
-54.9517880000000005
0
LINE
8
BLACK
6
CONTINUOUS
10
73.4766010000000023
20
-54.9517880000000005
11
73.4703949999999963
21
-54.9675609999999963
0
LINE
8
BLACK
6
CONTINUOUS
10
73.4703949999999963
20
-54.9675609999999963
11
73.4632139999999936
21
-54.983118999999995
0
LINE
8
BLACK
6
CONTINUOUS
10
73.4632139999999936
20
-54.983118999999995
11
73.4584779999999995
21
-54.9919960000000003
0
LINE
8
BLACK
6
CONTINUOUS
10
73.4584779999999995
20
-54.9919960000000003
11
73.4426919999999939
21
-55.013891000000001
0
LINE
8
BLACK
6
CONTINUOUS
10
73.4426919999999939
20
-55.013891000000001
11
73.4182169999999985
21
-55.0674810000000008
0
LINE
8
BLACK
6
CONTINUOUS
10
73.4182169999999985
20
-55.0674810000000008
11
73.4160519999999934
21
-55.0715420000000009
0
LINE
8
BLACK
6
CONTINUOUS
10
73.4160519999999934
20
-55.0715420000000009
11
73.4159429999999986
21
-55.0716569999999948
0
LINE
8
BLACK
6
CONTINUOUS
10
73.4159429999999986
20
-55.0716569999999948
11
73.4153589999999951
21
-55.0728259999999992
0
LINE
8
BLACK
6
CONTINUOUS
10
73.4153589999999951
20
-55.0728259999999992
11
73.3893089999999972
21
-55.1205349999999967
0
LINE
8
BLACK
6
CONTINUOUS
10
73.3893089999999972
20
-55.1205349999999967
11
73.3842429999999979
21
-55.1367130000000003
0
LINE
8
BLACK
6
CONTINUOUS
10
73.3842429999999979
20
-55.1367130000000003
11
73.3781879999999944
21
-55.1527479999999954
0
LINE
8
BLACK
6
CONTINUOUS
10
73.3781879999999944
20
-55.1527479999999954
11
73.3740990000000011
21
-55.1619369999999947
0
LINE
8
BLACK
6
CONTINUOUS
10
73.3740990000000011
20
-55.1619369999999947
11
73.3599150000000009
21
-55.184902000000001
0
LINE
8
BLACK
6
CONTINUOUS
10
73.3599150000000009
20
-55.184902000000001
11
73.3393200000000007
21
-55.2401139999999984
0
LINE
8
BLACK
6
CONTINUOUS
10
73.3393200000000007
20
-55.2401139999999984
11
73.3374529999999965
21
-55.2443129999999982
0
LINE
8
BLACK
6
CONTINUOUS
10
73.3374529999999965
20
-55.2443129999999982
11
73.3373529999999931
21
-55.2444349999999957
0
LINE
8
BLACK
6
CONTINUOUS
10
73.3373529999999931
20
-55.2444349999999957
11
73.3368540000000024
21
-55.2456419999999966
0
LINE
8
BLACK
6
CONTINUOUS
10
73.3368540000000024
20
-55.2456419999999966
11
73.3142739999999975
21
-55.2950879999999998
0
LINE
8
BLACK
6
CONTINUOUS
10
73.3142739999999975
20
-55.2950879999999998
11
73.3142720000000025
21
-55.2950939999999989
0
LINE
8
BLACK
6
CONTINUOUS
10
73.3142720000000025
20
-55.2950939999999989
11
73.3103759999999909
21
-55.3115789999999947
0
LINE
8
BLACK
6
CONTINUOUS
10
73.3103759999999909
20
-55.3115789999999947
11
73.2974019999999911
21
-55.3463629999999966
0
LINE
8
BLACK
6
CONTINUOUS
10
73.2974019999999911
20
-55.3463629999999966
11
73.2895469999999989
21
-55.3613799999999969
0
LINE
8
BLACK
6
CONTINUOUS
10
73.2895469999999989
20
-55.3613799999999969
11
73.2742310000000003
21
-55.4135379999999955
0
LINE
8
BLACK
6
CONTINUOUS
10
73.2742310000000003
20
-55.4135379999999955
11
73.2738140000000016
21
-55.4149339999999953
0
LINE
8
BLACK
6
CONTINUOUS
10
73.2738140000000016
20
-55.4149339999999953
11
73.2724719999999934
21
-55.4193409999999957
0
LINE
8
BLACK
6
CONTINUOUS
10
73.2724719999999934
20
-55.4193409999999957
11
73.2518839999999898
21
-55.4745439999999945
0
LINE
8
BLACK
6
CONTINUOUS
10
73.2518839999999898
20
-55.4745439999999945
11
73.247563999999997
21
-55.5011919999999961
0
LINE
8
BLACK
6
CONTINUOUS
10
73.247563999999997
20
-55.5011919999999961
11
73.2446369999999973
21
-55.5108139999999963
0
LINE
8
BLACK
6
CONTINUOUS
10
73.2446369999999973
20
-55.5108139999999963
11
73.2423629999999974
21
-55.5144619999999946
0
LINE
8
BLACK
6
CONTINUOUS
10
73.2423629999999974
20
-55.5144619999999946
11
73.2387140000000016
21
-55.5268939999999986
0
LINE
8
BLACK
6
CONTINUOUS
10
73.2387140000000016
20
-55.5268939999999986
11
73.2319439999999986
21
-55.5424489999999977
0
LINE
8
BLACK
6
CONTINUOUS
10
73.2319439999999986
20
-55.5424489999999977
11
73.2203919999999897
21
-55.5955480000000009
0
LINE
8
BLACK
6
CONTINUOUS
10
73.2203919999999897
20
-55.5955480000000009
11
73.2177629999999908
21
-55.6058469999999971
0
LINE
8
BLACK
6
CONTINUOUS
10
73.2177629999999908
20
-55.6058469999999971
11
73.202454000000003
21
-55.6579849999999965
0
LINE
8
BLACK
6
CONTINUOUS
10
73.202454000000003
20
-55.6579849999999965
11
73.2024529999999913
21
-55.6579939999999951
0
LINE
8
BLACK
6
CONTINUOUS
10
73.2024529999999913
20
-55.6579939999999951
11
73.2009410000000003
21
-55.6748849999999962
0
LINE
8
BLACK
6
CONTINUOUS
10
73.2009410000000003
20
-55.6748849999999962
11
73.1984339999999918
21
-55.6918399999999991
0
LINE
8
BLACK
6
CONTINUOUS
10
73.1984339999999918
20
-55.6918399999999991
11
73.1963930000000005
21
-55.7016829999999956
0
LINE
8
BLACK
6
CONTINUOUS
10
73.1963930000000005
20
-55.7016829999999956
11
73.1874119999999948
21
-55.7271439999999956
0
LINE
8
BLACK
6
CONTINUOUS
10
73.1874119999999948
20
-55.7271439999999956
11
73.1790239999999983
21
-55.7854779999999977
0
LINE
8
BLACK
6
CONTINUOUS
10
73.1790239999999983
20
-55.7854779999999977
11
73.1780919999999924
21
-55.7899770000000004
0
LINE
8
BLACK
6
CONTINUOUS
10
73.1780919999999924
20
-55.7899770000000004
11
73.1780200000000036
21
-55.7901179999999997
0
LINE
8
BLACK
6
CONTINUOUS
10
73.1780200000000036
20
-55.7901179999999997
11
73.17778899999999
21
-55.7914029999999954
0
LINE
8
BLACK
6
CONTINUOUS
10
73.17778899999999
20
-55.7914029999999954
11
73.1662359999999978
21
-55.8445169999999962
0
LINE
8
BLACK
6
CONTINUOUS
10
73.1662359999999978
20
-55.8445169999999962
11
73.1662350000000004
21
-55.8445249999999973
0
LINE
8
BLACK
6
CONTINUOUS
10
73.1662350000000004
20
-55.8445249999999973
11
73.1659329999999954
21
-55.8614539999999948
0
LINE
8
BLACK
6
CONTINUOUS
10
73.1659329999999954
20
-55.8614539999999948
11
73.1646420000000006
21
-55.8785509999999945
0
LINE
8
BLACK
6
CONTINUOUS
10
73.1646420000000006
20
-55.8785509999999945
11
73.1633089999999982
21
-55.8885129999999961
0
LINE
8
BLACK
6
CONTINUOUS
10
73.1633089999999982
20
-55.8885129999999961
11
73.1561669999999964
21
-55.9145509999999959
0
LINE
8
BLACK
6
CONTINUOUS
10
73.1561669999999964
20
-55.9145509999999959
11
73.1519619999999975
21
-55.9733379999999983
0
LINE
8
BLACK
6
CONTINUOUS
10
73.1519619999999975
20
-55.9733379999999983
11
73.1513549999999952
21
-55.9778789999999944
0
LINE
8
BLACK
6
CONTINUOUS
10
73.1513549999999952
20
-55.9778789999999944
11
73.1512929999999955
21
-55.9780259999999998
0
LINE
8
BLACK
6
CONTINUOUS
10
73.1512929999999955
20
-55.9780259999999998
11
73.1511539999999911
21
-55.9793249999999958
0
LINE
8
BLACK
6
CONTINUOUS
10
73.1511539999999911
20
-55.9793249999999958
11
73.1434189999999944
21
-56.0331270000000004
0
LINE
8
BLACK
6
CONTINUOUS
10
73.1434189999999944
20
-56.0331270000000004
11
73.1434189999999944
21
-56.0331349999999944
0
LINE
8
BLACK
6
CONTINUOUS
10
73.1434189999999944
20
-56.0331349999999944
11
73.1441769999999991
21
-56.0472869999999972
0
LINE
8
BLACK
6
CONTINUOUS
10
73.1441769999999991
20
-56.0472869999999972
11
73.1441159999999968
21
-56.0642840000000007
0
LINE
8
BLACK
6
CONTINUOUS
10
73.1441159999999968
20
-56.0642840000000007
11
73.1434619999999995
21
-56.0750469999999979
0
LINE
8
BLACK
6
CONTINUOUS
10
73.1434619999999995
20
-56.0750469999999979
11
73.1392230000000012
21
-56.0954329999999999
0
LINE
8
BLACK
6
CONTINUOUS
10
73.1392230000000012
20
-56.0954329999999999
11
73.1387189999999947
21
-56.1531579999999977
0
LINE
8
BLACK
6
CONTINUOUS
10
73.1387189999999947
20
-56.1531579999999977
11
73.1384850000000029
21
-56.1570279999999968
0
LINE
8
BLACK
6
CONTINUOUS
10
73.1384850000000029
20
-56.1570279999999968
11
73.1383129999999966
21
-56.1575419999999994
0
LINE
8
BLACK
6
CONTINUOUS
10
73.1383129999999966
20
-56.1575419999999994
11
73.1380449999999911
21
-56.1625709999999998
0
LINE
8
BLACK
6
CONTINUOUS
10
73.1380449999999911
20
-56.1625709999999998
11
73.1378399999999971
21
-56.1646560000000008
0
LINE
8
BLACK
6
CONTINUOUS
10
73.1378399999999971
20
-56.1646560000000008
11
73.1378399999999971
21
-56.1654819999999972
0
LINE
8
BLACK
6
CONTINUOUS
10
73.1378399999999971
20
-56.1654819999999972
11
73.1374599999999901
21
-56.1761130000000009
0
LINE
8
BLACK
6
CONTINUOUS
10
73.1374599999999901
20
-56.1761130000000009
11
73.134453999999991
21
-56.2181219999999939
0
LINE
8
BLACK
6
CONTINUOUS
10
73.134453999999991
20
-56.2181219999999939
11
73.134453999999991
21
-56.2181309999999996
0
LINE
8
BLACK
6
CONTINUOUS
10
73.134453999999991
20
-56.2181309999999996
11
73.1341139999999967
21
-56.2228969999999961
0
LINE
8
BLACK
6
CONTINUOUS
10
73.1341139999999967
20
-56.2228969999999961
11
73.136927
21
-56.2452970000000008
0
LINE
8
BLACK
6
CONTINUOUS
10
71.9878399999999914
20
-114.8802279999999882
11
71.9890329999999921
21
-114.8846810000000005
0
LINE
8
BLACK
6
CONTINUOUS
10
71.9890329999999921
20
-114.8846810000000005
11
72.0287629999999979
21
-115.0329539999999895
0
LINE
8
BLACK
6
CONTINUOUS
10
72.0287629999999979
20
-115.0329539999999895
11
72.1078200000000038
21
-115.1698859999999911
0
LINE
8
BLACK
6
CONTINUOUS
10
72.1078200000000038
20
-115.1698859999999911
11
72.219623999999996
21
-115.2816899999999976
0
LINE
8
BLACK
6
CONTINUOUS
10
72.219623999999996
20
-115.2816899999999976
11
72.3565559999999977
21
-115.3607469999999893
0
LINE
8
BLACK
6
CONTINUOUS
10
72.3565559999999977
20
-115.3607469999999893
11
72.5092829999999964
21
-115.4016699999999958
0
LINE
8
BLACK
6
CONTINUOUS
10
72.5092829999999964
20
-115.4016699999999958
11
72.5888399999999905
21
-115.4016699999999958
0
LINE
8
BLACK
6
CONTINUOUS
10
72.5888399999999905
20
-115.4016699999999958
11
72.6633399999999909
21
-115.4216319999999882
0
LINE
8
BLACK
6
CONTINUOUS
10
72.6633399999999909
20
-115.4216319999999882
11
72.7178779999999989
21
-115.4761699999999962
0
LINE
8
BLACK
6
CONTINUOUS
10
72.7178779999999989
20
-115.4761699999999962
11
72.7378399999999914
21
-115.5506699999999967
0
LINE
8
BLACK
6
CONTINUOUS
10
72.7378399999999914
20
-115.5506699999999967
11
72.7378399999999914
21
-115.6302269999999908
0
LINE
8
BLACK
6
CONTINUOUS
10
72.7378399999999914
20
-115.6302269999999908
11
72.7787629999999979
21
-115.7829539999999895
0
LINE
8
BLACK
6
CONTINUOUS
10
72.7787629999999979
20
-115.7829539999999895
11
72.8578200000000038
21
-115.9198859999999911
0
LINE
8
BLACK
6
CONTINUOUS
10
72.8578200000000038
20
-115.9198859999999911
11
72.969623999999996
21
-116.0316899999999976
0
LINE
8
BLACK
6
CONTINUOUS
10
72.969623999999996
20
-116.0316899999999976
11
73.1065559999999977
21
-116.1107469999999893
0
LINE
8
BLACK
6
CONTINUOUS
10
73.1065559999999977
20
-116.1107469999999893
11
73.2592829999999964
21
-116.1516699999999958
0
LINE
8
BLACK
6
CONTINUOUS
10
73.2592829999999964
20
-116.1516699999999958
11
73.917396999999994
21
-116.1516699999999958
0
LINE
8
BLACK
6
CONTINUOUS
10
73.917396999999994
20
-116.1516699999999958
11
74.0701239999999927
21
-116.1107469999999893
0
LINE
8
BLACK
6
CONTINUOUS
10
74.0701239999999927
20
-116.1107469999999893
11
74.2070559999999944
21
-116.0316899999999976
0
LINE
8
BLACK
6
CONTINUOUS
10
74.2070559999999944
20
-116.0316899999999976
11
74.3188600000000008
21
-115.9198859999999911
0
LINE
8
BLACK
6
CONTINUOUS
10
74.3188600000000008
20
-115.9198859999999911
11
74.3979169999999925
21
-115.7829539999999895
0
LINE
8
BLACK
6
CONTINUOUS
10
74.3979169999999925
20
-115.7829539999999895
11
74.438839999999999
21
-115.6302269999999908
0
LINE
8
BLACK
6
CONTINUOUS
10
74.438839999999999
20
-115.6302269999999908
11
74.438839999999999
21
-115.5506699999999967
0
LINE
8
BLACK
6
CONTINUOUS
10
74.438839999999999
20
-115.5506699999999967
11
74.4588019999999915
21
-115.4761699999999962
0
LINE
8
BLACK
6
CONTINUOUS
10
74.4588019999999915
20
-115.4761699999999962
11
74.5133399999999995
21
-115.4216319999999882
0
LINE
8
BLACK
6
CONTINUOUS
10
74.5133399999999995
20
-115.4216319999999882
11
74.5878399999999999
21
-115.4016699999999958
0
LINE
8
BLACK
6
CONTINUOUS
10
74.5878399999999999
20
-115.4016699999999958
11
74.667396999999994
21
-115.4016699999999958
0
LINE
8
BLACK
6
CONTINUOUS
10
74.667396999999994
20
-115.4016699999999958
11
74.8201239999999927
21
-115.3607469999999893
0
LINE
8
BLACK
6
CONTINUOUS
10
74.8201239999999927
20
-115.3607469999999893
11
74.9570559999999944
21
-115.2816899999999976
0
LINE
8
BLACK
6
CONTINUOUS
10
74.9570559999999944
20
-115.2816899999999976
11
75.0688600000000008
21
-115.1698859999999911
0
LINE
8
BLACK
6
CONTINUOUS
10
75.0688600000000008
20
-115.1698859999999911
11
75.1479169999999925
21
-115.0329539999999895
0
LINE
8
BLACK
6
CONTINUOUS
10
75.1479169999999925
20
-115.0329539999999895
11
75.188839999999999
21
-114.8802269999999908
0
LINE
8
BLACK
6
CONTINUOUS
10
75.188839999999999
20
-114.8802269999999908
11
75.188839999999999
21
-114.2221129999999931
0
LINE
8
BLACK
6
CONTINUOUS
10
75.188839999999999
20
-114.2221129999999931
11
75.1479169999999925
21
-114.0693859999999944
0
LINE
8
BLACK
6
CONTINUOUS
10
75.1479169999999925
20
-114.0693859999999944
11
75.0688600000000008
21
-113.9324539999999928
0
LINE
8
BLACK
6
CONTINUOUS
10
75.0688600000000008
20
-113.9324539999999928
11
74.9570559999999944
21
-113.8206500000000005
0
LINE
8
BLACK
6
CONTINUOUS
10
74.9570559999999944
20
-113.8206500000000005
11
74.8201239999999927
21
-113.7415929999999946
0
LINE
8
BLACK
6
CONTINUOUS
10
74.8201239999999927
20
-113.7415929999999946
11
74.667396999999994
21
-113.7006699999999881
0
LINE
8
BLACK
6
CONTINUOUS
10
74.667396999999994
20
-113.7006699999999881
11
74.5878399999999999
21
-113.7006699999999881
0
LINE
8
BLACK
6
CONTINUOUS
10
74.5878399999999999
20
-113.7006699999999881
11
74.5133399999999995
21
-113.6807079999999956
0
LINE
8
BLACK
6
CONTINUOUS
10
74.5133399999999995
20
-113.6807079999999956
11
74.4588019999999915
21
-113.6261700000000019
0
LINE
8
BLACK
6
CONTINUOUS
10
74.4588019999999915
20
-113.6261700000000019
11
74.438839999999999
21
-113.5516700000000014
0
LINE
8
BLACK
6
CONTINUOUS
10
74.438839999999999
20
-113.5516700000000014
11
74.438839999999999
21
-113.4721129999999931
0
LINE
8
BLACK
6
CONTINUOUS
10
74.438839999999999
20
-113.4721129999999931
11
74.4388390000000015
21
-113.4721109999999982
0
LINE
8
BLACK
6
CONTINUOUS
10
74.4388390000000015
20
-113.4721109999999982
11
74.4222159999999917
21
-113.410072999999997
0
LINE
8
BLACK
6
CONTINUOUS
10
74.4222159999999917
20
-113.410072999999997
11
74.3979169999999925
21
-113.3193859999999944
0
LINE
8
BLACK
6
CONTINUOUS
10
74.3979169999999925
20
-113.3193859999999944
11
74.3188600000000008
21
-113.1824539999999928
0
LINE
8
BLACK
6
CONTINUOUS
10
74.3188600000000008
20
-113.1824539999999928
11
74.2070559999999944
21
-113.0706500000000005
0
LINE
8
BLACK
6
CONTINUOUS
10
74.2070559999999944
20
-113.0706500000000005
11
74.0701239999999927
21
-112.9915929999999946
0
LINE
8
BLACK
6
CONTINUOUS
10
74.0701239999999927
20
-112.9915929999999946
11
73.917396999999994
21
-112.9506699999999881
0
LINE
8
BLACK
6
CONTINUOUS
10
73.917396999999994
20
-112.9506699999999881
11
73.417396999999994
21
-112.9506699999999881
0
LINE
8
BLACK
6
CONTINUOUS
10
73.417396999999994
20
-112.9506699999999881
11
73.2592829999999964
21
-112.9506699999999881
0
LINE
8
BLACK
6
CONTINUOUS
10
73.2592829999999964
20
-112.9506699999999881
11
73.1065559999999977
21
-112.9915929999999946
0
LINE
8
BLACK
6
CONTINUOUS
10
73.1065559999999977
20
-112.9915929999999946
11
73.1065540000000027
21
-112.9915929999999946
0
LINE
8
BLACK
6
CONTINUOUS
10
73.1065540000000027
20
-112.9915929999999946
11
73.1065540000000027
21
-112.9915939999999921
0
LINE
8
BLACK
6
CONTINUOUS
10
73.1065540000000027
20
-112.9915939999999921
11
72.9696229999999986
21
-113.0706500000000005
0
LINE
8
BLACK
6
CONTINUOUS
10
72.9696229999999986
20
-113.0706500000000005
11
72.8578200000000038
21
-113.1824529999999953
0
LINE
8
BLACK
6
CONTINUOUS
10
72.8578200000000038
20
-113.1824529999999953
11
72.7787639999999953
21
-113.3193839999999994
0
LINE
8
BLACK
6
CONTINUOUS
10
72.7787639999999953
20
-113.3193839999999994
11
72.7378399999999914
21
-113.4721109999999982
0
LINE
8
BLACK
6
CONTINUOUS
10
72.7378399999999914
20
-113.4721109999999982
11
72.7378399999999914
21
-113.5516700000000014
0
LINE
8
BLACK
6
CONTINUOUS
10
72.7378399999999914
20
-113.5516700000000014
11
72.7178779999999989
21
-113.6261700000000019
0
LINE
8
BLACK
6
CONTINUOUS
10
72.7178779999999989
20
-113.6261700000000019
11
72.6633399999999909
21
-113.6807079999999956
0
LINE
8
BLACK
6
CONTINUOUS
10
72.6633399999999909
20
-113.6807079999999956
11
72.5888399999999905
21
-113.7006699999999881
0
LINE
8
BLACK
6
CONTINUOUS
10
72.5888399999999905
20
-113.7006699999999881
11
72.5092829999999964
21
-113.7006699999999881
0
LINE
8
BLACK
6
CONTINUOUS
10
72.5092829999999964
20
-113.7006699999999881
11
72.3565559999999977
21
-113.7415929999999946
0
LINE
8
BLACK
6
CONTINUOUS
10
72.3565559999999977
20
-113.7415929999999946
11
72.3565540000000027
21
-113.7415929999999946
0
LINE
8
BLACK
6
CONTINUOUS
10
72.3565540000000027
20
-113.7415929999999946
11
72.3565540000000027
21
-113.7415939999999921
0
LINE
8
BLACK
6
CONTINUOUS
10
72.3565540000000027
20
-113.7415939999999921
11
72.2196229999999986
21
-113.8206500000000005
0
LINE
8
BLACK
6
CONTINUOUS
10
72.2196229999999986
20
-113.8206500000000005
11
72.1078200000000038
21
-113.9324529999999953
0
LINE
8
BLACK
6
CONTINUOUS
10
72.1078200000000038
20
-113.9324529999999953
11
72.0598189999999903
21
-114.0155949999999905
0
LINE
8
BLACK
6
CONTINUOUS
10
72.0598189999999903
20
-114.0155949999999905
11
72.0287629999999979
21
-114.0693859999999944
0
LINE
8
BLACK
6
CONTINUOUS
10
72.0287629999999979
20
-114.0693859999999944
11
72.0097710000000006
21
-114.1402649999999994
0
LINE
8
BLACK
6
CONTINUOUS
10
72.0097710000000006
20
-114.1402649999999994
11
71.9878399999999914
21
-114.2221109999999982
0
LINE
8
BLACK
6
CONTINUOUS
10
71.9878399999999914
20
-114.2221109999999982
11
71.9878399999999914
21
-114.8802279999999882
0
LINE
8
BLACK
6
CONTINUOUS
10
143.9878400000000056
20
-114.8802279999999882
11
143.9890330000000063
21
-114.8846810000000005
0
LINE
8
BLACK
6
CONTINUOUS
10
143.9890330000000063
20
-114.8846810000000005
11
144.0287629999999979
21
-115.0329539999999895
0
LINE
8
BLACK
6
CONTINUOUS
10
144.0287629999999979
20
-115.0329539999999895
11
144.1078200000000038
21
-115.1698859999999911
0
LINE
8
BLACK
6
CONTINUOUS
10
144.1078200000000038
20
-115.1698859999999911
11
144.2196239999999818
21
-115.2816899999999976
0
LINE
8
BLACK
6
CONTINUOUS
10
144.2196239999999818
20
-115.2816899999999976
11
144.3565559999999834
21
-115.3607469999999893
0
LINE
8
BLACK
6
CONTINUOUS
10
144.3565559999999834
20
-115.3607469999999893
11
144.5092829999999822
21
-115.4016699999999958
0
LINE
8
BLACK
6
CONTINUOUS
10
144.5092829999999822
20
-115.4016699999999958
11
144.5888400000000047
21
-115.4016699999999958
0
LINE
8
BLACK
6
CONTINUOUS
10
144.5888400000000047
20
-115.4016699999999958
11
144.6633400000000051
21
-115.4216319999999882
0
LINE
8
BLACK
6
CONTINUOUS
10
144.6633400000000051
20
-115.4216319999999882
11
144.7178779999999847
21
-115.4761699999999962
0
LINE
8
BLACK
6
CONTINUOUS
10
144.7178779999999847
20
-115.4761699999999962
11
144.7378400000000056
21
-115.5506699999999967
0
LINE
8
BLACK
6
CONTINUOUS
10
144.7378400000000056
20
-115.5506699999999967
11
144.7378400000000056
21
-115.6302269999999908
0
LINE
8
BLACK
6
CONTINUOUS
10
144.7378400000000056
20
-115.6302269999999908
11
144.7787629999999979
21
-115.7829539999999895
0
LINE
8
BLACK
6
CONTINUOUS
10
144.7787629999999979
20
-115.7829539999999895
11
144.8578200000000038
21
-115.9198859999999911
0
LINE
8
BLACK
6
CONTINUOUS
10
144.8578200000000038
20
-115.9198859999999911
11
144.9696239999999818
21
-116.0316899999999976
0
LINE
8
BLACK
6
CONTINUOUS
10
144.9696239999999818
20
-116.0316899999999976
11
145.1065559999999834
21
-116.1107469999999893
0
LINE
8
BLACK
6
CONTINUOUS
10
145.1065559999999834
20
-116.1107469999999893
11
145.2592829999999822
21
-116.1516699999999958
0
LINE
8
BLACK
6
CONTINUOUS
10
145.2592829999999822
20
-116.1516699999999958
11
145.917396999999994
21
-116.1516699999999958
0
LINE
8
BLACK
6
CONTINUOUS
10
145.917396999999994
20
-116.1516699999999958
11
146.0701239999999927
21
-116.1107469999999893
0
LINE
8
BLACK
6
CONTINUOUS
10
146.0701239999999927
20
-116.1107469999999893
11
146.2070559999999944
21
-116.0316899999999976
0
LINE
8
BLACK
6
CONTINUOUS
10
146.2070559999999944
20
-116.0316899999999976
11
146.3188600000000008
21
-115.9198859999999911
0
LINE
8
BLACK
6
CONTINUOUS
10
146.3188600000000008
20
-115.9198859999999911
11
146.3979170000000067
21
-115.7829539999999895
0
LINE
8
BLACK
6
CONTINUOUS
10
146.3979170000000067
20
-115.7829539999999895
11
146.438839999999999
21
-115.6302269999999908
0
LINE
8
BLACK
6
CONTINUOUS
10
146.438839999999999
20
-115.6302269999999908
11
146.438839999999999
21
-115.5506699999999967
0
LINE
8
BLACK
6
CONTINUOUS
10
146.438839999999999
20
-115.5506699999999967
11
146.4588019999999915
21
-115.4761699999999962
0
LINE
8
BLACK
6
CONTINUOUS
10
146.4588019999999915
20
-115.4761699999999962
11
146.5133399999999995
21
-115.4216319999999882
0
LINE
8
BLACK
6
CONTINUOUS
10
146.5133399999999995
20
-115.4216319999999882
11
146.5878399999999999
21
-115.4016699999999958
0
LINE
8
BLACK
6
CONTINUOUS
10
146.5878399999999999
20
-115.4016699999999958
11
146.667396999999994
21
-115.4016699999999958
0
LINE
8
BLACK
6
CONTINUOUS
10
146.667396999999994
20
-115.4016699999999958
11
146.8201239999999927
21
-115.3607469999999893
0
LINE
8
BLACK
6
CONTINUOUS
10
146.8201239999999927
20
-115.3607469999999893
11
146.9570559999999944
21
-115.2816899999999976
0
LINE
8
BLACK
6
CONTINUOUS
10
146.9570559999999944
20
-115.2816899999999976
11
147.0688600000000008
21
-115.1698859999999911
0
LINE
8
BLACK
6
CONTINUOUS
10
147.0688600000000008
20
-115.1698859999999911
11
147.1479170000000067
21
-115.0329539999999895
0
LINE
8
BLACK
6
CONTINUOUS
10
147.1479170000000067
20
-115.0329539999999895
11
147.188839999999999
21
-114.8802269999999908
0
LINE
8
BLACK
6
CONTINUOUS
10
147.188839999999999
20
-114.8802269999999908
11
147.188839999999999
21
-114.2221129999999931
0
LINE
8
BLACK
6
CONTINUOUS
10
147.188839999999999
20
-114.2221129999999931
11
147.1479170000000067
21
-114.0693859999999944
0
LINE
8
BLACK
6
CONTINUOUS
10
147.1479170000000067
20
-114.0693859999999944
11
147.0688600000000008
21
-113.9324539999999928
0
LINE
8
BLACK
6
CONTINUOUS
10
147.0688600000000008
20
-113.9324539999999928
11
146.9570559999999944
21
-113.8206500000000005
0
LINE
8
BLACK
6
CONTINUOUS
10
146.9570559999999944
20
-113.8206500000000005
11
146.8201239999999927
21
-113.7415929999999946
0
LINE
8
BLACK
6
CONTINUOUS
10
146.8201239999999927
20
-113.7415929999999946
11
146.667396999999994
21
-113.7006699999999881
0
LINE
8
BLACK
6
CONTINUOUS
10
146.667396999999994
20
-113.7006699999999881
11
146.5878399999999999
21
-113.7006699999999881
0
LINE
8
BLACK
6
CONTINUOUS
10
146.5878399999999999
20
-113.7006699999999881
11
146.5133399999999995
21
-113.6807079999999956
0
LINE
8
BLACK
6
CONTINUOUS
10
146.5133399999999995
20
-113.6807079999999956
11
146.4588019999999915
21
-113.6261700000000019
0
LINE
8
BLACK
6
CONTINUOUS
10
146.4588019999999915
20
-113.6261700000000019
11
146.438839999999999
21
-113.5516700000000014
0
LINE
8
BLACK
6
CONTINUOUS
10
146.438839999999999
20
-113.5516700000000014
11
146.438839999999999
21
-113.4721129999999931
0
LINE
8
BLACK
6
CONTINUOUS
10
146.438839999999999
20
-113.4721129999999931
11
146.4388390000000015
21
-113.4721109999999982
0
LINE
8
BLACK
6
CONTINUOUS
10
146.4388390000000015
20
-113.4721109999999982
11
146.4222159999999917
21
-113.410072999999997
0
LINE
8
BLACK
6
CONTINUOUS
10
146.4222159999999917
20
-113.410072999999997
11
146.3979170000000067
21
-113.3193859999999944
0
LINE
8
BLACK
6
CONTINUOUS
10
146.3979170000000067
20
-113.3193859999999944
11
146.3188600000000008
21
-113.1824539999999928
0
LINE
8
BLACK
6
CONTINUOUS
10
146.3188600000000008
20
-113.1824539999999928
11
146.2070559999999944
21
-113.0706500000000005
0
LINE
8
BLACK
6
CONTINUOUS
10
146.2070559999999944
20
-113.0706500000000005
11
146.0701239999999927
21
-112.9915929999999946
0
LINE
8
BLACK
6
CONTINUOUS
10
146.0701239999999927
20
-112.9915929999999946
11
145.917396999999994
21
-112.9506699999999881
0
LINE
8
BLACK
6
CONTINUOUS
10
145.917396999999994
20
-112.9506699999999881
11
145.417396999999994
21
-112.9506699999999881
0
LINE
8
BLACK
6
CONTINUOUS
10
145.417396999999994
20
-112.9506699999999881
11
145.2592829999999822
21
-112.9506699999999881
0
LINE
8
BLACK
6
CONTINUOUS
10
145.2592829999999822
20
-112.9506699999999881
11
145.1065559999999834
21
-112.9915929999999946
0
LINE
8
BLACK
6
CONTINUOUS
10
145.1065559999999834
20
-112.9915929999999946
11
145.1065539999999885
21
-112.9915929999999946
0
LINE
8
BLACK
6
CONTINUOUS
10
145.1065539999999885
20
-112.9915929999999946
11
145.1065539999999885
21
-112.9915939999999921
0
LINE
8
BLACK
6
CONTINUOUS
10
145.1065539999999885
20
-112.9915939999999921
11
144.9696229999999844
21
-113.0706500000000005
0
LINE
8
BLACK
6
CONTINUOUS
10
144.9696229999999844
20
-113.0706500000000005
11
144.8578200000000038
21
-113.1824529999999953
0
LINE
8
BLACK
6
CONTINUOUS
10
144.8578200000000038
20
-113.1824529999999953
11
144.7787639999999953
21
-113.3193839999999994
0
LINE
8
BLACK
6
CONTINUOUS
10
144.7787639999999953
20
-113.3193839999999994
11
144.7378400000000056
21
-113.4721109999999982
0
LINE
8
BLACK
6
CONTINUOUS
10
144.7378400000000056
20
-113.4721109999999982
11
144.7378400000000056
21
-113.5516700000000014
0
LINE
8
BLACK
6
CONTINUOUS
10
144.7378400000000056
20
-113.5516700000000014
11
144.7178779999999847
21
-113.6261700000000019
0
LINE
8
BLACK
6
CONTINUOUS
10
144.7178779999999847
20
-113.6261700000000019
11
144.6633400000000051
21
-113.6807079999999956
0
LINE
8
BLACK
6
CONTINUOUS
10
144.6633400000000051
20
-113.6807079999999956
11
144.5888400000000047
21
-113.7006699999999881
0
LINE
8
BLACK
6
CONTINUOUS
10
144.5888400000000047
20
-113.7006699999999881
11
144.5092829999999822
21
-113.7006699999999881
0
LINE
8
BLACK
6
CONTINUOUS
10
144.5092829999999822
20
-113.7006699999999881
11
144.3565559999999834
21
-113.7415929999999946
0
LINE
8
BLACK
6
CONTINUOUS
10
144.3565559999999834
20
-113.7415929999999946
11
144.3565539999999885
21
-113.7415929999999946
0
LINE
8
BLACK
6
CONTINUOUS
10
144.3565539999999885
20
-113.7415929999999946
11
144.3565539999999885
21
-113.7415939999999921
0
LINE
8
BLACK
6
CONTINUOUS
10
144.3565539999999885
20
-113.7415939999999921
11
144.2196229999999844
21
-113.8206500000000005
0
LINE
8
BLACK
6
CONTINUOUS
10
144.2196229999999844
20
-113.8206500000000005
11
144.1078200000000038
21
-113.9324529999999953
0
LINE
8
BLACK
6
CONTINUOUS
10
144.1078200000000038
20
-113.9324529999999953
11
144.0598190000000045
21
-114.0155949999999905
0
LINE
8
BLACK
6
CONTINUOUS
10
144.0598190000000045
20
-114.0155949999999905
11
144.0287629999999979
21
-114.0693859999999944
0
LINE
8
BLACK
6
CONTINUOUS
10
144.0287629999999979
20
-114.0693859999999944
11
144.0097710000000006
21
-114.1402649999999994
0
LINE
8
BLACK
6
CONTINUOUS
10
144.0097710000000006
20
-114.1402649999999994
11
143.9878400000000056
21
-114.2221109999999982
0
LINE
8
BLACK
6
CONTINUOUS
10
143.9878400000000056
20
-114.2221109999999982
11
143.9878400000000056
21
-114.8802279999999882
0
LINE
8
BLACK
6
CONTINUOUS
10
84.9033989999999932
20
-96.1429199999999895
11
84.9033989999999932
21
-96.2239789999999999
0
LINE
8
BLACK
6
CONTINUOUS
10
84.9033989999999932
20
-96.2239789999999999
11
84.9314699999999903
21
-96.5806979999999982
0
LINE
8
BLACK
6
CONTINUOUS
10
84.9314699999999903
20
-96.5806979999999982
11
84.933651999999995
21
-96.6084259999999944
0
LINE
8
BLACK
6
CONTINUOUS
10
84.933651999999995
20
-96.6084259999999944
11
84.9939759999999893
21
-96.9893220000000014
0
LINE
8
BLACK
6
CONTINUOUS
10
84.9939759999999893
20
-96.9893220000000014
11
84.9939809999999909
21
-96.9893450000000001
0
LINE
8
BLACK
6
CONTINUOUS
10
84.9939809999999909
20
-96.9893450000000001
11
85.0839959999999991
21
-97.3642979999999909
0
LINE
8
BLACK
6
CONTINUOUS
10
85.0839959999999991
20
-97.3642979999999909
11
85.2031580000000019
21
-97.7310559999999953
0
LINE
8
BLACK
6
CONTINUOUS
10
85.2031580000000019
20
-97.7310559999999953
11
85.3507329999999911
21
-98.0873449999999991
0
LINE
8
BLACK
6
CONTINUOUS
10
85.3507329999999911
20
-98.0873449999999991
11
85.5258139999999969
21
-98.4309689999999904
0
LINE
8
BLACK
6
CONTINUOUS
10
85.5258139999999969
20
-98.4309689999999904
11
85.5258139999999969
21
-98.4309700000000021
0
LINE
8
BLACK
6
CONTINUOUS
10
85.5258139999999969
20
-98.4309700000000021
11
85.7272869999999898
21
-98.7597540000000009
0
LINE
8
BLACK
6
CONTINUOUS
10
85.7272869999999898
20
-98.7597540000000009
11
85.953959999999995
21
-99.0717519999999894
0
LINE
8
BLACK
6
CONTINUOUS
10
85.953959999999995
20
-99.0717519999999894
11
86.1767059999999958
21
-99.3325619999999958
0
LINE
8
BLACK
6
CONTINUOUS
10
86.1767059999999958
20
-99.3325619999999958
11
86.2044130000000024
21
-99.3650030000000015
0
LINE
8
BLACK
6
CONTINUOUS
10
86.2044130000000024
20
-99.3650030000000015
11
86.2739519999999942
21
-99.4345440000000025
0
LINE
8
BLACK
6
CONTINUOUS
10
86.2739519999999942
20
-99.4345440000000025
11
86.2739579999999933
21
-99.4345519999999965
0
LINE
8
BLACK
6
CONTINUOUS
10
86.2739579999999933
20
-99.4345519999999965
11
86.3320049999999952
21
-99.4925989999999985
0
LINE
8
BLACK
6
CONTINUOUS
10
86.3320049999999952
20
-99.4925989999999985
11
86.3407550000000015
21
-99.5013489999999905
0
LINE
8
BLACK
6
CONTINUOUS
10
86.3407550000000015
20
-99.5013489999999905
11
86.420219000000003
21
-99.5808139999999895
0
LINE
8
BLACK
6
CONTINUOUS
10
86.420219000000003
20
-99.5808139999999895
11
86.420228999999992
21
-99.5808229999999952
0
LINE
8
BLACK
6
CONTINUOUS
10
86.420228999999992
20
-99.5808229999999952
11
93.6296529999999905
21
-106.7902459999999962
0
LINE
8
BLACK
6
CONTINUOUS
10
93.6296529999999905
20
-106.7902459999999962
11
93.6296579999999921
21
-106.7902529999999928
0
LINE
8
BLACK
6
CONTINUOUS
10
93.6296579999999921
20
-106.7902529999999928
11
93.6549639999999926
21
-106.8155589999999933
0
LINE
8
BLACK
6
CONTINUOUS
10
93.6549639999999926
20
-106.8155589999999933
11
93.6610569999999996
21
-106.8216520000000003
0
LINE
8
BLACK
6
CONTINUOUS
10
93.6610569999999996
20
-106.8216520000000003
11
93.6611079999999987
21
-106.8217409999999887
0
LINE
8
BLACK
6
CONTINUOUS
10
93.6611079999999987
20
-106.8217409999999887
11
93.9496520000000004
21
-107.1102829999999955
0
LINE
8
BLACK
6
CONTINUOUS
10
93.9496520000000004
20
-107.1102829999999955
11
94.0172379999999919
21
-107.1711370000000016
0
LINE
8
BLACK
6
CONTINUOUS
10
94.0172379999999919
20
-107.1711370000000016
11
94.4661770000000018
21
-107.5753610000000009
0
LINE
8
BLACK
6
CONTINUOUS
10
94.4661770000000018
20
-107.5753610000000009
11
95.006338999999997
21
-108.0127739999999932
0
LINE
8
BLACK
6
CONTINUOUS
10
95.006338999999997
20
-108.0127739999999932
11
95.451326999999992
21
-108.3360749999999939
0
LINE
8
BLACK
6
CONTINUOUS
10
95.451326999999992
20
-108.3360749999999939
11
95.5686589999999967
21
-108.4213209999999918
0
LINE
8
BLACK
6
CONTINUOUS
10
95.5686589999999967
20
-108.4213209999999918
11
95.5686689999999999
21
-108.4213279999999884
0
LINE
8
BLACK
6
CONTINUOUS
10
95.5686689999999999
20
-108.4213279999999884
11
96.1515709999999899
21
-108.7998659999999944
0
LINE
8
BLACK
6
CONTINUOUS
10
96.1515709999999899
20
-108.7998659999999944
11
96.1515780000000007
21
-108.7998699999999985
0
LINE
8
BLACK
6
CONTINUOUS
10
96.1515780000000007
20
-108.7998699999999985
11
96.7535159999999905
21
-109.147396999999998
0
LINE
8
BLACK
6
CONTINUOUS
10
96.7535159999999905
20
-109.147396999999998
11
96.7535219999999896
21
-109.1473999999999904
0
LINE
8
BLACK
6
CONTINUOUS
10
96.7535219999999896
20
-109.1473999999999904
11
96.753546
21
-109.1474130000000002
0
LINE
8
BLACK
6
CONTINUOUS
10
96.753546
20
-109.1474130000000002
11
97.3727870000000024
21
-109.4629300000000001
0
LINE
8
BLACK
6
CONTINUOUS
10
97.3727870000000024
20
-109.4629300000000001
11
97.3728049999999996
21
-109.4629379999999941
0
LINE
8
BLACK
6
CONTINUOUS
10
97.3728049999999996
20
-109.4629379999999941
11
97.3728179999999952
21
-109.4629449999999906
0
LINE
8
BLACK
6
CONTINUOUS
10
97.3728179999999952
20
-109.4629449999999906
11
97.3728419999999915
21
-109.4629559999999913
0
LINE
8
BLACK
6
CONTINUOUS
10
97.3728419999999915
20
-109.4629559999999913
11
97.372846999999993
21
-109.4629580000000004
0
LINE
8
BLACK
6
CONTINUOUS
10
97.372846999999993
20
-109.4629580000000004
11
98.0077519999999964
21
-109.7456339999999955
0
LINE
8
BLACK
6
CONTINUOUS
10
98.0077519999999964
20
-109.7456339999999955
11
98.007764999999992
21
-109.7456389999999971
0
LINE
8
BLACK
6
CONTINUOUS
10
98.007764999999992
20
-109.7456389999999971
11
98.0077849999999984
21
-109.7456479999999885
0
LINE
8
BLACK
6
CONTINUOUS
10
98.0077849999999984
20
-109.7456479999999885
11
98.6566779999999994
21
-109.9947329999999965
0
LINE
8
BLACK
6
CONTINUOUS
10
98.6566779999999994
20
-109.9947329999999965
11
99.3177170000000018
21
-110.2095149999999961
0
LINE
8
BLACK
6
CONTINUOUS
10
99.3177170000000018
20
-110.2095149999999961
11
99.9890910000000019
21
-110.3894069999999914
0
LINE
8
BLACK
6
CONTINUOUS
10
99.9890910000000019
20
-110.3894069999999914
11
100.6689599999999984
21
-110.5339159999999907
0
LINE
8
BLACK
6
CONTINUOUS
10
100.6689599999999984
20
-110.5339159999999907
11
101.3554609999999911
21
-110.64264399999999
0
LINE
8
BLACK
6
CONTINUOUS
10
101.3554609999999911
20
-110.64264399999999
11
101.9405999999999892
21
-110.704143000000002
0
LINE
8
BLACK
6
CONTINUOUS
10
101.9405999999999892
20
-110.704143000000002
11
102.0467099999999903
21
-110.715295999999995
0
LINE
8
BLACK
6
CONTINUOUS
10
102.0467099999999903
20
-110.715295999999995
11
102.1109879999999919
21
-110.7186639999999898
0
LINE
8
BLACK
6
CONTINUOUS
10
102.1109879999999919
20
-110.7186639999999898
11
102.4512849999999986
21
-110.736497
0
LINE
8
BLACK
6
CONTINUOUS
10
102.4512849999999986
20
-110.736497
11
102.5246379999999959
21
-110.7603309999999937
0
LINE
8
BLACK
6
CONTINUOUS
10
102.5246379999999959
20
-110.7603309999999937
11
102.5762469999999951
21
-110.8176479999999913
0
LINE
8
BLACK
6
CONTINUOUS
10
102.5762469999999951
20
-110.8176479999999913
11
102.5883699999999976
21
-110.8505089999999882
0
LINE
8
BLACK
6
CONTINUOUS
10
102.5883699999999976
20
-110.8505089999999882
11
102.6468959999999981
21
-111.0942849999999993
0
LINE
8
BLACK
6
CONTINUOUS
10
102.6468959999999981
20
-111.0942849999999993
11
102.7848279999999903
21
-111.5187939999999998
0
LINE
8
BLACK
6
CONTINUOUS
10
102.7848279999999903
20
-111.5187939999999998
11
102.7848359999999985
21
-111.5188160000000011
0
LINE
8
BLACK
6
CONTINUOUS
10
102.7848359999999985
20
-111.5188160000000011
11
102.9556520000000006
21
-111.931201999999999
0
LINE
8
BLACK
6
CONTINUOUS
10
102.9556520000000006
20
-111.931201999999999
11
103.1582969999999904
21
-112.3289169999999899
0
LINE
8
BLACK
6
CONTINUOUS
10
103.1582969999999904
20
-112.3289169999999899
11
103.1903329999999954
21
-112.3811949999999911
0
LINE
8
BLACK
6
CONTINUOUS
10
103.1903329999999954
20
-112.3811949999999911
11
103.3915329999999955
21
-112.7095219999999927
0
LINE
8
BLACK
6
CONTINUOUS
10
103.3915329999999955
20
-112.7095219999999927
11
103.5531309999999934
21
-112.9319429999999898
0
LINE
8
BLACK
6
CONTINUOUS
10
103.5531309999999934
20
-112.9319429999999898
11
103.6539059999999921
21
-113.0706489999999889
0
LINE
8
BLACK
6
CONTINUOUS
10
103.6539059999999921
20
-113.0706489999999889
11
103.6539140000000003
21
-113.070658999999992
0
LINE
8
BLACK
6
CONTINUOUS
10
103.6539140000000003
20
-113.070658999999992
11
103.9437989999999985
21
-113.4100699999999904
0
LINE
8
BLACK
6
CONTINUOUS
10
103.9437989999999985
20
-113.4100699999999904
11
104.2594390000000004
21
-113.7257099999999923
0
LINE
8
BLACK
6
CONTINUOUS
10
104.2594390000000004
20
-113.7257099999999923
11
104.5988499999999988
21
-114.0155949999999905
0
LINE
8
BLACK
6
CONTINUOUS
10
104.5988499999999988
20
-114.0155949999999905
11
104.5988600000000019
21
-114.0156029999999987
0
LINE
8
BLACK
6
CONTINUOUS
10
104.5988600000000019
20
-114.0156029999999987
11
104.5988629999999944
21
-114.0156049999999937
0
LINE
8
BLACK
6
CONTINUOUS
10
104.5988629999999944
20
-114.0156049999999937
11
104.9599879999999956
21
-114.2779769999999928
0
LINE
8
BLACK
6
CONTINUOUS
10
104.9599879999999956
20
-114.2779769999999928
11
105.3405849999999901
21
-114.5112079999999963
0
LINE
8
BLACK
6
CONTINUOUS
10
105.3405849999999901
20
-114.5112079999999963
11
105.3405920000000009
21
-114.5112120000000004
0
LINE
8
BLACK
6
CONTINUOUS
10
105.3405920000000009
20
-114.5112120000000004
11
105.5271460000000019
21
-114.6062649999999934
0
LINE
8
BLACK
6
CONTINUOUS
10
105.5271460000000019
20
-114.6062649999999934
11
105.7383079999999893
21
-114.7138580000000019
0
LINE
8
BLACK
6
CONTINUOUS
10
105.7383079999999893
20
-114.7138580000000019
11
106.1507050000000021
21
-114.8846779999999939
0
LINE
8
BLACK
6
CONTINUOUS
10
106.1507050000000021
20
-114.8846779999999939
11
106.5752329999999972
21
-115.0226150000000018
0
LINE
8
BLACK
6
CONTINUOUS
10
106.5752329999999972
20
-115.0226150000000018
11
107.0092739999999907
21
-115.126819999999995
0
LINE
8
BLACK
6
CONTINUOUS
10
107.0092739999999907
20
-115.126819999999995
11
107.4501539999999977
21
-115.1966479999999962
0
LINE
8
BLACK
6
CONTINUOUS
10
107.4501539999999977
20
-115.1966479999999962
11
107.8951529999999934
21
-115.231669999999994
0
LINE
8
BLACK
6
CONTINUOUS
10
107.8951529999999934
20
-115.231669999999994
11
107.89515999999999
21
-115.231669999999994
0
LINE
8
BLACK
6
CONTINUOUS
10
107.89515999999999
20
-115.231669999999994
11
108.3415199999999885
21
-115.231669999999994
0
LINE
8
BLACK
6
CONTINUOUS
10
108.3415199999999885
20
-115.231669999999994
11
108.3415269999999992
21
-115.231669999999994
0
LINE
8
BLACK
6
CONTINUOUS
10
108.3415269999999992
20
-115.231669999999994
11
108.786525999999995
21
-115.1966479999999962
0
LINE
8
BLACK
6
CONTINUOUS
10
108.786525999999995
20
-115.1966479999999962
11
109.227406000000002
21
-115.126819999999995
0
LINE
8
BLACK
6
CONTINUOUS
10
109.227406000000002
20
-115.126819999999995
11
109.6614469999999955
21
-115.0226150000000018
0
LINE
8
BLACK
6
CONTINUOUS
10
109.6614469999999955
20
-115.0226150000000018
11
110.0859749999999906
21
-114.8846779999999939
0
LINE
8
BLACK
6
CONTINUOUS
10
110.0859749999999906
20
-114.8846779999999939
11
110.4983719999999892
21
-114.7138580000000019
0
LINE
8
BLACK
6
CONTINUOUS
10
110.4983719999999892
20
-114.7138580000000019
11
110.8960949999999883
21
-114.5112079999999963
0
LINE
8
BLACK
6
CONTINUOUS
10
110.8960949999999883
20
-114.5112079999999963
11
111.2766919999999971
21
-114.2779769999999928
0
LINE
8
BLACK
6
CONTINUOUS
10
111.2766919999999971
20
-114.2779769999999928
11
111.6378169999999983
21
-114.0156049999999937
0
LINE
8
BLACK
6
CONTINUOUS
10
111.6378169999999983
20
-114.0156049999999937
11
111.9772430000000014
21
-113.7257079999999974
0
LINE
8
BLACK
6
CONTINUOUS
10
111.9772430000000014
20
-113.7257079999999974
11
112.2928780000000017
21
-113.410072999999997
0
LINE
8
BLACK
6
CONTINUOUS
10
112.2928780000000017
20
-113.410072999999997
11
112.582774999999998
21
-113.0706469999999939
0
LINE
8
BLACK
6
CONTINUOUS
10
112.582774999999998
20
-113.0706469999999939
11
112.8451469999999972
21
-112.7095219999999927
0
LINE
8
BLACK
6
CONTINUOUS
10
112.8451469999999972
20
-112.7095219999999927
11
113.0783780000000007
21
-112.3289249999999981
0
LINE
8
BLACK
6
CONTINUOUS
10
113.0783780000000007
20
-112.3289249999999981
11
113.2810279999999921
21
-111.931201999999999
0
LINE
8
BLACK
6
CONTINUOUS
10
113.2810279999999921
20
-111.931201999999999
11
113.4518479999999983
21
-111.5188050000000004
0
LINE
8
BLACK
6
CONTINUOUS
10
113.4518479999999983
20
-111.5188050000000004
11
113.589784999999992
21
-111.0942769999999911
0
LINE
8
BLACK
6
CONTINUOUS
10
113.589784999999992
20
-111.0942769999999911
11
113.6939899999999994
21
-110.6602359999999976
0
LINE
8
BLACK
6
CONTINUOUS
10
113.6939899999999994
20
-110.6602359999999976
11
113.7638180000000006
21
-110.2193559999999906
0
LINE
8
BLACK
6
CONTINUOUS
10
113.7638180000000006
20
-110.2193559999999906
11
113.7988399999999984
21
-109.7743569999999949
0
LINE
8
BLACK
6
CONTINUOUS
10
113.7988399999999984
20
-109.7743569999999949
11
113.7988399999999984
21
-109.327982999999989
0
LINE
8
BLACK
6
CONTINUOUS
10
113.7988399999999984
20
-109.327982999999989
11
113.7638180000000006
21
-108.8829839999999933
0
LINE
8
BLACK
6
CONTINUOUS
10
113.7638180000000006
20
-108.8829839999999933
11
113.6939899999999994
21
-108.4421040000000005
0
LINE
8
BLACK
6
CONTINUOUS
10
113.6939899999999994
20
-108.4421040000000005
11
113.589784999999992
21
-108.0080629999999928
0
LINE
8
BLACK
6
CONTINUOUS
10
113.589784999999992
20
-108.0080629999999928
11
113.4518479999999983
21
-107.5835349999999977
0
LINE
8
BLACK
6
CONTINUOUS
10
113.4518479999999983
20
-107.5835349999999977
11
113.2810279999999921
21
-107.1711379999999991
0
LINE
8
BLACK
6
CONTINUOUS
10
113.2810279999999921
20
-107.1711379999999991
11
113.1248089999999991
21
-106.864539999999991
0
LINE
8
BLACK
6
CONTINUOUS
10
113.1248089999999991
20
-106.864539999999991
11
113.0783819999999906
21
-106.7734219999999965
0
LINE
8
BLACK
6
CONTINUOUS
10
113.0783819999999906
20
-106.7734219999999965
11
113.0251839999999959
21
-106.6866109999999992
0
LINE
8
BLACK
6
CONTINUOUS
10
113.0251839999999959
20
-106.6866109999999992
11
112.8451469999999972
21
-106.3928179999999912
0
LINE
8
BLACK
6
CONTINUOUS
10
112.8451469999999972
20
-106.3928179999999912
11
112.582774999999998
21
-106.03169299999999
0
LINE
8
BLACK
6
CONTINUOUS
10
112.582774999999998
20
-106.03169299999999
11
112.5827729999999889
21
-106.0316899999999976
0
LINE
8
BLACK
6
CONTINUOUS
10
112.5827729999999889
20
-106.0316899999999976
11
112.5827649999999949
21
-106.0316799999999944
0
LINE
8
BLACK
6
CONTINUOUS
10
112.5827649999999949
20
-106.0316799999999944
11
112.2928799999999967
21
-105.692268999999996
0
LINE
8
BLACK
6
CONTINUOUS
10
112.2928799999999967
20
-105.692268999999996
11
111.9772399999999948
21
-105.3766289999999941
0
LINE
8
BLACK
6
CONTINUOUS
10
111.9772399999999948
20
-105.3766289999999941
11
111.6378289999999964
21
-105.0867439999999959
0
LINE
8
BLACK
6
CONTINUOUS
10
111.6378289999999964
20
-105.0867439999999959
11
111.6378189999999933
21
-105.0867360000000019
0
LINE
8
BLACK
6
CONTINUOUS
10
111.6378189999999933
20
-105.0867360000000019
11
111.3254829999999913
21
-104.8598119999999909
0
LINE
8
BLACK
6
CONTINUOUS
10
111.3254829999999913
20
-104.8598119999999909
11
111.2766919999999971
21
-104.8243629999999911
0
LINE
8
BLACK
6
CONTINUOUS
10
111.2766919999999971
20
-104.8243629999999911
11
110.8960949999999883
21
-104.5911320000000018
0
LINE
8
BLACK
6
CONTINUOUS
10
110.8960949999999883
20
-104.5911320000000018
11
110.8960869999999943
21
-104.5911270000000002
0
LINE
8
BLACK
6
CONTINUOUS
10
110.8960869999999943
20
-104.5911270000000002
11
110.4983719999999892
21
-104.3884819999999962
0
LINE
8
BLACK
6
CONTINUOUS
10
110.4983719999999892
20
-104.3884819999999962
11
110.0859859999999912
21
-104.2176659999999941
0
LINE
8
BLACK
6
CONTINUOUS
10
110.0859859999999912
20
-104.2176659999999941
11
110.0859639999999899
21
-104.2176580000000001
0
LINE
8
BLACK
6
CONTINUOUS
10
110.0859639999999899
20
-104.2176580000000001
11
109.6614549999999895
21
-104.0797269999999912
0
LINE
8
BLACK
6
CONTINUOUS
10
109.6614549999999895
20
-104.0797269999999912
11
109.2274039999999928
21
-103.9755189999999914
0
LINE
8
BLACK
6
CONTINUOUS
10
109.2274039999999928
20
-103.9755189999999914
11
108.926179999999988
21
-103.9278099999999938
0
LINE
8
BLACK
6
CONTINUOUS
10
108.926179999999988
20
-103.9278099999999938
11
108.786525999999995
21
-103.9056920000000019
0
LINE
8
BLACK
6
CONTINUOUS
10
108.786525999999995
20
-103.9056920000000019
11
108.3415269999999992
21
-103.8706699999999898
0
LINE
8
BLACK
6
CONTINUOUS
10
108.3415269999999992
20
-103.8706699999999898
11
107.8951529999999934
21
-103.8706699999999898
0
LINE
8
BLACK
6
CONTINUOUS
10
107.8951529999999934
20
-103.8706699999999898
11
107.4501539999999977
21
-103.9056920000000019
0
LINE
8
BLACK
6
CONTINUOUS
10
107.4501539999999977
20
-103.9056920000000019
11
107.3803269999999941
21
-103.9167509999999908
0
LINE
8
BLACK
6
CONTINUOUS
10
107.3803269999999941
20
-103.9167509999999908
11
107.0092749999999882
21
-103.9755189999999914
0
LINE
8
BLACK
6
CONTINUOUS
10
107.0092749999999882
20
-103.9755189999999914
11
106.5752239999999915
21
-104.0797269999999912
0
LINE
8
BLACK
6
CONTINUOUS
10
106.5752239999999915
20
-104.0797269999999912
11
106.1507149999999911
21
-104.2176580000000001
0
LINE
8
BLACK
6
CONTINUOUS
10
106.1507149999999911
20
-104.2176580000000001
11
106.1506929999999898
21
-104.2176659999999941
0
LINE
8
BLACK
6
CONTINUOUS
10
106.1506929999999898
20
-104.2176659999999941
11
105.7383069999999918
21
-104.3884819999999962
0
LINE
8
BLACK
6
CONTINUOUS
10
105.7383069999999918
20
-104.3884819999999962
11
105.3405920000000009
21
-104.5911270000000002
0
LINE
8
BLACK
6
CONTINUOUS
10
105.3405920000000009
20
-104.5911270000000002
11
104.9599879999999956
21
-104.8243629999999911
0
LINE
8
BLACK
6
CONTINUOUS
10
104.9599879999999956
20
-104.8243629999999911
11
104.5988600000000019
21
-105.0867360000000019
0
LINE
8
BLACK
6
CONTINUOUS
10
104.5988600000000019
20
-105.0867360000000019
11
104.5988499999999988
21
-105.0867439999999959
0
LINE
8
BLACK
6
CONTINUOUS
10
104.5988499999999988
20
-105.0867439999999959
11
104.2594390000000004
21
-105.3766289999999941
0
LINE
8
BLACK
6
CONTINUOUS
10
104.2594390000000004
20
-105.3766289999999941
11
103.9437989999999985
21
-105.692268999999996
0
LINE
8
BLACK
6
CONTINUOUS
10
103.9437989999999985
20
-105.692268999999996
11
103.6539140000000003
21
-106.0316799999999944
0
LINE
8
BLACK
6
CONTINUOUS
10
103.6539140000000003
20
-106.0316799999999944
11
103.6539059999999921
21
-106.0316899999999976
0
LINE
8
BLACK
6
CONTINUOUS
10
103.6539059999999921
20
-106.0316899999999976
11
103.3915329999999955
21
-106.3928179999999912
0
LINE
8
BLACK
6
CONTINUOUS
10
103.3915329999999955
20
-106.3928179999999912
11
103.1582969999999904
21
-106.7734219999999965
0
LINE
8
BLACK
6
CONTINUOUS
10
103.1582969999999904
20
-106.7734219999999965
11
102.9556520000000006
21
-107.1711370000000016
0
LINE
8
BLACK
6
CONTINUOUS
10
102.9556520000000006
20
-107.1711370000000016
11
102.7848359999999985
21
-107.5835229999999996
0
LINE
8
BLACK
6
CONTINUOUS
10
102.7848359999999985
20
-107.5835229999999996
11
102.7848279999999903
21
-107.5835450000000009
0
LINE
8
BLACK
6
CONTINUOUS
10
102.7848279999999903
20
-107.5835450000000009
11
102.6468959999999981
21
-108.0080540000000013
0
LINE
8
BLACK
6
CONTINUOUS
10
102.6468959999999981
20
-108.0080540000000013
11
102.5968379999999911
21
-108.216557999999992
0
LINE
8
BLACK
6
CONTINUOUS
10
102.5968379999999911
20
-108.216557999999992
11
102.5600349999999992
21
-108.2843400000000003
0
LINE
8
BLACK
6
CONTINUOUS
10
102.5600349999999992
20
-108.2843400000000003
11
102.4942719999999952
21
-108.3246379999999931
0
LINE
8
BLACK
6
CONTINUOUS
10
102.4942719999999952
20
-108.3246379999999931
11
102.4394319999999965
21
-108.330247
0
LINE
8
BLACK
6
CONTINUOUS
10
102.4394319999999965
20
-108.330247
11
101.8753770000000003
21
-108.2826709999999935
0
LINE
8
BLACK
6
CONTINUOUS
10
101.8753770000000003
20
-108.2826709999999935
11
101.8670719999999932
21
-108.2817349999999976
0
LINE
8
BLACK
6
CONTINUOUS
10
101.8670719999999932
20
-108.2817349999999976
11
101.2715850000000017
21
-108.1976689999999905
0
LINE
8
BLACK
6
CONTINUOUS
10
101.2715850000000017
20
-108.1976689999999905
11
101.2633450000000011
21
-108.1962690000000009
0
LINE
8
BLACK
6
CONTINUOUS
10
101.2633450000000011
20
-108.1962690000000009
11
100.673497999999995
21
-108.0789429999999953
0
LINE
8
BLACK
6
CONTINUOUS
10
100.673497999999995
20
-108.0789429999999953
11
100.6653499999999894
21
-108.0770830000000018
0
LINE
8
BLACK
6
CONTINUOUS
10
100.6653499999999894
20
-108.0770830000000018
11
100.0830309999999912
21
-107.926873999999998
0
LINE
8
BLACK
6
CONTINUOUS
10
100.0830309999999912
20
-107.926873999999998
11
100.0750079999999969
21
-107.924562999999992
0
LINE
8
BLACK
6
CONTINUOUS
10
100.0750079999999969
20
-107.924562999999992
11
99.7884899999999959
21
-107.833242999999996
0
LINE
8
BLACK
6
CONTINUOUS
10
99.7884899999999959
20
-107.833242999999996
11
99.5019819999999982
21
-107.7419249999999948
0
LINE
8
BLACK
6
CONTINUOUS
10
99.5019819999999982
20
-107.7419249999999948
11
99.4940939999999898
21
-107.7391639999999882
0
LINE
8
BLACK
6
CONTINUOUS
10
99.4940939999999898
20
-107.7391639999999882
11
98.9322549999999978
21
-107.5247009999999932
0
LINE
8
BLACK
6
CONTINUOUS
10
98.9322549999999978
20
-107.5247009999999932
11
98.9245329999999967
21
-107.5215029999999956
0
LINE
8
BLACK
6
CONTINUOUS
10
98.9245329999999967
20
-107.5215029999999956
11
98.3755839999999893
21
-107.2758659999999935
0
LINE
8
BLACK
6
CONTINUOUS
10
98.3755839999999893
20
-107.2758659999999935
11
98.3680540000000008
21
-107.2722399999999965
0
LINE
8
BLACK
6
CONTINUOUS
10
98.3680540000000008
20
-107.2722399999999965
11
97.8337379999999968
21
-106.9962079999999958
0
LINE
8
BLACK
6
CONTINUOUS
10
97.8337379999999968
20
-106.9962079999999958
11
97.8264229999999912
21
-106.992165
0
LINE
8
BLACK
6
CONTINUOUS
10
97.8264229999999912
20
-106.992165
11
97.5375099999999975
21
-106.8217409999999887
0
LINE
8
BLACK
6
CONTINUOUS
10
97.5375099999999975
20
-106.8217409999999887
11
97.3084240000000023
21
-106.6866069999999951
0
LINE
8
BLACK
6
CONTINUOUS
10
97.3084240000000023
20
-106.6866069999999951
11
97.3013529999999918
21
-106.6821640000000002
0
LINE
8
BLACK
6
CONTINUOUS
10
97.3013529999999918
20
-106.6821640000000002
11
96.8013139999999908
21
-106.3480500000000006
0
LINE
8
BLACK
6
CONTINUOUS
10
96.8013139999999908
20
-106.3480500000000006
11
96.7944979999999902
21
-106.343213999999989
0
LINE
8
BLACK
6
CONTINUOUS
10
96.7944979999999902
20
-106.343213999999989
11
96.3139690000000002
21
-105.9815809999999914
0
LINE
8
BLACK
6
CONTINUOUS
10
96.3139690000000002
20
-105.9815809999999914
11
96.3074349999999981
21
-105.9763699999999886
0
LINE
8
BLACK
6
CONTINUOUS
10
96.3074349999999981
20
-105.9763699999999886
11
95.8479499999999973
21
-105.5883719999999926
0
LINE
8
BLACK
6
CONTINUOUS
10
95.8479499999999973
20
-105.5883719999999926
11
95.8417180000000002
21
-105.5828029999999984
0
LINE
8
BLACK
6
CONTINUOUS
10
95.8417180000000002
20
-105.5828029999999984
11
95.4039190000000019
21
-105.1689019999999886
0
LINE
8
BLACK
6
CONTINUOUS
10
95.4039190000000019
20
-105.1689019999999886
11
95.4009229999999917
21
-105.1659889999999962
0
LINE
8
BLACK
6
CONTINUOUS
10
95.4009229999999917
20
-105.1659889999999962
11
95.3274179999999944
21
-105.0924849999999964
0
LINE
8
BLACK
6
CONTINUOUS
10
95.3274179999999944
20
-105.0924849999999964
11
95.327416999999997
21
-105.0924839999999989
0
LINE
8
BLACK
6
CONTINUOUS
10
95.327416999999997
20
-105.0924839999999989
11
88.0414949999999976
21
-97.8065610000000021
0
LINE
8
BLACK
6
CONTINUOUS
10
88.0414949999999976
20
-97.8065610000000021
11
88.0357520000000022
21
-97.8004859999999923
0
LINE
8
BLACK
6
CONTINUOUS
10
88.0357520000000022
20
-97.8004859999999923
11
87.856819999999999
21
-97.6002560000000017
0
LINE
8
BLACK
6
CONTINUOUS
10
87.856819999999999
20
-97.6002560000000017
11
87.8464019999999977
21
-97.5871920000000017
0
LINE
8
BLACK
6
CONTINUOUS
10
87.8464019999999977
20
-97.5871920000000017
11
87.6934219999999982
21
-97.3715809999999919
0
LINE
8
BLACK
6
CONTINUOUS
10
87.6934219999999982
20
-97.3715809999999919
11
87.6845330000000018
21
-97.3574330000000003
0
LINE
8
BLACK
6
CONTINUOUS
10
87.6845330000000018
20
-97.3574330000000003
11
87.5566709999999944
21
-97.1260759999999976
0
LINE
8
BLACK
6
CONTINUOUS
10
87.5566709999999944
20
-97.1260759999999976
11
87.5494219999999927
21
-97.1110229999999888
0
LINE
8
BLACK
6
CONTINUOUS
10
87.5494219999999927
20
-97.1110229999999888
11
87.4482539999999915
21
-96.866776999999999
0
LINE
8
BLACK
6
CONTINUOUS
10
87.4482539999999915
20
-96.866776999999999
11
87.4427390000000031
21
-96.8510169999999988
0
LINE
8
BLACK
6
CONTINUOUS
10
87.4427390000000031
20
-96.8510169999999988
11
87.3695549999999912
21
-96.5969789999999904
0
LINE
8
BLACK
6
CONTINUOUS
10
87.3695549999999912
20
-96.5969789999999904
11
87.3658399999999915
21
-96.5807059999999922
0
LINE
8
BLACK
6
CONTINUOUS
10
87.3658399999999915
20
-96.5807059999999922
11
87.3215610000000027
21
-96.3200799999999902
0
LINE
8
BLACK
6
CONTINUOUS
10
87.3215610000000027
20
-96.3200799999999902
11
87.3196899999999943
21
-96.3034770000000009
0
LINE
8
BLACK
6
CONTINUOUS
10
87.3196899999999943
20
-96.3034770000000009
11
87.3142229999999984
21
-96.2061099999999954
0
LINE
8
BLACK
6
CONTINUOUS
10
87.3142229999999984
20
-96.2061099999999954
11
87.3048519999999968
21
-96.039211999999992
0
LINE
8
BLACK
6
CONTINUOUS
10
87.3048519999999968
20
-96.039211999999992
11
87.3048519999999968
21
-96.0225439999999963
0
LINE
8
BLACK
6
CONTINUOUS
10
87.3048519999999968
20
-96.0225439999999963
11
87.3119839999999954
21
-95.8955720000000014
0
LINE
8
BLACK
6
CONTINUOUS
10
87.3119839999999954
20
-95.8955720000000014
11
87.3196609999999964
21
-95.7588819999999998
0
LINE
8
BLACK
6
CONTINUOUS
10
87.3196609999999964
20
-95.7588819999999998
11
87.3215289999999982
21
-95.7422949999999986
0
LINE
8
BLACK
6
CONTINUOUS
10
87.3215289999999982
20
-95.7422949999999986
11
87.3658169999999927
21
-95.4816399999999987
0
LINE
8
BLACK
6
CONTINUOUS
10
87.3658169999999927
20
-95.4816399999999987
11
87.3695299999999975
21
-95.4653749999999945
0
LINE
8
BLACK
6
CONTINUOUS
10
87.3695299999999975
20
-95.4653749999999945
11
87.4427179999999993
21
-95.2113379999999978
0
LINE
8
BLACK
6
CONTINUOUS
10
87.4427179999999993
20
-95.2113379999999978
11
87.4482339999999994
21
-95.1955770000000001
0
LINE
8
BLACK
6
CONTINUOUS
10
87.4482339999999994
20
-95.1955770000000001
11
87.5494079999999997
21
-94.9513219999999905
0
LINE
8
BLACK
6
CONTINUOUS
10
87.5494079999999997
20
-94.9513219999999905
11
87.556644999999989
21
-94.9362950000000012
0
LINE
8
BLACK
6
CONTINUOUS
10
87.556644999999989
20
-94.9362950000000012
11
87.6845299999999952
21
-94.7049049999999966
0
LINE
8
BLACK
6
CONTINUOUS
10
87.6845299999999952
20
-94.7049049999999966
11
87.6934029999999893
21
-94.6907819999999987
0
LINE
8
BLACK
6
CONTINUOUS
10
87.6934029999999893
20
-94.6907819999999987
11
87.8464019999999977
21
-94.4751509999999968
0
LINE
8
BLACK
6
CONTINUOUS
10
87.8464019999999977
20
-94.4751509999999968
11
87.8568029999999993
21
-94.4621089999999981
0
LINE
8
BLACK
6
CONTINUOUS
10
87.8568029999999993
20
-94.4621089999999981
11
87.9433599999999984
21
-94.3652510000000007
0
LINE
8
BLACK
6
CONTINUOUS
10
87.9433599999999984
20
-94.3652510000000007
11
88.035862999999992
21
-94.2617389999999915
0
LINE
8
BLACK
6
CONTINUOUS
10
88.035862999999992
20
-94.2617389999999915
11
88.0415749999999946
21
-94.2556969999999978
0
LINE
8
BLACK
6
CONTINUOUS
10
88.0415749999999946
20
-94.2556969999999978
11
88.1127989999999954
21
-94.184472999999997
0
LINE
8
BLACK
6
CONTINUOUS
10
88.1127989999999954
20
-94.184472999999997
11
88.112797999999998
21
-94.184472999999997
0
LINE
8
BLACK
6
CONTINUOUS
10
88.112797999999998
20
-94.184472999999997
11
88.8297219999999896
21
-93.4675479999999936
0
LINE
8
BLACK
6
CONTINUOUS
10
88.8297219999999896
20
-93.4675479999999936
11
88.8965139999999963
21
-93.4289869999999922
0
LINE
8
BLACK
6
CONTINUOUS
10
88.8965139999999963
20
-93.4289869999999922
11
88.9736419999999981
21
-93.4289869999999922
0
LINE
8
BLACK
6
CONTINUOUS
10
88.9736419999999981
20
-93.4289869999999922
11
89.0404369999999972
21
-93.4675510000000003
0
LINE
8
BLACK
6
CONTINUOUS
10
89.0404369999999972
20
-93.4675510000000003
11
89.0641139999999893
21
-93.4984070000000003
0
LINE
8
BLACK
6
CONTINUOUS
10
89.0641139999999893
20
-93.4984070000000003
11
89.0805620000000005
21
-93.5268939999999986
0
LINE
8
BLACK
6
CONTINUOUS
10
89.0805620000000005
20
-93.5268939999999986
11
89.0805649999999929
21
-93.5268999999999977
0
LINE
8
BLACK
6
CONTINUOUS
10
89.0805649999999929
20
-93.5268999999999977
11
89.220413999999991
21
-93.7091530000000006
0
LINE
8
BLACK
6
CONTINUOUS
10
89.220413999999991
20
-93.7091530000000006
11
89.3828559999999896
21
-93.8715949999999992
0
LINE
8
BLACK
6
CONTINUOUS
10
89.3828559999999896
20
-93.8715949999999992
11
89.5651089999999925
21
-94.0114439999999973
0
LINE
8
BLACK
6
CONTINUOUS
10
89.5651089999999925
20
-94.0114439999999973
11
89.5651110000000017
21
-94.0114449999999948
0
LINE
8
BLACK
6
CONTINUOUS
10
89.5651110000000017
20
-94.0114449999999948
11
89.7640609999999981
21
-94.126308999999992
0
LINE
8
BLACK
6
CONTINUOUS
10
89.7640609999999981
20
-94.126308999999992
11
89.9763109999999955
21
-94.214226999999994
0
LINE
8
BLACK
6
CONTINUOUS
10
89.9763109999999955
20
-94.214226999999994
11
90.138339000000002
21
-94.2576409999999925
0
LINE
8
BLACK
6
CONTINUOUS
10
90.138339000000002
20
-94.2576409999999925
11
90.1383399999999995
21
-94.2576409999999925
0
LINE
8
BLACK
6
CONTINUOUS
10
90.1383399999999995
20
-94.2576409999999925
11
90.1383399999999995
21
-94.257639999999995
0
LINE
8
BLACK
6
CONTINUOUS
10
90.1383399999999995
20
-94.257639999999995
11
90.1383399999999995
21
-93.4104629999999929
0
LINE
8
BLACK
6
CONTINUOUS
10
90.1383399999999995
20
-93.4104629999999929
11
90.091834999999989
21
-93.3911999999999978
0
LINE
8
BLACK
6
CONTINUOUS
10
90.091834999999989
20
-93.3911999999999978
11
89.9365799999999922
21
-93.2874619999999908
0
LINE
8
BLACK
6
CONTINUOUS
10
89.9365799999999922
20
-93.2874619999999908
11
89.8045479999999969
21
-93.1554299999999955
0
LINE
8
BLACK
6
CONTINUOUS
10
89.8045479999999969
20
-93.1554299999999955
11
89.7008099999999899
21
-93.0001749999999987
0
LINE
8
BLACK
6
CONTINUOUS
10
89.7008099999999899
20
-93.0001749999999987
11
89.6293539999999922
21
-92.8276659999999936
0
LINE
8
BLACK
6
CONTINUOUS
10
89.6293539999999922
20
-92.8276659999999936
11
89.5929269999999889
21
-92.6445310000000006
0
LINE
8
BLACK
6
CONTINUOUS
10
89.5929269999999889
20
-92.6445310000000006
11
89.5929269999999889
21
-92.4578089999999975
0
LINE
8
BLACK
6
CONTINUOUS
10
89.5929269999999889
20
-92.4578089999999975
11
89.6293539999999922
21
-92.2746739999999903
0
LINE
8
BLACK
6
CONTINUOUS
10
89.6293539999999922
20
-92.2746739999999903
11
89.7008099999999899
21
-92.1021649999999994
0
LINE
8
BLACK
6
CONTINUOUS
10
89.7008099999999899
20
-92.1021649999999994
11
89.8045479999999969
21
-91.9469100000000026
0
LINE
8
BLACK
6
CONTINUOUS
10
89.8045479999999969
20
-91.9469100000000026
11
89.9365799999999922
21
-91.8148779999999931
0
LINE
8
BLACK
6
CONTINUOUS
10
89.9365799999999922
20
-91.8148779999999931
11
90.091834999999989
21
-91.7111400000000003
0
LINE
8
BLACK
6
CONTINUOUS
10
90.091834999999989
20
-91.7111400000000003
11
90.2643439999999941
21
-91.6396840000000026
0
LINE
8
BLACK
6
CONTINUOUS
10
90.2643439999999941
20
-91.6396840000000026
11
90.4474790000000013
21
-91.6032569999999993
0
LINE
8
BLACK
6
CONTINUOUS
10
90.4474790000000013
20
-91.6032569999999993
11
90.5408400000000029
21
-91.5986699999999985
0
LINE
8
BLACK
6
CONTINUOUS
10
90.5408400000000029
20
-91.5986699999999985
11
90.6358400000000017
21
-91.5986699999999985
0
LINE
8
BLACK
6
CONTINUOUS
10
90.6358400000000017
20
-91.5986699999999985
11
90.7181209999999965
21
-91.6027119999999968
0
LINE
8
BLACK
6
CONTINUOUS
10
90.7181209999999965
20
-91.6027119999999968
11
90.722377999999992
21
-91.5932559999999967
0
LINE
8
BLACK
6
CONTINUOUS
10
90.722377999999992
20
-91.5932559999999967
11
90.8115849999999938
21
-91.4793959999999942
0
LINE
8
BLACK
6
CONTINUOUS
10
90.8115849999999938
20
-91.4793959999999942
11
90.8115859999999913
21
-91.4793969999999916
0
LINE
8
BLACK
6
CONTINUOUS
10
90.8115859999999913
20
-91.4793969999999916
11
91.0159639999999968
21
-91.2941670000000016
0
LINE
8
BLACK
6
CONTINUOUS
10
91.0159639999999968
20
-91.2941670000000016
11
91.2375139999999902
21
-91.1298620000000028
0
LINE
8
BLACK
6
CONTINUOUS
10
91.2375139999999902
20
-91.1298620000000028
11
91.474102000000002
21
-90.9880639999999943
0
LINE
8
BLACK
6
CONTINUOUS
10
91.474102000000002
20
-90.9880639999999943
11
91.7234490000000022
21
-90.8701379999999972
0
LINE
8
BLACK
6
CONTINUOUS
10
91.7234490000000022
20
-90.8701379999999972
11
91.9831549999999964
21
-90.7772199999999998
0
LINE
8
BLACK
6
CONTINUOUS
10
91.9831549999999964
20
-90.7772199999999998
11
91.9892710000000022
21
-90.7756880000000024
0
LINE
8
BLACK
6
CONTINUOUS
10
91.9892710000000022
20
-90.7756880000000024
11
92.0710169999999977
21
-90.6152510000000007
0
LINE
8
BLACK
6
CONTINUOUS
10
92.0710169999999977
20
-90.6152510000000007
11
92.0750609999999909
21
-90.6073149999999998
0
LINE
8
BLACK
6
CONTINUOUS
10
92.0750609999999909
20
-90.6073149999999998
11
92.1505999999999972
21
-90.3748319999999978
0
LINE
8
BLACK
6
CONTINUOUS
10
92.1505999999999972
20
-90.3748319999999978
11
92.188839999999999
21
-90.1333939999999956
0
LINE
8
BLACK
6
CONTINUOUS
10
92.188839999999999
20
-90.1333939999999956
11
92.188839999999999
21
-89.88894599999999
0
LINE
8
BLACK
6
CONTINUOUS
10
92.188839999999999
20
-89.88894599999999
11
92.1505999999999972
21
-89.647508000000002
0
LINE
8
BLACK
6
CONTINUOUS
10
92.1505999999999972
20
-89.647508000000002
11
92.0750609999999909
21
-89.415025
0
LINE
8
BLACK
6
CONTINUOUS
10
92.0750609999999909
20
-89.415025
11
92.0351859999999959
21
-89.3367649999999998
0
LINE
8
BLACK
6
CONTINUOUS
10
92.0351859999999959
20
-89.3367649999999998
11
91.9640849999999972
21
-89.197220999999999
0
LINE
8
BLACK
6
CONTINUOUS
10
91.9640849999999972
20
-89.197220999999999
11
91.9071440000000024
21
-89.1188489999999973
0
LINE
8
BLACK
6
CONTINUOUS
10
91.9071440000000024
20
-89.1188489999999973
11
91.8795039999999972
21
-89.0468460000000022
0
LINE
8
BLACK
6
CONTINUOUS
10
91.8795039999999972
20
-89.0468460000000022
11
91.8915689999999898
21
-88.9706679999999892
0
LINE
8
BLACK
6
CONTINUOUS
10
91.8915689999999898
20
-88.9706679999999892
11
91.9369809999999887
21
-88.9130619999999965
0
LINE
8
BLACK
6
CONTINUOUS
10
91.9369809999999887
20
-88.9130619999999965
11
92.0166219999999981
21
-88.8519519999999972
0
LINE
8
BLACK
6
CONTINUOUS
10
92.0166219999999981
20
-88.8519519999999972
11
92.112876
21
-88.7265110000000021
0
LINE
8
BLACK
6
CONTINUOUS
10
92.112876
20
-88.7265110000000021
11
92.1733839999999987
21
-88.5804320000000018
0
LINE
8
BLACK
6
CONTINUOUS
10
92.1733839999999987
20
-88.5804320000000018
11
92.1771749999999912
21
-88.5516409999999894
0
LINE
8
BLACK
6
CONTINUOUS
10
92.1771749999999912
20
-88.5516409999999894
11
92.1842189999999988
21
-88.4981319999999982
0
LINE
8
BLACK
6
CONTINUOUS
10
92.1842189999999988
20
-88.4981319999999982
11
92.188839999999999
21
-88.4630310000000009
0
LINE
8
BLACK
6
CONTINUOUS
10
92.188839999999999
20
-88.4630310000000009
11
92.1888390000000015
21
-86.4793099999999981
0
LINE
8
BLACK
6
CONTINUOUS
10
92.1888390000000015
20
-86.4793099999999981
11
92.1733839999999987
21
-86.3619079999999997
0
LINE
8
BLACK
6
CONTINUOUS
10
92.1733839999999987
20
-86.3619079999999997
11
92.112876
21
-86.2158289999999994
0
LINE
8
BLACK
6
CONTINUOUS
10
92.112876
20
-86.2158289999999994
11
92.0166219999999981
21
-86.0903879999999901
0
LINE
8
BLACK
6
CONTINUOUS
10
92.0166219999999981
20
-86.0903879999999901
11
91.8911809999999889
21
-85.9941340000000025
0
LINE
8
BLACK
6
CONTINUOUS
10
91.8911809999999889
20
-85.9941340000000025
11
91.8911799999999914
21
-85.9941329999999908
0
LINE
8
BLACK
6
CONTINUOUS
10
91.8911799999999914
20
-85.9941329999999908
11
91.8112840000000006
21
-85.9610389999999995
0
LINE
8
BLACK
6
CONTINUOUS
10
91.8112840000000006
20
-85.9610389999999995
11
91.7451020000000028
21
-85.9336259999999896
0
LINE
8
BLACK
6
CONTINUOUS
10
91.7451020000000028
20
-85.9336259999999896
11
91.7450999999999937
21
-85.9336249999999922
0
LINE
8
BLACK
6
CONTINUOUS
10
91.7450999999999937
20
-85.9336249999999922
11
91.7450959999999895
21
-85.9336239999999947
0
LINE
8
BLACK
6
CONTINUOUS
10
91.7450959999999895
20
-85.9336239999999947
11
91.7450989999999962
21
-85.9336239999999947
0
LINE
8
BLACK
6
CONTINUOUS
10
91.7450989999999962
20
-85.9336239999999947
11
91.6683969999999988
21
-85.9235269999999929
0
LINE
8
BLACK
6
CONTINUOUS
10
91.6683969999999988
20
-85.9235269999999929
11
91.597139999999996
21
-85.8940119999999894
0
LINE
8
BLACK
6
CONTINUOUS
10
91.597139999999996
20
-85.8940119999999894
11
91.550186999999994
21
-85.8328219999999931
0
LINE
8
BLACK
6
CONTINUOUS
10
91.550186999999994
20
-85.8328219999999931
11
91.5388449999999949
21
-85.7758019999999988
0
LINE
8
BLACK
6
CONTINUOUS
10
91.5388449999999949
20
-85.7758019999999988
11
91.5388449999999949
21
-85.7582629999999995
0
LINE
8
BLACK
6
CONTINUOUS
10
91.5388449999999949
20
-85.7582629999999995
11
91.5388459999999924
21
-85.7582629999999995
0
LINE
8
BLACK
6
CONTINUOUS
10
91.5388459999999924
20
-85.7582629999999995
11
91.5388449999999949
21
-85.6090159999999969
0
LINE
8
BLACK
6
CONTINUOUS
10
91.5388449999999949
20
-85.6090159999999969
11
91.5054200000000009
21
-85.3123999999999967
0
LINE
8
BLACK
6
CONTINUOUS
10
91.5054200000000009
20
-85.3123999999999967
11
91.4389970000000005
21
-85.0213899999999967
0
LINE
8
BLACK
6
CONTINUOUS
10
91.4389970000000005
20
-85.0213899999999967
11
91.3886859999999928
21
-84.8776119999999992
0
LINE
8
BLACK
6
CONTINUOUS
10
91.3886859999999928
20
-84.8776119999999992
11
91.3404139999999956
21
-84.7396600000000007
0
LINE
8
BLACK
6
CONTINUOUS
10
91.3404139999999956
20
-84.7396600000000007
11
91.3404060000000015
21
-84.7396419999999893
0
LINE
8
BLACK
6
CONTINUOUS
10
91.3404060000000015
20
-84.7396419999999893
11
91.3269169999999946
21
-84.7116319999999945
0
LINE
8
BLACK
6
CONTINUOUS
10
91.3269169999999946
20
-84.7116319999999945
11
91.2108959999999911
21
-84.4707149999999984
0
LINE
8
BLACK
6
CONTINUOUS
10
91.2108959999999911
20
-84.4707149999999984
11
91.1354669999999913
21
-84.3506699999999938
0
LINE
8
BLACK
6
CONTINUOUS
10
91.1354669999999913
20
-84.3506699999999938
11
91.0520889999999952
21
-84.2179749999999956
0
LINE
8
BLACK
6
CONTINUOUS
10
91.0520889999999952
20
-84.2179749999999956
11
90.8659809999999908
21
-83.9846019999999953
0
LINE
8
BLACK
6
CONTINUOUS
10
90.8659809999999908
20
-83.9846019999999953
11
90.82664299999999
21
-83.9452639999999946
0
LINE
8
BLACK
6
CONTINUOUS
10
90.82664299999999
20
-83.9452639999999946
11
90.8266409999999951
21
-83.9452610000000021
0
LINE
8
BLACK
6
CONTINUOUS
10
90.8266409999999951
20
-83.9452610000000021
11
90.4806260000000009
21
-83.5992459999999937
0
LINE
8
BLACK
6
CONTINUOUS
10
90.4806260000000009
20
-83.5992459999999937
11
90.4806249999999892
21
-83.5992449999999963
0
LINE
8
BLACK
6
CONTINUOUS
10
90.4806249999999892
20
-83.5992449999999963
11
90.4756939999999901
21
-83.5943139999999971
0
LINE
8
BLACK
6
CONTINUOUS
10
90.4756939999999901
20
-83.5943139999999971
11
90.475207999999995
21
-83.5938730000000021
0
LINE
8
BLACK
6
CONTINUOUS
10
90.475207999999995
20
-83.5938730000000021
11
90.4574659999999966
21
-83.5761289999999946
0
LINE
8
BLACK
6
CONTINUOUS
10
90.4574659999999966
20
-83.5761289999999946
11
90.3059999999999974
21
-83.4598939999999914
0
LINE
8
BLACK
6
CONTINUOUS
10
90.3059999999999974
20
-83.4598939999999914
11
90.2569400000000002
21
-83.4222449999999895
0
LINE
8
BLACK
6
CONTINUOUS
10
90.2569400000000002
20
-83.4222449999999895
11
90.2569349999999986
21
-83.4222419999999971
0
LINE
8
BLACK
6
CONTINUOUS
10
90.2569349999999986
20
-83.4222419999999971
11
90.0380479999999892
21
-83.2958529999999939
0
LINE
8
BLACK
6
CONTINUOUS
10
90.0380479999999892
20
-83.2958529999999939
11
90.0380459999999943
21
-83.2958519999999965
0
LINE
8
BLACK
6
CONTINUOUS
10
90.0380459999999943
20
-83.2958519999999965
11
89.8456350000000015
21
-83.2161439999999999
0
LINE
8
BLACK
6
CONTINUOUS
10
89.8456350000000015
20
-83.2161439999999999
11
89.8045189999999991
21
-83.199111000000002
0
LINE
8
BLACK
6
CONTINUOUS
10
89.8045189999999991
20
-83.199111000000002
11
89.8045159999999925
21
-83.1991099999999904
0
LINE
8
BLACK
6
CONTINUOUS
10
89.8045159999999925
20
-83.1991099999999904
11
89.8045109999999909
21
-83.1991079999999954
0
LINE
8
BLACK
6
CONTINUOUS
10
89.8045109999999909
20
-83.1991079999999954
11
89.8045059999999893
21
-83.1991060000000004
0
LINE
8
BLACK
6
CONTINUOUS
10
89.8045059999999893
20
-83.1991060000000004
11
89.5603729999999985
21
-83.1336799999999982
0
LINE
8
BLACK
6
CONTINUOUS
10
89.5603729999999985
20
-83.1336799999999982
11
89.5603669999999994
21
-83.1336790000000008
0
LINE
8
BLACK
6
CONTINUOUS
10
89.5603669999999994
20
-83.1336790000000008
11
89.3097629999999896
21
-83.1006759999999929
0
LINE
8
BLACK
6
CONTINUOUS
10
89.3097629999999896
20
-83.1006759999999929
11
89.3097589999999997
21
-83.1006749999999954
0
LINE
8
BLACK
6
CONTINUOUS
10
89.3097589999999997
20
-83.1006749999999954
11
89.3097569999999905
21
-83.1006749999999954
0
LINE
8
BLACK
6
CONTINUOUS
10
89.3097569999999905
20
-83.1006749999999954
11
89.284008
21
-83.1006739999999979
0
LINE
8
BLACK
6
CONTINUOUS
10
89.284008
20
-83.1006739999999979
11
89.2839969999999994
21
-83.1006739999999979
0
LINE
8
BLACK
6
CONTINUOUS
10
89.2839969999999994
20
-83.1006739999999979
11
89.2769529999999918
21
-83.1006730000000005
0
LINE
8
BLACK
6
CONTINUOUS
10
89.2769529999999918
20
-83.1006730000000005
11
89.2769169999999974
21
-83.1006659999999897
0
LINE
8
BLACK
6
CONTINUOUS
10
89.2769169999999974
20
-83.1006659999999897
11
89.2359849999999994
21
-83.1006670000000014
0
LINE
8
BLACK
6
CONTINUOUS
10
89.2359849999999994
20
-83.1006670000000014
11
89.2337440000000015
21
-83.1006670000000014
0
LINE
8
BLACK
6
CONTINUOUS
10
89.2337440000000015
20
-83.1006670000000014
11
89.1963289999999915
21
-83.0906359999999893
0
LINE
8
BLACK
6
CONTINUOUS
10
89.1963289999999915
20
-83.0906359999999893
11
89.1592679999999973
21
-83.0807059999999922
0
LINE
8
BLACK
6
CONTINUOUS
10
89.1592679999999973
20
-83.0807059999999922
11
89.1592550000000017
21
-83.0806960000000032
0
LINE
8
BLACK
6
CONTINUOUS
10
89.1592550000000017
20
-83.0806960000000032
11
89.1592469999999935
21
-83.080693999999994
0
LINE
8
BLACK
6
CONTINUOUS
10
89.1592469999999935
20
-83.080693999999994
11
89.1592289999999963
21
-83.0806759999999969
0
LINE
8
BLACK
6
CONTINUOUS
10
89.1592289999999963
20
-83.0806759999999969
11
89.1284059999999982
21
-83.0570259999999934
0
LINE
8
BLACK
6
CONTINUOUS
10
89.1284059999999982
20
-83.0570259999999934
11
88.6224809999999934
21
-82.5511010000000027
0
LINE
8
BLACK
6
CONTINUOUS
10
88.6224809999999934
20
-82.5511010000000027
11
88.5839169999999996
21
-82.4843059999999895
0
LINE
8
BLACK
6
CONTINUOUS
10
88.5839169999999996
20
-82.4843059999999895
11
88.5800059999999974
21
-82.4546019999999942
0
LINE
8
BLACK
6
CONTINUOUS
10
88.5800059999999974
20
-82.4546019999999942
11
88.5792999999999893
21
-82.4546579999999949
0
LINE
8
BLACK
6
CONTINUOUS
10
88.5792999999999893
20
-82.4546579999999949
11
88.5788409999999971
21
-82.448830000000001
0
LINE
8
BLACK
6
CONTINUOUS
10
88.5788409999999971
20
-82.448830000000001
11
88.5788399999999996
21
-82.4488219999999927
0
LINE
8
BLACK
6
CONTINUOUS
10
88.5788399999999996
20
-82.4488219999999927
11
88.5788399999999996
21
-82.4488180000000028
0
LINE
8
BLACK
6
CONTINUOUS
10
88.5788399999999996
20
-82.4488180000000028
11
88.5468169999999901
21
-82.2466359999999952
0
LINE
8
BLACK
6
CONTINUOUS
10
88.5468169999999901
20
-82.2466359999999952
11
88.4835599999999971
21
-82.0519510000000025
0
LINE
8
BLACK
6
CONTINUOUS
10
88.4835599999999971
20
-82.0519510000000025
11
88.390626999999995
21
-81.8695599999999928
0
LINE
8
BLACK
6
CONTINUOUS
10
88.390626999999995
20
-81.8695599999999928
11
88.3289669999999916
21
-81.7846909999999951
0
LINE
8
BLACK
6
CONTINUOUS
10
88.3289669999999916
20
-81.7846909999999951
11
88.2703109999999924
21
-81.7039570000000026
0
LINE
8
BLACK
6
CONTINUOUS
10
88.2703109999999924
20
-81.7039570000000026
11
88.2703039999999959
21
-81.7039489999999944
0
LINE
8
BLACK
6
CONTINUOUS
10
88.2703039999999959
20
-81.7039489999999944
11
88.125559999999993
21
-81.5592049999999915
0
LINE
8
BLACK
6
CONTINUOUS
10
88.125559999999993
20
-81.5592049999999915
11
88.125551999999999
21
-81.559197999999995
0
LINE
8
BLACK
6
CONTINUOUS
10
88.125551999999999
20
-81.559197999999995
11
87.9599520000000012
21
-81.4388840000000016
0
LINE
8
BLACK
6
CONTINUOUS
10
87.9599520000000012
20
-81.4388840000000016
11
87.7775639999999981
21
-81.3459519999999969
0
LINE
8
BLACK
6
CONTINUOUS
10
87.7775639999999981
20
-81.3459519999999969
11
87.777559999999994
21
-81.345950000000002
0
LINE
8
BLACK
6
CONTINUOUS
10
87.777559999999994
20
-81.345950000000002
11
87.7775589999999966
21
-81.345950000000002
0
LINE
8
BLACK
6
CONTINUOUS
10
87.7775589999999966
20
-81.345950000000002
11
87.5828739999999897
21
-81.2826929999999948
0
LINE
8
BLACK
6
CONTINUOUS
10
87.5828739999999897
20
-81.2826929999999948
11
87.3806919999999963
21
-81.2506699999999995
0
LINE
8
BLACK
6
CONTINUOUS
10
87.3806919999999963
20
-81.2506699999999995
11
87.1759879999999896
21
-81.2506699999999995
0
LINE
8
BLACK
6
CONTINUOUS
10
87.1759879999999896
20
-81.2506699999999995
11
87.0075029999999998
21
-81.277355
0
LINE
8
BLACK
6
CONTINUOUS
10
87.0075029999999998
20
-81.277355
11
86.9738049999999987
21
-81.2826929999999948
0
LINE
8
BLACK
6
CONTINUOUS
10
86.9738049999999987
20
-81.2826929999999948
11
86.7791270000000026
21
-81.3459479999999928
0
LINE
8
BLACK
6
CONTINUOUS
10
86.7791270000000026
20
-81.3459479999999928
11
86.7791149999999902
21
-81.3459519999999969
0
LINE
8
BLACK
6
CONTINUOUS
10
86.7791149999999902
20
-81.3459519999999969
11
86.5967270000000013
21
-81.4388840000000016
0
LINE
8
BLACK
6
CONTINUOUS
10
86.5967270000000013
20
-81.4388840000000016
11
86.4311269999999894
21
-81.559197999999995
0
LINE
8
BLACK
6
CONTINUOUS
10
86.4311269999999894
20
-81.559197999999995
11
86.4311189999999954
21
-81.5592049999999915
0
LINE
8
BLACK
6
CONTINUOUS
10
86.4311189999999954
20
-81.5592049999999915
11
86.2863749999999925
21
-81.7039489999999944
0
LINE
8
BLACK
6
CONTINUOUS
10
86.2863749999999925
20
-81.7039489999999944
11
86.286367999999996
21
-81.7039570000000026
0
LINE
8
BLACK
6
CONTINUOUS
10
86.286367999999996
20
-81.7039570000000026
11
86.1660540000000026
21
-81.8695570000000004
0
LINE
8
BLACK
6
CONTINUOUS
10
86.1660540000000026
20
-81.8695570000000004
11
86.0731219999999979
21
-82.0519449999999892
0
LINE
8
BLACK
6
CONTINUOUS
10
86.0731219999999979
20
-82.0519449999999892
11
86.0731179999999938
21
-82.0519570000000016
0
LINE
8
BLACK
6
CONTINUOUS
10
86.0731179999999938
20
-82.0519570000000016
11
86.0100099999999941
21
-82.246184999999997
0
LINE
8
BLACK
6
CONTINUOUS
10
86.0100099999999941
20
-82.246184999999997
11
86.0098629999999957
21
-82.2466359999999952
0
LINE
8
BLACK
6
CONTINUOUS
10
86.0098629999999957
20
-82.2466359999999952
11
85.9778400000000005
21
-82.4488180000000028
0
LINE
8
BLACK
6
CONTINUOUS
10
85.9778400000000005
20
-82.4488180000000028
11
85.9778400000000005
21
-82.6535219999999953
0
LINE
8
BLACK
6
CONTINUOUS
10
85.9778400000000005
20
-82.6535219999999953
11
86.0098629999999957
21
-82.8557040000000029
0
LINE
8
BLACK
6
CONTINUOUS
10
86.0098629999999957
20
-82.8557040000000029
11
86.0579139999999967
21
-83.0035910000000001
0
LINE
8
BLACK
6
CONTINUOUS
10
86.0579139999999967
20
-83.0035910000000001
11
86.0731179999999938
21
-83.050381999999999
0
LINE
8
BLACK
6
CONTINUOUS
10
86.0731179999999938
20
-83.050381999999999
11
86.0731219999999979
21
-83.0503939999999972
0
LINE
8
BLACK
6
CONTINUOUS
10
86.0731219999999979
20
-83.0503939999999972
11
86.1660540000000026
21
-83.2327820000000003
0
LINE
8
BLACK
6
CONTINUOUS
10
86.1660540000000026
20
-83.2327820000000003
11
86.286367999999996
21
-83.398381999999998
0
LINE
8
BLACK
6
CONTINUOUS
10
86.286367999999996
20
-83.398381999999998
11
86.2863749999999925
21
-83.398389999999992
0
LINE
8
BLACK
6
CONTINUOUS
10
86.2863749999999925
20
-83.398389999999992
11
86.4311189999999954
21
-83.5431339999999949
0
LINE
8
BLACK
6
CONTINUOUS
10
86.4311189999999954
20
-83.5431339999999949
11
86.4311269999999894
21
-83.5431409999999914
0
LINE
8
BLACK
6
CONTINUOUS
10
86.4311269999999894
20
-83.5431409999999914
11
86.5967270000000013
21
-83.663454999999999
0
LINE
8
BLACK
6
CONTINUOUS
10
86.5967270000000013
20
-83.663454999999999
11
86.5967299999999938
21
-83.663456999999994
0
LINE
8
BLACK
6
CONTINUOUS
10
86.5967299999999938
20
-83.663456999999994
11
86.7791209999999893
21
-83.7563899999999961
0
LINE
8
BLACK
6
CONTINUOUS
10
86.7791209999999893
20
-83.7563899999999961
11
86.9738059999999962
21
-83.8196469999999891
0
LINE
8
BLACK
6
CONTINUOUS
10
86.9738059999999962
20
-83.8196469999999891
11
87.1759879999999896
21
-83.8516699999999986
0
LINE
8
BLACK
6
CONTINUOUS
10
87.1759879999999896
20
-83.8516699999999986
11
87.1759940000000029
21
-83.8516699999999986
0
LINE
8
BLACK
6
CONTINUOUS
10
87.1759940000000029
20
-83.8516699999999986
11
87.1760000000000019
21
-83.8516709999999961
0
LINE
8
BLACK
6
CONTINUOUS
10
87.1760000000000019
20
-83.8516709999999961
11
87.1818279999999959
21
-83.8521300000000025
0
LINE
8
BLACK
6
CONTINUOUS
10
87.1818279999999959
20
-83.8521300000000025
11
87.1816790000000026
21
-83.8540189999999939
0
LINE
8
BLACK
6
CONTINUOUS
10
87.1816790000000026
20
-83.8540189999999939
11
87.2474119999999971
21
-83.8716319999999911
0
LINE
8
BLACK
6
CONTINUOUS
10
87.2474119999999971
20
-83.8716319999999911
11
87.2782709999999895
21
-83.8953109999999924
0
LINE
8
BLACK
6
CONTINUOUS
10
87.2782709999999895
20
-83.8953109999999924
11
87.7488359999999972
21
-84.3658760000000001
0
LINE
8
BLACK
6
CONTINUOUS
10
87.7488359999999972
20
-84.3658760000000001
11
87.7536719999999946
21
-84.370712999999995
0
LINE
8
BLACK
6
CONTINUOUS
10
87.7536719999999946
20
-84.370712999999995
11
87.7536819999999977
21
-84.3707270000000022
0
LINE
8
BLACK
6
CONTINUOUS
10
87.7536819999999977
20
-84.3707270000000022
11
87.7730529999999902
21
-84.3900969999999973
0
LINE
8
BLACK
6
CONTINUOUS
10
87.7730529999999902
20
-84.3900969999999973
11
87.7762249999999966
21
-84.3932689999999894
0
LINE
8
BLACK
6
CONTINUOUS
10
87.7762249999999966
20
-84.3932689999999894
11
87.7762869999999964
21
-84.393377000000001
0
LINE
8
BLACK
6
CONTINUOUS
10
87.7762869999999964
20
-84.393377000000001
11
87.8198579999999964
21
-84.4369429999999994
0
LINE
8
BLACK
6
CONTINUOUS
10
87.8198579999999964
20
-84.4369429999999994
11
87.8198579999999964
21
-84.4369439999999969
0
LINE
8
BLACK
6
CONTINUOUS
10
87.8198579999999964
20
-84.4369439999999969
11
87.9092309999999912
21
-84.5263089999999977
0
LINE
8
BLACK
6
CONTINUOUS
10
87.9092309999999912
20
-84.5263089999999977
11
88.1097740000000016
21
-84.6801789999999954
0
LINE
8
BLACK
6
CONTINUOUS
10
88.1097740000000016
20
-84.6801789999999954
11
88.3286859999999905
21
-84.8065560000000005
0
LINE
8
BLACK
6
CONTINUOUS
10
88.3286859999999905
20
-84.8065560000000005
11
88.3286870000000022
21
-84.8065560000000005
0
LINE
8
BLACK
6
CONTINUOUS
10
88.3286870000000022
20
-84.8065560000000005
11
88.3286899999999946
21
-84.8065579999999954
0
LINE
8
BLACK
6
CONTINUOUS
10
88.3286899999999946
20
-84.8065579999999954
11
88.5002479999999991
21
-84.8776119999999992
0
LINE
8
BLACK
6
CONTINUOUS
10
88.5002479999999991
20
-84.8776119999999992
11
88.5622199999999964
21
-84.9032789999999977
0
LINE
8
BLACK
6
CONTINUOUS
10
88.5622199999999964
20
-84.9032789999999977
11
88.5622219999999913
21
-84.9032789999999977
0
LINE
8
BLACK
6
CONTINUOUS
10
88.5622219999999913
20
-84.9032789999999977
11
88.5622259999999955
21
-84.9032809999999927
0
LINE
8
BLACK
6
CONTINUOUS
10
88.5622259999999955
20
-84.9032809999999927
11
88.8063669999999945
21
-84.9686880000000002
0
LINE
8
BLACK
6
CONTINUOUS
10
88.8063669999999945
20
-84.9686880000000002
11
88.8063769999999977
21
-84.9686889999999977
0
LINE
8
BLACK
6
CONTINUOUS
10
88.8063769999999977
20
-84.9686889999999977
11
88.8063819999999993
21
-84.9686909999999926
0
LINE
8
BLACK
6
CONTINUOUS
10
88.8063819999999993
20
-84.9686909999999926
11
89.0569929999999914
21
-85.0016749999999917
0
LINE
8
BLACK
6
CONTINUOUS
10
89.0569929999999914
20
-85.0016749999999917
11
89.1329059999999913
21
-85.0016710000000018
0
LINE
8
BLACK
6
CONTINUOUS
10
89.1329059999999913
20
-85.0016710000000018
11
89.151849999999996
21
-85.0067469999999901
0
LINE
8
BLACK
6
CONTINUOUS
10
89.151849999999996
20
-85.0067469999999901
11
89.1714679999999902
21
-85.0067459999999926
0
LINE
8
BLACK
6
CONTINUOUS
10
89.1714679999999902
20
-85.0067459999999926
11
89.188453999999993
21
-85.0165530000000018
0
LINE
8
BLACK
6
CONTINUOUS
10
89.188453999999993
20
-85.0165530000000018
11
89.2074039999999968
21
-85.0216300000000018
0
LINE
8
BLACK
6
CONTINUOUS
10
89.2074039999999968
20
-85.0216300000000018
11
89.2382640000000009
21
-85.0453079999999915
0
LINE
8
BLACK
6
CONTINUOUS
10
89.2382640000000009
20
-85.0453079999999915
11
89.2687739999999934
21
-85.0758209999999906
0
LINE
8
BLACK
6
CONTINUOUS
10
89.2687739999999934
20
-85.0758209999999906
11
89.2687899999999956
21
-85.0758309999999938
0
LINE
8
BLACK
6
CONTINUOUS
10
89.2687899999999956
20
-85.0758309999999938
11
89.274006
21
-85.0810469999999981
0
LINE
8
BLACK
6
CONTINUOUS
10
89.274006
20
-85.0810469999999981
11
89.2740170000000006
21
-85.0810570000000013
0
LINE
8
BLACK
6
CONTINUOUS
10
89.2740170000000006
20
-85.0810570000000013
11
89.4110529999999954
21
-85.2180929999999961
0
LINE
8
BLACK
6
CONTINUOUS
10
89.4110529999999954
20
-85.2180929999999961
11
89.4208730000000003
21
-85.2289279999999962
0
LINE
8
BLACK
6
CONTINUOUS
10
89.4208730000000003
20
-85.2289279999999962
11
89.5010189999999994
21
-85.3265869999999893
0
LINE
8
BLACK
6
CONTINUOUS
10
89.5010189999999994
20
-85.3265869999999893
11
89.517241999999996
21
-85.3508659999999963
0
LINE
8
BLACK
6
CONTINUOUS
10
89.517241999999996
20
-85.3508659999999963
11
89.5598219999999969
21
-85.4305260000000004
0
LINE
8
BLACK
6
CONTINUOUS
10
89.5598219999999969
20
-85.4305260000000004
11
89.5733290000000011
21
-85.4557959999999923
0
LINE
8
BLACK
6
CONTINUOUS
10
89.5733290000000011
20
-85.4557959999999923
11
89.5845059999999904
21
-85.4827799999999911
0
LINE
8
BLACK
6
CONTINUOUS
10
89.5845059999999904
20
-85.4827799999999911
11
89.6190459999999973
21
-85.5966389999999961
0
LINE
8
BLACK
6
CONTINUOUS
10
89.6190459999999973
20
-85.5966389999999961
11
89.6247439999999926
21
-85.6252860000000027
0
LINE
8
BLACK
6
CONTINUOUS
10
89.6247439999999926
20
-85.6252860000000027
11
89.6371219999999909
21
-85.7509369999999933
0
LINE
8
BLACK
6
CONTINUOUS
10
89.6371219999999909
20
-85.7509369999999933
11
89.6378399999999971
21
-85.7655439999999913
0
LINE
8
BLACK
6
CONTINUOUS
10
89.6378399999999971
20
-85.7655439999999913
11
89.6378399999999971
21
-85.7758019999999988
0
LINE
8
BLACK
6
CONTINUOUS
10
89.6378399999999971
20
-85.7758019999999988
11
89.6178779999999904
21
-85.8503019999999992
0
LINE
8
BLACK
6
CONTINUOUS
10
89.6178779999999904
20
-85.8503019999999992
11
89.5633399999999966
21
-85.904839999999993
0
LINE
8
BLACK
6
CONTINUOUS
10
89.5633399999999966
20
-85.904839999999993
11
89.5082869999999957
21
-85.9235269999999929
0
LINE
8
BLACK
6
CONTINUOUS
10
89.5082869999999957
20
-85.9235269999999929
11
89.4315840000000009
21
-85.9336239999999947
0
LINE
8
BLACK
6
CONTINUOUS
10
89.4315840000000009
20
-85.9336239999999947
11
89.4315789999999993
21
-85.9336249999999922
0
LINE
8
BLACK
6
CONTINUOUS
10
89.4315789999999993
20
-85.9336249999999922
11
89.2854990000000015
21
-85.9941329999999908
0
LINE
8
BLACK
6
CONTINUOUS
10
89.2854990000000015
20
-85.9941329999999908
11
89.1600579999999923
21
-86.0903869999999927
0
LINE
8
BLACK
6
CONTINUOUS
10
89.1600579999999923
20
-86.0903869999999927
11
89.1600569999999948
21
-86.0903879999999901
0
LINE
8
BLACK
6
CONTINUOUS
10
89.1600569999999948
20
-86.0903879999999901
11
89.0638029999999929
21
-86.2158289999999994
0
LINE
8
BLACK
6
CONTINUOUS
10
89.0638029999999929
20
-86.2158289999999994
11
89.0032939999999968
21
-86.3619119999999896
0
LINE
8
BLACK
6
CONTINUOUS
10
89.0032939999999968
20
-86.3619119999999896
11
88.9878399999999914
21
-86.4793030000000016
0
LINE
8
BLACK
6
CONTINUOUS
10
88.9878399999999914
20
-86.4793030000000016
11
88.9878399999999914
21
-88.4630259999999993
0
LINE
8
BLACK
6
CONTINUOUS
10
88.9878399999999914
20
-88.4630259999999993
11
88.9905589999999904
21
-88.4836789999999951
0
LINE
8
BLACK
6
CONTINUOUS
10
88.9905589999999904
20
-88.4836789999999951
11
89.0032959999999917
21
-88.5804320000000018
0
LINE
8
BLACK
6
CONTINUOUS
10
89.0032959999999917
20
-88.5804320000000018
11
89.010029000000003
21
-88.5966859999999912
0
LINE
8
BLACK
6
CONTINUOUS
10
89.010029000000003
20
-88.5966859999999912
11
89.0638029999999929
21
-88.7265099999999904
0
LINE
8
BLACK
6
CONTINUOUS
10
89.0638029999999929
20
-88.7265099999999904
11
89.1512079999999969
21
-88.8404179999999997
0
LINE
8
BLACK
6
CONTINUOUS
10
89.1512079999999969
20
-88.8404179999999997
11
89.1600579999999923
21
-88.8519519999999972
0
LINE
8
BLACK
6
CONTINUOUS
10
89.1600579999999923
20
-88.8519519999999972
11
89.2396940000000001
21
-88.9130589999999899
0
LINE
8
BLACK
6
CONTINUOUS
10
89.2396940000000001
20
-88.9130589999999899
11
89.239695999999995
21
-88.9130600000000015
0
LINE
8
BLACK
6
CONTINUOUS
10
89.239695999999995
20
-88.9130600000000015
11
89.286648999999997
21
-88.9742499999999978
0
LINE
8
BLACK
6
CONTINUOUS
10
89.286648999999997
20
-88.9742499999999978
11
89.2967159999999893
21
-89.0507179999999892
0
LINE
8
BLACK
6
CONTINUOUS
10
89.2967159999999893
20
-89.0507179999999892
11
89.2695339999999931
21
-89.1188499999999948
0
LINE
8
BLACK
6
CONTINUOUS
10
89.2695339999999931
20
-89.1188499999999948
11
89.2126009999999923
21
-89.1972099999999983
0
LINE
8
BLACK
6
CONTINUOUS
10
89.2126009999999923
20
-89.1972099999999983
11
89.2125929999999983
21
-89.1972239999999914
0
LINE
8
BLACK
6
CONTINUOUS
10
89.2125929999999983
20
-89.1972239999999914
11
89.101624000000001
21
-89.4150130000000019
0
LINE
8
BLACK
6
CONTINUOUS
10
89.101624000000001
20
-89.4150130000000019
11
89.1016169999999903
21
-89.415030999999999
0
LINE
8
BLACK
6
CONTINUOUS
10
89.1016169999999903
20
-89.415030999999999
11
89.0260799999999932
21
-89.6475069999999903
0
LINE
8
BLACK
6
CONTINUOUS
10
89.0260799999999932
20
-89.6475069999999903
11
88.9907159999999919
21
-89.8707849999999979
0
LINE
8
BLACK
6
CONTINUOUS
10
88.9907159999999919
20
-89.8707849999999979
11
88.959344999999999
21
-89.941244999999995
0
LINE
8
BLACK
6
CONTINUOUS
10
88.959344999999999
20
-89.941244999999995
11
88.9489090000000004
21
-89.9528349999999932
0
LINE
8
BLACK
6
CONTINUOUS
10
88.9489090000000004
20
-89.9528349999999932
11
86.4150410000000022
21
-92.486701999999994
0
LINE
8
BLACK
6
CONTINUOUS
10
86.4150410000000022
20
-92.486701999999994
11
86.4150369999999981
21
-92.4867059999999981
0
LINE
8
BLACK
6
CONTINUOUS
10
86.4150369999999981
20
-92.4867059999999981
11
86.4150339999999915
21
-92.4867100000000022
0
LINE
8
BLACK
6
CONTINUOUS
10
86.4150339999999915
20
-92.4867100000000022
11
86.415030999999999
21
-92.4867129999999946
0
LINE
8
BLACK
6
CONTINUOUS
10
86.415030999999999
20
-92.4867129999999946
11
86.3673339999999996
21
-92.5344109999999915
0
LINE
8
BLACK
6
CONTINUOUS
10
86.3673339999999996
20
-92.5344109999999915
11
86.2739579999999933
21
-92.6277869999999979
0
LINE
8
BLACK
6
CONTINUOUS
10
86.2739579999999933
20
-92.6277869999999979
11
86.2739249999999913
21
-92.6278299999999888
0
LINE
8
BLACK
6
CONTINUOUS
10
86.2739249999999913
20
-92.6278299999999888
11
86.2698839999999905
21
-92.6318729999999988
0
LINE
8
BLACK
6
CONTINUOUS
10
86.2698839999999905
20
-92.6318729999999988
11
86.2044369999999986
21
-92.6973199999999906
0
LINE
8
BLACK
6
CONTINUOUS
10
86.2044369999999986
20
-92.6973199999999906
11
86.2044309999999996
21
-92.6973259999999897
0
LINE
8
BLACK
6
CONTINUOUS
10
86.2044309999999996
20
-92.6973259999999897
11
86.2044269999999955
21
-92.6973309999999913
0
LINE
8
BLACK
6
CONTINUOUS
10
86.2044269999999955
20
-92.6973309999999913
11
85.9539759999999973
21
-92.9905729999999977
0
LINE
8
BLACK
6
CONTINUOUS
10
85.9539759999999973
20
-92.9905729999999977
11
85.7945429999999902
21
-93.2100149999999985
0
LINE
8
BLACK
6
CONTINUOUS
10
85.7945429999999902
20
-93.2100149999999985
11
85.7272940000000006
21
-93.3025749999999903
0
LINE
8
BLACK
6
CONTINUOUS
10
85.7272940000000006
20
-93.3025749999999903
11
85.5258159999999918
21
-93.6313579999999916
0
LINE
8
BLACK
6
CONTINUOUS
10
85.5258159999999918
20
-93.6313579999999916
11
85.5258109999999903
21
-93.6313669999999973
0
LINE
8
BLACK
6
CONTINUOUS
10
85.5258109999999903
20
-93.6313669999999973
11
85.5258089999999953
21
-93.6313710000000015
0
LINE
8
BLACK
6
CONTINUOUS
10
85.5258089999999953
20
-93.6313710000000015
11
85.5154659999999893
21
-93.6516699999999958
0
LINE
8
BLACK
6
CONTINUOUS
10
85.5154659999999893
20
-93.6516699999999958
11
85.3507329999999911
21
-93.9749729999999914
0
LINE
8
BLACK
6
CONTINUOUS
10
85.3507329999999911
20
-93.9749729999999914
11
85.3507309999999961
21
-93.974977999999993
0
LINE
8
BLACK
6
CONTINUOUS
10
85.3507309999999961
20
-93.974977999999993
11
85.2031580000000019
21
-94.3312449999999956
0
LINE
8
BLACK
6
CONTINUOUS
10
85.2031580000000019
20
-94.3312449999999956
11
85.2031499999999937
21
-94.3312669999999969
0
LINE
8
BLACK
6
CONTINUOUS
10
85.2031499999999937
20
-94.3312669999999969
11
85.0839849999999984
21
-94.6980159999999955
0
LINE
8
BLACK
6
CONTINUOUS
10
85.0839849999999984
20
-94.6980159999999955
11
85.0839809999999943
21
-94.6980319999999978
0
LINE
8
BLACK
6
CONTINUOUS
10
85.0839809999999943
20
-94.6980319999999978
11
84.9939559999999972
21
-95.0730059999999924
0
LINE
8
BLACK
6
CONTINUOUS
10
84.9939559999999972
20
-95.0730059999999924
11
84.9939529999999905
21
-95.0730179999999905
0
LINE
8
BLACK
6
CONTINUOUS
10
84.9939529999999905
20
-95.0730179999999905
11
84.9336279999999988
21
-95.4538799999999981
0
LINE
8
BLACK
6
CONTINUOUS
10
84.9336279999999988
20
-95.4538799999999981
11
84.9336270000000013
21
-95.4538879999999921
0
LINE
8
BLACK
6
CONTINUOUS
10
84.9336270000000013
20
-95.4538879999999921
11
84.9033670000000029
21
-95.8383479999999963
0
LINE
8
BLACK
6
CONTINUOUS
10
84.9033670000000029
20
-95.8383479999999963
11
84.9033670000000029
21
-96.0311599999999999
0
LINE
8
BLACK
6
CONTINUOUS
10
84.9033670000000029
20
-96.0311599999999999
11
84.9033659999999912
21
-96.1421449999999993
0
LINE
8
BLACK
6
CONTINUOUS
10
84.9033659999999912
20
-96.1421449999999993
11
84.9033989999999932
21
-96.1429199999999895
0
LINE
8
BLACK
6
CONTINUOUS
10
108.2959519999999998
20
-95.0911699999999911
11
108.3005589999999927
21
-95.1053500000000014
0
LINE
8
BLACK
6
CONTINUOUS
10
108.3005589999999927
20
-95.1053500000000014
11
108.3005629999999968
21
-95.1053619999999995
0
LINE
8
BLACK
6
CONTINUOUS
10
108.3005629999999968
20
-95.1053619999999995
11
108.3789359999999959
21
-95.2591759999999965
0
LINE
8
BLACK
6
CONTINUOUS
10
108.3789359999999959
20
-95.2591759999999965
11
108.5469420000000014
21
-95.0911699999999911
0
LINE
8
BLACK
6
CONTINUOUS
10
108.5469420000000014
20
-95.0911699999999911
11
108.2959519999999998
21
-95.0911699999999911
0
LINE
8
BLACK
6
CONTINUOUS
10
111.0197359999999946
20
-95.0911699999999911
11
111.1877420000000001
21
-95.2591759999999965
0
LINE
8
BLACK
6
CONTINUOUS
10
111.1877420000000001
20
-95.2591759999999965
11
111.1877429999999976
21
-95.2591759999999965
0
LINE
8
BLACK
6
CONTINUOUS
10
111.1877429999999976
20
-95.2591759999999965
11
111.2661179999999916
21
-95.1053589999999929
0
LINE
8
BLACK
6
CONTINUOUS
10
111.2661179999999916
20
-95.1053589999999929
11
111.2707279999999912
21
-95.0911699999999911
0
LINE
8
BLACK
6
CONTINUOUS
10
111.2707279999999912
20
-95.0911699999999911
11
111.0197359999999946
21
-95.0911699999999911
0
LINE
8
BLACK
6
CONTINUOUS
10
111.0197339999999997
20
-93.8911700000000025
11
111.2707289999999887
21
-93.8911700000000025
0
LINE
8
BLACK
6
CONTINUOUS
10
111.2707289999999887
20
-93.8911700000000025
11
111.2661179999999916
21
-93.876979999999989
0
LINE
8
BLACK
6
CONTINUOUS
10
111.2661179999999916
20
-93.876979999999989
11
111.1877420000000001
21
-93.7231620000000021
0
LINE
8
BLACK
6
CONTINUOUS
10
111.1877420000000001
20
-93.7231620000000021
11
111.0197339999999997
21
-93.8911700000000025
0
LINE
8
BLACK
6
CONTINUOUS
10
108.3005659999999892
20
-93.8769709999999975
11
108.3005589999999927
21
-93.8769889999999947
0
LINE
8
BLACK
6
CONTINUOUS
10
108.3005589999999927
20
-93.8769889999999947
11
108.2959509999999881
21
-93.8911700000000025
0
LINE
8
BLACK
6
CONTINUOUS
10
108.2959509999999881
20
-93.8911700000000025
11
108.5469439999999963
21
-93.8911700000000025
0
LINE
8
BLACK
6
CONTINUOUS
10
108.5469439999999963
20
-93.8911700000000025
11
108.3789359999999959
21
-93.7231620000000021
0
LINE
8
BLACK
6
CONTINUOUS
10
108.3789359999999959
20
-93.7231620000000021
11
108.3789349999999985
21
-93.7231620000000021
0
LINE
8
BLACK
6
CONTINUOUS
10
108.3789349999999985
20
-93.7231620000000021
11
108.3005659999999892
21
-93.8769709999999975
0
LINE
8
BLACK
6
CONTINUOUS
10
137.9729169999999954
20
-92.8449150000000003
11
137.7312189999999816
21
-92.9450300000000027
0
LINE
8
BLACK
6
CONTINUOUS
10
137.7312189999999816
20
-92.9450300000000027
11
137.4785210000000006
21
-93.0127409999999912
0
LINE
8
BLACK
6
CONTINUOUS
10
137.4785210000000006
20
-93.0127409999999912
11
137.219145999999995
21
-93.0468879999999956
0
LINE
8
BLACK
6
CONTINUOUS
10
137.219145999999995
20
-93.0468879999999956
11
136.9575339999999812
21
-93.0468879999999956
0
LINE
8
BLACK
6
CONTINUOUS
10
136.9575339999999812
20
-93.0468879999999956
11
136.698159000000004
21
-93.0127409999999912
0
LINE
8
BLACK
6
CONTINUOUS
10
136.698159000000004
20
-93.0127409999999912
11
136.4454609999999946
21
-92.9450300000000027
0
LINE
8
BLACK
6
CONTINUOUS
10
136.4454609999999946
20
-92.9450300000000027
11
136.2037629999999808
21
-92.8449150000000003
0
LINE
8
BLACK
6
CONTINUOUS
10
136.2037629999999808
20
-92.8449150000000003
11
136.165317999999985
21
-92.8227189999999922
0
LINE
8
BLACK
6
CONTINUOUS
10
136.165317999999985
20
-92.8227189999999922
11
135.5786229999999932
21
-93.4094130000000007
0
LINE
8
BLACK
6
CONTINUOUS
10
135.5786229999999932
20
-93.4094130000000007
11
135.7317919999999845
21
-93.5056560000000019
0
LINE
8
BLACK
6
CONTINUOUS
10
135.7317919999999845
20
-93.5056560000000019
11
136.0151319999999942
21
-93.6421059999999983
0
LINE
8
BLACK
6
CONTINUOUS
10
136.0151319999999942
20
-93.6421059999999983
11
136.0151409999999998
21
-93.6421089999999907
0
LINE
8
BLACK
6
CONTINUOUS
10
136.0151409999999998
20
-93.6421089999999907
11
136.3119820000000004
21
-93.7459779999999938
0
LINE
8
BLACK
6
CONTINUOUS
10
136.3119820000000004
20
-93.7459779999999938
11
136.3119839999999954
21
-93.7459789999999913
0
LINE
8
BLACK
6
CONTINUOUS
10
136.3119839999999954
20
-93.7459789999999913
11
136.6185789999999827
21
-93.8159579999999949
0
LINE
8
BLACK
6
CONTINUOUS
10
136.6185789999999827
20
-93.8159579999999949
11
136.9310949999999991
21
-93.8511699999999962
0
LINE
8
BLACK
6
CONTINUOUS
10
136.9310949999999991
20
-93.8511699999999962
11
137.2455850000000055
21
-93.8511699999999962
0
LINE
8
BLACK
6
CONTINUOUS
10
137.2455850000000055
20
-93.8511699999999962
11
137.558099999999996
21
-93.8159579999999949
0
LINE
8
BLACK
6
CONTINUOUS
10
137.558099999999996
20
-93.8159579999999949
11
137.8646949999999833
21
-93.7459789999999913
0
LINE
8
BLACK
6
CONTINUOUS
10
137.8646949999999833
20
-93.7459789999999913
11
137.8646970000000067
21
-93.7459779999999938
0
LINE
8
BLACK
6
CONTINUOUS
10
137.8646970000000067
20
-93.7459779999999938
11
138.1615380000000073
21
-93.6421089999999907
0
LINE
8
BLACK
6
CONTINUOUS
10
138.1615380000000073
20
-93.6421089999999907
11
138.1615469999999846
21
-93.6421059999999983
0
LINE
8
BLACK
6
CONTINUOUS
10
138.1615469999999846
20
-93.6421059999999983
11
138.4448869999999943
21
-93.5056560000000019
0
LINE
8
BLACK
6
CONTINUOUS
10
138.4448869999999943
20
-93.5056560000000019
11
138.7111759999999947
21
-93.3383359999999982
0
LINE
8
BLACK
6
CONTINUOUS
10
138.7111759999999947
20
-93.3383359999999982
11
138.7267159999999819
21
-93.3259419999999977
0
LINE
8
BLACK
6
CONTINUOUS
10
138.7267159999999819
20
-93.3259419999999977
11
138.1458470000000034
21
-92.7450729999999908
0
LINE
8
BLACK
6
CONTINUOUS
10
138.1458470000000034
20
-92.7450729999999908
11
137.9729169999999954
21
-92.8449150000000003
0
LINE
8
BLACK
6
CONTINUOUS
10
109.4086659999999966
20
-92.9305669999999964
11
109.4086659999999966
21
-92.9305679999999938
0
LINE
8
BLACK
6
CONTINUOUS
10
109.4086659999999966
20
-92.9305679999999938
11
109.1691589999999934
21
-93.008388999999994
0
LINE
8
BLACK
6
CONTINUOUS
10
109.1691589999999934
20
-93.008388999999994
11
109.1691409999999962
21
-93.0083959999999905
0
LINE
8
BLACK
6
CONTINUOUS
10
109.1691409999999962
20
-93.0083959999999905
11
109.0153320000000008
21
-93.0867649999999998
0
LINE
8
BLACK
6
CONTINUOUS
10
109.0153320000000008
20
-93.0867649999999998
11
109.0153320000000008
21
-93.0867659999999972
0
LINE
8
BLACK
6
CONTINUOUS
10
109.0153320000000008
20
-93.0867659999999972
11
109.6370829999999899
21
-93.7085170000000005
0
LINE
8
BLACK
6
CONTINUOUS
10
109.6370829999999899
20
-93.7085170000000005
11
109.7049260000000004
21
-93.6950219999999945
0
LINE
8
BLACK
6
CONTINUOUS
10
109.7049260000000004
20
-93.6950219999999945
11
109.8617539999999906
21
-93.6950219999999945
0
LINE
8
BLACK
6
CONTINUOUS
10
109.8617539999999906
20
-93.6950219999999945
11
109.929594999999992
21
-93.7085159999999888
0
LINE
8
BLACK
6
CONTINUOUS
10
109.929594999999992
20
-93.7085159999999888
11
110.5513459999999952
21
-93.0867659999999972
0
LINE
8
BLACK
6
CONTINUOUS
10
110.5513459999999952
20
-93.0867659999999972
11
110.3975319999999982
21
-93.0083929999999981
0
LINE
8
BLACK
6
CONTINUOUS
10
110.3975319999999982
20
-93.0083929999999981
11
110.3975200000000001
21
-93.008388999999994
0
LINE
8
BLACK
6
CONTINUOUS
10
110.3975200000000001
20
-93.008388999999994
11
110.1580129999999969
21
-92.9305679999999938
0
LINE
8
BLACK
6
CONTINUOUS
10
110.1580129999999969
20
-92.9305679999999938
11
110.1580129999999969
21
-92.9305669999999964
0
LINE
8
BLACK
6
CONTINUOUS
10
110.1580129999999969
20
-92.9305669999999964
11
109.9092579999999941
21
-92.8911700000000025
0
LINE
8
BLACK
6
CONTINUOUS
10
109.9092579999999941
20
-92.8911700000000025
11
109.6574219999999968
21
-92.8911700000000025
0
LINE
8
BLACK
6
CONTINUOUS
10
109.6574219999999968
20
-92.8911700000000025
11
109.4086659999999966
21
-92.9305669999999964
0
LINE
8
BLACK
6
CONTINUOUS
10
138.782242999999994
20
-89.993661000000003
11
138.8820849999999893
21
-90.1665929999999918
0
LINE
8
BLACK
6
CONTINUOUS
10
138.8820849999999893
20
-90.1665929999999918
11
138.982200000000006
21
-90.4082909999999913
0
LINE
8
BLACK
6
CONTINUOUS
10
138.982200000000006
20
-90.4082909999999913
11
139.0499109999999803
21
-90.6609890000000007
0
LINE
8
BLACK
6
CONTINUOUS
10
139.0499109999999803
20
-90.6609890000000007
11
139.0840579999999989
21
-90.9203639999999922
0
LINE
8
BLACK
6
CONTINUOUS
10
139.0840579999999989
20
-90.9203639999999922
11
139.0840579999999989
21
-91.1819759999999917
0
LINE
8
BLACK
6
CONTINUOUS
10
139.0840579999999989
20
-91.1819759999999917
11
139.0499109999999803
21
-91.4413509999999974
0
LINE
8
BLACK
6
CONTINUOUS
10
139.0499109999999803
20
-91.4413509999999974
11
138.982200000000006
21
-91.6940489999999926
0
LINE
8
BLACK
6
CONTINUOUS
10
138.982200000000006
20
-91.6940489999999926
11
138.8820849999999893
21
-91.9357469999999921
0
LINE
8
BLACK
6
CONTINUOUS
10
138.8820849999999893
20
-91.9357469999999921
11
138.782242999999994
21
-92.1086760000000027
0
LINE
8
BLACK
6
CONTINUOUS
10
138.782242999999994
20
-92.1086760000000027
11
139.363112000000001
21
-92.6895449999999954
0
LINE
8
BLACK
6
CONTINUOUS
10
139.363112000000001
20
-92.6895449999999954
11
139.3755060000000014
21
-92.6740059999999914
0
LINE
8
BLACK
6
CONTINUOUS
10
139.3755060000000014
20
-92.6740059999999914
11
139.5428259999999909
21
-92.407716999999991
0
LINE
8
BLACK
6
CONTINUOUS
10
139.5428259999999909
20
-92.407716999999991
11
139.6792759999999873
21
-92.1243769999999955
0
LINE
8
BLACK
6
CONTINUOUS
10
139.6792759999999873
20
-92.1243769999999955
11
139.6792789999999798
21
-92.1243679999999898
0
LINE
8
BLACK
6
CONTINUOUS
10
139.6792789999999798
20
-92.1243679999999898
11
139.7831479999999829
21
-91.8275269999999892
0
LINE
8
BLACK
6
CONTINUOUS
10
139.7831479999999829
20
-91.8275269999999892
11
139.7831489999999803
21
-91.8275249999999943
0
LINE
8
BLACK
6
CONTINUOUS
10
139.7831489999999803
20
-91.8275249999999943
11
139.8531279999999981
21
-91.5209299999999928
0
LINE
8
BLACK
6
CONTINUOUS
10
139.8531279999999981
20
-91.5209299999999928
11
139.8883399999999995
21
-91.2084139999999906
0
LINE
8
BLACK
6
CONTINUOUS
10
139.8883399999999995
20
-91.2084139999999906
11
139.8883399999999995
21
-90.8939249999999959
0
LINE
8
BLACK
6
CONTINUOUS
10
139.8883399999999995
20
-90.8939249999999959
11
139.8531279999999981
21
-90.5814089999999936
0
LINE
8
BLACK
6
CONTINUOUS
10
139.8531279999999981
20
-90.5814089999999936
11
139.7831489999999803
21
-90.2748139999999921
0
LINE
8
BLACK
6
CONTINUOUS
10
139.7831489999999803
20
-90.2748139999999921
11
139.7831479999999829
21
-90.2748119999999972
0
LINE
8
BLACK
6
CONTINUOUS
10
139.7831479999999829
20
-90.2748119999999972
11
139.6792789999999798
21
-89.9779709999999966
0
LINE
8
BLACK
6
CONTINUOUS
10
139.6792789999999798
20
-89.9779709999999966
11
139.6792759999999873
21
-89.9779619999999909
0
LINE
8
BLACK
6
CONTINUOUS
10
139.6792759999999873
20
-89.9779619999999909
11
139.5428259999999909
21
-89.6946219999999954
0
LINE
8
BLACK
6
CONTINUOUS
10
139.5428259999999909
20
-89.6946219999999954
11
139.3755069999999989
21
-89.4283349999999899
0
LINE
8
BLACK
6
CONTINUOUS
10
139.3755069999999989
20
-89.4283349999999899
11
139.363112000000001
21
-89.4127929999999935
0
LINE
8
BLACK
6
CONTINUOUS
10
139.363112000000001
20
-89.4127929999999935
11
138.782242999999994
21
-89.993661000000003
0
LINE
8
BLACK
6
CONTINUOUS
10
96.8617539999999906
20
-91.5373179999999991
11
96.7049260000000004
21
-91.5373179999999991
0
LINE
8
BLACK
6
CONTINUOUS
10
96.7049260000000004
20
-91.5373179999999991
11
96.6370819999999924
21
-91.5238219999999956
0
LINE
8
BLACK
6
CONTINUOUS
10
96.6370819999999924
20
-91.5238219999999956
11
96.5644509999999912
21
-91.5964529999999968
0
LINE
8
BLACK
6
CONTINUOUS
10
96.5644509999999912
20
-91.5964529999999968
11
97.242362
21
-92.2743639999999914
0
LINE
8
BLACK
6
CONTINUOUS
10
97.242362
20
-92.2743639999999914
11
97.3975289999999916
21
-92.2239479999999929
0
LINE
8
BLACK
6
CONTINUOUS
10
97.3975289999999916
20
-92.2239479999999929
11
97.5513459999999952
21
-92.1455729999999988
0
LINE
8
BLACK
6
CONTINUOUS
10
97.5513459999999952
20
-92.1455729999999988
11
97.5513459999999952
21
-92.1455720000000014
0
LINE
8
BLACK
6
CONTINUOUS
10
97.5513459999999952
20
-92.1455720000000014
11
96.9295959999999894
21
-91.5238219999999956
0
LINE
8
BLACK
6
CONTINUOUS
10
96.9295959999999894
20
-91.5238219999999956
11
96.8617539999999906
21
-91.5373179999999991
0
LINE
8
BLACK
6
CONTINUOUS
10
92.0851119999999952
20
-92.0191999999999979
11
91.943128999999999
21
-92.1011699999999962
0
LINE
8
BLACK
6
CONTINUOUS
10
91.943128999999999
20
-92.1011699999999962
11
92.3295829999999995
21
-92.1011699999999962
0
LINE
8
BLACK
6
CONTINUOUS
10
92.3295829999999995
20
-92.1011699999999962
11
92.3295829999999995
21
-92.1011680000000013
0
LINE
8
BLACK
6
CONTINUOUS
10
92.3295829999999995
20
-92.1011680000000013
11
92.2988969999999966
21
-91.9866419999999891
0
LINE
8
BLACK
6
CONTINUOUS
10
92.2988969999999966
20
-91.9866419999999891
11
92.2988969999999966
21
-91.9866409999999917
0
LINE
8
BLACK
6
CONTINUOUS
10
92.2988969999999966
20
-91.9866409999999917
11
92.2791009999999972
21
-91.9388509999999997
0
LINE
8
BLACK
6
CONTINUOUS
10
92.2791009999999972
20
-91.9388509999999997
11
92.0851119999999952
21
-92.0191999999999979
0
LINE
8
BLACK
6
CONTINUOUS
10
97.5659919999999943
20
-90.5949119999999937
11
97.5794879999999978
21
-90.6627560000000017
0
LINE
8
BLACK
6
CONTINUOUS
10
97.5794879999999978
20
-90.6627560000000017
11
97.5794879999999978
21
-90.8195839999999919
0
LINE
8
BLACK
6
CONTINUOUS
10
97.5794879999999978
20
-90.8195839999999919
11
97.5659919999999943
21
-90.8874259999999907
0
LINE
8
BLACK
6
CONTINUOUS
10
97.5659919999999943
20
-90.8874259999999907
11
98.1877420000000001
21
-91.5091759999999965
0
LINE
8
BLACK
6
CONTINUOUS
10
98.1877420000000001
20
-91.5091759999999965
11
98.1877429999999976
21
-91.5091759999999965
0
LINE
8
BLACK
6
CONTINUOUS
10
98.1877429999999976
20
-91.5091759999999965
11
98.2661179999999916
21
-91.3553589999999929
0
LINE
8
BLACK
6
CONTINUOUS
10
98.2661179999999916
20
-91.3553589999999929
11
98.3439410000000009
21
-91.1158429999999981
0
LINE
8
BLACK
6
CONTINUOUS
10
98.3439410000000009
20
-91.1158429999999981
11
98.3439419999999984
21
-91.1158429999999981
0
LINE
8
BLACK
6
CONTINUOUS
10
98.3439419999999984
20
-91.1158429999999981
11
98.3833399999999898
21
-90.8670879999999954
0
LINE
8
BLACK
6
CONTINUOUS
10
98.3833399999999898
20
-90.8670879999999954
11
98.3833399999999898
21
-90.6152510000000007
0
LINE
8
BLACK
6
CONTINUOUS
10
98.3833399999999898
20
-90.6152510000000007
11
98.3439419999999984
21
-90.3664959999999979
0
LINE
8
BLACK
6
CONTINUOUS
10
98.3439419999999984
20
-90.3664959999999979
11
98.2661179999999916
21
-90.126979999999989
0
LINE
8
BLACK
6
CONTINUOUS
10
98.2661179999999916
20
-90.126979999999989
11
98.1877420000000001
21
-89.9731620000000021
0
LINE
8
BLACK
6
CONTINUOUS
10
98.1877420000000001
20
-89.9731620000000021
11
97.5659919999999943
21
-90.5949119999999937
0
LINE
8
BLACK
6
CONTINUOUS
10
96.4086659999999966
20
-89.1805669999999964
11
96.4086659999999966
21
-89.1805679999999938
0
LINE
8
BLACK
6
CONTINUOUS
10
96.4086659999999966
20
-89.1805679999999938
11
96.1691589999999934
21
-89.258388999999994
0
LINE
8
BLACK
6
CONTINUOUS
10
96.1691589999999934
20
-89.258388999999994
11
96.1691409999999962
21
-89.2583959999999905
0
LINE
8
BLACK
6
CONTINUOUS
10
96.1691409999999962
20
-89.2583959999999905
11
96.0153320000000008
21
-89.3367649999999998
0
LINE
8
BLACK
6
CONTINUOUS
10
96.0153320000000008
20
-89.3367649999999998
11
96.0153320000000008
21
-89.3367659999999972
0
LINE
8
BLACK
6
CONTINUOUS
10
96.0153320000000008
20
-89.3367659999999972
11
96.6370829999999899
21
-89.9585170000000005
0
LINE
8
BLACK
6
CONTINUOUS
10
96.6370829999999899
20
-89.9585170000000005
11
96.7049260000000004
21
-89.9450219999999945
0
LINE
8
BLACK
6
CONTINUOUS
10
96.7049260000000004
20
-89.9450219999999945
11
96.8617539999999906
21
-89.9450219999999945
0
LINE
8
BLACK
6
CONTINUOUS
10
96.8617539999999906
20
-89.9450219999999945
11
96.929594999999992
21
-89.958516000000003
0
LINE
8
BLACK
6
CONTINUOUS
10
96.929594999999992
20
-89.958516000000003
11
97.5513459999999952
21
-89.3367659999999972
0
LINE
8
BLACK
6
CONTINUOUS
10
97.5513459999999952
20
-89.3367659999999972
11
97.3975319999999982
21
-89.2583929999999981
0
LINE
8
BLACK
6
CONTINUOUS
10
97.3975319999999982
20
-89.2583929999999981
11
97.3975200000000001
21
-89.258388999999994
0
LINE
8
BLACK
6
CONTINUOUS
10
97.3975200000000001
20
-89.258388999999994
11
97.1580129999999969
21
-89.1805679999999938
0
LINE
8
BLACK
6
CONTINUOUS
10
97.1580129999999969
20
-89.1805679999999938
11
97.1580129999999969
21
-89.1805669999999964
0
LINE
8
BLACK
6
CONTINUOUS
10
97.1580129999999969
20
-89.1805669999999964
11
96.9092579999999941
21
-89.1411700000000025
0
LINE
8
BLACK
6
CONTINUOUS
10
96.9092579999999941
20
-89.1411700000000025
11
96.6574219999999968
21
-89.1411700000000025
0
LINE
8
BLACK
6
CONTINUOUS
10
96.6574219999999968
20
-89.1411700000000025
11
96.4086659999999966
21
-89.1805669999999964
0
LINE
8
BLACK
6
CONTINUOUS
10
136.6185789999999827
20
-88.2863809999999916
11
136.3119839999999954
21
-88.3563599999999951
0
LINE
8
BLACK
6
CONTINUOUS
10
136.3119839999999954
20
-88.3563599999999951
11
136.3119820000000004
21
-88.3563609999999926
0
LINE
8
BLACK
6
CONTINUOUS
10
136.3119820000000004
20
-88.3563609999999926
11
136.0151409999999998
21
-88.4602299999999957
0
LINE
8
BLACK
6
CONTINUOUS
10
136.0151409999999998
20
-88.4602299999999957
11
136.0151319999999942
21
-88.4602330000000023
0
LINE
8
BLACK
6
CONTINUOUS
10
136.0151319999999942
20
-88.4602330000000023
11
135.731788999999992
21
-88.5966849999999937
0
LINE
8
BLACK
6
CONTINUOUS
10
135.731788999999992
20
-88.5966849999999937
11
135.7317869999999971
21
-88.5966859999999912
0
LINE
8
BLACK
6
CONTINUOUS
10
135.7317869999999971
20
-88.5966859999999912
11
135.4655149999999821
21
-88.7639949999999942
0
LINE
8
BLACK
6
CONTINUOUS
10
135.4655149999999821
20
-88.7639949999999942
11
135.4655060000000049
21
-88.7640009999999933
0
LINE
8
BLACK
6
CONTINUOUS
10
135.4655060000000049
20
-88.7640009999999933
11
135.4499619999999993
21
-88.7763949999999937
0
LINE
8
BLACK
6
CONTINUOUS
10
135.4499619999999993
20
-88.7763949999999937
11
136.0308330000000012
21
-89.3572659999999956
0
LINE
8
BLACK
6
CONTINUOUS
10
136.0308330000000012
20
-89.3572659999999956
11
136.2037629999999808
21
-89.2574249999999978
0
LINE
8
BLACK
6
CONTINUOUS
10
136.2037629999999808
20
-89.2574249999999978
11
136.4454609999999946
21
-89.1573099999999954
0
LINE
8
BLACK
6
CONTINUOUS
10
136.4454609999999946
20
-89.1573099999999954
11
136.698159000000004
21
-89.0895989999999927
0
LINE
8
BLACK
6
CONTINUOUS
10
136.698159000000004
20
-89.0895989999999927
11
136.9575339999999812
21
-89.0554520000000025
0
LINE
8
BLACK
6
CONTINUOUS
10
136.9575339999999812
20
-89.0554520000000025
11
137.219145999999995
21
-89.0554520000000025
0
LINE
8
BLACK
6
CONTINUOUS
10
137.219145999999995
20
-89.0554520000000025
11
137.4785210000000006
21
-89.0895989999999927
0
LINE
8
BLACK
6
CONTINUOUS
10
137.4785210000000006
20
-89.0895989999999927
11
137.7312189999999816
21
-89.1573099999999954
0
LINE
8
BLACK
6
CONTINUOUS
10
137.7312189999999816
20
-89.1573099999999954
11
137.9729169999999954
21
-89.2574249999999978
0
LINE
8
BLACK
6
CONTINUOUS
10
137.9729169999999954
20
-89.2574249999999978
11
138.14584499999998
21
-89.3572649999999982
0
LINE
8
BLACK
6
CONTINUOUS
10
138.14584499999998
20
-89.3572649999999982
11
138.7267149999999845
21
-88.7763959999999912
0
LINE
8
BLACK
6
CONTINUOUS
10
138.7267149999999845
20
-88.7763959999999912
11
138.7267149999999845
21
-88.7763949999999937
0
LINE
8
BLACK
6
CONTINUOUS
10
138.7267149999999845
20
-88.7763949999999937
11
138.7111749999999972
21
-88.7640019999999907
0
LINE
8
BLACK
6
CONTINUOUS
10
138.7111749999999972
20
-88.7640019999999907
11
138.4448869999999943
21
-88.5966829999999987
0
LINE
8
BLACK
6
CONTINUOUS
10
138.4448869999999943
20
-88.5966829999999987
11
138.1615469999999846
21
-88.4602330000000023
0
LINE
8
BLACK
6
CONTINUOUS
10
138.1615469999999846
20
-88.4602330000000023
11
138.1615380000000073
21
-88.4602299999999957
0
LINE
8
BLACK
6
CONTINUOUS
10
138.1615380000000073
20
-88.4602299999999957
11
137.8646970000000067
21
-88.3563609999999926
0
LINE
8
BLACK
6
CONTINUOUS
10
137.8646970000000067
20
-88.3563609999999926
11
137.8646949999999833
21
-88.3563599999999951
0
LINE
8
BLACK
6
CONTINUOUS
10
137.8646949999999833
20
-88.3563599999999951
11
137.558099999999996
21
-88.2863809999999916
0
LINE
8
BLACK
6
CONTINUOUS
10
137.558099999999996
20
-88.2863809999999916
11
137.2455850000000055
21
-88.2511700000000019
0
LINE
8
BLACK
6
CONTINUOUS
10
137.2455850000000055
20
-88.2511700000000019
11
136.9310949999999991
21
-88.2511700000000019
0
LINE
8
BLACK
6
CONTINUOUS
10
136.9310949999999991
20
-88.2511700000000019
11
136.6185789999999827
21
-88.2863809999999916
0
LINE
8
BLACK
6
CONTINUOUS
10
115.2928399999999982
20
-83.843521999999993
11
115.3248629999999935
21
-84.0457040000000006
0
LINE
8
BLACK
6
CONTINUOUS
10
115.3248629999999935
20
-84.0457040000000006
11
115.3846269999999947
21
-84.2296399999999892
0
LINE
8
BLACK
6
CONTINUOUS
10
115.3846269999999947
20
-84.2296399999999892
11
115.3881179999999915
21
-84.2403819999999968
0
LINE
8
BLACK
6
CONTINUOUS
10
115.3881179999999915
20
-84.2403819999999968
11
115.3881219999999956
21
-84.2403939999999949
0
LINE
8
BLACK
6
CONTINUOUS
10
115.3881219999999956
20
-84.2403939999999949
11
115.4810540000000003
21
-84.422781999999998
0
LINE
8
BLACK
6
CONTINUOUS
10
115.4810540000000003
20
-84.422781999999998
11
115.6013679999999937
21
-84.5883819999999957
0
LINE
8
BLACK
6
CONTINUOUS
10
115.6013679999999937
20
-84.5883819999999957
11
115.6013749999999902
21
-84.5883899999999898
0
LINE
8
BLACK
6
CONTINUOUS
10
115.6013749999999902
20
-84.5883899999999898
11
115.7461189999999931
21
-84.7331339999999926
0
LINE
8
BLACK
6
CONTINUOUS
10
115.7461189999999931
20
-84.7331339999999926
11
115.7461270000000013
21
-84.7331409999999892
0
LINE
8
BLACK
6
CONTINUOUS
10
115.7461270000000013
20
-84.7331409999999892
11
115.9117269999999991
21
-84.8534549999999967
0
LINE
8
BLACK
6
CONTINUOUS
10
115.9117269999999991
20
-84.8534549999999967
11
115.9117299999999915
21
-84.8534569999999917
0
LINE
8
BLACK
6
CONTINUOUS
10
115.9117299999999915
20
-84.8534569999999917
11
116.0941210000000012
21
-84.9463899999999938
0
LINE
8
BLACK
6
CONTINUOUS
10
116.0941210000000012
20
-84.9463899999999938
11
116.2888059999999939
21
-85.0096470000000011
0
LINE
8
BLACK
6
CONTINUOUS
10
116.2888059999999939
20
-85.0096470000000011
11
116.4909880000000015
21
-85.0416699999999963
0
LINE
8
BLACK
6
CONTINUOUS
10
116.4909880000000015
20
-85.0416699999999963
11
116.4909929999999889
21
-85.0416699999999963
0
LINE
8
BLACK
6
CONTINUOUS
10
116.4909929999999889
20
-85.0416699999999963
11
116.6956869999999924
21
-85.0416699999999963
0
LINE
8
BLACK
6
CONTINUOUS
10
116.6956869999999924
20
-85.0416699999999963
11
116.695691999999994
21
-85.0416699999999963
0
LINE
8
BLACK
6
CONTINUOUS
10
116.695691999999994
20
-85.0416699999999963
11
116.8978740000000016
21
-85.0096470000000011
0
LINE
8
BLACK
6
CONTINUOUS
10
116.8978740000000016
20
-85.0096470000000011
11
117.0925589999999943
21
-84.9463899999999938
0
LINE
8
BLACK
6
CONTINUOUS
10
117.0925589999999943
20
-84.9463899999999938
11
117.2749499999999898
21
-84.8534569999999917
0
LINE
8
BLACK
6
CONTINUOUS
10
117.2749499999999898
20
-84.8534569999999917
11
117.4405589999999933
21
-84.7331360000000018
0
LINE
8
BLACK
6
CONTINUOUS
10
117.4405589999999933
20
-84.7331360000000018
11
117.4405649999999923
21
-84.733128999999991
0
LINE
8
BLACK
6
CONTINUOUS
10
117.4405649999999923
20
-84.733128999999991
11
117.4450089999999989
21
-84.7293349999999919
0
LINE
8
BLACK
6
CONTINUOUS
10
117.4450089999999989
20
-84.7293349999999919
11
117.4462389999999914
21
-84.7307749999999942
0
LINE
8
BLACK
6
CONTINUOUS
10
117.4462389999999914
20
-84.7307749999999942
11
117.4553709999999995
21
-84.7255029999999891
0
LINE
8
BLACK
6
CONTINUOUS
10
117.4553709999999995
20
-84.7255029999999891
11
117.4692429999999916
21
-84.7116319999999945
0
LINE
8
BLACK
6
CONTINUOUS
10
117.4692429999999916
20
-84.7116319999999945
11
117.4881910000000005
21
-84.706553999999997
0
LINE
8
BLACK
6
CONTINUOUS
10
117.4881910000000005
20
-84.706553999999997
11
117.5051789999999983
21
-84.696747000000002
0
LINE
8
BLACK
6
CONTINUOUS
10
117.5051789999999983
20
-84.696747000000002
11
117.5437429999999921
21
-84.691670000000002
0
LINE
8
BLACK
6
CONTINUOUS
10
117.5437429999999921
20
-84.691670000000002
11
117.8366099999999932
21
-84.691670000000002
0
LINE
8
BLACK
6
CONTINUOUS
10
117.8366099999999932
20
-84.691670000000002
11
117.8366769999999946
21
-84.6916870000000017
0
LINE
8
BLACK
6
CONTINUOUS
10
117.8366769999999946
20
-84.6916870000000017
11
117.898344999999992
21
-84.69168599999999
0
LINE
8
BLACK
6
CONTINUOUS
10
117.898344999999992
20
-84.69168599999999
11
117.898344999999992
21
-84.6916879999999992
0
LINE
8
BLACK
6
CONTINUOUS
10
117.898344999999992
20
-84.6916879999999992
11
118.1665610000000015
21
-84.69168599999999
0
LINE
8
BLACK
6
CONTINUOUS
10
118.1665610000000015
20
-84.69168599999999
11
118.7018439999999941
21
-84.6565989999999999
0
LINE
8
BLACK
6
CONTINUOUS
10
118.7018439999999941
20
-84.6565989999999999
11
119.2336849999999941
21
-84.5865790000000004
0
LINE
8
BLACK
6
CONTINUOUS
10
119.2336849999999941
20
-84.5865790000000004
11
119.75980899999999
21
-84.4819239999999922
0
LINE
8
BLACK
6
CONTINUOUS
10
119.75980899999999
20
-84.4819239999999922
11
120.2779609999999906
21
-84.3430829999999929
0
LINE
8
BLACK
6
CONTINUOUS
10
120.2779609999999906
20
-84.3430829999999929
11
120.5190689999999876
21
-84.2612369999999942
0
LINE
8
BLACK
6
CONTINUOUS
10
120.5190689999999876
20
-84.2612369999999942
11
120.7859049999999996
21
-84.1706580000000031
0
LINE
8
BLACK
6
CONTINUOUS
10
120.7859049999999996
20
-84.1706580000000031
11
120.7859139999999911
21
-84.170653999999999
0
LINE
8
BLACK
6
CONTINUOUS
10
120.7859139999999911
20
-84.170653999999999
11
120.7859239999999943
21
-84.1706509999999923
0
LINE
8
BLACK
6
CONTINUOUS
10
120.7859239999999943
20
-84.1706509999999923
11
121.2815209999999979
21
-83.9653660000000031
0
LINE
8
BLACK
6
CONTINUOUS
10
121.2815209999999979
20
-83.9653660000000031
11
121.7626309999999989
21
-83.7281069999999943
0
LINE
8
BLACK
6
CONTINUOUS
10
121.7626309999999989
20
-83.7281069999999943
11
122.2271929999999998
21
-83.4598900000000015
0
LINE
8
BLACK
6
CONTINUOUS
10
122.2271929999999998
20
-83.4598900000000015
11
122.6732189999999889
21
-83.1618639999999942
0
LINE
8
BLACK
6
CONTINUOUS
10
122.6732189999999889
20
-83.1618639999999942
11
123.098797999999988
21
-82.8353039999999936
0
LINE
8
BLACK
6
CONTINUOUS
10
123.098797999999988
20
-82.8353039999999936
11
123.5021079999999927
21
-82.4816099999999892
0
LINE
8
BLACK
6
CONTINUOUS
10
123.5021079999999927
20
-82.4816099999999892
11
123.6170769999999948
21
-82.3666389999999922
0
LINE
8
BLACK
6
CONTINUOUS
10
123.6170769999999948
20
-82.3666389999999922
11
123.6170839999999913
21
-82.3666339999999906
0
LINE
8
BLACK
6
CONTINUOUS
10
123.6170839999999913
20
-82.3666339999999906
11
123.6255659999999921
21
-82.3581509999999923
0
LINE
8
BLACK
6
CONTINUOUS
10
123.6255659999999921
20
-82.3581509999999923
11
123.6255689999999987
21
-82.3581499999999949
0
LINE
8
BLACK
6
CONTINUOUS
10
123.6255689999999987
20
-82.3581499999999949
11
125.2238339999999965
21
-80.7598819999999904
0
LINE
8
BLACK
6
CONTINUOUS
10
125.2238339999999965
20
-80.7598819999999904
11
125.2284829999999971
21
-80.755431999999999
0
LINE
8
BLACK
6
CONTINUOUS
10
125.2284829999999971
20
-80.755431999999999
11
125.4971279999999894
21
-80.5092649999999992
0
LINE
8
BLACK
6
CONTINUOUS
10
125.4971279999999894
20
-80.5092649999999992
11
125.507048999999995
21
-80.5009399999999999
0
LINE
8
BLACK
6
CONTINUOUS
10
125.507048999999995
20
-80.5009399999999999
11
125.7935359999999889
21
-80.2811109999999957
0
LINE
8
BLACK
6
CONTINUOUS
10
125.7935359999999889
20
-80.2811109999999957
11
125.8041699999999992
21
-80.2736649999999941
0
LINE
8
BLACK
6
CONTINUOUS
10
125.8041699999999992
20
-80.2736649999999941
11
126.1087129999999945
21
-80.0796490000000034
0
LINE
8
BLACK
6
CONTINUOUS
10
126.1087129999999945
20
-80.0796490000000034
11
126.1199459999999988
21
-80.0731639999999913
0
LINE
8
BLACK
6
CONTINUOUS
10
126.1199459999999988
20
-80.0731639999999913
11
126.4402429999999953
21
-79.9064279999999911
0
LINE
8
BLACK
6
CONTINUOUS
10
126.4402429999999953
20
-79.9064279999999911
11
126.452022999999997
21
-79.9009360000000015
0
LINE
8
BLACK
6
CONTINUOUS
10
126.452022999999997
20
-79.9009360000000015
11
126.7856049999999897
21
-79.7627629999999925
0
LINE
8
BLACK
6
CONTINUOUS
10
126.7856049999999897
20
-79.7627629999999925
11
126.7978139999999883
21
-79.7583180000000027
0
LINE
8
BLACK
6
CONTINUOUS
10
126.7978139999999883
20
-79.7583180000000027
11
127.142195000000001
21
-79.6497359999999901
0
LINE
8
BLACK
6
CONTINUOUS
10
127.142195000000001
20
-79.6497359999999901
11
127.1547319999999957
21
-79.6463770000000011
0
LINE
8
BLACK
6
CONTINUOUS
10
127.1547319999999957
20
-79.6463770000000011
11
127.5072709999999887
21
-79.5682230000000033
0
LINE
8
BLACK
6
CONTINUOUS
10
127.5072709999999887
20
-79.5682230000000033
11
127.520038999999997
21
-79.5659709999999905
0
LINE
8
BLACK
6
CONTINUOUS
10
127.520038999999997
20
-79.5659709999999905
11
127.8780459999999977
21
-79.5188399999999973
0
LINE
8
BLACK
6
CONTINUOUS
10
127.8780459999999977
20
-79.5188399999999973
11
127.8909769999999924
21
-79.5177079999999989
0
LINE
8
BLACK
6
CONTINUOUS
10
127.8909769999999924
20
-79.5177079999999989
11
128.153649999999999
21
-79.5062410000000028
0
LINE
8
BLACK
6
CONTINUOUS
10
128.153649999999999
20
-79.5062410000000028
11
128.2551059999999836
21
-79.501812000000001
0
LINE
8
BLACK
6
CONTINUOUS
10
128.2551059999999836
20
-79.501812000000001
11
128.261605000000003
21
-79.5016699999999901
0
LINE
8
BLACK
6
CONTINUOUS
10
128.261605000000003
20
-79.5016699999999901
11
128.3518339999999966
21
-79.5016699999999901
0
LINE
8
BLACK
6
CONTINUOUS
10
128.3518339999999966
20
-79.5016699999999901
11
130.0805119999999988
21
-79.5016699999999901
0
LINE
8
BLACK
6
CONTINUOUS
10
130.0805119999999988
20
-79.5016699999999901
11
130.0805169999999862
21
-79.5016710000000018
0
LINE
8
BLACK
6
CONTINUOUS
10
130.0805169999999862
20
-79.5016710000000018
11
130.1124159999999961
21
-79.5016699999999901
0
LINE
8
BLACK
6
CONTINUOUS
10
130.1124159999999961
20
-79.5016699999999901
11
130.1124240000000043
21
-79.5016719999999992
0
LINE
8
BLACK
6
CONTINUOUS
10
130.1124240000000043
20
-79.5016719999999992
11
130.1741329999999834
21
-79.5016710000000018
0
LINE
8
BLACK
6
CONTINUOUS
10
130.1741329999999834
20
-79.5016710000000018
11
130.1741329999999834
21
-79.5016719999999992
0
LINE
8
BLACK
6
CONTINUOUS
10
130.1741329999999834
20
-79.5016719999999992
11
130.3646999999999991
21
-79.5016699999999901
0
LINE
8
BLACK
6
CONTINUOUS
10
130.3646999999999991
20
-79.5016699999999901
11
130.7443829999999991
21
-79.46844999999999
0
LINE
8
BLACK
6
CONTINUOUS
10
130.7443829999999991
20
-79.46844999999999
11
131.0252590000000055
21
-79.4189219999999949
0
LINE
8
BLACK
6
CONTINUOUS
10
131.0252590000000055
20
-79.4189219999999949
11
131.1197099999999978
21
-79.4022679999999923
0
LINE
8
BLACK
6
CONTINUOUS
10
131.1197099999999978
20
-79.4022679999999923
11
131.1197200000000009
21
-79.4022659999999973
0
LINE
8
BLACK
6
CONTINUOUS
10
131.1197200000000009
20
-79.4022659999999973
11
131.1197190000000035
21
-79.4022659999999973
0
LINE
8
BLACK
6
CONTINUOUS
10
131.1197190000000035
20
-79.4022659999999973
11
131.1197259999999858
21
-79.4022649999999999
0
LINE
8
BLACK
6
CONTINUOUS
10
131.1197259999999858
20
-79.4022649999999999
11
131.4878719999999817
21
-79.3036199999999951
0
LINE
8
BLACK
6
CONTINUOUS
10
131.4878719999999817
20
-79.3036199999999951
11
131.8460199999999816
21
-79.1732640000000032
0
LINE
8
BLACK
6
CONTINUOUS
10
131.8460199999999816
20
-79.1732640000000032
11
132.19144399999999
21
-79.0121899999999897
0
LINE
8
BLACK
6
CONTINUOUS
10
132.19144399999999
20
-79.0121899999999897
11
132.5215159999999912
21
-78.8216239999999999
0
LINE
8
BLACK
6
CONTINUOUS
10
132.5215159999999912
20
-78.8216239999999999
11
132.833722999999992
21
-78.6030159999999967
0
LINE
8
BLACK
6
CONTINUOUS
10
132.833722999999992
20
-78.6030159999999967
11
133.1256889999999942
21
-78.3580290000000019
0
LINE
8
BLACK
6
CONTINUOUS
10
133.1256889999999942
20
-78.3580290000000019
11
133.1942499999999825
21
-78.2894689999999969
0
LINE
8
BLACK
6
CONTINUOUS
10
133.1942499999999825
20
-78.2894689999999969
11
133.1942589999999882
21
-78.2894629999999978
0
LINE
8
BLACK
6
CONTINUOUS
10
133.1942589999999882
20
-78.2894629999999978
11
133.2162319999999909
21
-78.2674889999999976
0
LINE
8
BLACK
6
CONTINUOUS
10
133.2162319999999909
20
-78.2674889999999976
11
133.2163630000000012
21
-78.2674129999999906
0
LINE
8
BLACK
6
CONTINUOUS
10
133.2163630000000012
20
-78.2674129999999906
11
133.2604819999999961
21
-78.2232929999999982
0
LINE
8
BLACK
6
CONTINUOUS
10
133.2604819999999961
20
-78.2232929999999982
11
133.3952319999999929
21
-78.0885379999999998
0
LINE
8
BLACK
6
CONTINUOUS
10
133.3952319999999929
20
-78.0885379999999998
11
133.6402180000000044
21
-77.796566999999996
0
LINE
8
BLACK
6
CONTINUOUS
10
133.6402180000000044
20
-77.796566999999996
11
133.8588239999999985
21
-77.4843549999999937
0
LINE
8
BLACK
6
CONTINUOUS
10
133.8588239999999985
20
-77.4843549999999937
11
134.0493879999999933
21
-77.1542790000000025
0
LINE
8
BLACK
6
CONTINUOUS
10
134.0493879999999933
20
-77.1542790000000025
11
134.2104579999999885
21
-76.8088499999999925
0
LINE
8
BLACK
6
CONTINUOUS
10
134.2104579999999885
20
-76.8088499999999925
11
134.3408100000000047
21
-76.450696999999991
0
LINE
8
BLACK
6
CONTINUOUS
10
134.3408100000000047
20
-76.450696999999991
11
134.4253789999999924
21
-76.1350630000000024
0
LINE
8
BLACK
6
CONTINUOUS
10
134.4253789999999924
20
-76.1350630000000024
11
134.4394439999999804
21
-76.0825689999999923
0
LINE
8
BLACK
6
CONTINUOUS
10
134.4394439999999804
20
-76.0825689999999923
11
134.4394439999999804
21
-76.0825659999999999
0
LINE
8
BLACK
6
CONTINUOUS
10
134.4394439999999804
20
-76.0825659999999999
11
134.4394499999999937
21
-76.0825459999999936
0
LINE
8
BLACK
6
CONTINUOUS
10
134.4394499999999937
20
-76.0825459999999936
11
134.505628999999999
21
-75.7071990000000028
0
LINE
8
BLACK
6
CONTINUOUS
10
134.505628999999999
20
-75.7071990000000028
11
134.5388419999999883
21
-75.3275119999999987
0
LINE
8
BLACK
6
CONTINUOUS
10
134.5388419999999883
20
-75.3275119999999987
11
134.5388399999999933
21
-75.1369439999999997
0
LINE
8
BLACK
6
CONTINUOUS
10
134.5388399999999933
20
-75.1369439999999997
11
134.5388399999999933
21
-75.132875999999996
0
LINE
8
BLACK
6
CONTINUOUS
10
134.5388399999999933
20
-75.132875999999996
11
134.5388399999999933
21
-70.12697
0
LINE
8
BLACK
6
CONTINUOUS
10
134.5388399999999933
20
-70.12697
11
134.5588019999999858
21
-70.0524699999999996
0
LINE
8
BLACK
6
CONTINUOUS
10
134.5588019999999858
20
-70.0524699999999996
11
134.5971309999999903
21
-70.0087639999999993
0
LINE
8
BLACK
6
CONTINUOUS
10
134.5971309999999903
20
-70.0087639999999993
11
134.7582170000000019
21
-69.8851590000000016
0
LINE
8
BLACK
6
CONTINUOUS
10
134.7582170000000019
20
-69.8851590000000016
11
134.9223289999999906
21
-69.7210469999999987
0
LINE
8
BLACK
6
CONTINUOUS
10
134.9223289999999906
20
-69.7210469999999987
11
135.0619089999999858
21
-69.5391429999999957
0
LINE
8
BLACK
6
CONTINUOUS
10
135.0619089999999858
20
-69.5391429999999957
11
135.0636130000000037
21
-69.5369219999999899
0
LINE
8
BLACK
6
CONTINUOUS
10
135.0636130000000037
20
-69.5369219999999899
11
135.0636130000000037
21
-69.5369209999999924
0
LINE
8
BLACK
6
CONTINUOUS
10
135.0636130000000037
20
-69.5369209999999924
11
135.0636159999999961
21
-69.536918
0
LINE
8
BLACK
6
CONTINUOUS
10
135.0636159999999961
20
-69.536918
11
135.1796599999999842
21
-69.3359219999999965
0
LINE
8
BLACK
6
CONTINUOUS
10
135.1796599999999842
20
-69.3359219999999965
11
135.2684769999999901
21
-69.1214999999999975
0
LINE
8
BLACK
6
CONTINUOUS
10
135.2684769999999901
20
-69.1214999999999975
11
135.3285459999999887
21
-68.897318999999996
0
LINE
8
BLACK
6
CONTINUOUS
10
135.3285459999999887
20
-68.897318999999996
11
135.3285459999999887
21
-68.8973139999999944
0
LINE
8
BLACK
6
CONTINUOUS
10
135.3285459999999887
20
-68.8973139999999944
11
135.3285479999999836
21
-68.8973089999999928
0
LINE
8
BLACK
6
CONTINUOUS
10
135.3285479999999836
20
-68.8973089999999928
11
135.3285479999999836
21
-68.8973079999999953
0
LINE
8
BLACK
6
CONTINUOUS
10
135.3285479999999836
20
-68.8973079999999953
11
135.3515889999999899
21
-68.7222929999999934
0
LINE
8
BLACK
6
CONTINUOUS
10
135.3515889999999899
20
-68.7222929999999934
11
135.3588399999999865
21
-68.6672149999999988
0
LINE
8
BLACK
6
CONTINUOUS
10
135.3588399999999865
20
-68.6672149999999988
11
135.3588399999999865
21
-68.4351249999999993
0
LINE
8
BLACK
6
CONTINUOUS
10
135.3588399999999865
20
-68.4351249999999993
11
135.3426159999999925
21
-68.3118899999999911
0
LINE
8
BLACK
6
CONTINUOUS
10
135.3426159999999925
20
-68.3118899999999911
11
135.3285479999999836
21
-68.2050309999999911
0
LINE
8
BLACK
6
CONTINUOUS
10
135.3285479999999836
20
-68.2050309999999911
11
135.3285479999999836
21
-68.2050299999999936
0
LINE
8
BLACK
6
CONTINUOUS
10
135.3285479999999836
20
-68.2050299999999936
11
135.3127920000000017
21
-68.1462279999999936
0
LINE
8
BLACK
6
CONTINUOUS
10
135.3127920000000017
20
-68.1462279999999936
11
135.2684769999999901
21
-67.9808400000000006
0
LINE
8
BLACK
6
CONTINUOUS
10
135.2684769999999901
20
-67.9808400000000006
11
135.1796599999999842
21
-67.7664180000000016
0
LINE
8
BLACK
6
CONTINUOUS
10
135.1796599999999842
20
-67.7664180000000016
11
135.0636159999999961
21
-67.5654219999999981
0
LINE
8
BLACK
6
CONTINUOUS
10
135.0636159999999961
20
-67.5654219999999981
11
135.0636130000000037
21
-67.5654169999999965
0
LINE
8
BLACK
6
CONTINUOUS
10
135.0636130000000037
20
-67.5654169999999965
11
134.9223279999999932
21
-67.381292000000002
0
LINE
8
BLACK
6
CONTINUOUS
10
134.9223279999999932
20
-67.381292000000002
11
134.7582170000000019
21
-67.2171809999999965
0
LINE
8
BLACK
6
CONTINUOUS
10
134.7582170000000019
20
-67.2171809999999965
11
134.5971339999999827
21
-67.0935769999999962
0
LINE
8
BLACK
6
CONTINUOUS
10
134.5971339999999827
20
-67.0935769999999962
11
134.5501820000000066
21
-67.0323869999999999
0
LINE
8
BLACK
6
CONTINUOUS
10
134.5501820000000066
20
-67.0323869999999999
11
134.5388399999999933
21
-66.9753680000000031
0
LINE
8
BLACK
6
CONTINUOUS
10
134.5388399999999933
20
-66.9753680000000031
11
134.5388399999999933
21
-65.12697
0
LINE
8
BLACK
6
CONTINUOUS
10
134.5388399999999933
20
-65.12697
11
134.5588019999999858
21
-65.0524699999999996
0
LINE
8
BLACK
6
CONTINUOUS
10
134.5588019999999858
20
-65.0524699999999996
11
134.5971309999999903
21
-65.0087639999999993
0
LINE
8
BLACK
6
CONTINUOUS
10
134.5971309999999903
20
-65.0087639999999993
11
134.7582170000000019
21
-64.8851590000000016
0
LINE
8
BLACK
6
CONTINUOUS
10
134.7582170000000019
20
-64.8851590000000016
11
134.9223289999999906
21
-64.7210469999999987
0
LINE
8
BLACK
6
CONTINUOUS
10
134.9223289999999906
20
-64.7210469999999987
11
135.0636159999999961
21
-64.536918
0
LINE
8
BLACK
6
CONTINUOUS
10
135.0636159999999961
20
-64.536918
11
135.1796599999999842
21
-64.3359219999999965
0
LINE
8
BLACK
6
CONTINUOUS
10
135.1796599999999842
20
-64.3359219999999965
11
135.2684769999999901
21
-64.1214999999999975
0
LINE
8
BLACK
6
CONTINUOUS
10
135.2684769999999901
20
-64.1214999999999975
11
135.3285459999999887
21
-63.897318999999996
0
LINE
8
BLACK
6
CONTINUOUS
10
135.3285459999999887
20
-63.897318999999996
11
135.3285459999999887
21
-63.8973139999999944
0
LINE
8
BLACK
6
CONTINUOUS
10
135.3285459999999887
20
-63.8973139999999944
11
135.3285479999999836
21
-63.8973089999999999
0
LINE
8
BLACK
6
CONTINUOUS
10
135.3285479999999836
20
-63.8973089999999999
11
135.3285479999999836
21
-63.8973079999999953
0
LINE
8
BLACK
6
CONTINUOUS
10
135.3285479999999836
20
-63.8973079999999953
11
135.3519760000000076
21
-63.7193539999999956
0
LINE
8
BLACK
6
CONTINUOUS
10
135.3519760000000076
20
-63.7193539999999956
11
135.3588399999999865
21
-63.6672149999999988
0
LINE
8
BLACK
6
CONTINUOUS
10
135.3588399999999865
20
-63.6672149999999988
11
135.3588399999999865
21
-63.4351249999999993
0
LINE
8
BLACK
6
CONTINUOUS
10
135.3588399999999865
20
-63.4351249999999993
11
135.3517170000000078
21
-63.381022999999999
0
LINE
8
BLACK
6
CONTINUOUS
10
135.3517170000000078
20
-63.381022999999999
11
135.3285479999999836
21
-63.2050309999999982
0
LINE
8
BLACK
6
CONTINUOUS
10
135.3285479999999836
20
-63.2050309999999982
11
135.3285479999999836
21
-63.2050299999999936
0
LINE
8
BLACK
6
CONTINUOUS
10
135.3285479999999836
20
-63.2050299999999936
11
135.3285459999999887
21
-63.205020999999995
0
LINE
8
BLACK
6
CONTINUOUS
10
135.3285459999999887
20
-63.205020999999995
11
135.2684769999999901
21
-62.9808400000000006
0
LINE
8
BLACK
6
CONTINUOUS
10
135.2684769999999901
20
-62.9808400000000006
11
135.1796599999999842
21
-62.7664179999999945
0
LINE
8
BLACK
6
CONTINUOUS
10
135.1796599999999842
20
-62.7664179999999945
11
135.0636159999999961
21
-62.5654219999999981
0
LINE
8
BLACK
6
CONTINUOUS
10
135.0636159999999961
20
-62.5654219999999981
11
135.0636130000000037
21
-62.5654169999999965
0
LINE
8
BLACK
6
CONTINUOUS
10
135.0636130000000037
20
-62.5654169999999965
11
134.923626999999982
21
-62.3829849999999979
0
LINE
8
BLACK
6
CONTINUOUS
10
134.923626999999982
20
-62.3829849999999979
11
134.9223289999999906
21
-62.3812929999999994
0
LINE
8
BLACK
6
CONTINUOUS
10
134.9223289999999906
20
-62.3812929999999994
11
134.7582170000000019
21
-62.2171809999999965
0
LINE
8
BLACK
6
CONTINUOUS
10
134.7582170000000019
20
-62.2171809999999965
11
134.6965809999999806
21
-62.1698859999999982
0
LINE
8
BLACK
6
CONTINUOUS
10
134.6965809999999806
20
-62.1698859999999982
11
134.5740920000000074
21
-62.0758960000000002
0
LINE
8
BLACK
6
CONTINUOUS
10
134.5740920000000074
20
-62.0758960000000002
11
134.5740839999999992
21
-62.0758909999999986
0
LINE
8
BLACK
6
CONTINUOUS
10
134.5740839999999992
20
-62.0758909999999986
11
134.3730989999999963
21
-61.959854
0
LINE
8
BLACK
6
CONTINUOUS
10
134.3730989999999963
20
-61.959854
11
134.3730979999999988
21
-61.9598529999999954
0
LINE
8
BLACK
6
CONTINUOUS
10
134.3730979999999988
20
-61.9598529999999954
11
134.3730919999999855
21
-61.9598499999999959
0
LINE
8
BLACK
6
CONTINUOUS
10
134.3730919999999855
20
-61.9598499999999959
11
134.1808639999999855
21
-61.8802260000000004
0
LINE
8
BLACK
6
CONTINUOUS
10
134.1808639999999855
20
-61.8802260000000004
11
134.1586729999999932
21
-61.8710339999999945
0
LINE
8
BLACK
6
CONTINUOUS
10
134.1586729999999932
20
-61.8710339999999945
11
134.1586709999999982
21
-61.8710329999999971
0
LINE
8
BLACK
6
CONTINUOUS
10
134.1586709999999982
20
-61.8710329999999971
11
134.1586700000000008
21
-61.8710329999999971
0
LINE
8
BLACK
6
CONTINUOUS
10
134.1586700000000008
20
-61.8710329999999971
11
133.934488999999985
21
-61.8109639999999985
0
LINE
8
BLACK
6
CONTINUOUS
10
133.934488999999985
20
-61.8109639999999985
11
133.9344779999999844
21
-61.8109609999999989
0
LINE
8
BLACK
6
CONTINUOUS
10
133.9344779999999844
20
-61.8109609999999989
11
133.7043899999999894
21
-61.7806700000000006
0
LINE
8
BLACK
6
CONTINUOUS
10
133.7043899999999894
20
-61.7806700000000006
11
133.704385000000002
21
-61.7806700000000006
0
LINE
8
BLACK
6
CONTINUOUS
10
133.704385000000002
20
-61.7806700000000006
11
133.4722950000000026
21
-61.7806700000000006
0
LINE
8
BLACK
6
CONTINUOUS
10
133.4722950000000026
20
-61.7806700000000006
11
133.4722889999999893
21
-61.7806700000000006
0
LINE
8
BLACK
6
CONTINUOUS
10
133.4722889999999893
20
-61.7806700000000006
11
133.2422009999999943
21
-61.8109609999999989
0
LINE
8
BLACK
6
CONTINUOUS
10
133.2422009999999943
20
-61.8109609999999989
11
133.2421999999999969
21
-61.8109609999999989
0
LINE
8
BLACK
6
CONTINUOUS
10
133.2421999999999969
20
-61.8109609999999989
11
133.0180059999999855
21
-61.8710339999999945
0
LINE
8
BLACK
6
CONTINUOUS
10
133.0180059999999855
20
-61.8710339999999945
11
132.9131399999999985
21
-61.9144709999999989
0
LINE
8
BLACK
6
CONTINUOUS
10
132.9131399999999985
20
-61.9144709999999989
11
132.8035879999999906
21
-61.9598499999999959
0
LINE
8
BLACK
6
CONTINUOUS
10
132.8035879999999906
20
-61.9598499999999959
11
132.8035830000000033
21
-61.9598519999999979
0
LINE
8
BLACK
6
CONTINUOUS
10
132.8035830000000033
20
-61.9598519999999979
11
132.8035799999999824
21
-61.959854
0
LINE
8
BLACK
6
CONTINUOUS
10
132.8035799999999824
20
-61.959854
11
132.602595000000008
21
-62.0758909999999986
0
LINE
8
BLACK
6
CONTINUOUS
10
132.602595000000008
20
-62.0758909999999986
11
132.6025869999999998
21
-62.0758960000000002
0
LINE
8
BLACK
6
CONTINUOUS
10
132.6025869999999998
20
-62.0758960000000002
11
132.4184620000000052
21
-62.2171809999999965
0
LINE
8
BLACK
6
CONTINUOUS
10
132.4184620000000052
20
-62.2171809999999965
11
132.2543509999999856
21
-62.3812919999999949
0
LINE
8
BLACK
6
CONTINUOUS
10
132.2543509999999856
20
-62.3812919999999949
11
132.1130660000000034
21
-62.5654169999999965
0
LINE
8
BLACK
6
CONTINUOUS
10
132.1130660000000034
20
-62.5654169999999965
11
132.1130609999999876
21
-62.5654249999999976
0
LINE
8
BLACK
6
CONTINUOUS
10
132.1130609999999876
20
-62.5654249999999976
11
131.9970239999999819
21
-62.7664100000000005
0
LINE
8
BLACK
6
CONTINUOUS
10
131.9970239999999819
20
-62.7664100000000005
11
131.997021999999987
21
-62.766413
0
LINE
8
BLACK
6
CONTINUOUS
10
131.997021999999987
20
-62.766413
11
131.997019999999992
21
-62.7664179999999945
0
LINE
8
BLACK
6
CONTINUOUS
10
131.997019999999992
20
-62.7664179999999945
11
131.9715190000000007
21
-62.8279829999999961
0
LINE
8
BLACK
6
CONTINUOUS
10
131.9715190000000007
20
-62.8279829999999961
11
131.9082039999999836
21
-62.9808359999999965
0
LINE
8
BLACK
6
CONTINUOUS
10
131.9082039999999836
20
-62.9808359999999965
11
131.8481309999999951
21
-63.2050299999999936
0
LINE
8
BLACK
6
CONTINUOUS
10
131.8481309999999951
20
-63.2050299999999936
11
131.8481309999999951
21
-63.2050309999999982
0
LINE
8
BLACK
6
CONTINUOUS
10
131.8481309999999951
20
-63.2050309999999982
11
131.8178399999999897
21
-63.4351190000000003
0
LINE
8
BLACK
6
CONTINUOUS
10
131.8178399999999897
20
-63.4351190000000003
11
131.8178399999999897
21
-63.6672200000000004
0
LINE
8
BLACK
6
CONTINUOUS
10
131.8178399999999897
20
-63.6672200000000004
11
131.8481309999999951
21
-63.8973079999999953
0
LINE
8
BLACK
6
CONTINUOUS
10
131.8481309999999951
20
-63.8973079999999953
11
131.8481309999999951
21
-63.8973089999999999
0
LINE
8
BLACK
6
CONTINUOUS
10
131.8481309999999951
20
-63.8973089999999999
11
131.8481339999999875
21
-63.897318999999996
0
LINE
8
BLACK
6
CONTINUOUS
10
131.8481339999999875
20
-63.897318999999996
11
131.9082029999999861
21
-64.1214999999999975
0
LINE
8
BLACK
6
CONTINUOUS
10
131.9082029999999861
20
-64.1214999999999975
11
131.997019999999992
21
-64.3359219999999965
0
LINE
8
BLACK
6
CONTINUOUS
10
131.997019999999992
20
-64.3359219999999965
11
131.9970229999999844
21
-64.3359279999999956
0
LINE
8
BLACK
6
CONTINUOUS
10
131.9970229999999844
20
-64.3359279999999956
11
131.9970239999999819
21
-64.335928999999993
0
LINE
8
BLACK
6
CONTINUOUS
10
131.9970239999999819
20
-64.335928999999993
11
132.1130609999999876
21
-64.5369139999999959
0
LINE
8
BLACK
6
CONTINUOUS
10
132.1130609999999876
20
-64.5369139999999959
11
132.1130660000000034
21
-64.5369220000000041
0
LINE
8
BLACK
6
CONTINUOUS
10
132.1130660000000034
20
-64.5369220000000041
11
132.2543509999999856
21
-64.7210469999999987
0
LINE
8
BLACK
6
CONTINUOUS
10
132.2543509999999856
20
-64.7210469999999987
11
132.4184630000000027
21
-64.8851590000000016
0
LINE
8
BLACK
6
CONTINUOUS
10
132.4184630000000027
20
-64.8851590000000016
11
132.5795469999999909
21
-65.0087630000000019
0
LINE
8
BLACK
6
CONTINUOUS
10
132.5795469999999909
20
-65.0087630000000019
11
132.626497999999998
21
-65.0699499999999915
0
LINE
8
BLACK
6
CONTINUOUS
10
132.626497999999998
20
-65.0699499999999915
11
132.6378399999999829
21
-65.12697
0
LINE
8
BLACK
6
CONTINUOUS
10
132.6378399999999829
20
-65.12697
11
132.6378399999999829
21
-66.9753680000000031
0
LINE
8
BLACK
6
CONTINUOUS
10
132.6378399999999829
20
-66.9753680000000031
11
132.6178779999999904
21
-67.0498680000000036
0
LINE
8
BLACK
6
CONTINUOUS
10
132.6178779999999904
20
-67.0498680000000036
11
132.5795459999999935
21
-67.0935769999999962
0
LINE
8
BLACK
6
CONTINUOUS
10
132.5795459999999935
20
-67.0935769999999962
11
132.4184620000000052
21
-67.2171809999999965
0
LINE
8
BLACK
6
CONTINUOUS
10
132.4184620000000052
20
-67.2171809999999965
11
132.2543509999999856
21
-67.381292000000002
0
LINE
8
BLACK
6
CONTINUOUS
10
132.2543509999999856
20
-67.381292000000002
11
132.1130660000000034
21
-67.5654169999999965
0
LINE
8
BLACK
6
CONTINUOUS
10
132.1130660000000034
20
-67.5654169999999965
11
132.1130609999999876
21
-67.5654249999999905
0
LINE
8
BLACK
6
CONTINUOUS
10
132.1130609999999876
20
-67.5654249999999905
11
131.9970239999999819
21
-67.7664099999999934
0
LINE
8
BLACK
6
CONTINUOUS
10
131.9970239999999819
20
-67.7664099999999934
11
131.997021999999987
21
-67.766413
0
LINE
8
BLACK
6
CONTINUOUS
10
131.997021999999987
20
-67.766413
11
131.997019999999992
21
-67.7664180000000016
0
LINE
8
BLACK
6
CONTINUOUS
10
131.997019999999992
20
-67.7664180000000016
11
131.952163999999982
21
-67.8747089999999957
0
LINE
8
BLACK
6
CONTINUOUS
10
131.952163999999982
20
-67.8747089999999957
11
131.9082039999999836
21
-67.9808359999999965
0
LINE
8
BLACK
6
CONTINUOUS
10
131.9082039999999836
20
-67.9808359999999965
11
131.8481309999999951
21
-68.2050299999999936
0
LINE
8
BLACK
6
CONTINUOUS
10
131.8481309999999951
20
-68.2050299999999936
11
131.8481309999999951
21
-68.2050309999999911
0
LINE
8
BLACK
6
CONTINUOUS
10
131.8481309999999951
20
-68.2050309999999911
11
131.8178399999999897
21
-68.4351190000000003
0
LINE
8
BLACK
6
CONTINUOUS
10
131.8178399999999897
20
-68.4351190000000003
11
131.8178399999999897
21
-68.6672200000000004
0
LINE
8
BLACK
6
CONTINUOUS
10
131.8178399999999897
20
-68.6672200000000004
11
131.8481309999999951
21
-68.8973079999999953
0
LINE
8
BLACK
6
CONTINUOUS
10
131.8481309999999951
20
-68.8973079999999953
11
131.8481309999999951
21
-68.8973089999999928
0
LINE
8
BLACK
6
CONTINUOUS
10
131.8481309999999951
20
-68.8973089999999928
11
131.8666939999999954
21
-68.9665859999999924
0
LINE
8
BLACK
6
CONTINUOUS
10
131.8666939999999954
20
-68.9665859999999924
11
131.9082029999999861
21
-69.1214999999999975
0
LINE
8
BLACK
6
CONTINUOUS
10
131.9082029999999861
20
-69.1214999999999975
11
131.997019999999992
21
-69.3359219999999965
0
LINE
8
BLACK
6
CONTINUOUS
10
131.997019999999992
20
-69.3359219999999965
11
131.9970229999999844
21
-69.3359279999999956
0
LINE
8
BLACK
6
CONTINUOUS
10
131.9970229999999844
20
-69.3359279999999956
11
131.9970239999999819
21
-69.335928999999993
0
LINE
8
BLACK
6
CONTINUOUS
10
131.9970239999999819
20
-69.335928999999993
11
132.1130609999999876
21
-69.5369139999999959
0
LINE
8
BLACK
6
CONTINUOUS
10
132.1130609999999876
20
-69.5369139999999959
11
132.1130660000000034
21
-69.5369219999999899
0
LINE
8
BLACK
6
CONTINUOUS
10
132.1130660000000034
20
-69.5369219999999899
11
132.1970570000000009
21
-69.6463799999999935
0
LINE
8
BLACK
6
CONTINUOUS
10
132.1970570000000009
20
-69.6463799999999935
11
132.2543509999999856
21
-69.7210469999999987
0
LINE
8
BLACK
6
CONTINUOUS
10
132.2543509999999856
20
-69.7210469999999987
11
132.4184630000000027
21
-69.8851590000000016
0
LINE
8
BLACK
6
CONTINUOUS
10
132.4184630000000027
20
-69.8851590000000016
11
132.5795469999999909
21
-70.0087630000000019
0
LINE
8
BLACK
6
CONTINUOUS
10
132.5795469999999909
20
-70.0087630000000019
11
132.626497999999998
21
-70.0699499999999915
0
LINE
8
BLACK
6
CONTINUOUS
10
132.626497999999998
20
-70.0699499999999915
11
132.6378399999999829
21
-70.12697
0
LINE
8
BLACK
6
CONTINUOUS
10
132.6378399999999829
20
-70.12697
11
132.6378399999999829
21
-75.0433459999999997
0
LINE
8
BLACK
6
CONTINUOUS
10
132.6378399999999829
20
-75.0433459999999997
11
132.6378389999999854
21
-75.0433519999999987
0
LINE
8
BLACK
6
CONTINUOUS
10
132.6378389999999854
20
-75.0433519999999987
11
132.6378389999999854
21
-75.0718069999999926
0
LINE
8
BLACK
6
CONTINUOUS
10
132.6378389999999854
20
-75.0718069999999926
11
132.6378389999999854
21
-75.0948109999999929
0
LINE
8
BLACK
6
CONTINUOUS
10
132.6378389999999854
20
-75.0948109999999929
11
132.6378389999999854
21
-75.1327830000000034
0
LINE
8
BLACK
6
CONTINUOUS
10
132.6378389999999854
20
-75.1327830000000034
11
132.6376050000000077
21
-75.141136000000003
0
LINE
8
BLACK
6
CONTINUOUS
10
132.6376050000000077
20
-75.141136000000003
11
132.6228199999999902
21
-75.4044689999999918
0
LINE
8
BLACK
6
CONTINUOUS
10
132.6228199999999902
20
-75.4044689999999918
11
132.620948999999996
21
-75.4210719999999952
0
LINE
8
BLACK
6
CONTINUOUS
10
132.620948999999996
20
-75.4210719999999952
11
132.5774769999999876
21
-75.6769510000000025
0
LINE
8
BLACK
6
CONTINUOUS
10
132.5774769999999876
20
-75.6769510000000025
11
132.5737589999999955
21
-75.6932419999999979
0
LINE
8
BLACK
6
CONTINUOUS
10
132.5737589999999955
20
-75.6932419999999979
11
132.501909999999981
21
-75.9426469999999938
0
LINE
8
BLACK
6
CONTINUOUS
10
132.501909999999981
20
-75.9426469999999938
11
132.496391999999986
21
-75.9584169999999972
0
LINE
8
BLACK
6
CONTINUOUS
10
132.496391999999986
20
-75.9584169999999972
11
132.3970679999999902
21
-76.1982189999999946
0
LINE
8
BLACK
6
CONTINUOUS
10
132.3970679999999902
20
-76.1982189999999946
11
132.3898179999999911
21
-76.2132749999999959
0
LINE
8
BLACK
6
CONTINUOUS
10
132.3898179999999911
20
-76.2132749999999959
11
132.2642779999999902
21
-76.4404279999999972
0
LINE
8
BLACK
6
CONTINUOUS
10
132.2642779999999902
20
-76.4404279999999972
11
132.2553890000000081
21
-76.4545749999999913
0
LINE
8
BLACK
6
CONTINUOUS
10
132.2553890000000081
20
-76.4545749999999913
11
132.1051889999999958
21
-76.6662680000000023
0
LINE
8
BLACK
6
CONTINUOUS
10
132.1051889999999958
20
-76.6662680000000023
11
132.0947709999999802
21
-76.6793320000000023
0
LINE
8
BLACK
6
CONTINUOUS
10
132.0947709999999802
20
-76.6793320000000023
11
131.9220609999999851
21
-76.8725999999999914
0
LINE
8
BLACK
6
CONTINUOUS
10
131.9220609999999851
20
-76.8725999999999914
11
131.9102440000000058
21
-76.8844169999999991
0
LINE
8
BLACK
6
CONTINUOUS
10
131.9102440000000058
20
-76.8844169999999991
11
131.7164679999999919
21
-77.0575850000000031
0
LINE
8
BLACK
6
CONTINUOUS
10
131.7164679999999919
20
-77.0575850000000031
11
131.7034040000000061
21
-77.0680029999999903
0
LINE
8
BLACK
6
CONTINUOUS
10
131.7034040000000061
20
-77.0680029999999903
11
131.4917240000000049
21
-77.2181959999999918
0
LINE
8
BLACK
6
CONTINUOUS
10
131.4917240000000049
20
-77.2181959999999918
11
131.4775769999999966
21
-77.2270850000000024
0
LINE
8
BLACK
6
CONTINUOUS
10
131.4775769999999966
20
-77.2270850000000024
11
131.2504160000000013
21
-77.3526329999999973
0
LINE
8
BLACK
6
CONTINUOUS
10
131.2504160000000013
20
-77.3526329999999973
11
131.2353619999999808
21
-77.3598829999999964
0
LINE
8
BLACK
6
CONTINUOUS
10
131.2353619999999808
20
-77.3598829999999964
11
130.9955699999999865
21
-77.4592079999999896
0
LINE
8
BLACK
6
CONTINUOUS
10
130.9955699999999865
20
-77.4592079999999896
11
130.9797989999999857
21
-77.4647269999999963
0
LINE
8
BLACK
6
CONTINUOUS
10
130.9797989999999857
20
-77.4647269999999963
11
130.7303890000000024
21
-77.5365809999999982
0
LINE
8
BLACK
6
CONTINUOUS
10
130.7303890000000024
20
-77.5365809999999982
11
130.714100000000002
21
-77.5402989999999903
0
LINE
8
BLACK
6
CONTINUOUS
10
130.714100000000002
20
-77.5402989999999903
11
130.458219999999983
21
-77.5837769999999978
0
LINE
8
BLACK
6
CONTINUOUS
10
130.458219999999983
20
-77.5837769999999978
11
130.4416149999999845
21
-77.585647999999992
0
LINE
8
BLACK
6
CONTINUOUS
10
130.4416149999999845
20
-77.585647999999992
11
130.1783209999999826
21
-77.600436000000002
0
LINE
8
BLACK
6
CONTINUOUS
10
130.1783209999999826
20
-77.600436000000002
11
130.1699659999999881
21
-77.6006699999999938
0
LINE
8
BLACK
6
CONTINUOUS
10
130.1699659999999881
20
-77.6006699999999938
11
128.158299999999997
21
-77.6006699999999938
0
LINE
8
BLACK
6
CONTINUOUS
10
128.158299999999997
20
-77.6006699999999938
11
128.1581840000000057
21
-77.6006749999999954
0
LINE
8
BLACK
6
CONTINUOUS
10
128.1581840000000057
20
-77.6006749999999954
11
128.0371710000000007
21
-77.6006749999999954
0
LINE
8
BLACK
6
CONTINUOUS
10
128.0371710000000007
20
-77.6006749999999954
11
127.5962249999999898
21
-77.6322109999999981
0
LINE
8
BLACK
6
CONTINUOUS
10
127.5962249999999898
20
-77.6322109999999981
11
127.5962239999999923
21
-77.6322109999999981
0
LINE
8
BLACK
6
CONTINUOUS
10
127.5962239999999923
20
-77.6322109999999981
11
127.1586539999999985
21
-77.6951219999999978
0
LINE
8
BLACK
6
CONTINUOUS
10
127.1586539999999985
20
-77.6951219999999978
11
127.1586420000000004
21
-77.6951239999999927
0
LINE
8
BLACK
6
CONTINUOUS
10
127.1586420000000004
20
-77.6951239999999927
11
126.7266619999999904
21
-77.7890939999999915
0
LINE
8
BLACK
6
CONTINUOUS
10
126.7266619999999904
20
-77.7890939999999915
11
126.302470999999997
21
-77.9136469999999974
0
LINE
8
BLACK
6
CONTINUOUS
10
126.302470999999997
20
-77.9136469999999974
11
125.8882579999999933
21
-78.0681390000000022
0
LINE
8
BLACK
6
CONTINUOUS
10
125.8882579999999933
20
-78.0681390000000022
11
125.8882539999999892
21
-78.0681409999999971
0
LINE
8
BLACK
6
CONTINUOUS
10
125.8882539999999892
20
-78.0681409999999971
11
125.4861349999999902
21
-78.2517819999999915
0
LINE
8
BLACK
6
CONTINUOUS
10
125.4861349999999902
20
-78.2517819999999915
11
125.4861079999999873
21
-78.2517950000000013
0
LINE
8
BLACK
6
CONTINUOUS
10
125.4861079999999873
20
-78.2517950000000013
11
125.0981169999999878
21
-78.4636539999999911
0
LINE
8
BLACK
6
CONTINUOUS
10
125.0981169999999878
20
-78.4636539999999911
11
124.7262029999999982
21
-78.7026699999999977
0
LINE
8
BLACK
6
CONTINUOUS
10
124.7262029999999982
20
-78.7026699999999977
11
124.3723009999999931
21
-78.9675969999999978
0
LINE
8
BLACK
6
CONTINUOUS
10
124.3723009999999931
20
-78.9675969999999978
11
124.0381979999999942
21
-79.2570989999999966
0
LINE
8
BLACK
6
CONTINUOUS
10
124.0381979999999942
20
-79.2570989999999966
11
122.3494359999999972
21
-80.9458619999999911
0
LINE
8
BLACK
6
CONTINUOUS
10
122.3494359999999972
20
-80.9458619999999911
11
122.3456079999999986
21
-80.9495549999999895
0
LINE
8
BLACK
6
CONTINUOUS
10
122.3456079999999986
20
-80.9495549999999895
11
122.0227079999999944
21
-81.2501850000000019
0
LINE
8
BLACK
6
CONTINUOUS
10
122.0227079999999944
20
-81.2501850000000019
11
122.0146699999999953
21
-81.2571499999999958
0
LINE
8
BLACK
6
CONTINUOUS
10
122.0146699999999953
20
-81.2571499999999958
11
121.6732179999999914
21
-81.5323109999999929
0
LINE
8
BLACK
6
CONTINUOUS
10
121.6732179999999914
20
-81.5323109999999929
11
121.6647029999999887
21
-81.538685000000001
0
LINE
8
BLACK
6
CONTINUOUS
10
121.6647029999999887
20
-81.538685000000001
11
121.3045009999999877
21
-81.788778999999991
0
LINE
8
BLACK
6
CONTINUOUS
10
121.3045009999999877
20
-81.788778999999991
11
121.2955539999999957
21
-81.7945299999999946
0
LINE
8
BLACK
6
CONTINUOUS
10
121.2955539999999957
20
-81.7945299999999946
11
120.9184139999999985
21
-82.018298999999999
0
LINE
8
BLACK
6
CONTINUOUS
10
120.9184139999999985
20
-82.018298999999999
11
120.9090839999999929
21
-82.0233929999999987
0
LINE
8
BLACK
6
CONTINUOUS
10
120.9090839999999929
20
-82.0233929999999987
11
120.8188299999999913
21
-82.0685720000000032
0
LINE
8
BLACK
6
CONTINUOUS
10
120.8188299999999913
20
-82.0685720000000032
11
120.5169509999999917
21
-82.2196819999999917
0
LINE
8
BLACK
6
CONTINUOUS
10
120.5169509999999917
20
-82.2196819999999917
11
120.5072759999999903
21
-82.2240999999999929
0
LINE
8
BLACK
6
CONTINUOUS
10
120.5072759999999903
20
-82.2240999999999929
11
120.1021329999999949
21
-82.3919179999999898
0
LINE
8
BLACK
6
CONTINUOUS
10
120.1021329999999949
20
-82.3919179999999898
11
120.0921680000000009
21
-82.3956349999999986
0
LINE
8
BLACK
6
CONTINUOUS
10
120.0921680000000009
20
-82.3956349999999986
11
119.6760769999999923
21
-82.5341250000000031
0
LINE
8
BLACK
6
CONTINUOUS
10
119.6760769999999923
20
-82.5341250000000031
11
119.6658709999999957
21
-82.5371209999999991
0
LINE
8
BLACK
6
CONTINUOUS
10
119.6658709999999957
20
-82.5371209999999991
11
119.2409839999999974
21
-82.6455689999999947
0
LINE
8
BLACK
6
CONTINUOUS
10
119.2409839999999974
20
-82.6455689999999947
11
119.2305909999999898
21
-82.647829999999999
0
LINE
8
BLACK
6
CONTINUOUS
10
119.2305909999999898
20
-82.647829999999999
11
118.7990409999999883
21
-82.7256919999999951
0
LINE
8
BLACK
6
CONTINUOUS
10
118.7990409999999883
20
-82.7256919999999951
11
118.7885129999999947
21
-82.7272059999999954
0
LINE
8
BLACK
6
CONTINUOUS
10
118.7885129999999947
20
-82.7272059999999954
11
118.3525049999999936
21
-82.774084000000002
0
LINE
8
BLACK
6
CONTINUOUS
10
118.3525049999999936
20
-82.774084000000002
11
118.3418959999999913
21
-82.77484299999999
0
LINE
8
BLACK
6
CONTINUOUS
10
118.3418959999999913
20
-82.77484299999999
11
117.9015309999999914
21
-82.7905729999999949
0
LINE
8
BLACK
6
CONTINUOUS
10
117.9015309999999914
20
-82.7905729999999949
11
117.896214999999998
21
-82.7906679999999966
0
LINE
8
BLACK
6
CONTINUOUS
10
117.896214999999998
20
-82.7906679999999966
11
117.804719999999989
21
-82.7906689999999941
0
LINE
8
BLACK
6
CONTINUOUS
10
117.804719999999989
20
-82.7906689999999941
11
117.8047189999999915
21
-82.7906699999999915
0
LINE
8
BLACK
6
CONTINUOUS
10
117.8047189999999915
20
-82.7906699999999915
11
117.5437429999999921
21
-82.7906699999999915
0
LINE
8
BLACK
6
CONTINUOUS
10
117.5437429999999921
20
-82.7906699999999915
11
117.4692429999999916
21
-82.7707079999999991
0
LINE
8
BLACK
6
CONTINUOUS
10
117.4692429999999916
20
-82.7707079999999991
11
117.4454689999999886
21
-82.7524650000000008
0
LINE
8
BLACK
6
CONTINUOUS
10
117.4454689999999886
20
-82.7524650000000008
11
117.4450089999999989
21
-82.7530050000000017
0
LINE
8
BLACK
6
CONTINUOUS
10
117.4450089999999989
20
-82.7530050000000017
11
117.4405519999999967
21
-82.7491979999999927
0
LINE
8
BLACK
6
CONTINUOUS
10
117.4405519999999967
20
-82.7491979999999927
11
117.274951999999999
21
-82.6288839999999993
0
LINE
8
BLACK
6
CONTINUOUS
10
117.274951999999999
20
-82.6288839999999993
11
117.0925639999999959
21
-82.5359519999999947
0
LINE
8
BLACK
6
CONTINUOUS
10
117.0925639999999959
20
-82.5359519999999947
11
117.0925599999999918
21
-82.5359499999999997
0
LINE
8
BLACK
6
CONTINUOUS
10
117.0925599999999918
20
-82.5359499999999997
11
117.0925589999999943
21
-82.5359499999999997
0
LINE
8
BLACK
6
CONTINUOUS
10
117.0925589999999943
20
-82.5359499999999997
11
116.8978740000000016
21
-82.4726929999999925
0
LINE
8
BLACK
6
CONTINUOUS
10
116.8978740000000016
20
-82.4726929999999925
11
116.695691999999994
21
-82.4406699999999972
0
LINE
8
BLACK
6
CONTINUOUS
10
116.695691999999994
20
-82.4406699999999972
11
116.4909880000000015
21
-82.4406699999999972
0
LINE
8
BLACK
6
CONTINUOUS
10
116.4909880000000015
20
-82.4406699999999972
11
116.3225029999999975
21
-82.4673549999999977
0
LINE
8
BLACK
6
CONTINUOUS
10
116.3225029999999975
20
-82.4673549999999977
11
116.2888049999999964
21
-82.4726929999999925
0
LINE
8
BLACK
6
CONTINUOUS
10
116.2888049999999964
20
-82.4726929999999925
11
116.0941270000000003
21
-82.5359479999999905
0
LINE
8
BLACK
6
CONTINUOUS
10
116.0941270000000003
20
-82.5359479999999905
11
116.094114999999988
21
-82.5359519999999947
0
LINE
8
BLACK
6
CONTINUOUS
10
116.094114999999988
20
-82.5359519999999947
11
115.9117269999999991
21
-82.6288839999999993
0
LINE
8
BLACK
6
CONTINUOUS
10
115.9117269999999991
20
-82.6288839999999993
11
115.7461270000000013
21
-82.7491979999999927
0
LINE
8
BLACK
6
CONTINUOUS
10
115.7461270000000013
20
-82.7491979999999927
11
115.7461189999999931
21
-82.7492049999999892
0
LINE
8
BLACK
6
CONTINUOUS
10
115.7461189999999931
20
-82.7492049999999892
11
115.6013749999999902
21
-82.8939489999999921
0
LINE
8
BLACK
6
CONTINUOUS
10
115.6013749999999902
20
-82.8939489999999921
11
115.6013679999999937
21
-82.8939570000000003
0
LINE
8
BLACK
6
CONTINUOUS
10
115.6013679999999937
20
-82.8939570000000003
11
115.4810540000000003
21
-83.0595569999999981
0
LINE
8
BLACK
6
CONTINUOUS
10
115.4810540000000003
20
-83.0595569999999981
11
115.3881219999999956
21
-83.2419450000000012
0
LINE
8
BLACK
6
CONTINUOUS
10
115.3881219999999956
20
-83.2419450000000012
11
115.3881179999999915
21
-83.2419569999999993
0
LINE
8
BLACK
6
CONTINUOUS
10
115.3881179999999915
20
-83.2419569999999993
11
115.3248629999999935
21
-83.4366349999999954
0
LINE
8
BLACK
6
CONTINUOUS
10
115.3248629999999935
20
-83.4366349999999954
11
115.3229350000000011
21
-83.4488059999999905
0
LINE
8
BLACK
6
CONTINUOUS
10
115.3229350000000011
20
-83.4488059999999905
11
115.2928399999999982
21
-83.6388180000000006
0
LINE
8
BLACK
6
CONTINUOUS
10
115.2928399999999982
20
-83.6388180000000006
11
115.2928399999999982
21
-83.843521999999993
0
LINE
8
BLACK
6
CONTINUOUS
10
78.5747360000000015
20
-77.9411699999999996
11
79.0117010000000022
21
-78.3781350000000003
0
LINE
8
BLACK
6
CONTINUOUS
10
79.0117010000000022
20
-78.3781350000000003
11
79.0947499999999906
21
-78.2151420000000002
0
LINE
8
BLACK
6
CONTINUOUS
10
79.0947499999999906
20
-78.2151420000000002
11
79.0947510000000023
21
-78.2151410000000027
0
LINE
8
BLACK
6
CONTINUOUS
10
79.0947510000000023
20
-78.2151410000000027
11
79.1738119999999981
21
-77.9718149999999923
0
LINE
8
BLACK
6
CONTINUOUS
10
79.1738119999999981
20
-77.9718149999999923
11
79.1786659999999927
21
-77.9411699999999996
0
LINE
8
BLACK
6
CONTINUOUS
10
79.1786659999999927
20
-77.9411699999999996
11
78.5747360000000015
21
-77.9411699999999996
0
LINE
8
BLACK
6
CONTINUOUS
10
78.5747349999999898
20
-77.2411699999999968
11
79.1333659999999952
21
-77.2411699999999968
0
LINE
8
BLACK
6
CONTINUOUS
10
79.1333659999999952
20
-77.2411699999999968
11
79.1714079999999996
21
-77.203126999999995
0
LINE
8
BLACK
6
CONTINUOUS
10
79.1714079999999996
20
-77.203126999999995
11
79.0947489999999931
21
-76.9671919999999972
0
LINE
8
BLACK
6
CONTINUOUS
10
79.0947489999999931
20
-76.9671919999999972
11
79.0116999999999905
21
-76.8042039999999986
0
LINE
8
BLACK
6
CONTINUOUS
10
79.0116999999999905
20
-76.8042039999999986
11
78.5747349999999898
21
-77.2411699999999968
0
LINE
8
BLACK
6
CONTINUOUS
10
97.0275010000000009
20
-75.1563620000000014
11
96.8295779999999979
21
-75.2164020000000022
0
LINE
8
BLACK
6
CONTINUOUS
10
96.8295779999999979
20
-75.2164020000000022
11
96.8295729999999963
21
-75.2164039999999972
0
LINE
8
BLACK
6
CONTINUOUS
10
96.8295729999999963
20
-75.2164039999999972
11
96.6471779999999967
21
-75.3138950000000023
0
LINE
8
BLACK
6
CONTINUOUS
10
96.6471779999999967
20
-75.3138950000000023
11
96.6471710000000002
21
-75.3138999999999896
0
LINE
8
BLACK
6
CONTINUOUS
10
96.6471710000000002
20
-75.3138999999999896
11
96.487285
21
-75.4451150000000013
0
LINE
8
BLACK
6
CONTINUOUS
10
96.487285
20
-75.4451150000000013
11
96.3560700000000026
21
-75.6050010000000015
0
LINE
8
BLACK
6
CONTINUOUS
10
96.3560700000000026
20
-75.6050010000000015
11
96.356065000000001
21
-75.605007999999998
0
LINE
8
BLACK
6
CONTINUOUS
10
96.356065000000001
20
-75.605007999999998
11
96.2585739999999959
21
-75.7874029999999976
0
LINE
8
BLACK
6
CONTINUOUS
10
96.2585739999999959
20
-75.7874029999999976
11
96.2585720000000009
21
-75.7874079999999992
0
LINE
8
BLACK
6
CONTINUOUS
10
96.2585720000000009
20
-75.7874079999999992
11
96.1985320000000002
21
-75.9853310000000022
0
LINE
8
BLACK
6
CONTINUOUS
10
96.1985320000000002
20
-75.9853310000000022
11
96.1833400000000012
21
-76.1395869999999917
0
LINE
8
BLACK
6
CONTINUOUS
10
96.1833400000000012
20
-76.1395869999999917
11
96.1833400000000012
21
-76.2911699999999939
0
LINE
8
BLACK
6
CONTINUOUS
10
96.1833400000000012
20
-76.2911699999999939
11
96.9833399999999983
21
-76.2911699999999939
0
LINE
8
BLACK
6
CONTINUOUS
10
96.9833399999999983
20
-76.2911699999999939
11
96.9833399999999983
21
-76.1911699999999996
0
LINE
8
BLACK
6
CONTINUOUS
10
96.9833399999999983
20
-76.1911699999999996
11
97.0023699999999991
21
-76.0954989999999896
0
LINE
8
BLACK
6
CONTINUOUS
10
97.0023699999999991
20
-76.0954989999999896
11
97.056562999999997
21
-76.0143929999999983
0
LINE
8
BLACK
6
CONTINUOUS
10
97.056562999999997
20
-76.0143929999999983
11
97.1376690000000025
21
-75.9602000000000004
0
LINE
8
BLACK
6
CONTINUOUS
10
97.1376690000000025
20
-75.9602000000000004
11
97.2333399999999983
21
-75.9411699999999996
0
LINE
8
BLACK
6
CONTINUOUS
10
97.2333399999999983
20
-75.9411699999999996
11
97.3333399999999926
21
-75.9411699999999996
0
LINE
8
BLACK
6
CONTINUOUS
10
97.3333399999999926
20
-75.9411699999999996
11
97.3333399999999926
21
-75.1411700000000025
0
LINE
8
BLACK
6
CONTINUOUS
10
97.3333399999999926
20
-75.1411700000000025
11
97.1817569999999904
21
-75.1411700000000025
0
LINE
8
BLACK
6
CONTINUOUS
10
97.1817569999999904
20
-75.1411700000000025
11
97.0275010000000009
21
-75.1563620000000014
0
LINE
8
BLACK
6
CONTINUOUS
10
78.3925739999999962
20
-74.8833300000000008
11
78.4098649999999964
21
-74.9702570000000037
0
LINE
8
BLACK
6
CONTINUOUS
10
78.4098649999999964
20
-74.9702570000000037
11
78.4098649999999964
21
-75.1320829999999944
0
LINE
8
BLACK
6
CONTINUOUS
10
78.4098649999999964
20
-75.1320829999999944
11
78.3925739999999962
21
-75.2190080000000023
0
LINE
8
BLACK
6
CONTINUOUS
10
78.3925739999999962
20
-75.2190080000000023
11
79.0117010000000022
21
-75.8381349999999941
0
LINE
8
BLACK
6
CONTINUOUS
10
79.0117010000000022
20
-75.8381349999999941
11
79.0947499999999906
21
-75.6751419999999939
0
LINE
8
BLACK
6
CONTINUOUS
10
79.0947499999999906
20
-75.6751419999999939
11
79.0947510000000023
21
-75.6751409999999964
0
LINE
8
BLACK
6
CONTINUOUS
10
79.0947510000000023
20
-75.6751409999999964
11
79.1738119999999981
21
-75.4318150000000003
0
LINE
8
BLACK
6
CONTINUOUS
10
79.1738119999999981
20
-75.4318150000000003
11
79.2138399999999905
21
-75.1790949999999896
0
LINE
8
BLACK
6
CONTINUOUS
10
79.2138399999999905
20
-75.1790949999999896
11
79.2138399999999905
21
-74.9232439999999968
0
LINE
8
BLACK
6
CONTINUOUS
10
79.2138399999999905
20
-74.9232439999999968
11
79.1738119999999981
21
-74.6705240000000003
0
LINE
8
BLACK
6
CONTINUOUS
10
79.1738119999999981
20
-74.6705240000000003
11
79.0947489999999931
21
-74.4271919999999909
0
LINE
8
BLACK
6
CONTINUOUS
10
79.0947489999999931
20
-74.4271919999999909
11
79.0116999999999905
21
-74.2642039999999923
0
LINE
8
BLACK
6
CONTINUOUS
10
79.0116999999999905
20
-74.2642039999999923
11
78.3925739999999962
21
-74.8833300000000008
0
LINE
8
BLACK
6
CONTINUOUS
10
77.9383399999999966
20
-74.0647719999999907
11
78.3753039999999999
21
-73.6278080000000017
0
LINE
8
BLACK
6
CONTINUOUS
10
78.3753039999999999
20
-73.6278080000000017
11
78.3753039999999999
21
-73.62780699999999
0
LINE
8
BLACK
6
CONTINUOUS
10
78.3753039999999999
20
-73.62780699999999
11
78.2123169999999988
21
-73.5447599999999966
0
LINE
8
BLACK
6
CONTINUOUS
10
78.2123169999999988
20
-73.5447599999999966
11
77.9689839999999919
21
-73.4656969999999916
0
LINE
8
BLACK
6
CONTINUOUS
10
77.9689839999999919
20
-73.4656969999999916
11
77.9689850000000035
21
-73.4656969999999916
0
LINE
8
BLACK
6
CONTINUOUS
10
77.9689850000000035
20
-73.4656969999999916
11
77.9383399999999966
21
-73.460842999999997
0
LINE
8
BLACK
6
CONTINUOUS
10
77.9383399999999966
20
-73.460842999999997
11
77.9383399999999966
21
-74.0647719999999907
0
LINE
8
BLACK
6
CONTINUOUS
10
83.8478219999999936
20
-67.335599000000002
11
83.4640229999999974
21
-67.557185000000004
0
LINE
8
BLACK
6
CONTINUOUS
10
83.4640229999999974
20
-67.557185000000004
11
83.0623719999999963
21
-67.7444780000000009
0
LINE
8
BLACK
6
CONTINUOUS
10
83.0623719999999963
20
-67.7444780000000009
11
82.6459249999999912
21
-67.8960519999999974
0
LINE
8
BLACK
6
CONTINUOUS
10
82.6459249999999912
20
-67.8960519999999974
11
82.217852999999991
21
-68.0107539999999915
0
LINE
8
BLACK
6
CONTINUOUS
10
82.217852999999991
20
-68.0107539999999915
11
81.7814130000000006
21
-68.0877100000000013
0
LINE
8
BLACK
6
CONTINUOUS
10
81.7814130000000006
20
-68.0877100000000013
11
81.3399259999999913
21
-68.1263349999999974
0
LINE
8
BLACK
6
CONTINUOUS
10
81.3399259999999913
20
-68.1263349999999974
11
80.8967540000000014
21
-68.1263349999999974
0
LINE
8
BLACK
6
CONTINUOUS
10
80.8967540000000014
20
-68.1263349999999974
11
80.4552669999999921
21
-68.0877100000000013
0
LINE
8
BLACK
6
CONTINUOUS
10
80.4552669999999921
20
-68.0877100000000013
11
80.0188270000000017
21
-68.0107539999999915
0
LINE
8
BLACK
6
CONTINUOUS
10
80.0188270000000017
20
-68.0107539999999915
11
79.5907550000000015
21
-67.8960519999999974
0
LINE
8
BLACK
6
CONTINUOUS
10
79.5907550000000015
20
-67.8960519999999974
11
79.1743079999999964
21
-67.7444780000000009
0
LINE
8
BLACK
6
CONTINUOUS
10
79.1743079999999964
20
-67.7444780000000009
11
78.7726569999999953
21
-67.557185000000004
0
LINE
8
BLACK
6
CONTINUOUS
10
78.7726569999999953
20
-67.557185000000004
11
78.4984070000000003
21
-67.3988470000000035
0
LINE
8
BLACK
6
CONTINUOUS
10
78.4984070000000003
20
-67.3988470000000035
11
78.4434179999999941
21
-67.5438410000000005
0
LINE
8
BLACK
6
CONTINUOUS
10
78.4434179999999941
20
-67.5438410000000005
11
78.2760869999999898
21
-68.0808189999999911
0
LINE
8
BLACK
6
CONTINUOUS
10
78.2760869999999898
20
-68.0808189999999911
11
78.2494959999999935
21
-68.1886999999999972
0
LINE
8
BLACK
6
CONTINUOUS
10
78.2494959999999935
20
-68.1886999999999972
11
78.6547070000000019
21
-68.3951649999999916
0
LINE
8
BLACK
6
CONTINUOUS
10
78.6547070000000019
20
-68.3951649999999916
11
78.6547219999999925
21
-68.3951720000000023
0
LINE
8
BLACK
6
CONTINUOUS
10
78.6547219999999925
20
-68.3951720000000023
11
79.0815829999999949
21
-68.571984999999998
0
LINE
8
BLACK
6
CONTINUOUS
10
79.0815829999999949
20
-68.571984999999998
11
79.0816159999999968
21
-68.5719969999999961
0
LINE
8
BLACK
6
CONTINUOUS
10
79.0816159999999968
20
-68.5719969999999961
11
79.5210220000000021
21
-68.7147679999999923
0
LINE
8
BLACK
6
CONTINUOUS
10
79.5210220000000021
20
-68.7147679999999923
11
79.5210299999999961
21
-68.7147709999999989
0
LINE
8
BLACK
6
CONTINUOUS
10
79.5210299999999961
20
-68.7147709999999989
11
79.9703219999999959
21
-68.8226360000000028
0
LINE
8
BLACK
6
CONTINUOUS
10
79.9703219999999959
20
-68.8226360000000028
11
79.9703190000000035
21
-68.8226360000000028
0
LINE
8
BLACK
6
CONTINUOUS
10
79.9703190000000035
20
-68.8226360000000028
11
80.4266899999999936
21
-68.8949169999999924
0
LINE
8
BLACK
6
CONTINUOUS
10
80.4266899999999936
20
-68.8949169999999924
11
80.887321
21
-68.931168999999997
0
LINE
8
BLACK
6
CONTINUOUS
10
80.887321
20
-68.931168999999997
11
80.887321
21
-68.9311699999999945
0
LINE
8
BLACK
6
CONTINUOUS
10
80.887321
20
-68.9311699999999945
11
81.3493589999999926
21
-68.9311699999999945
0
LINE
8
BLACK
6
CONTINUOUS
10
81.3493589999999926
20
-68.9311699999999945
11
81.3493579999999952
21
-68.931168999999997
0
LINE
8
BLACK
6
CONTINUOUS
10
81.3493579999999952
20
-68.931168999999997
11
81.8099890000000016
21
-68.8949169999999924
0
LINE
8
BLACK
6
CONTINUOUS
10
81.8099890000000016
20
-68.8949169999999924
11
82.2663589999999942
21
-68.8226360000000028
0
LINE
8
BLACK
6
CONTINUOUS
10
82.2663589999999942
20
-68.8226360000000028
11
82.7156489999999991
21
-68.7147709999999989
0
LINE
8
BLACK
6
CONTINUOUS
10
82.7156489999999991
20
-68.7147709999999989
11
82.7156569999999931
21
-68.7147679999999923
0
LINE
8
BLACK
6
CONTINUOUS
10
82.7156569999999931
20
-68.7147679999999923
11
83.1550629999999984
21
-68.5719969999999961
0
LINE
8
BLACK
6
CONTINUOUS
10
83.1550629999999984
20
-68.5719969999999961
11
83.1550960000000003
21
-68.571984999999998
0
LINE
8
BLACK
6
CONTINUOUS
10
83.1550960000000003
20
-68.571984999999998
11
83.5819570000000027
21
-68.3951720000000023
0
LINE
8
BLACK
6
CONTINUOUS
10
83.5819570000000027
20
-68.3951720000000023
11
83.5819719999999933
21
-68.3951649999999916
0
LINE
8
BLACK
6
CONTINUOUS
10
83.5819719999999933
20
-68.3951649999999916
11
83.993631999999991
21
-68.1854139999999944
0
LINE
8
BLACK
6
CONTINUOUS
10
83.993631999999991
20
-68.1854139999999944
11
84.2983399999999961
21
-67.9986899999999963
0
LINE
8
BLACK
6
CONTINUOUS
10
84.2983399999999961
20
-67.9986899999999963
11
84.2983399999999961
21
-67.9581510000000009
0
LINE
8
BLACK
6
CONTINUOUS
10
84.2983399999999961
20
-67.9581510000000009
11
84.2983830000000012
21
-67.9574789999999922
0
LINE
8
BLACK
6
CONTINUOUS
10
84.2983830000000012
20
-67.9574789999999922
11
84.2983819999999895
21
-67.8390610000000009
0
LINE
8
BLACK
6
CONTINUOUS
10
84.2983819999999895
20
-67.8390610000000009
11
84.2717079999999896
21
-67.6023560000000003
0
LINE
8
BLACK
6
CONTINUOUS
10
84.2717079999999896
20
-67.6023560000000003
11
84.2186979999999892
21
-67.3701269999999965
0
LINE
8
BLACK
6
CONTINUOUS
10
84.2186979999999892
20
-67.3701269999999965
11
84.1400199999999927
21
-67.1452929999999952
0
LINE
8
BLACK
6
CONTINUOUS
10
84.1400199999999927
20
-67.1452929999999952
11
84.1348720000000014
21
-67.1346029999999985
0
LINE
8
BLACK
6
CONTINUOUS
10
84.1348720000000014
20
-67.1346029999999985
11
83.8478219999999936
21
-67.335599000000002
0
LINE
8
BLACK
6
CONTINUOUS
10
77.2909349999999904
20
-67.5149689999999936
11
77.4752589999999941
21
-67.6723970000000037
0
LINE
8
BLACK
6
CONTINUOUS
10
77.4752589999999941
20
-67.6723970000000037
11
77.6391969999999958
21
-67.7915050000000008
0
LINE
8
BLACK
6
CONTINUOUS
10
77.6391969999999958
20
-67.7915050000000008
11
77.6914479999999941
21
-67.6040759999999921
0
LINE
8
BLACK
6
CONTINUOUS
10
77.6914479999999941
20
-67.6040759999999921
11
77.8886309999999895
21
-67.032668000000001
0
LINE
8
BLACK
6
CONTINUOUS
10
77.8886309999999895
20
-67.032668000000001
11
77.9090369999999979
21
-66.9834019999999981
0
LINE
8
BLACK
6
CONTINUOUS
10
77.9090369999999979
20
-66.9834019999999981
11
77.8619829999999951
21
-66.9439199999999914
0
LINE
8
BLACK
6
CONTINUOUS
10
77.8619829999999951
20
-66.9439199999999914
11
77.2909349999999904
21
-67.5149689999999936
0
LINE
8
BLACK
6
CONTINUOUS
10
93.9878399999999914
20
-61.2221130000000002
11
93.9878399999999914
21
-61.7221130000000002
0
LINE
8
BLACK
6
CONTINUOUS
10
93.9878399999999914
20
-61.7221130000000002
11
93.9878399999999914
21
-61.8802269999999979
0
LINE
8
BLACK
6
CONTINUOUS
10
93.9878399999999914
20
-61.8802269999999979
11
94.0287629999999979
21
-62.0329539999999966
0
LINE
8
BLACK
6
CONTINUOUS
10
94.0287629999999979
20
-62.0329539999999966
11
94.1078199999999896
21
-62.1698859999999982
0
LINE
8
BLACK
6
CONTINUOUS
10
94.1078199999999896
20
-62.1698859999999982
11
94.219623999999996
21
-62.2816899999999976
0
LINE
8
BLACK
6
CONTINUOUS
10
94.219623999999996
20
-62.2816899999999976
11
94.3565559999999977
21
-62.3607469999999964
0
LINE
8
BLACK
6
CONTINUOUS
10
94.3565559999999977
20
-62.3607469999999964
11
94.5092829999999964
21
-62.4016699999999958
0
LINE
8
BLACK
6
CONTINUOUS
10
94.5092829999999964
20
-62.4016699999999958
11
94.5888399999999905
21
-62.4016699999999958
0
LINE
8
BLACK
6
CONTINUOUS
10
94.5888399999999905
20
-62.4016699999999958
11
94.6633399999999909
21
-62.4216319999999953
0
LINE
8
BLACK
6
CONTINUOUS
10
94.6633399999999909
20
-62.4216319999999953
11
94.7178779999999989
21
-62.4761699999999962
0
LINE
8
BLACK
6
CONTINUOUS
10
94.7178779999999989
20
-62.4761699999999962
11
94.7378399999999914
21
-62.5506699999999967
0
LINE
8
BLACK
6
CONTINUOUS
10
94.7378399999999914
20
-62.5506699999999967
11
94.7378399999999914
21
-62.6302269999999979
0
LINE
8
BLACK
6
CONTINUOUS
10
94.7378399999999914
20
-62.6302269999999979
11
94.7787629999999979
21
-62.7829539999999966
0
LINE
8
BLACK
6
CONTINUOUS
10
94.7787629999999979
20
-62.7829539999999966
11
94.8578199999999896
21
-62.9198859999999982
0
LINE
8
BLACK
6
CONTINUOUS
10
94.8578199999999896
20
-62.9198859999999982
11
94.969623999999996
21
-63.0316899999999976
0
LINE
8
BLACK
6
CONTINUOUS
10
94.969623999999996
20
-63.0316899999999976
11
95.1065559999999977
21
-63.1107469999999964
0
LINE
8
BLACK
6
CONTINUOUS
10
95.1065559999999977
20
-63.1107469999999964
11
95.2592829999999964
21
-63.1516699999999958
0
LINE
8
BLACK
6
CONTINUOUS
10
95.2592829999999964
20
-63.1516699999999958
11
95.917396999999994
21
-63.1516699999999958
0
LINE
8
BLACK
6
CONTINUOUS
10
95.917396999999994
20
-63.1516699999999958
11
96.0701239999999927
21
-63.1107469999999964
0
LINE
8
BLACK
6
CONTINUOUS
10
96.0701239999999927
20
-63.1107469999999964
11
96.2070559999999944
21
-63.0316899999999976
0
LINE
8
BLACK
6
CONTINUOUS
10
96.2070559999999944
20
-63.0316899999999976
11
96.3188600000000008
21
-62.9198859999999982
0
LINE
8
BLACK
6
CONTINUOUS
10
96.3188600000000008
20
-62.9198859999999982
11
96.3979169999999925
21
-62.7829539999999966
0
LINE
8
BLACK
6
CONTINUOUS
10
96.3979169999999925
20
-62.7829539999999966
11
96.438839999999999
21
-62.6302269999999979
0
LINE
8
BLACK
6
CONTINUOUS
10
96.438839999999999
20
-62.6302269999999979
11
96.438839999999999
21
-62.5506699999999967
0
LINE
8
BLACK
6
CONTINUOUS
10
96.438839999999999
20
-62.5506699999999967
11
96.4588019999999915
21
-62.4761699999999962
0
LINE
8
BLACK
6
CONTINUOUS
10
96.4588019999999915
20
-62.4761699999999962
11
96.5133399999999995
21
-62.4216319999999953
0
LINE
8
BLACK
6
CONTINUOUS
10
96.5133399999999995
20
-62.4216319999999953
11
96.5878399999999999
21
-62.4016699999999958
0
LINE
8
BLACK
6
CONTINUOUS
10
96.5878399999999999
20
-62.4016699999999958
11
96.667396999999994
21
-62.4016699999999958
0
LINE
8
BLACK
6
CONTINUOUS
10
96.667396999999994
20
-62.4016699999999958
11
96.8201239999999927
21
-62.3607469999999964
0
LINE
8
BLACK
6
CONTINUOUS
10
96.8201239999999927
20
-62.3607469999999964
11
96.9570559999999944
21
-62.2816899999999976
0
LINE
8
BLACK
6
CONTINUOUS
10
96.9570559999999944
20
-62.2816899999999976
11
97.0688600000000008
21
-62.1698859999999982
0
LINE
8
BLACK
6
CONTINUOUS
10
97.0688600000000008
20
-62.1698859999999982
11
97.1479169999999925
21
-62.0329539999999966
0
LINE
8
BLACK
6
CONTINUOUS
10
97.1479169999999925
20
-62.0329539999999966
11
97.188839999999999
21
-61.8802269999999979
0
LINE
8
BLACK
6
CONTINUOUS
10
97.188839999999999
20
-61.8802269999999979
11
97.188839999999999
21
-61.2221130000000002
0
LINE
8
BLACK
6
CONTINUOUS
10
97.188839999999999
20
-61.2221130000000002
11
97.1479169999999925
21
-61.0693859999999944
0
LINE
8
BLACK
6
CONTINUOUS
10
97.1479169999999925
20
-61.0693859999999944
11
97.0688600000000008
21
-60.9324539999999999
0
LINE
8
BLACK
6
CONTINUOUS
10
97.0688600000000008
20
-60.9324539999999999
11
96.9570559999999944
21
-60.8206500000000005
0
LINE
8
BLACK
6
CONTINUOUS
10
96.9570559999999944
20
-60.8206500000000005
11
96.8201239999999927
21
-60.7415929999999946
0
LINE
8
BLACK
6
CONTINUOUS
10
96.8201239999999927
20
-60.7415929999999946
11
96.667396999999994
21
-60.7006699999999952
0
LINE
8
BLACK
6
CONTINUOUS
10
96.667396999999994
20
-60.7006699999999952
11
96.5878399999999999
21
-60.7006699999999952
0
LINE
8
BLACK
6
CONTINUOUS
10
96.5878399999999999
20
-60.7006699999999952
11
96.5133399999999995
21
-60.6807079999999956
0
LINE
8
BLACK
6
CONTINUOUS
10
96.5133399999999995
20
-60.6807079999999956
11
96.4588019999999915
21
-60.6261699999999948
0
LINE
8
BLACK
6
CONTINUOUS
10
96.4588019999999915
20
-60.6261699999999948
11
96.438839999999999
21
-60.5516699999999943
0
LINE
8
BLACK
6
CONTINUOUS
10
96.438839999999999
20
-60.5516699999999943
11
96.438839999999999
21
-60.4721130000000002
0
LINE
8
BLACK
6
CONTINUOUS
10
96.438839999999999
20
-60.4721130000000002
11
96.4388390000000015
21
-60.4721109999999982
0
LINE
8
BLACK
6
CONTINUOUS
10
96.4388390000000015
20
-60.4721109999999982
11
96.4356889999999964
21
-60.4603549999999998
0
LINE
8
BLACK
6
CONTINUOUS
10
96.4356889999999964
20
-60.4603549999999998
11
96.3979169999999925
21
-60.3193859999999944
0
LINE
8
BLACK
6
CONTINUOUS
10
96.3979169999999925
20
-60.3193859999999944
11
96.3188600000000008
21
-60.1824539999999999
0
LINE
8
BLACK
6
CONTINUOUS
10
96.3188600000000008
20
-60.1824539999999999
11
96.2070559999999944
21
-60.0706500000000005
0
LINE
8
BLACK
6
CONTINUOUS
10
96.2070559999999944
20
-60.0706500000000005
11
96.0701239999999927
21
-59.9915929999999946
0
LINE
8
BLACK
6
CONTINUOUS
10
96.0701239999999927
20
-59.9915929999999946
11
95.917396999999994
21
-59.9506699999999952
0
LINE
8
BLACK
6
CONTINUOUS
10
95.917396999999994
20
-59.9506699999999952
11
95.417396999999994
21
-59.9506699999999952
0
LINE
8
BLACK
6
CONTINUOUS
10
95.417396999999994
20
-59.9506699999999952
11
95.2592829999999964
21
-59.9506699999999952
0
LINE
8
BLACK
6
CONTINUOUS
10
95.2592829999999964
20
-59.9506699999999952
11
95.1065559999999977
21
-59.9915929999999946
0
LINE
8
BLACK
6
CONTINUOUS
10
95.1065559999999977
20
-59.9915929999999946
11
95.1065540000000027
21
-59.9915929999999946
0
LINE
8
BLACK
6
CONTINUOUS
10
95.1065540000000027
20
-59.9915929999999946
11
95.1065540000000027
21
-59.9915939999999992
0
LINE
8
BLACK
6
CONTINUOUS
10
95.1065540000000027
20
-59.9915939999999992
11
94.9696229999999986
21
-60.0706500000000005
0
LINE
8
BLACK
6
CONTINUOUS
10
94.9696229999999986
20
-60.0706500000000005
11
94.8578199999999896
21
-60.1824529999999953
0
LINE
8
BLACK
6
CONTINUOUS
10
94.8578199999999896
20
-60.1824529999999953
11
94.7787639999999953
21
-60.3193839999999994
0
LINE
8
BLACK
6
CONTINUOUS
10
94.7787639999999953
20
-60.3193839999999994
11
94.7787629999999979
21
-60.3193859999999944
0
LINE
8
BLACK
6
CONTINUOUS
10
94.7787629999999979
20
-60.3193859999999944
11
94.778150999999994
21
-60.3216699999999975
0
LINE
8
BLACK
6
CONTINUOUS
10
94.778150999999994
20
-60.3216699999999975
11
94.7378399999999914
21
-60.4721109999999982
0
LINE
8
BLACK
6
CONTINUOUS
10
94.7378399999999914
20
-60.4721109999999982
11
94.7378399999999914
21
-60.5516699999999943
0
LINE
8
BLACK
6
CONTINUOUS
10
94.7378399999999914
20
-60.5516699999999943
11
94.7178779999999989
21
-60.6261699999999948
0
LINE
8
BLACK
6
CONTINUOUS
10
94.7178779999999989
20
-60.6261699999999948
11
94.6633399999999909
21
-60.6807079999999956
0
LINE
8
BLACK
6
CONTINUOUS
10
94.6633399999999909
20
-60.6807079999999956
11
94.5888399999999905
21
-60.7006699999999952
0
LINE
8
BLACK
6
CONTINUOUS
10
94.5888399999999905
20
-60.7006699999999952
11
94.5092829999999964
21
-60.7006699999999952
0
LINE
8
BLACK
6
CONTINUOUS
10
94.5092829999999964
20
-60.7006699999999952
11
94.3565559999999977
21
-60.7415929999999946
0
LINE
8
BLACK
6
CONTINUOUS
10
94.3565559999999977
20
-60.7415929999999946
11
94.3565540000000027
21
-60.7415929999999946
0
LINE
8
BLACK
6
CONTINUOUS
10
94.3565540000000027
20
-60.7415929999999946
11
94.3565540000000027
21
-60.7415939999999992
0
LINE
8
BLACK
6
CONTINUOUS
10
94.3565540000000027
20
-60.7415939999999992
11
94.2196229999999986
21
-60.8206500000000005
0
LINE
8
BLACK
6
CONTINUOUS
10
94.2196229999999986
20
-60.8206500000000005
11
94.1078199999999896
21
-60.9324529999999953
0
LINE
8
BLACK
6
CONTINUOUS
10
94.1078199999999896
20
-60.9324529999999953
11
94.0287639999999953
21
-61.0693839999999994
0
LINE
8
BLACK
6
CONTINUOUS
10
94.0287639999999953
20
-61.0693839999999994
11
93.9878399999999914
21
-61.2221109999999982
0
LINE
8
BLACK
6
CONTINUOUS
10
93.9878399999999914
20
-61.2221109999999982
11
93.9878399999999914
21
-61.2221130000000002
0
LINE
8
BLACK
6
CONTINUOUS
10
80.4266899999999936
20
-57.207421999999994
11
79.970320000000001
21
-57.2797029999999978
0
LINE
8
BLACK
6
CONTINUOUS
10
79.970320000000001
20
-57.2797029999999978
11
79.5210299999999961
21
-57.3875679999999946
0
LINE
8
BLACK
6
CONTINUOUS
10
79.5210299999999961
20
-57.3875679999999946
11
79.5210220000000021
21
-57.3875709999999941
0
LINE
8
BLACK
6
CONTINUOUS
10
79.5210220000000021
20
-57.3875709999999941
11
79.0816159999999968
21
-57.5303419999999974
0
LINE
8
BLACK
6
CONTINUOUS
10
79.0816159999999968
20
-57.5303419999999974
11
79.0815829999999949
21
-57.5303539999999956
0
LINE
8
BLACK
6
CONTINUOUS
10
79.0815829999999949
20
-57.5303539999999956
11
78.6547219999999925
21
-57.7071669999999983
0
LINE
8
BLACK
6
CONTINUOUS
10
78.6547219999999925
20
-57.7071669999999983
11
78.6547070000000019
21
-57.7071739999999949
0
LINE
8
BLACK
6
CONTINUOUS
10
78.6547070000000019
20
-57.7071739999999949
11
78.24304699999999
21
-57.9169249999999991
0
LINE
8
BLACK
6
CONTINUOUS
10
78.24304699999999
20
-57.9169249999999991
11
77.849070999999995
21
-58.1583520000000007
0
LINE
8
BLACK
6
CONTINUOUS
10
77.849070999999995
20
-58.1583520000000007
11
77.4752589999999941
21
-58.4299429999999944
0
LINE
8
BLACK
6
CONTINUOUS
10
77.4752589999999941
20
-58.4299429999999944
11
77.2909349999999904
21
-58.5873689999999954
0
LINE
8
BLACK
6
CONTINUOUS
10
77.2909349999999904
20
-58.5873689999999954
11
77.8619839999999925
21
-59.1584179999999975
0
LINE
8
BLACK
6
CONTINUOUS
10
77.8619839999999925
20
-59.1584179999999975
11
78.0258319999999941
21
-59.0209349999999944
0
LINE
8
BLACK
6
CONTINUOUS
10
78.0258319999999941
20
-59.0209349999999944
11
78.388857999999999
21
-58.7667409999999961
0
LINE
8
BLACK
6
CONTINUOUS
10
78.388857999999999
20
-58.7667409999999961
11
78.7726569999999953
21
-58.5451549999999941
0
LINE
8
BLACK
6
CONTINUOUS
10
78.7726569999999953
20
-58.5451549999999941
11
79.1743079999999964
21
-58.3578619999999972
0
LINE
8
BLACK
6
CONTINUOUS
10
79.1743079999999964
20
-58.3578619999999972
11
79.5907550000000015
21
-58.2062880000000007
0
LINE
8
BLACK
6
CONTINUOUS
10
79.5907550000000015
20
-58.2062880000000007
11
80.0188270000000017
21
-58.0915859999999995
0
LINE
8
BLACK
6
CONTINUOUS
10
80.0188270000000017
20
-58.0915859999999995
11
80.4552669999999921
21
-58.0146299999999968
0
LINE
8
BLACK
6
CONTINUOUS
10
80.4552669999999921
20
-58.0146299999999968
11
80.8967540000000014
21
-57.9760050000000007
0
LINE
8
BLACK
6
CONTINUOUS
10
80.8967540000000014
20
-57.9760050000000007
11
81.3399259999999913
21
-57.9760050000000007
0
LINE
8
BLACK
6
CONTINUOUS
10
81.3399259999999913
20
-57.9760050000000007
11
81.7814130000000006
21
-58.0146299999999968
0
LINE
8
BLACK
6
CONTINUOUS
10
81.7814130000000006
20
-58.0146299999999968
11
82.217852999999991
21
-58.0915859999999995
0
LINE
8
BLACK
6
CONTINUOUS
10
82.217852999999991
20
-58.0915859999999995
11
82.6459249999999912
21
-58.2062880000000007
0
LINE
8
BLACK
6
CONTINUOUS
10
82.6459249999999912
20
-58.2062880000000007
11
83.0623719999999963
21
-58.3578619999999972
0
LINE
8
BLACK
6
CONTINUOUS
10
83.0623719999999963
20
-58.3578619999999972
11
83.4640229999999974
21
-58.5451549999999941
0
LINE
8
BLACK
6
CONTINUOUS
10
83.4640229999999974
20
-58.5451549999999941
11
83.8478219999999936
21
-58.7667409999999961
0
LINE
8
BLACK
6
CONTINUOUS
10
83.8478219999999936
20
-58.7667409999999961
11
84.2108479999999986
21
-59.0209349999999944
0
LINE
8
BLACK
6
CONTINUOUS
10
84.2108479999999986
20
-59.0209349999999944
11
84.374693999999991
21
-59.1584179999999975
0
LINE
8
BLACK
6
CONTINUOUS
10
84.374693999999991
20
-59.1584179999999975
11
84.9457439999999906
21
-58.5873689999999954
0
LINE
8
BLACK
6
CONTINUOUS
10
84.9457439999999906
20
-58.5873689999999954
11
84.7614200000000011
21
-58.4299419999999969
0
LINE
8
BLACK
6
CONTINUOUS
10
84.7614200000000011
20
-58.4299419999999969
11
84.3876080000000002
21
-58.1583520000000007
0
LINE
8
BLACK
6
CONTINUOUS
10
84.3876080000000002
20
-58.1583520000000007
11
83.993631999999991
21
-57.9169249999999991
0
LINE
8
BLACK
6
CONTINUOUS
10
83.993631999999991
20
-57.9169249999999991
11
83.5819719999999933
21
-57.7071739999999949
0
LINE
8
BLACK
6
CONTINUOUS
10
83.5819719999999933
20
-57.7071739999999949
11
83.5819570000000027
21
-57.7071669999999983
0
LINE
8
BLACK
6
CONTINUOUS
10
83.5819570000000027
20
-57.7071669999999983
11
83.1550960000000003
21
-57.5303539999999956
0
LINE
8
BLACK
6
CONTINUOUS
10
83.1550960000000003
20
-57.5303539999999956
11
83.1550629999999984
21
-57.5303419999999974
0
LINE
8
BLACK
6
CONTINUOUS
10
83.1550629999999984
20
-57.5303419999999974
11
82.7156569999999931
21
-57.3875709999999941
0
LINE
8
BLACK
6
CONTINUOUS
10
82.7156569999999931
20
-57.3875709999999941
11
82.7156489999999991
21
-57.3875679999999946
0
LINE
8
BLACK
6
CONTINUOUS
10
82.7156489999999991
20
-57.3875679999999946
11
82.2663569999999993
21
-57.2797029999999978
0
LINE
8
BLACK
6
CONTINUOUS
10
82.2663569999999993
20
-57.2797029999999978
11
82.2663599999999917
21
-57.2797029999999978
0
LINE
8
BLACK
6
CONTINUOUS
10
82.2663599999999917
20
-57.2797029999999978
11
81.8099890000000016
21
-57.207421999999994
0
LINE
8
BLACK
6
CONTINUOUS
10
81.8099890000000016
20
-57.207421999999994
11
81.3493579999999952
21
-57.1711699999999965
0
LINE
8
BLACK
6
CONTINUOUS
10
81.3493579999999952
20
-57.1711699999999965
11
80.887321
21
-57.1711699999999965
0
LINE
8
BLACK
6
CONTINUOUS
10
80.887321
20
-57.1711699999999965
11
80.4266899999999936
21
-57.207421999999994
0
LINE
8
BLACK
6
CONTINUOUS
10
144.9878400000000056
20
-55.8802279999999953
11
144.9904829999999833
21
-55.8900900000000007
0
LINE
8
BLACK
6
CONTINUOUS
10
144.9904829999999833
20
-55.8900900000000007
11
145.0287629999999979
21
-56.0329539999999966
0
LINE
8
BLACK
6
CONTINUOUS
10
145.0287629999999979
20
-56.0329539999999966
11
145.1078200000000038
21
-56.1698859999999982
0
LINE
8
BLACK
6
CONTINUOUS
10
145.1078200000000038
20
-56.1698859999999982
11
145.2196239999999818
21
-56.2816899999999976
0
LINE
8
BLACK
6
CONTINUOUS
10
145.2196239999999818
20
-56.2816899999999976
11
145.3565559999999834
21
-56.3607469999999964
0
LINE
8
BLACK
6
CONTINUOUS
10
145.3565559999999834
20
-56.3607469999999964
11
145.5092829999999822
21
-56.4016699999999958
0
LINE
8
BLACK
6
CONTINUOUS
10
145.5092829999999822
20
-56.4016699999999958
11
145.5888400000000047
21
-56.4016699999999958
0
LINE
8
BLACK
6
CONTINUOUS
10
145.5888400000000047
20
-56.4016699999999958
11
145.6633400000000051
21
-56.4216319999999953
0
LINE
8
BLACK
6
CONTINUOUS
10
145.6633400000000051
20
-56.4216319999999953
11
145.7178779999999847
21
-56.4761699999999962
0
LINE
8
BLACK
6
CONTINUOUS
10
145.7178779999999847
20
-56.4761699999999962
11
145.7378400000000056
21
-56.5506699999999967
0
LINE
8
BLACK
6
CONTINUOUS
10
145.7378400000000056
20
-56.5506699999999967
11
145.7378400000000056
21
-56.6302269999999979
0
LINE
8
BLACK
6
CONTINUOUS
10
145.7378400000000056
20
-56.6302269999999979
11
145.7787629999999979
21
-56.7829539999999966
0
LINE
8
BLACK
6
CONTINUOUS
10
145.7787629999999979
20
-56.7829539999999966
11
145.8578200000000038
21
-56.9198859999999982
0
LINE
8
BLACK
6
CONTINUOUS
10
145.8578200000000038
20
-56.9198859999999982
11
145.9696239999999818
21
-57.0316899999999976
0
LINE
8
BLACK
6
CONTINUOUS
10
145.9696239999999818
20
-57.0316899999999976
11
146.1065559999999834
21
-57.1107469999999964
0
LINE
8
BLACK
6
CONTINUOUS
10
146.1065559999999834
20
-57.1107469999999964
11
146.2592829999999822
21
-57.1516699999999958
0
LINE
8
BLACK
6
CONTINUOUS
10
146.2592829999999822
20
-57.1516699999999958
11
146.917396999999994
21
-57.1516699999999958
0
LINE
8
BLACK
6
CONTINUOUS
10
146.917396999999994
20
-57.1516699999999958
11
147.0701239999999927
21
-57.1107469999999964
0
LINE
8
BLACK
6
CONTINUOUS
10
147.0701239999999927
20
-57.1107469999999964
11
147.2070559999999944
21
-57.0316899999999976
0
LINE
8
BLACK
6
CONTINUOUS
10
147.2070559999999944
20
-57.0316899999999976
11
147.3188600000000008
21
-56.9198859999999982
0
LINE
8
BLACK
6
CONTINUOUS
10
147.3188600000000008
20
-56.9198859999999982
11
147.3979170000000067
21
-56.7829539999999966
0
LINE
8
BLACK
6
CONTINUOUS
10
147.3979170000000067
20
-56.7829539999999966
11
147.438839999999999
21
-56.6302269999999979
0
LINE
8
BLACK
6
CONTINUOUS
10
147.438839999999999
20
-56.6302269999999979
11
147.438839999999999
21
-56.5506699999999967
0
LINE
8
BLACK
6
CONTINUOUS
10
147.438839999999999
20
-56.5506699999999967
11
147.4588019999999915
21
-56.4761699999999962
0
LINE
8
BLACK
6
CONTINUOUS
10
147.4588019999999915
20
-56.4761699999999962
11
147.5133399999999995
21
-56.4216319999999953
0
LINE
8
BLACK
6
CONTINUOUS
10
147.5133399999999995
20
-56.4216319999999953
11
147.5878399999999999
21
-56.4016699999999958
0
LINE
8
BLACK
6
CONTINUOUS
10
147.5878399999999999
20
-56.4016699999999958
11
147.667396999999994
21
-56.4016699999999958
0
LINE
8
BLACK
6
CONTINUOUS
10
147.667396999999994
20
-56.4016699999999958
11
147.8201239999999927
21
-56.3607469999999964
0
LINE
8
BLACK
6
CONTINUOUS
10
147.8201239999999927
20
-56.3607469999999964
11
147.9570559999999944
21
-56.2816899999999976
0
LINE
8
BLACK
6
CONTINUOUS
10
147.9570559999999944
20
-56.2816899999999976
11
148.0688600000000008
21
-56.1698859999999982
0
LINE
8
BLACK
6
CONTINUOUS
10
148.0688600000000008
20
-56.1698859999999982
11
148.1479170000000067
21
-56.0329539999999966
0
LINE
8
BLACK
6
CONTINUOUS
10
148.1479170000000067
20
-56.0329539999999966
11
148.188839999999999
21
-55.8802269999999979
0
LINE
8
BLACK
6
CONTINUOUS
10
148.188839999999999
20
-55.8802269999999979
11
148.188839999999999
21
-55.2221130000000002
0
LINE
8
BLACK
6
CONTINUOUS
10
148.188839999999999
20
-55.2221130000000002
11
148.1479170000000067
21
-55.0693859999999944
0
LINE
8
BLACK
6
CONTINUOUS
10
148.1479170000000067
20
-55.0693859999999944
11
148.0688600000000008
21
-54.9324539999999999
0
LINE
8
BLACK
6
CONTINUOUS
10
148.0688600000000008
20
-54.9324539999999999
11
147.9570559999999944
21
-54.8206500000000005
0
LINE
8
BLACK
6
CONTINUOUS
10
147.9570559999999944
20
-54.8206500000000005
11
147.8201239999999927
21
-54.7415929999999946
0
LINE
8
BLACK
6
CONTINUOUS
10
147.8201239999999927
20
-54.7415929999999946
11
147.667396999999994
21
-54.7006699999999952
0
LINE
8
BLACK
6
CONTINUOUS
10
147.667396999999994
20
-54.7006699999999952
11
147.5878399999999999
21
-54.7006699999999952
0
LINE
8
BLACK
6
CONTINUOUS
10
147.5878399999999999
20
-54.7006699999999952
11
147.5133399999999995
21
-54.6807079999999956
0
LINE
8
BLACK
6
CONTINUOUS
10
147.5133399999999995
20
-54.6807079999999956
11
147.4588019999999915
21
-54.6261699999999948
0
LINE
8
BLACK
6
CONTINUOUS
10
147.4588019999999915
20
-54.6261699999999948
11
147.438839999999999
21
-54.5516699999999943
0
LINE
8
BLACK
6
CONTINUOUS
10
147.438839999999999
20
-54.5516699999999943
11
147.438839999999999
21
-54.4721130000000002
0
LINE
8
BLACK
6
CONTINUOUS
10
147.438839999999999
20
-54.4721130000000002
11
147.4388390000000015
21
-54.4721109999999982
0
LINE
8
BLACK
6
CONTINUOUS
10
147.4388390000000015
20
-54.4721109999999982
11
147.3979170000000067
21
-54.3193859999999944
0
LINE
8
BLACK
6
CONTINUOUS
10
147.3979170000000067
20
-54.3193859999999944
11
147.3188600000000008
21
-54.1824539999999999
0
LINE
8
BLACK
6
CONTINUOUS
10
147.3188600000000008
20
-54.1824539999999999
11
147.2070559999999944
21
-54.0706500000000005
0
LINE
8
BLACK
6
CONTINUOUS
10
147.2070559999999944
20
-54.0706500000000005
11
147.0701239999999927
21
-53.9915929999999946
0
LINE
8
BLACK
6
CONTINUOUS
10
147.0701239999999927
20
-53.9915929999999946
11
146.917396999999994
21
-53.9506699999999952
0
LINE
8
BLACK
6
CONTINUOUS
10
146.917396999999994
20
-53.9506699999999952
11
146.417396999999994
21
-53.9506699999999952
0
LINE
8
BLACK
6
CONTINUOUS
10
146.417396999999994
20
-53.9506699999999952
11
146.2592829999999822
21
-53.9506699999999952
0
LINE
8
BLACK
6
CONTINUOUS
10
146.2592829999999822
20
-53.9506699999999952
11
146.1065559999999834
21
-53.9915929999999946
0
LINE
8
BLACK
6
CONTINUOUS
10
146.1065559999999834
20
-53.9915929999999946
11
146.1065539999999885
21
-53.9915929999999946
0
LINE
8
BLACK
6
CONTINUOUS
10
146.1065539999999885
20
-53.9915929999999946
11
146.1065539999999885
21
-53.9915939999999992
0
LINE
8
BLACK
6
CONTINUOUS
10
146.1065539999999885
20
-53.9915939999999992
11
145.9696229999999844
21
-54.0706500000000005
0
LINE
8
BLACK
6
CONTINUOUS
10
145.9696229999999844
20
-54.0706500000000005
11
145.8578200000000038
21
-54.1824529999999953
0
LINE
8
BLACK
6
CONTINUOUS
10
145.8578200000000038
20
-54.1824529999999953
11
145.78558799999999
21
-54.3075639999999993
0
LINE
8
BLACK
6
CONTINUOUS
10
145.78558799999999
20
-54.3075639999999993
11
145.7787629999999979
21
-54.3193859999999944
0
LINE
8
BLACK
6
CONTINUOUS
10
145.7787629999999979
20
-54.3193859999999944
11
145.7767619999999908
21
-54.3268549999999948
0
LINE
8
BLACK
6
CONTINUOUS
10
145.7767619999999908
20
-54.3268549999999948
11
145.7378400000000056
21
-54.4721109999999982
0
LINE
8
BLACK
6
CONTINUOUS
10
145.7378400000000056
20
-54.4721109999999982
11
145.7378400000000056
21
-54.5516699999999943
0
LINE
8
BLACK
6
CONTINUOUS
10
145.7378400000000056
20
-54.5516699999999943
11
145.7178779999999847
21
-54.6261699999999948
0
LINE
8
BLACK
6
CONTINUOUS
10
145.7178779999999847
20
-54.6261699999999948
11
145.6633400000000051
21
-54.6807079999999956
0
LINE
8
BLACK
6
CONTINUOUS
10
145.6633400000000051
20
-54.6807079999999956
11
145.5888400000000047
21
-54.7006699999999952
0
LINE
8
BLACK
6
CONTINUOUS
10
145.5888400000000047
20
-54.7006699999999952
11
145.5092829999999822
21
-54.7006699999999952
0
LINE
8
BLACK
6
CONTINUOUS
10
145.5092829999999822
20
-54.7006699999999952
11
145.3565559999999834
21
-54.7415929999999946
0
LINE
8
BLACK
6
CONTINUOUS
10
145.3565559999999834
20
-54.7415929999999946
11
145.3565539999999885
21
-54.7415929999999946
0
LINE
8
BLACK
6
CONTINUOUS
10
145.3565539999999885
20
-54.7415929999999946
11
145.3565539999999885
21
-54.7415939999999992
0
LINE
8
BLACK
6
CONTINUOUS
10
145.3565539999999885
20
-54.7415939999999992
11
145.2196229999999844
21
-54.8206500000000005
0
LINE
8
BLACK
6
CONTINUOUS
10
145.2196229999999844
20
-54.8206500000000005
11
145.1078200000000038
21
-54.9324529999999953
0
LINE
8
BLACK
6
CONTINUOUS
10
145.1078200000000038
20
-54.9324529999999953
11
145.0457930000000033
21
-55.0398889999999952
0
LINE
8
BLACK
6
CONTINUOUS
10
145.0457930000000033
20
-55.0398889999999952
11
145.0287629999999979
21
-55.0693859999999944
0
LINE
8
BLACK
6
CONTINUOUS
10
145.0287629999999979
20
-55.0693859999999944
11
145.015057999999982
21
-55.1205349999999967
0
LINE
8
BLACK
6
CONTINUOUS
10
145.015057999999982
20
-55.1205349999999967
11
144.9878400000000056
21
-55.2221109999999982
0
LINE
8
BLACK
6
CONTINUOUS
10
144.9878400000000056
20
-55.2221109999999982
11
144.9878400000000056
21
-55.8802279999999953
0
LINE
8
BLACK
6
CONTINUOUS
10
109.0153320000000008
20
-95.8955729999999988
11
109.1691500000000019
21
-95.9739479999999929
0
LINE
8
BLACK
6
CONTINUOUS
10
109.1691500000000019
20
-95.9739479999999929
11
109.4086659999999966
21
-96.0517710000000022
0
LINE
8
BLACK
6
CONTINUOUS
10
109.4086659999999966
20
-96.0517710000000022
11
109.4086659999999966
21
-96.0517719999999997
0
LINE
8
BLACK
6
CONTINUOUS
10
109.4086659999999966
20
-96.0517719999999997
11
109.6574219999999968
21
-96.0911699999999911
0
LINE
8
BLACK
6
CONTINUOUS
10
109.6574219999999968
20
-96.0911699999999911
11
109.9092579999999941
21
-96.0911699999999911
0
LINE
8
BLACK
6
CONTINUOUS
10
109.9092579999999941
20
-96.0911699999999911
11
110.1580129999999969
21
-96.0517719999999997
0
LINE
8
BLACK
6
CONTINUOUS
10
110.1580129999999969
20
-96.0517719999999997
11
110.1580129999999969
21
-96.0517710000000022
0
LINE
8
BLACK
6
CONTINUOUS
10
110.1580129999999969
20
-96.0517710000000022
11
110.3975289999999916
21
-95.9739479999999929
0
LINE
8
BLACK
6
CONTINUOUS
10
110.3975289999999916
20
-95.9739479999999929
11
110.5513459999999952
21
-95.8955729999999988
0
LINE
8
BLACK
6
CONTINUOUS
10
110.5513459999999952
20
-95.8955729999999988
11
110.5513459999999952
21
-95.8955720000000014
0
LINE
8
BLACK
6
CONTINUOUS
10
110.5513459999999952
20
-95.8955720000000014
11
109.9295959999999894
21
-95.2738219999999956
0
LINE
8
BLACK
6
CONTINUOUS
10
109.9295959999999894
20
-95.2738219999999956
11
109.8617539999999906
21
-95.2873179999999991
0
LINE
8
BLACK
6
CONTINUOUS
10
109.8617539999999906
20
-95.2873179999999991
11
109.7049260000000004
21
-95.2873179999999991
0
LINE
8
BLACK
6
CONTINUOUS
10
109.7049260000000004
20
-95.2873179999999991
11
109.6370819999999924
21
-95.2738219999999956
0
LINE
8
BLACK
6
CONTINUOUS
10
109.6370819999999924
20
-95.2738219999999956
11
109.0153320000000008
21
-95.8955720000000014
0
LINE
8
BLACK
6
CONTINUOUS
10
109.0153320000000008
20
-95.8955720000000014
11
109.0153320000000008
21
-95.8955729999999988
0
LINE
8
BLACK
6
CONTINUOUS
10
91.1957299999999975
20
-94.2154699999999963
11
91.195730999999995
21
-94.2154689999999988
0
LINE
8
BLACK
6
CONTINUOUS
10
91.195730999999995
20
-94.2154689999999988
11
91.2003639999999933
21
-94.2142279999999914
0
LINE
8
BLACK
6
CONTINUOUS
10
91.2003639999999933
20
-94.2142279999999914
11
91.2003679999999974
21
-94.214226999999994
0
LINE
8
BLACK
6
CONTINUOUS
10
91.2003679999999974
20
-94.214226999999994
11
91.4126179999999948
21
-94.126308999999992
0
LINE
8
BLACK
6
CONTINUOUS
10
91.4126179999999948
20
-94.126308999999992
11
91.6115679999999912
21
-94.0114449999999948
0
LINE
8
BLACK
6
CONTINUOUS
10
91.6115679999999912
20
-94.0114449999999948
11
91.6115700000000004
21
-94.0114439999999973
0
LINE
8
BLACK
6
CONTINUOUS
10
91.6115700000000004
20
-94.0114439999999973
11
91.7938229999999891
21
-93.8715949999999992
0
LINE
8
BLACK
6
CONTINUOUS
10
91.7938229999999891
20
-93.8715949999999992
11
91.9562650000000019
21
-93.7091530000000006
0
LINE
8
BLACK
6
CONTINUOUS
10
91.9562650000000019
20
-93.7091530000000006
11
92.096114
21
-93.5268999999999977
0
LINE
8
BLACK
6
CONTINUOUS
10
92.096114
20
-93.5268999999999977
11
92.0961149999999975
21
-93.5268980000000028
0
LINE
8
BLACK
6
CONTINUOUS
10
92.0961149999999975
20
-93.5268980000000028
11
92.2109789999999947
21
-93.3279479999999921
0
LINE
8
BLACK
6
CONTINUOUS
10
92.2109789999999947
20
-93.3279479999999921
11
92.2988959999999992
21
-93.1156989999999922
0
LINE
8
BLACK
6
CONTINUOUS
10
92.2988959999999992
20
-93.1156989999999922
11
92.303135999999995
21
-93.0998779999999897
0
LINE
8
BLACK
6
CONTINUOUS
10
92.303135999999995
20
-93.0998779999999897
11
92.303135999999995
21
-93.0998769999999922
0
LINE
8
BLACK
6
CONTINUOUS
10
92.303135999999995
20
-93.0998769999999922
11
92.3066489999999931
21
-93.0867649999999998
0
LINE
8
BLACK
6
CONTINUOUS
10
92.3066489999999931
20
-93.0867649999999998
11
92.3295829999999995
21
-93.0011709999999994
0
LINE
8
BLACK
6
CONTINUOUS
10
92.3295829999999995
20
-93.0011709999999994
11
92.3295829999999995
21
-93.0011700000000019
0
LINE
8
BLACK
6
CONTINUOUS
10
92.3295829999999995
20
-93.0011700000000019
11
91.4752050000000025
21
-93.0011700000000019
0
LINE
8
BLACK
6
CONTINUOUS
10
91.4752050000000025
20
-93.0011700000000019
11
91.3721319999999935
21
-93.1554299999999955
0
LINE
8
BLACK
6
CONTINUOUS
10
91.3721319999999935
20
-93.1554299999999955
11
91.2400999999999982
21
-93.2874619999999908
0
LINE
8
BLACK
6
CONTINUOUS
10
91.2400999999999982
20
-93.2874619999999908
11
91.0848450000000014
21
-93.3911999999999978
0
LINE
8
BLACK
6
CONTINUOUS
10
91.0848450000000014
20
-93.3911999999999978
11
91.0383399999999909
21
-93.4104629999999929
0
LINE
8
BLACK
6
CONTINUOUS
10
91.0383399999999909
20
-93.4104629999999929
11
91.0383399999999909
21
-94.257639999999995
0
LINE
8
BLACK
6
CONTINUOUS
10
91.0383399999999909
20
-94.257639999999995
11
91.1957299999999975
21
-94.2154699999999963
0
LINE
8
BLACK
6
CONTINUOUS
10
134.2883400000000051
20
-91.2084139999999906
11
134.3235509999999806
21
-91.5209299999999928
0
LINE
8
BLACK
6
CONTINUOUS
10
134.3235509999999806
20
-91.5209299999999928
11
134.3935299999999984
21
-91.8275249999999943
0
LINE
8
BLACK
6
CONTINUOUS
10
134.3935299999999984
20
-91.8275249999999943
11
134.3935309999999959
21
-91.8275269999999892
0
LINE
8
BLACK
6
CONTINUOUS
10
134.3935309999999959
20
-91.8275269999999892
11
134.497399999999999
21
-92.1243679999999898
0
LINE
8
BLACK
6
CONTINUOUS
10
134.497399999999999
20
-92.1243679999999898
11
134.4974029999999914
21
-92.1243769999999955
0
LINE
8
BLACK
6
CONTINUOUS
10
134.4974029999999914
20
-92.1243769999999955
11
134.6338529999999878
21
-92.407716999999991
0
LINE
8
BLACK
6
CONTINUOUS
10
134.6338529999999878
20
-92.407716999999991
11
134.7300950000000057
21
-92.5608859999999964
0
LINE
8
BLACK
6
CONTINUOUS
10
134.7300950000000057
20
-92.5608859999999964
11
135.3167899999999975
21
-91.974189999999993
0
LINE
8
BLACK
6
CONTINUOUS
10
135.3167899999999975
20
-91.974189999999993
11
135.2945949999999868
21
-91.9357469999999921
0
LINE
8
BLACK
6
CONTINUOUS
10
135.2945949999999868
20
-91.9357469999999921
11
135.1944799999999987
21
-91.6940489999999926
0
LINE
8
BLACK
6
CONTINUOUS
10
135.1944799999999987
20
-91.6940489999999926
11
135.1267689999999959
21
-91.4413509999999974
0
LINE
8
BLACK
6
CONTINUOUS
10
135.1267689999999959
20
-91.4413509999999974
11
135.0926220000000058
21
-91.1819759999999917
0
LINE
8
BLACK
6
CONTINUOUS
10
135.0926220000000058
20
-91.1819759999999917
11
135.0926220000000058
21
-90.9203639999999922
0
LINE
8
BLACK
6
CONTINUOUS
10
135.0926220000000058
20
-90.9203639999999922
11
135.1267689999999959
21
-90.6609890000000007
0
LINE
8
BLACK
6
CONTINUOUS
10
135.1267689999999959
20
-90.6609890000000007
11
135.1944799999999987
21
-90.4082909999999913
0
LINE
8
BLACK
6
CONTINUOUS
10
135.1944799999999987
20
-90.4082909999999913
11
135.2945949999999868
21
-90.1665929999999918
0
LINE
8
BLACK
6
CONTINUOUS
10
135.2945949999999868
20
-90.1665929999999918
11
135.3944359999999847
21
-89.993662999999998
0
LINE
8
BLACK
6
CONTINUOUS
10
135.3944359999999847
20
-89.993662999999998
11
134.8135649999999828
21
-89.4127919999999961
0
LINE
8
BLACK
6
CONTINUOUS
10
134.8135649999999828
20
-89.4127919999999961
11
134.8011709999999823
21
-89.4283360000000016
0
LINE
8
BLACK
6
CONTINUOUS
10
134.8011709999999823
20
-89.4283360000000016
11
134.8011649999999975
21
-89.4283449999999931
0
LINE
8
BLACK
6
CONTINUOUS
10
134.8011649999999975
20
-89.4283449999999931
11
134.6338559999999802
21
-89.6946169999999938
0
LINE
8
BLACK
6
CONTINUOUS
10
134.6338559999999802
20
-89.6946169999999938
11
134.6338549999999827
21
-89.694619000000003
0
LINE
8
BLACK
6
CONTINUOUS
10
134.6338549999999827
20
-89.694619000000003
11
134.4974029999999914
21
-89.9779619999999909
0
LINE
8
BLACK
6
CONTINUOUS
10
134.4974029999999914
20
-89.9779619999999909
11
134.497399999999999
21
-89.9779709999999966
0
LINE
8
BLACK
6
CONTINUOUS
10
134.497399999999999
20
-89.9779709999999966
11
134.3935309999999959
21
-90.2748119999999972
0
LINE
8
BLACK
6
CONTINUOUS
10
134.3935309999999959
20
-90.2748119999999972
11
134.3935299999999984
21
-90.2748139999999921
0
LINE
8
BLACK
6
CONTINUOUS
10
134.3935299999999984
20
-90.2748139999999921
11
134.3235509999999806
21
-90.5814089999999936
0
LINE
8
BLACK
6
CONTINUOUS
10
134.3235509999999806
20
-90.5814089999999936
11
134.2883400000000051
21
-90.8939249999999959
0
LINE
8
BLACK
6
CONTINUOUS
10
134.2883400000000051
20
-90.8939249999999959
11
134.2883400000000051
21
-91.2084139999999906
0
LINE
8
BLACK
6
CONTINUOUS
10
75.9628399999999999
20
-77.7190949999999958
11
76.0028669999999948
21
-77.9718149999999923
0
LINE
8
BLACK
6
CONTINUOUS
10
76.0028669999999948
20
-77.9718149999999923
11
76.0819299999999998
21
-78.2151470000000018
0
LINE
8
BLACK
6
CONTINUOUS
10
76.0819299999999998
20
-78.2151470000000018
11
76.1649779999999907
21
-78.3781340000000029
0
LINE
8
BLACK
6
CONTINUOUS
10
76.1649779999999907
20
-78.3781340000000029
11
76.7841049999999967
21
-77.7590059999999994
0
LINE
8
BLACK
6
CONTINUOUS
10
76.7841049999999967
20
-77.7590059999999994
11
76.766814999999994
21
-77.6720830000000007
0
LINE
8
BLACK
6
CONTINUOUS
10
76.766814999999994
20
-77.6720830000000007
11
76.766814999999994
21
-77.5102569999999957
0
LINE
8
BLACK
6
CONTINUOUS
10
76.766814999999994
20
-77.5102569999999957
11
76.7841049999999967
21
-77.4233309999999904
0
LINE
8
BLACK
6
CONTINUOUS
10
76.7841049999999967
20
-77.4233309999999904
11
76.1649779999999907
21
-76.8042039999999986
0
LINE
8
BLACK
6
CONTINUOUS
10
76.1649779999999907
20
-76.8042039999999986
11
76.0819319999999948
21
-76.9671889999999905
0
LINE
8
BLACK
6
CONTINUOUS
10
76.0819319999999948
20
-76.9671889999999905
11
76.0819279999999907
21
-76.9672010000000029
0
LINE
8
BLACK
6
CONTINUOUS
10
76.0819279999999907
20
-76.9672010000000029
11
76.0028669999999948
21
-77.2105239999999924
0
LINE
8
BLACK
6
CONTINUOUS
10
76.0028669999999948
20
-77.2105239999999924
11
75.9628399999999999
21
-77.4632440000000031
0
LINE
8
BLACK
6
CONTINUOUS
10
75.9628399999999999
20
-77.4632440000000031
11
75.9628399999999999
21
-77.7190949999999958
0
LINE
8
BLACK
6
CONTINUOUS
10
77.4205010000000016
20
-76.7869349999999997
11
77.5074269999999927
21
-76.769644999999997
0
LINE
8
BLACK
6
CONTINUOUS
10
77.5074269999999927
20
-76.769644999999997
11
77.6692529999999977
21
-76.769644999999997
0
LINE
8
BLACK
6
CONTINUOUS
10
77.6692529999999977
20
-76.769644999999997
11
77.7561779999999914
21
-76.7869349999999997
0
LINE
8
BLACK
6
CONTINUOUS
10
77.7561779999999914
20
-76.7869349999999997
11
78.2219439999999935
21
-76.3211699999999951
0
LINE
8
BLACK
6
CONTINUOUS
10
78.2219439999999935
20
-76.3211699999999951
11
78.0403609999999901
21
-76.1395869999999917
0
LINE
8
BLACK
6
CONTINUOUS
10
78.0403609999999901
20
-76.1395869999999917
11
77.7561779999999914
21
-75.8554039999999929
0
LINE
8
BLACK
6
CONTINUOUS
10
77.7561779999999914
20
-75.8554039999999929
11
77.6692529999999977
21
-75.8726949999999931
0
LINE
8
BLACK
6
CONTINUOUS
10
77.6692529999999977
20
-75.8726949999999931
11
77.5074269999999927
21
-75.8726949999999931
0
LINE
8
BLACK
6
CONTINUOUS
10
77.5074269999999927
20
-75.8726949999999931
11
77.4205010000000016
21
-75.8554039999999929
0
LINE
8
BLACK
6
CONTINUOUS
10
77.4205010000000016
20
-75.8554039999999929
11
76.9547359999999969
21
-76.3211699999999951
0
LINE
8
BLACK
6
CONTINUOUS
10
76.9547359999999969
20
-76.3211699999999951
11
77.4205010000000016
21
-76.7869349999999997
0
LINE
8
BLACK
6
CONTINUOUS
10
75.9628399999999999
20
-75.1790949999999896
11
76.0028669999999948
21
-75.4318150000000003
0
LINE
8
BLACK
6
CONTINUOUS
10
76.0028669999999948
20
-75.4318150000000003
11
76.0819299999999998
21
-75.6751469999999955
0
LINE
8
BLACK
6
CONTINUOUS
10
76.0819299999999998
20
-75.6751469999999955
11
76.1649779999999907
21
-75.8381339999999966
0
LINE
8
BLACK
6
CONTINUOUS
10
76.1649779999999907
20
-75.8381339999999966
11
76.7841049999999967
21
-75.2190059999999932
0
LINE
8
BLACK
6
CONTINUOUS
10
76.7841049999999967
20
-75.2190059999999932
11
76.766814999999994
21
-75.1320829999999944
0
LINE
8
BLACK
6
CONTINUOUS
10
76.766814999999994
20
-75.1320829999999944
11
76.766814999999994
21
-74.9702570000000037
0
LINE
8
BLACK
6
CONTINUOUS
10
76.766814999999994
20
-74.9702570000000037
11
76.7841049999999967
21
-74.8833309999999983
0
LINE
8
BLACK
6
CONTINUOUS
10
76.7841049999999967
20
-74.8833309999999983
11
76.1649779999999907
21
-74.2642039999999923
0
LINE
8
BLACK
6
CONTINUOUS
10
76.1649779999999907
20
-74.2642039999999923
11
76.0819319999999948
21
-74.4271889999999985
0
LINE
8
BLACK
6
CONTINUOUS
10
76.0819319999999948
20
-74.4271889999999985
11
76.0819279999999907
21
-74.4272009999999966
0
LINE
8
BLACK
6
CONTINUOUS
10
76.0819279999999907
20
-74.4272009999999966
11
76.0028669999999948
21
-74.6705240000000003
0
LINE
8
BLACK
6
CONTINUOUS
10
76.0028669999999948
20
-74.6705240000000003
11
75.9628399999999999
21
-74.9232439999999968
0
LINE
8
BLACK
6
CONTINUOUS
10
75.9628399999999999
20
-74.9232439999999968
11
75.9628399999999999
21
-75.1790949999999896
0
LINE
8
BLACK
6
CONTINUOUS
10
77.2383399999999938
20
-74.0647739999999999
11
77.2383399999999938
21
-73.460842999999997
0
LINE
8
BLACK
6
CONTINUOUS
10
77.2383399999999938
20
-73.460842999999997
11
77.2076940000000036
21
-73.4656969999999916
0
LINE
8
BLACK
6
CONTINUOUS
10
77.2076940000000036
20
-73.4656969999999916
11
76.9643709999999999
21
-73.5447580000000016
0
LINE
8
BLACK
6
CONTINUOUS
10
76.9643709999999999
20
-73.5447580000000016
11
76.9643590000000017
21
-73.5447619999999915
0
LINE
8
BLACK
6
CONTINUOUS
10
76.9643590000000017
20
-73.5447619999999915
11
76.8013739999999956
21
-73.6278080000000017
0
LINE
8
BLACK
6
CONTINUOUS
10
76.8013739999999956
20
-73.6278080000000017
11
77.2383399999999938
21
-74.0647739999999999
0
CIRCLE
8
BLACK
10
94.8983399999999904
20
-82.551169999999999
40
0.175
0
CIRCLE
8
BLACK
10
87.27834
20
-82.551169999999999
40
0.175
0
CIRCLE
8
BLACK
10
138.0883399999999881
20
-109.551169999999999
40
0.175
0
CIRCLE
8
BLACK
10
108.1183399999999892
20
-109.551169999999999
40
0.175
0
CIRCLE
8
BLACK
10
93.0883400000000023
20
-72.051169999999999
40
0.175
0
CIRCLE
8
BLACK
10
100.7083399999999926
20
-72.051169999999999
40
0.175
0
CIRCLE
8
BLACK
10
106.0883399999999881
20
-71.551169999999999
40
0.175
0
CIRCLE
8
BLACK
10
111.0883399999999881
20
-71.551169999999999
40
0.175
0
CIRCLE
8
BLACK
10
108.4733399999999932
20
-77.2411699999999968
40
0.175
0
CIRCLE
8
BLACK
10
116.0933399999999978
20
-77.2411699999999968
40
0.175
0
CIRCLE
8
BLACK
10
127.0883399999999881
20
-91.051169999999999
40
0.175
0
CIRCLE
8
BLACK
10
137.0883399999999881
20
-91.051169999999999
40
0.175
0
CIRCLE
8
BLACK
10
77.5883400000000023
20
-80.1311699999999973
40
0.175
0
CIRCLE
8
BLACK
10
77.5883400000000023
20
-77.5911699999999911
40
0.175
0
CIRCLE
8
BLACK
10
77.5883400000000023
20
-75.051169999999999
40
0.175
0
CIRCLE
8
BLACK
10
116.5933399999999978
20
-83.7411699999999968
40
0.175
0
CIRCLE
8
BLACK
10
108.9733399999999932
20
-83.7411699999999968
40
0.175
0
CIRCLE
8
BLACK
10
96.7833399999999955
20
-90.7411699999999968
40
0.175
0
CIRCLE
8
BLACK
10
104.2833399999999955
20
-90.7411699999999968
40
0.175
0
CIRCLE
8
BLACK
10
78.77834
20
-94.051169999999999
40
0.175
0
CIRCLE
8
BLACK
10
82.5883400000000023
20
-94.051169999999999
40
0.175
0
CIRCLE
8
BLACK
10
109.7833399999999955
20
-86.9911699999999968
40
0.175
0
CIRCLE
8
BLACK
10
109.7833399999999955
20
-94.4911699999999968
40
0.175
0
CIRCLE
8
BLACK
10
84.5883400000000023
20
-101.801169999999999
40
0.175
0
CIRCLE
8
BLACK
10
84.5883400000000023
20
-114.301169999999999
40
0.175
0
CIRCLE
8
BLACK
10
79.5883400000000023
20
-101.801169999999999
40
0.175
0
CIRCLE
8
BLACK
10
79.5883400000000023
20
-114.301169999999999
40
0.175
0
CIRCLE
8
BLACK
10
133.5883399999999881
20
-58.551169999999999
40
0.175
0
CIRCLE
8
BLACK
10
133.5883399999999881
20
-63.551169999999999
40
0.175
0
CIRCLE
8
BLACK
10
133.5883399999999881
20
-68.551169999999999
40
0.175
0
CIRCLE
8
BLACK
10
111.0883399999999881
20
-63.051169999999999
40
0.175
0
CIRCLE
8
BLACK
10
81.1183399999999892
20
-63.051169999999999
40
0.175
0
CIRCLE
8
BLACK
10
97.7833399999999955
20
-76.7411699999999968
40
0.175
0
CIRCLE
8
BLACK
10
97.7833399999999955
20
-79.281170000000003
40
0.175
0
CIRCLE
8
BLACK
10
97.7833399999999955
20
-81.8211699999999951
40
0.175
0
CIRCLE
8
BLACK
10
97.7833399999999955
20
-84.3611700000000013
40
0.175
0
CIRCLE
8
BLACK
10
105.40334
20
-84.3611700000000013
40
0.175
0
CIRCLE
8
BLACK
10
105.40334
20
-81.8211699999999951
40
0.175
0
CIRCLE
8
BLACK
10
105.40334
20
-79.281170000000003
40
0.175
0
CIRCLE
8
BLACK
10
105.40334
20
-76.7411699999999968
40
0.175
0
CIRCLE
8
BLACK
10
90.5883400000000023
20
-87.4711700000000008
40
0.175
0
CIRCLE
8
BLACK
10
90.5883400000000023
20
-90.0111699999999928
40
0.175
0
CIRCLE
8
BLACK
10
90.5883400000000023
20
-92.551169999999999
40
0.175
0
LINE
8
BLACK
6
CONTINUOUS
10
149.5979069999999922
20
-52.5280729999999991
11
149.6114369999999951
21
-52.5416029999999949
0
LINE
8
BLACK
6
CONTINUOUS
10
149.6114369999999951
20
-52.5416029999999949
11
149.6133399999999938
21
-52.551169999999999
0
LINE
8
BLACK
6
CONTINUOUS
10
149.6133399999999938
20
-52.551169999999999
11
149.6133399999999938
21
-117.551169999999999
0
LINE
8
BLACK
6
CONTINUOUS
10
149.6133399999999938
20
-117.551169999999999
11
149.6114369999999951
21
-117.5607369999999889
0
LINE
8
BLACK
6
CONTINUOUS
10
149.6114369999999951
20
-117.5607369999999889
11
149.5979069999999922
21
-117.5742669999999919
0
LINE
8
BLACK
6
CONTINUOUS
10
149.5979069999999922
20
-117.5742669999999919
11
149.5883399999999881
21
-117.5761699999999905
0
LINE
8
BLACK
6
CONTINUOUS
10
149.5883399999999881
20
-117.5761699999999905
11
70.5883400000000023
21
-117.5761699999999905
0
LINE
8
BLACK
6
CONTINUOUS
10
70.5883400000000023
20
-117.5761699999999905
11
70.5787729999999982
21
-117.5742669999999919
0
LINE
8
BLACK
6
CONTINUOUS
10
70.5787729999999982
20
-117.5742669999999919
11
70.5652429999999953
21
-117.5607369999999889
0
LINE
8
BLACK
6
CONTINUOUS
10
70.5652429999999953
20
-117.5607369999999889
11
70.5633399999999966
21
-117.551169999999999
0
LINE
8
BLACK
6
CONTINUOUS
10
70.5633399999999966
20
-117.551169999999999
11
70.5633399999999966
21
-52.551169999999999
0
LINE
8
BLACK
6
CONTINUOUS
10
70.5633399999999966
20
-52.551169999999999
11
70.5652429999999953
21
-52.5416029999999949
0
LINE
8
BLACK
6
CONTINUOUS
10
70.5652429999999953
20
-52.5416029999999949
11
70.5787729999999982
21
-52.5280729999999991
0
LINE
8
BLACK
6
CONTINUOUS
10
70.5787729999999982
20
-52.5280729999999991
11
70.5883400000000023
21
-52.5261700000000005
0
LINE
8
BLACK
6
CONTINUOUS
10
70.5883400000000023
20
-52.5261700000000005
11
149.5883399999999881
21
-52.5261700000000005
0
LINE
8
BLACK
6
CONTINUOUS
10
149.5883399999999881
20
-52.5261700000000005
11
149.5979069999999922
21
-52.5280729999999991
0
LINE
8
BLACK
6
CONTINUOUS
10
70.6133399999999938
20
-52.5761699999999976
11
70.6133399999999938
21
-117.5261699999999934
0
LINE
8
BLACK
6
CONTINUOUS
10
70.6133399999999938
20
-117.5261699999999934
11
149.5633399999999824
21
-117.5261699999999934
0
LINE
8
BLACK
6
CONTINUOUS
10
149.5633399999999824
20
-117.5261699999999934
11
149.5633399999999824
21
-52.5761699999999976
0
LINE
8
BLACK
6
CONTINUOUS
10
149.5633399999999824
20
-52.5761699999999976
11
70.6133399999999938
21
-52.5761699999999976
0
CIRCLE
8
BLACK
10
94.8983399999999904
20
-82.551169999999999
40
0.175
0
CIRCLE
8
BLACK
10
87.27834
20
-82.551169999999999
40
0.175
0
CIRCLE
8
BLACK
10
138.0883399999999881
20
-109.551169999999999
40
0.175
0
CIRCLE
8
BLACK
10
108.1183399999999892
20
-109.551169999999999
40
0.175
0
CIRCLE
8
BLACK
10
93.0883400000000023
20
-72.051169999999999
40
0.175
0
CIRCLE
8
BLACK
10
100.7083399999999926
20
-72.051169999999999
40
0.175
0
CIRCLE
8
BLACK
10
106.0883399999999881
20
-71.551169999999999
40
0.175
0
CIRCLE
8
BLACK
10
111.0883399999999881
20
-71.551169999999999
40
0.175
0
CIRCLE
8
BLACK
10
108.4733399999999932
20
-77.2411699999999968
40
0.175
0
CIRCLE
8
BLACK
10
116.0933399999999978
20
-77.2411699999999968
40
0.175
0
CIRCLE
8
BLACK
10
127.0883399999999881
20
-91.051169999999999
40
0.175
0
CIRCLE
8
BLACK
10
137.0883399999999881
20
-91.051169999999999
40
0.175
0
CIRCLE
8
BLACK
10
77.5883400000000023
20
-80.1311699999999973
40
0.175
0
CIRCLE
8
BLACK
10
77.5883400000000023
20
-77.5911699999999911
40
0.175
0
CIRCLE
8
BLACK
10
77.5883400000000023
20
-75.051169999999999
40
0.175
0
CIRCLE
8
BLACK
10
116.5933399999999978
20
-83.7411699999999968
40
0.175
0
CIRCLE
8
BLACK
10
108.9733399999999932
20
-83.7411699999999968
40
0.175
0
CIRCLE
8
BLACK
10
96.7833399999999955
20
-90.7411699999999968
40
0.175
0
CIRCLE
8
BLACK
10
104.2833399999999955
20
-90.7411699999999968
40
0.175
0
CIRCLE
8
BLACK
10
78.77834
20
-94.051169999999999
40
0.175
0
CIRCLE
8
BLACK
10
82.5883400000000023
20
-94.051169999999999
40
0.175
0
CIRCLE
8
BLACK
10
109.7833399999999955
20
-86.9911699999999968
40
0.175
0
CIRCLE
8
BLACK
10
109.7833399999999955
20
-94.4911699999999968
40
0.175
0
CIRCLE
8
BLACK
10
84.5883400000000023
20
-101.801169999999999
40
0.175
0
CIRCLE
8
BLACK
10
84.5883400000000023
20
-114.301169999999999
40
0.175
0
CIRCLE
8
BLACK
10
79.5883400000000023
20
-101.801169999999999
40
0.175
0
CIRCLE
8
BLACK
10
79.5883400000000023
20
-114.301169999999999
40
0.175
0
CIRCLE
8
BLACK
10
133.5883399999999881
20
-58.551169999999999
40
0.175
0
CIRCLE
8
BLACK
10
133.5883399999999881
20
-63.551169999999999
40
0.175
0
CIRCLE
8
BLACK
10
133.5883399999999881
20
-68.551169999999999
40
0.175
0
CIRCLE
8
BLACK
10
111.0883399999999881
20
-63.051169999999999
40
0.175
0
CIRCLE
8
BLACK
10
81.1183399999999892
20
-63.051169999999999
40
0.175
0
CIRCLE
8
BLACK
10
97.7833399999999955
20
-76.7411699999999968
40
0.175
0
CIRCLE
8
BLACK
10
97.7833399999999955
20
-79.281170000000003
40
0.175
0
CIRCLE
8
BLACK
10
97.7833399999999955
20
-81.8211699999999951
40
0.175
0
CIRCLE
8
BLACK
10
97.7833399999999955
20
-84.3611700000000013
40
0.175
0
CIRCLE
8
BLACK
10
105.40334
20
-84.3611700000000013
40
0.175
0
CIRCLE
8
BLACK
10
105.40334
20
-81.8211699999999951
40
0.175
0
CIRCLE
8
BLACK
10
105.40334
20
-79.281170000000003
40
0.175
0
CIRCLE
8
BLACK
10
105.40334
20
-76.7411699999999968
40
0.175
0
CIRCLE
8
BLACK
10
90.5883400000000023
20
-87.4711700000000008
40
0.175
0
CIRCLE
8
BLACK
10
90.5883400000000023
20
-90.0111699999999928
40
0.175
0
CIRCLE
8
BLACK
10
90.5883400000000023
20
-92.551169999999999
40
0.175
0
CIRCLE
8
WHITE
10
94.8983399999999904
20
-82.551169999999999
40
0.175
0
CIRCLE
8
WHITE
10
87.27834
20
-82.551169999999999
40
0.175
0
CIRCLE
8
WHITE
10
138.0883399999999881
20
-109.551169999999999
40
0.175
0
CIRCLE
8
WHITE
10
108.1183399999999892
20
-109.551169999999999
40
0.175
0
CIRCLE
8
WHITE
10
93.0883400000000023
20
-72.051169999999999
40
0.175
0
CIRCLE
8
WHITE
10
100.7083399999999926
20
-72.051169999999999
40
0.175
0
CIRCLE
8
WHITE
10
106.0883399999999881
20
-71.551169999999999
40
0.175
0
CIRCLE
8
WHITE
10
111.0883399999999881
20
-71.551169999999999
40
0.175
0
CIRCLE
8
WHITE
10
108.4733399999999932
20
-77.2411699999999968
40
0.175
0
CIRCLE
8
WHITE
10
116.0933399999999978
20
-77.2411699999999968
40
0.175
0
CIRCLE
8
WHITE
10
127.0883399999999881
20
-91.051169999999999
40
0.175
0
CIRCLE
8
WHITE
10
137.0883399999999881
20
-91.051169999999999
40
0.175
0
CIRCLE
8
WHITE
10
77.5883400000000023
20
-80.1311699999999973
40
0.175
0
CIRCLE
8
WHITE
10
77.5883400000000023
20
-77.5911699999999911
40
0.175
0
CIRCLE
8
WHITE
10
77.5883400000000023
20
-75.051169999999999
40
0.175
0
CIRCLE
8
WHITE
10
116.5933399999999978
20
-83.7411699999999968
40
0.175
0
CIRCLE
8
WHITE
10
108.9733399999999932
20
-83.7411699999999968
40
0.175
0
CIRCLE
8
WHITE
10
96.7833399999999955
20
-90.7411699999999968
40
0.175
0
CIRCLE
8
WHITE
10
104.2833399999999955
20
-90.7411699999999968
40
0.175
0
CIRCLE
8
WHITE
10
78.77834
20
-94.051169999999999
40
0.175
0
CIRCLE
8
WHITE
10
82.5883400000000023
20
-94.051169999999999
40
0.175
0
CIRCLE
8
WHITE
10
109.7833399999999955
20
-86.9911699999999968
40
0.175
0
CIRCLE
8
WHITE
10
109.7833399999999955
20
-94.4911699999999968
40
0.175
0
CIRCLE
8
WHITE
10
84.5883400000000023
20
-101.801169999999999
40
0.175
0
CIRCLE
8
WHITE
10
84.5883400000000023
20
-114.301169999999999
40
0.175
0
CIRCLE
8
WHITE
10
79.5883400000000023
20
-101.801169999999999
40
0.175
0
CIRCLE
8
WHITE
10
79.5883400000000023
20
-114.301169999999999
40
0.175
0
CIRCLE
8
WHITE
10
133.5883399999999881
20
-58.551169999999999
40
0.175
0
CIRCLE
8
WHITE
10
133.5883399999999881
20
-63.551169999999999
40
0.175
0
CIRCLE
8
WHITE
10
133.5883399999999881
20
-68.551169999999999
40
0.175
0
CIRCLE
8
WHITE
10
111.0883399999999881
20
-63.051169999999999
40
0.175
0
CIRCLE
8
WHITE
10
81.1183399999999892
20
-63.051169999999999
40
0.175
0
CIRCLE
8
WHITE
10
97.7833399999999955
20
-76.7411699999999968
40
0.175
0
CIRCLE
8
WHITE
10
97.7833399999999955
20
-79.281170000000003
40
0.175
0
CIRCLE
8
WHITE
10
97.7833399999999955
20
-81.8211699999999951
40
0.175
0
CIRCLE
8
WHITE
10
97.7833399999999955
20
-84.3611700000000013
40
0.175
0
CIRCLE
8
WHITE
10
105.40334
20
-84.3611700000000013
40
0.175
0
CIRCLE
8
WHITE
10
105.40334
20
-81.8211699999999951
40
0.175
0
CIRCLE
8
WHITE
10
105.40334
20
-79.281170000000003
40
0.175
0
CIRCLE
8
WHITE
10
105.40334
20
-76.7411699999999968
40
0.175
0
CIRCLE
8
WHITE
10
90.5883400000000023
20
-87.4711700000000008
40
0.175
0
CIRCLE
8
WHITE
10
90.5883400000000023
20
-90.0111699999999928
40
0.175
0
CIRCLE
8
WHITE
10
90.5883400000000023
20
-92.551169999999999
40
0.175
  0
ENDSEC
  0
EOF
