  0
SECTION
  2
HEADER
  9
$ANGBASE
  50
0.0
  9
$ANGDIR
  70
1
  9
$MEASUREMENT
  70
0
  0
ENDSEC
  0
SECTION
  2
TABLES
  0
TABLE
  2
LTYPE
  70
4
  0
LTYPE
  5
40F
  2
CONTINUOUS
  70
0
  3
Solid line
  72
65
  73
0
  40
0.0
  0
LTYPE
  5
410
  2
DASHDOT
 70
0
  3
Dash Dot ____ _ ____ _
 72
65
 73
4
 40
2.0
 49
1.25
 49
-0.25
 49
0.25
 49
-0.25
  0
LTYPE
  5
411
  2
DASHED
 70
0
  3
Dashed __ __ __ __ __
 72
65
 73
2
 40
0.75
 49
0.5
 49
-0.25
  0
LTYPE
  5
43B
  2
DOTTED
 70
0
  3
Dotted .  .  .  .
 72
65
 73
2
 40
0.2
 49
0.0
 49
-0.2
  0
ENDTAB
  0
TABLE
  2
STYLE
  70
4
  0
STYLE
  2
KICAD
  70
0
  40
0
  41
1
  42
1
  50
0
  71
0
  3
isocp.shx
  0
STYLE
  2
KICADB
  70
0
  40
0
  41
1
  42
1
  50
0
  71
0
  3
isocp.shx
  0
STYLE
  2
KICADI
  70
0
  40
0
  41
1
  42
1
  50
15
  71
0
  3
isocp.shx
  0
STYLE
  2
KICADBI
  70
0
  40
0
  41
1
  42
1
  50
15
  71
0
  3
isocp.shx
  0
ENDTAB
  0
TABLE
  2
LAYER
  70
1
  0
LAYER
  2
BLACK
  70
0
  62
7
  6
CONTINUOUS
  0
ENDTAB
  0
ENDSEC
  0
SECTION
  2
ENTITIES
0
LINE
8
BLACK
6
CONTINUOUS
10
3.3829860236220473
20
-2.133908346456693
11
3.3830477165354331
21
-2.1339048818897637
0
LINE
8
BLACK
6
CONTINUOUS
10
3.3830477165354331
20
-2.1339048818897637
11
3.385383937007874
21
-2.1339257874015747
0
LINE
8
BLACK
6
CONTINUOUS
10
3.385383937007874
20
-2.1339257874015747
11
3.3858132283464566
21
-2.1339577559055116
0
LINE
8
BLACK
6
CONTINUOUS
10
3.3858132283464566
20
-2.1339577559055116
11
3.3862439370078738
21
-2.1339603543307084
0
LINE
8
BLACK
6
CONTINUOUS
10
3.3862439370078738
20
-2.1339603543307084
11
3.3909046062992125
21
-2.1342937795275589
0
LINE
8
BLACK
6
CONTINUOUS
10
3.3909046062992125
20
-2.1342937795275589
11
3.3913923622047242
21
-2.1343609448818897
0
LINE
8
BLACK
6
CONTINUOUS
10
3.3913923622047242
20
-2.1343609448818897
11
3.3918826377952755
21
-2.1343989763779527
0
LINE
8
BLACK
6
CONTINUOUS
10
3.3918826377952755
20
-2.1343989763779527
11
3.3965075984251967
21
-2.1350640551181104
0
LINE
8
BLACK
6
CONTINUOUS
10
3.3965075984251967
20
-2.1350640551181104
11
3.3969887007874013
21
-2.1351657086614173
0
LINE
8
BLACK
6
CONTINUOUS
10
3.3969887007874013
20
-2.1351657086614173
11
3.3974755905511809
21
-2.1352387007874016
0
LINE
8
BLACK
6
CONTINUOUS
10
3.3974755905511809
20
-2.1352387007874016
11
3.4020413385826771
21
-2.1362320078740158
0
LINE
8
BLACK
6
CONTINUOUS
10
3.4020413385826771
20
-2.1362320078740158
11
3.4025142913385826
21
-2.1363678346456694
0
LINE
8
BLACK
6
CONTINUOUS
10
3.4025142913385826
20
-2.1363678346456694
11
3.4029943700787402
21
-2.1364752755905512
0
LINE
8
BLACK
6
CONTINUOUS
10
3.4029943700787402
20
-2.1364752755905512
11
3.4074775984251966
21
-2.1377917322834645
0
LINE
8
BLACK
6
CONTINUOUS
10
3.4074775984251966
20
-2.1377917322834645
11
3.4079393700787399
21
-2.1379608267716534
0
LINE
8
BLACK
6
CONTINUOUS
10
3.4079393700787399
20
-2.1379608267716534
11
3.4084109055118108
21
-2.1381023622047244
0
LINE
8
BLACK
6
CONTINUOUS
10
3.4084109055118108
20
-2.1381023622047244
11
3.4127888582677164
21
-2.1397353543307087
0
LINE
8
BLACK
6
CONTINUOUS
10
3.4127888582677164
20
-2.1397353543307087
11
3.4132377952755903
21
-2.1399371259842521
0
LINE
8
BLACK
6
CONTINUOUS
10
3.4132377952755903
20
-2.1399371259842521
11
3.4136975590551182
21
-2.1401117716535434
0
LINE
8
BLACK
6
CONTINUOUS
10
3.4136975590551182
20
-2.1401117716535434
11
3.4179478740157481
21
-2.1420528740157478
0
LINE
8
BLACK
6
CONTINUOUS
10
3.4179478740157481
20
-2.1420528740157478
11
3.4183808661417321
21
-2.1422859842519686
0
LINE
8
BLACK
6
CONTINUOUS
10
3.4183808661417321
20
-2.1422859842519686
11
3.4188273622047243
21
-2.1424931102362206
0
LINE
8
BLACK
6
CONTINUOUS
10
3.4188273622047243
20
-2.1424931102362206
11
3.4229283464566929
21
-2.1447324409448818
0
LINE
8
BLACK
6
CONTINUOUS
10
3.4229283464566929
20
-2.1447324409448818
11
3.423344094488189
21
-2.1449961417322836
0
LINE
8
BLACK
6
CONTINUOUS
10
3.423344094488189
20
-2.1449961417322836
11
3.4237742519685037
21
-2.14523437007874
0
LINE
8
BLACK
6
CONTINUOUS
10
3.4237742519685037
20
-2.14523437007874
11
3.4277050787401575
21
-2.1477605511811024
0
LINE
8
BLACK
6
CONTINUOUS
10
3.4277050787401575
20
-2.1477605511811024
11
3.4281009842519685
21
-2.1480532677165356
0
LINE
8
BLACK
6
CONTINUOUS
10
3.4281009842519685
20
-2.1480532677165356
11
3.4285131102362203
21
-2.1483216141732284
0
LINE
8
BLACK
6
CONTINUOUS
10
3.4285131102362203
20
-2.1483216141732284
11
3.4322536614173229
21
-2.1511218110236219
0
LINE
8
BLACK
6
CONTINUOUS
10
3.4322536614173229
20
-2.1511218110236219
11
3.432627125984252
21
-2.1514415354330709
0
LINE
8
BLACK
6
CONTINUOUS
10
3.432627125984252
20
-2.1514415354330709
11
3.4330194488188974
21
-2.1517388976377951
0
LINE
8
BLACK
6
CONTINUOUS
10
3.4330194488188974
20
-2.1517388976377951
11
3.4365507086614171
21
-2.1547987401574802
0
LINE
8
BLACK
6
CONTINUOUS
10
3.4365507086614171
20
-2.1547987401574802
11
3.4368558661417321
21
-2.15510031496063
0
LINE
8
BLACK
6
CONTINUOUS
10
3.4368558661417321
20
-2.15510031496063
11
3.437180590551181
21
-2.1553798425196851
0
LINE
8
BLACK
6
CONTINUOUS
10
3.437180590551181
20
-2.1553798425196851
11
3.4388477952755903
21
-2.1570166141732283
0
LINE
8
BLACK
6
CONTINUOUS
10
3.4388477952755903
20
-2.1570166141732283
11
3.4389311023622047
21
-2.1571098425196849
0
LINE
8
BLACK
6
CONTINUOUS
10
3.4389311023622047
20
-2.1571098425196849
11
3.4390242913385825
21
-2.1571930708661418
0
LINE
8
BLACK
6
CONTINUOUS
10
3.4390242913385825
20
-2.1571930708661418
11
3.4406615748031495
21
-2.1588598031496065
0
LINE
8
BLACK
6
CONTINUOUS
10
3.4406615748031495
20
-2.1588598031496065
11
3.4409425984251967
21
-2.1591860629921258
0
LINE
8
BLACK
6
CONTINUOUS
10
3.4409425984251967
20
-2.1591860629921258
11
3.4412454330708662
21
-2.1594925196850392
0
LINE
8
BLACK
6
CONTINUOUS
10
3.4412454330708662
20
-2.1594925196850392
11
3.4443052755905512
21
-2.1630238188976376
0
LINE
8
BLACK
6
CONTINUOUS
10
3.4443052755905512
20
-2.1630238188976376
11
3.4446022834645666
21
-2.1634156692913384
0
LINE
8
BLACK
6
CONTINUOUS
10
3.4446022834645666
20
-2.1634156692913384
11
3.4449224803149607
21
-2.1637896850393701
0
LINE
8
BLACK
6
CONTINUOUS
10
3.4449224803149607
20
-2.1637896850393701
11
3.4477226771653542
21
-2.167530275590551
0
LINE
8
BLACK
6
CONTINUOUS
10
3.4477226771653542
20
-2.167530275590551
11
3.4479910629921258
21
-2.1679424803149607
0
LINE
8
BLACK
6
CONTINUOUS
10
3.4479910629921258
20
-2.1679424803149607
11
3.4482836614173227
21
-2.1683382283464567
0
LINE
8
BLACK
6
CONTINUOUS
10
3.4482836614173227
20
-2.1683382283464567
11
3.4508098818897639
21
-2.1722690551181101
0
LINE
8
BLACK
6
CONTINUOUS
10
3.4508098818897639
20
-2.1722690551181101
11
3.4510483858267715
21
-2.1726997244094486
0
LINE
8
BLACK
6
CONTINUOUS
10
3.4510483858267715
20
-2.1726997244094486
11
3.4513117716535433
21
-2.1731149606299214
0
LINE
8
BLACK
6
CONTINUOUS
10
3.4513117716535433
20
-2.1731149606299214
11
3.4535511417322833
21
-2.1772159842519683
0
LINE
8
BLACK
6
CONTINUOUS
10
3.4535511417322833
20
-2.1772159842519683
11
3.4537581889763778
21
-2.1776622834645667
0
LINE
8
BLACK
6
CONTINUOUS
10
3.4537581889763778
20
-2.1776622834645667
11
3.4539914566929135
21
-2.1780955905511812
0
LINE
8
BLACK
6
CONTINUOUS
10
3.4539914566929135
20
-2.1780955905511812
11
3.455932559055118
21
-2.1823459055118111
0
LINE
8
BLACK
6
CONTINUOUS
10
3.455932559055118
20
-2.1823459055118111
11
3.456107244094488
21
-2.1828058661417322
0
LINE
8
BLACK
6
CONTINUOUS
10
3.456107244094488
20
-2.1828058661417322
11
3.4563089370078739
21
-2.1832545275590549
0
LINE
8
BLACK
6
CONTINUOUS
10
3.4563089370078739
20
-2.1832545275590549
11
3.4579419291338582
21
-2.1876324803149605
0
LINE
8
BLACK
6
CONTINUOUS
10
3.4579419291338582
20
-2.1876324803149605
11
3.4580833464566929
21
-2.1881037401574801
0
LINE
8
BLACK
6
CONTINUOUS
10
3.4580833464566929
20
-2.1881037401574801
11
3.4582525984251968
21
-2.1885658267716535
0
LINE
8
BLACK
6
CONTINUOUS
10
3.4582525984251968
20
-2.1885658267716535
11
3.4595690944881889
21
-2.1930491338582678
0
LINE
8
BLACK
6
CONTINUOUS
10
3.4595690944881889
20
-2.1930491338582678
11
3.4596765748031495
21
-2.1935294094488187
0
LINE
8
BLACK
6
CONTINUOUS
10
3.4596765748031495
20
-2.1935294094488187
11
3.4598123622047243
21
-2.1940022047244092
0
LINE
8
BLACK
6
CONTINUOUS
10
3.4598123622047243
20
-2.1940022047244092
11
3.4608056692913385
21
-2.1985680314960629
0
LINE
8
BLACK
6
CONTINUOUS
10
3.4608056692913385
20
-2.1985680314960629
11
3.4608785433070866
21
-2.1990544094488187
0
LINE
8
BLACK
6
CONTINUOUS
10
3.4608785433070866
20
-2.1990544094488187
11
3.4609803543307085
21
-2.1995360629921259
0
LINE
8
BLACK
6
CONTINUOUS
10
3.4609803543307085
20
-2.1995360629921259
11
3.4616453937007874
21
-2.2041610629921258
0
LINE
8
BLACK
6
CONTINUOUS
10
3.4616453937007874
20
-2.2041610629921258
11
3.4616833858267717
21
-2.2046513385826771
0
LINE
8
BLACK
6
CONTINUOUS
10
3.4616833858267717
20
-2.2046513385826771
11
3.4617505511811024
21
-2.205138897637795
0
LINE
8
BLACK
6
CONTINUOUS
10
3.4617505511811024
20
-2.205138897637795
11
3.4620840157480313
21
-2.2097995669291337
0
LINE
8
BLACK
6
CONTINUOUS
10
3.4620840157480313
20
-2.2097995669291337
11
3.4620865748031497
21
-2.2102324015748032
0
LINE
8
BLACK
6
CONTINUOUS
10
3.4620865748031497
20
-2.2102324015748032
11
3.4621186220472442
21
-2.2106636220472442
0
LINE
8
BLACK
6
CONTINUOUS
10
3.4621186220472442
20
-2.2106636220472442
11
3.4621388582677164
21
-2.2129998818897638
0
LINE
8
BLACK
6
CONTINUOUS
10
3.4621388582677164
20
-2.2129998818897638
11
3.4621354330708662
21
-2.2130596062992125
0
LINE
8
BLACK
6
CONTINUOUS
10
3.4621354330708662
20
-2.2130596062992125
11
3.4621393700787402
21
-2.2131192519685037
0
LINE
8
BLACK
6
CONTINUOUS
10
3.4621393700787402
20
-2.2131192519685037
11
3.4621393700787402
21
-2.7972156692913384
0
LINE
8
BLACK
6
CONTINUOUS
10
3.4621393700787402
20
-2.7972156692913384
11
3.4621515354330707
21
-2.7983315748031496
0
LINE
8
BLACK
6
CONTINUOUS
10
3.4621515354330707
20
-2.7983315748031496
11
3.4623526771653541
21
-2.8006309842519683
0
LINE
8
BLACK
6
CONTINUOUS
10
3.4623526771653541
20
-2.8006309842519683
11
3.462740433070866
21
-2.8028300787401572
0
LINE
8
BLACK
6
CONTINUOUS
10
3.462740433070866
20
-2.8028300787401572
11
3.4633185039370078
21
-2.8049874015748033
0
LINE
8
BLACK
6
CONTINUOUS
10
3.4633185039370078
20
-2.8049874015748033
11
3.4640820472440943
21
-2.8070851968503936
0
LINE
8
BLACK
6
CONTINUOUS
10
3.4640820472440943
20
-2.8070851968503936
11
3.4650257874015749
21
-2.8091091338582674
0
LINE
8
BLACK
6
CONTINUOUS
10
3.4650257874015749
20
-2.8091091338582674
11
3.466142283464567
21
-2.8110429527559053
0
LINE
8
BLACK
6
CONTINUOUS
10
3.466142283464567
20
-2.8110429527559053
11
3.4674229527559053
21
-2.8128719291338582
0
LINE
8
BLACK
6
CONTINUOUS
10
3.4674229527559053
20
-2.8128719291338582
11
3.4688585433070864
21
-2.8145827952755904
0
LINE
8
BLACK
6
CONTINUOUS
10
3.4688585433070864
20
-2.8145827952755904
11
3.4704371653543307
21
-2.8161614173228346
0
LINE
8
BLACK
6
CONTINUOUS
10
3.4704371653543307
20
-2.8161614173228346
11
3.4721481102362204
21
-2.8175970866141733
0
LINE
8
BLACK
6
CONTINUOUS
10
3.4721481102362204
20
-2.8175970866141733
11
3.473977283464567
21
-2.8188778740157479
0
LINE
8
BLACK
6
CONTINUOUS
10
3.473977283464567
20
-2.8188778740157479
11
3.4759108267716536
21
-2.8199941732283462
0
LINE
8
BLACK
6
CONTINUOUS
10
3.4759108267716536
20
-2.8199941732283462
11
3.4779344094488187
21
-2.8209377952755905
0
LINE
8
BLACK
6
CONTINUOUS
10
3.4779344094488187
20
-2.8209377952755905
11
3.480032992125984
21
-2.821701653543307
0
LINE
8
BLACK
6
CONTINUOUS
10
3.480032992125984
20
-2.821701653543307
11
3.4821899212598426
21
-2.8222796062992126
0
LINE
8
BLACK
6
CONTINUOUS
10
3.4821899212598426
20
-2.8222796062992126
11
3.4843890157480315
21
-2.8226673622047245
0
LINE
8
BLACK
6
CONTINUOUS
10
3.4843890157480315
20
-2.8226673622047245
11
3.4866884251968502
21
-2.8228685039370078
0
LINE
8
BLACK
6
CONTINUOUS
10
3.4866884251968502
20
-2.8228685039370078
11
3.487804409448819
21
-2.8228807086614172
0
LINE
8
BLACK
6
CONTINUOUS
10
3.487804409448819
20
-2.8228807086614172
11
3.6411170472440944
21
-2.8228807086614172
0
LINE
8
BLACK
6
CONTINUOUS
10
3.6411170472440944
20
-2.8228807086614172
11
3.6435918503937006
21
-2.8191769685039367
0
LINE
8
BLACK
6
CONTINUOUS
10
3.6435918503937006
20
-2.8191769685039367
11
3.6474120078740158
21
-2.815356811023622
0
LINE
8
BLACK
6
CONTINUOUS
10
3.6474120078740158
20
-2.815356811023622
11
3.6519040157480314
21
-2.8123553149606297
0
LINE
8
BLACK
6
CONTINUOUS
10
3.6519040157480314
20
-2.8123553149606297
11
3.65689531496063
21
-2.810287874015748
0
LINE
8
BLACK
6
CONTINUOUS
10
3.65689531496063
20
-2.810287874015748
11
3.6621940157480313
21
-2.8092338976377951
0
LINE
8
BLACK
6
CONTINUOUS
10
3.6621940157480313
20
-2.8092338976377951
11
3.6675965354330708
21
-2.8092338976377951
0
LINE
8
BLACK
6
CONTINUOUS
10
3.6675965354330708
20
-2.8092338976377951
11
3.6719653937007872
21
-2.8101029133858266
0
LINE
8
BLACK
6
CONTINUOUS
10
3.6719653937007872
20
-2.8101029133858266
11
3.7143551574803149
21
-2.7677131102362202
0
LINE
8
BLACK
6
CONTINUOUS
10
3.7143551574803149
20
-2.7677131102362202
11
3.7143552362204724
21
-2.7677130314960627
0
LINE
8
BLACK
6
CONTINUOUS
10
3.7143552362204724
20
-2.7677130314960627
11
3.7231460236220473
21
-2.7597455511811022
0
LINE
8
BLACK
6
CONTINUOUS
10
3.7231460236220473
20
-2.7597455511811022
11
3.732675472440945
21
-2.7526780708661418
0
LINE
8
BLACK
6
CONTINUOUS
10
3.732675472440945
20
-2.7526780708661418
11
3.7428517322834645
21
-2.7465786614173227
0
LINE
8
BLACK
6
CONTINUOUS
10
3.7428517322834645
20
-2.7465786614173227
11
3.7535768897637793
21
-2.7415060236220472
0
LINE
8
BLACK
6
CONTINUOUS
10
3.7535768897637793
20
-2.7415060236220472
11
3.764747559055118
21
-2.7375090551181103
0
LINE
8
BLACK
6
CONTINUOUS
10
3.764747559055118
20
-2.7375090551181103
11
3.7762562204724408
21
-2.7346262598425195
0
LINE
8
BLACK
6
CONTINUOUS
10
3.7762562204724408
20
-2.7346262598425195
11
3.7879920078740157
21
-2.7328853937007875
0
LINE
8
BLACK
6
CONTINUOUS
10
3.7879920078740157
20
-2.7328853937007875
11
3.7998419291338581
21
-2.732303188976378
0
LINE
8
BLACK
6
CONTINUOUS
10
3.7998419291338581
20
-2.732303188976378
11
3.7998419291338581
21
-2.7323033070866143
0
LINE
8
BLACK
6
CONTINUOUS
10
3.7998419291338581
20
-2.7323033070866143
11
3.7998420078740156
21
-2.7323033070866143
0
LINE
8
BLACK
6
CONTINUOUS
10
3.7998420078740156
20
-2.7323033070866143
11
4.0614445669291337
21
-2.7323033070866143
0
LINE
8
BLACK
6
CONTINUOUS
10
4.0614445669291337
20
-2.7323033070866143
11
4.0614446456692912
21
-2.7323033070866143
0
LINE
8
BLACK
6
CONTINUOUS
10
4.0614446456692912
20
-2.7323033070866143
11
4.0732944881889761
21
-2.7328854330708663
0
LINE
8
BLACK
6
CONTINUOUS
10
4.0732944881889761
20
-2.7328854330708663
11
4.0850303149606297
21
-2.7346262204724407
0
LINE
8
BLACK
6
CONTINUOUS
10
4.0850303149606297
20
-2.7346262204724407
11
4.0965390157480313
21
-2.737508937007874
0
LINE
8
BLACK
6
CONTINUOUS
10
4.0965390157480313
20
-2.737508937007874
11
4.1077097637795275
21
-2.7415058267716534
0
LINE
8
BLACK
6
CONTINUOUS
10
4.1077097637795275
20
-2.7415058267716534
11
4.1184349212598423
21
-2.7465783858267714
0
LINE
8
BLACK
6
CONTINUOUS
10
4.1184349212598423
20
-2.7465783858267714
11
4.1286112598425193
21
-2.7526777559055118
0
LINE
8
BLACK
6
CONTINUOUS
10
4.1286112598425193
20
-2.7526777559055118
11
4.1381407480314962
21
-2.7597452362204722
0
LINE
8
BLACK
6
CONTINUOUS
10
4.1381407480314962
20
-2.7597452362204722
11
4.146931653543307
21
-2.7677126771653544
0
LINE
8
BLACK
6
CONTINUOUS
10
4.146931653543307
20
-2.7677126771653544
11
4.1469312992125982
21
-2.7677130314960627
0
LINE
8
BLACK
6
CONTINUOUS
10
4.1469312992125982
20
-2.7677130314960627
11
4.1469313779527557
21
-2.7677131102362202
0
LINE
8
BLACK
6
CONTINUOUS
10
4.1469313779527557
20
-2.7677131102362202
11
4.1664958267716532
21
-2.7872775590551182
0
LINE
8
BLACK
6
CONTINUOUS
10
4.1664958267716532
20
-2.7872775590551182
11
4.1675634645669293
21
-2.7868353543307087
0
LINE
8
BLACK
6
CONTINUOUS
10
4.1675634645669293
20
-2.7868353543307087
11
4.173619133858268
21
-2.7856307874015749
0
LINE
8
BLACK
6
CONTINUOUS
10
4.173619133858268
20
-2.7856307874015749
11
4.179793464566929
21
-2.7856307874015749
0
LINE
8
BLACK
6
CONTINUOUS
10
4.179793464566929
20
-2.7856307874015749
11
4.1858491338582677
21
-2.7868353543307087
0
LINE
8
BLACK
6
CONTINUOUS
10
4.1858491338582677
20
-2.7868353543307087
11
4.19155342519685
21
-2.7891981496062992
0
LINE
8
BLACK
6
CONTINUOUS
10
4.19155342519685
20
-2.7891981496062992
11
4.1966872047244097
21
-2.7926284251968503
0
LINE
8
BLACK
6
CONTINUOUS
10
4.1966872047244097
20
-2.7926284251968503
11
4.2010530708661413
21
-2.7969942913385828
0
LINE
8
BLACK
6
CONTINUOUS
10
4.2010530708661413
20
-2.7969942913385828
11
4.2044833464566924
21
-2.8021280708661416
0
LINE
8
BLACK
6
CONTINUOUS
10
4.2044833464566924
20
-2.8021280708661416
11
4.2068461417322833
21
-2.8078323622047243
0
LINE
8
BLACK
6
CONTINUOUS
10
4.2068461417322833
20
-2.8078323622047243
11
4.2080507086614176
21
-2.813888031496063
0
LINE
8
BLACK
6
CONTINUOUS
10
4.2080507086614176
20
-2.813888031496063
11
4.2080507086614176
21
-2.8200623622047245
0
LINE
8
BLACK
6
CONTINUOUS
10
4.2080507086614176
20
-2.8200623622047245
11
4.2068461417322833
21
-2.8261180314960628
0
LINE
8
BLACK
6
CONTINUOUS
10
4.2068461417322833
20
-2.8261180314960628
11
4.2044833464566924
21
-2.8318223228346455
0
LINE
8
BLACK
6
CONTINUOUS
10
4.2044833464566924
20
-2.8318223228346455
11
4.2010530708661413
21
-2.8369561023622047
0
LINE
8
BLACK
6
CONTINUOUS
10
4.2010530708661413
20
-2.8369561023622047
11
4.1966872047244097
21
-2.8413219685039368
0
LINE
8
BLACK
6
CONTINUOUS
10
4.1966872047244097
20
-2.8413219685039368
11
4.19155342519685
21
-2.8447522440944879
0
LINE
8
BLACK
6
CONTINUOUS
10
4.19155342519685
20
-2.8447522440944879
11
4.1858491338582677
21
-2.8471150393700788
0
LINE
8
BLACK
6
CONTINUOUS
10
4.1858491338582677
20
-2.8471150393700788
11
4.179793464566929
21
-2.8483196062992127
0
LINE
8
BLACK
6
CONTINUOUS
10
4.179793464566929
20
-2.8483196062992127
11
4.173619133858268
21
-2.8483196062992127
0
LINE
8
BLACK
6
CONTINUOUS
10
4.173619133858268
20
-2.8483196062992127
11
4.1675634645669293
21
-2.8471150393700788
0
LINE
8
BLACK
6
CONTINUOUS
10
4.1675634645669293
20
-2.8471150393700788
11
4.1618591732283461
21
-2.8447522440944879
0
LINE
8
BLACK
6
CONTINUOUS
10
4.1618591732283461
20
-2.8447522440944879
11
4.1567253937007873
21
-2.8413219685039368
0
LINE
8
BLACK
6
CONTINUOUS
10
4.1567253937007873
20
-2.8413219685039368
11
4.1523595275590548
21
-2.8369561023622047
0
LINE
8
BLACK
6
CONTINUOUS
10
4.1523595275590548
20
-2.8369561023622047
11
4.1489292519685037
21
-2.8318223228346455
0
LINE
8
BLACK
6
CONTINUOUS
10
4.1489292519685037
20
-2.8318223228346455
11
4.1465664566929137
21
-2.8261180314960628
0
LINE
8
BLACK
6
CONTINUOUS
10
4.1465664566929137
20
-2.8261180314960628
11
4.1453618897637794
21
-2.8200623622047245
0
LINE
8
BLACK
6
CONTINUOUS
10
4.1453618897637794
20
-2.8200623622047245
11
4.1453618897637794
21
-2.813888031496063
0
LINE
8
BLACK
6
CONTINUOUS
10
4.1453618897637794
20
-2.813888031496063
11
4.1465664566929137
21
-2.8078323622047243
0
LINE
8
BLACK
6
CONTINUOUS
10
4.1465664566929137
20
-2.8078323622047243
11
4.1470086614173232
21
-2.8067647244094487
0
LINE
8
BLACK
6
CONTINUOUS
10
4.1470086614173232
20
-2.8067647244094487
11
4.1274442125984248
21
-2.7872002755905512
0
LINE
8
BLACK
6
CONTINUOUS
10
4.1274442125984248
20
-2.7872002755905512
11
4.12743968503937
21
-2.7871951181102363
0
LINE
8
BLACK
6
CONTINUOUS
10
4.12743968503937
20
-2.7871951181102363
11
4.1237381102362205
21
-2.7834935826771652
0
LINE
8
BLACK
6
CONTINUOUS
10
4.1237381102362205
20
-2.7834935826771652
11
4.1155417322834644
21
-2.7769572834645668
0
LINE
8
BLACK
6
CONTINUOUS
10
4.1155417322834644
20
-2.7769572834645668
11
4.1066650787401571
21
-2.7713798031496064
0
LINE
8
BLACK
6
CONTINUOUS
10
4.1066650787401571
20
-2.7713798031496064
11
4.0972197637795276
21
-2.7668312598425198
0
LINE
8
BLACK
6
CONTINUOUS
10
4.0972197637795276
20
-2.7668312598425198
11
4.0873245669291336
21
-2.7633688188976375
0
LINE
8
BLACK
6
CONTINUOUS
10
4.0873245669291336
20
-2.7633688188976375
11
4.0771039370078741
21
-2.761036062992126
0
LINE
8
BLACK
6
CONTINUOUS
10
4.0771039370078741
20
-2.761036062992126
11
4.0666863385826773
21
-2.7598623228346457
0
LINE
8
BLACK
6
CONTINUOUS
10
4.0666863385826773
20
-2.7598623228346457
11
4.0614446062992124
21
-2.7598623622047245
0
LINE
8
BLACK
6
CONTINUOUS
10
4.0614446062992124
20
-2.7598623622047245
11
4.0614445669291337
21
-2.7598623228346457
0
LINE
8
BLACK
6
CONTINUOUS
10
4.0614445669291337
20
-2.7598623228346457
11
4.0614445669291337
21
-2.7598623622047245
0
LINE
8
BLACK
6
CONTINUOUS
10
4.0614445669291337
20
-2.7598623622047245
11
3.7998420866141731
21
-2.7598623622047245
0
LINE
8
BLACK
6
CONTINUOUS
10
3.7998420866141731
20
-2.7598623622047245
11
3.7998420078740156
21
-2.7598623622047245
0
LINE
8
BLACK
6
CONTINUOUS
10
3.7998420078740156
20
-2.7598623622047245
11
3.7998401968503934
21
-2.7598622440944882
0
LINE
8
BLACK
6
CONTINUOUS
10
3.7998401968503934
20
-2.7598622440944882
11
3.7946003543307087
21
-2.7598622440944882
0
LINE
8
BLACK
6
CONTINUOUS
10
3.7946003543307087
20
-2.7598622440944882
11
3.7841827952755906
21
-2.761036062992126
0
LINE
8
BLACK
6
CONTINUOUS
10
3.7841827952755906
20
-2.761036062992126
11
3.7739621653543307
21
-2.763368897637795
0
LINE
8
BLACK
6
CONTINUOUS
10
3.7739621653543307
20
-2.763368897637795
11
3.7640670078740155
21
-2.766831377952756
0
LINE
8
BLACK
6
CONTINUOUS
10
3.7640670078740155
20
-2.766831377952756
11
3.7546217322834643
21
-2.7713799999999997
0
LINE
8
BLACK
6
CONTINUOUS
10
3.7546217322834643
20
-2.7713799999999997
11
3.7457451181102361
21
-2.7769575196850393
0
LINE
8
BLACK
6
CONTINUOUS
10
3.7457451181102361
20
-2.7769575196850393
11
3.7375488188976376
21
-2.7834938582677164
0
LINE
8
BLACK
6
CONTINUOUS
10
3.7375488188976376
20
-2.7834938582677164
11
3.7338423622047245
21
-2.7872003149606299
0
LINE
8
BLACK
6
CONTINUOUS
10
3.7338423622047245
20
-2.7872003149606299
11
3.7338422047244095
21
-2.7872003937007874
0
LINE
8
BLACK
6
CONTINUOUS
10
3.7338422047244095
20
-2.7872003937007874
11
3.6914525590551182
21
-2.8295900787401576
0
LINE
8
BLACK
6
CONTINUOUS
10
3.6914525590551182
20
-2.8295900787401576
11
3.6923216141732285
21
-2.8339589763779527
0
LINE
8
BLACK
6
CONTINUOUS
10
3.6923216141732285
20
-2.8339589763779527
11
3.6923216141732285
21
-2.8393614960629923
0
LINE
8
BLACK
6
CONTINUOUS
10
3.6923216141732285
20
-2.8393614960629923
11
3.6912676377952756
21
-2.8446601968503935
0
LINE
8
BLACK
6
CONTINUOUS
10
3.6912676377952756
20
-2.8446601968503935
11
3.6892001968503938
21
-2.8496514960629922
0
LINE
8
BLACK
6
CONTINUOUS
10
3.6892001968503938
20
-2.8496514960629922
11
3.6861987007874015
21
-2.8541435039370078
0
LINE
8
BLACK
6
CONTINUOUS
10
3.6861987007874015
20
-2.8541435039370078
11
3.6823785433070864
21
-2.8579636614173229
0
LINE
8
BLACK
6
CONTINUOUS
10
3.6823785433070864
20
-2.8579636614173229
11
3.6778865354330708
21
-2.8609651574803148
0
LINE
8
BLACK
6
CONTINUOUS
10
3.6778865354330708
20
-2.8609651574803148
11
3.6728952362204725
21
-2.863032598425197
0
LINE
8
BLACK
6
CONTINUOUS
10
3.6728952362204725
20
-2.863032598425197
11
3.6675965354330708
21
-2.8640865748031494
0
LINE
8
BLACK
6
CONTINUOUS
10
3.6675965354330708
20
-2.8640865748031494
11
3.6621940157480313
21
-2.8640865748031494
0
LINE
8
BLACK
6
CONTINUOUS
10
3.6621940157480313
20
-2.8640865748031494
11
3.65689531496063
21
-2.863032598425197
0
LINE
8
BLACK
6
CONTINUOUS
10
3.65689531496063
20
-2.863032598425197
11
3.6519040157480314
21
-2.8609651574803148
0
LINE
8
BLACK
6
CONTINUOUS
10
3.6519040157480314
20
-2.8609651574803148
11
3.6474120078740158
21
-2.8579636614173229
0
LINE
8
BLACK
6
CONTINUOUS
10
3.6474120078740158
20
-2.8579636614173229
11
3.6435918503937006
21
-2.8541435039370078
0
LINE
8
BLACK
6
CONTINUOUS
10
3.6435918503937006
20
-2.8541435039370078
11
3.6411170472440944
21
-2.8504397637795273
0
LINE
8
BLACK
6
CONTINUOUS
10
3.6411170472440944
20
-2.8504397637795273
11
3.4877298818897637
21
-2.8504397637795273
0
LINE
8
BLACK
6
CONTINUOUS
10
3.4877298818897637
20
-2.8504397637795273
11
3.4876546850393702
21
-2.8504348031496063
0
LINE
8
BLACK
6
CONTINUOUS
10
3.4876546850393702
20
-2.8504348031496063
11
3.4875796062992124
21
-2.850438937007874
0
LINE
8
BLACK
6
CONTINUOUS
10
3.4875796062992124
20
-2.850438937007874
11
3.4858614960629919
21
-2.8504201968503935
0
LINE
8
BLACK
6
CONTINUOUS
10
3.4858614960629919
20
-2.8504201968503935
11
3.4853368503937006
21
-2.8503800393700787
0
LINE
8
BLACK
6
CONTINUOUS
10
3.4853368503937006
20
-2.8503800393700787
11
3.4848107874015746
21
-2.8503685826771652
0
LINE
8
BLACK
6
CONTINUOUS
10
3.4848107874015746
20
-2.8503685826771652
11
3.4813876377952755
21
-2.8500690944881888
0
LINE
8
BLACK
6
CONTINUOUS
10
3.4813876377952755
20
-2.8500690944881888
11
3.4807934645669292
21
-2.8499776377952757
0
LINE
8
BLACK
6
CONTINUOUS
10
3.4807934645669292
20
-2.8499776377952757
11
3.4801958661417323
21
-2.8499122047244092
0
LINE
8
BLACK
6
CONTINUOUS
10
3.4801958661417323
20
-2.8499122047244092
11
3.4768118110236221
21
-2.8493155118110236
0
LINE
8
BLACK
6
CONTINUOUS
10
3.4768118110236221
20
-2.8493155118110236
11
3.4762281102362205
21
-2.8491726771653543
0
LINE
8
BLACK
6
CONTINUOUS
10
3.4762281102362205
20
-2.8491726771653543
11
3.4756381102362206
21
-2.8490553149606299
0
LINE
8
BLACK
6
CONTINUOUS
10
3.4756381102362206
20
-2.8490553149606299
11
3.4723189763779527
21
-2.8481659448818899
0
LINE
8
BLACK
6
CONTINUOUS
10
3.4723189763779527
20
-2.8481659448818899
11
3.4717494488188976
21
-2.8479725984251969
0
LINE
8
BLACK
6
CONTINUOUS
10
3.4717494488188976
20
-2.8479725984251969
11
3.4711724803149604
21
-2.8478044488188976
0
LINE
8
BLACK
6
CONTINUOUS
10
3.4711724803149604
20
-2.8478044488188976
11
3.4679435039370077
21
-2.8466291732283464
0
LINE
8
BLACK
6
CONTINUOUS
10
3.4679435039370077
20
-2.8466291732283464
11
3.4673929921259843
21
-2.8463869291338582
0
LINE
8
BLACK
6
CONTINUOUS
10
3.4673929921259843
20
-2.8463869291338582
11
3.4668329921259842
21
-2.8461691732283465
0
LINE
8
BLACK
6
CONTINUOUS
10
3.4668329921259842
20
-2.8461691732283465
11
3.4637187401574803
21
-2.8447169685039371
0
LINE
8
BLACK
6
CONTINUOUS
10
3.4637187401574803
20
-2.8447169685039371
11
3.4631917716535434
21
-2.8444278740157478
0
LINE
8
BLACK
6
CONTINUOUS
10
3.4631917716535434
20
-2.8444278740157478
11
3.462652401574803
21
-2.8441618897637793
0
LINE
8
BLACK
6
CONTINUOUS
10
3.462652401574803
20
-2.8441618897637793
11
3.4596765748031495
21
-2.8424437795275588
0
LINE
8
BLACK
6
CONTINUOUS
10
3.4596765748031495
20
-2.8424437795275588
11
3.4591770078740156
21
-2.8421099999999999
0
LINE
8
BLACK
6
CONTINUOUS
10
3.4591770078740156
20
-2.8421099999999999
11
3.4586626771653544
21
-2.8417978740157479
0
LINE
8
BLACK
6
CONTINUOUS
10
3.4586626771653544
20
-2.8417978740157479
11
3.4558478740157481
21
-2.8398269291338583
0
LINE
8
BLACK
6
CONTINUOUS
10
3.4558478740157481
20
-2.8398269291338583
11
3.455378937007874
21
-2.8394505905511811
0
LINE
8
BLACK
6
CONTINUOUS
10
3.455378937007874
20
-2.8394505905511811
11
3.454894212598425
21
-2.8390951574803149
0
LINE
8
BLACK
6
CONTINUOUS
10
3.454894212598425
20
-2.8390951574803149
11
3.4522618503937008
21
-2.836886377952756
0
LINE
8
BLACK
6
CONTINUOUS
10
3.4522618503937008
20
-2.836886377952756
11
3.4518274803149605
21
-2.8364705511811024
0
LINE
8
BLACK
6
CONTINUOUS
10
3.4518274803149605
20
-2.8364705511811024
11
3.4513755905511809
21
-2.8360742519685038
0
LINE
8
BLACK
6
CONTINUOUS
10
3.4513755905511809
20
-2.8360742519685038
11
3.4489458267716535
21
-2.8336444488188977
0
LINE
8
BLACK
6
CONTINUOUS
10
3.4489458267716535
20
-2.8336444488188977
11
3.4485497637795275
21
-2.8331928346456694
0
LINE
8
BLACK
6
CONTINUOUS
10
3.4485497637795275
20
-2.8331928346456694
11
3.4481336614173226
21
-2.8327581889763778
0
LINE
8
BLACK
6
CONTINUOUS
10
3.4481336614173226
20
-2.8327581889763778
11
3.4459248818897636
21
-2.8301258661417323
0
LINE
8
BLACK
6
CONTINUOUS
10
3.4459248818897636
20
-2.8301258661417323
11
3.4455692913385825
21
-2.829640866141732
0
LINE
8
BLACK
6
CONTINUOUS
10
3.4455692913385825
20
-2.829640866141732
11
3.4451930708661416
21
-2.8291721259842517
0
LINE
8
BLACK
6
CONTINUOUS
10
3.4451930708661416
20
-2.8291721259842517
11
3.4432221653543307
21
-2.8263573622047242
0
LINE
8
BLACK
6
CONTINUOUS
10
3.4432221653543307
20
-2.8263573622047242
11
3.4429102362204724
21
-2.8258433070866142
0
LINE
8
BLACK
6
CONTINUOUS
10
3.4429102362204724
20
-2.8258433070866142
11
3.4425762598425198
21
-2.8253434645669291
0
LINE
8
BLACK
6
CONTINUOUS
10
3.4425762598425198
20
-2.8253434645669291
11
3.4408581496062993
21
-2.8223675984251968
0
LINE
8
BLACK
6
CONTINUOUS
10
3.4408581496062993
20
-2.8223675984251968
11
3.4405923622047245
21
-2.8218286220472439
0
LINE
8
BLACK
6
CONTINUOUS
10
3.4405923622047245
20
-2.8218286220472439
11
3.4403030708661415
21
-2.8213013385826771
0
LINE
8
BLACK
6
CONTINUOUS
10
3.4403030708661415
20
-2.8213013385826771
11
3.4388508661417321
21
-2.8181871259842519
0
LINE
8
BLACK
6
CONTINUOUS
10
3.4388508661417321
20
-2.8181871259842519
11
3.4386329133858267
21
-2.8176267322834647
0
LINE
8
BLACK
6
CONTINUOUS
10
3.4386329133858267
20
-2.8176267322834647
11
3.4383907874015747
21
-2.8170763779527559
0
LINE
8
BLACK
6
CONTINUOUS
10
3.4383907874015747
20
-2.8170763779527559
11
3.437215590551181
21
-2.8138473622047244
0
LINE
8
BLACK
6
CONTINUOUS
10
3.437215590551181
20
-2.8138473622047244
11
3.4370475590551179
21
-2.813270905511811
0
LINE
8
BLACK
6
CONTINUOUS
10
3.4370475590551179
20
-2.813270905511811
11
3.4368541338582674
21
-2.8127010629921259
0
LINE
8
BLACK
6
CONTINUOUS
10
3.4368541338582674
20
-2.8127010629921259
11
3.4359647637795274
21
-2.8093819291338584
0
LINE
8
BLACK
6
CONTINUOUS
10
3.4359647637795274
20
-2.8093819291338584
11
3.4358474015748031
21
-2.8087919291338581
0
LINE
8
BLACK
6
CONTINUOUS
10
3.4358474015748031
20
-2.8087919291338581
11
3.4357045669291337
21
-2.8082082283464564
0
LINE
8
BLACK
6
CONTINUOUS
10
3.4357045669291337
20
-2.8082082283464564
11
3.4351078740157481
21
-2.8048241732283463
0
LINE
8
BLACK
6
CONTINUOUS
10
3.4351078740157481
20
-2.8048241732283463
11
3.4350424015748029
21
-2.8042265354330707
0
LINE
8
BLACK
6
CONTINUOUS
10
3.4350424015748029
20
-2.8042265354330707
11
3.4349509842519685
21
-2.8036324015748031
0
LINE
8
BLACK
6
CONTINUOUS
10
3.4349509842519685
20
-2.8036324015748031
11
3.4346514960629921
21
-2.800209251968504
0
LINE
8
BLACK
6
CONTINUOUS
10
3.4346514960629921
20
-2.800209251968504
11
3.4346399999999999
21
-2.799683188976378
0
LINE
8
BLACK
6
CONTINUOUS
10
3.4346399999999999
20
-2.799683188976378
11
3.4345998818897638
21
-2.7991585826771654
0
LINE
8
BLACK
6
CONTINUOUS
10
3.4345998818897638
20
-2.7991585826771654
11
3.4345811417322833
21
-2.7974404330708662
0
LINE
8
BLACK
6
CONTINUOUS
10
3.4345811417322833
20
-2.7974404330708662
11
3.4345852362204723
21
-2.7973653149606297
0
LINE
8
BLACK
6
CONTINUOUS
10
3.4345852362204723
20
-2.7973653149606297
11
3.43458031496063
21
-2.7972901574803148
0
LINE
8
BLACK
6
CONTINUOUS
10
3.43458031496063
20
-2.7972901574803148
11
3.43458031496063
21
-2.2131794881889761
0
LINE
8
BLACK
6
CONTINUOUS
10
3.43458031496063
20
-2.2131794881889761
11
3.4345643307086613
21
-2.2113350787401576
0
LINE
8
BLACK
6
CONTINUOUS
10
3.4345643307086613
20
-2.2113350787401576
11
3.4342968110236218
21
-2.2075962992125984
0
LINE
8
BLACK
6
CONTINUOUS
10
3.4342968110236218
20
-2.2075962992125984
11
3.4337718503937009
21
-2.2039455118110234
0
LINE
8
BLACK
6
CONTINUOUS
10
3.4337718503937009
20
-2.2039455118110234
11
3.4329878346456693
21
-2.2003417322834644
0
LINE
8
BLACK
6
CONTINUOUS
10
3.4329878346456693
20
-2.2003417322834644
11
3.4319486220472442
21
-2.1968027165354331
0
LINE
8
BLACK
6
CONTINUOUS
10
3.4319486220472442
20
-2.1968027165354331
11
3.43065968503937
21
-2.1933471653543308
0
LINE
8
BLACK
6
CONTINUOUS
10
3.43065968503937
20
-2.1933471653543308
11
3.4291273228346455
21
-2.1899918110236221
0
LINE
8
BLACK
6
CONTINUOUS
10
3.4291273228346455
20
-2.1899918110236221
11
3.4273598031496064
21
-2.1867549212598423
0
LINE
8
BLACK
6
CONTINUOUS
10
3.4273598031496064
20
-2.1867549212598423
11
3.4253655118110236
21
-2.1836517322834643
0
LINE
8
BLACK
6
CONTINUOUS
10
3.4253655118110236
20
-2.1836517322834643
11
3.42315531496063
21
-2.1806992913385828
0
LINE
8
BLACK
6
CONTINUOUS
10
3.42315531496063
20
-2.1806992913385828
11
3.4206994881889763
21
-2.177865118110236
0
LINE
8
BLACK
6
CONTINUOUS
10
3.4206994881889763
20
-2.177865118110236
11
3.4194518897637796
21
-2.1765950787401573
0
LINE
8
BLACK
6
CONTINUOUS
10
3.4194518897637796
20
-2.1765950787401573
11
3.4181797244094487
21
-2.1753461023622047
0
LINE
8
BLACK
6
CONTINUOUS
10
3.4181797244094487
20
-2.1753461023622047
11
3.4153437401574802
21
-2.1728887007874014
0
LINE
8
BLACK
6
CONTINUOUS
10
3.4153437401574802
20
-2.1728887007874014
11
3.4123913779527557
21
-2.1706785433070865
0
LINE
8
BLACK
6
CONTINUOUS
10
3.4123913779527557
20
-2.1706785433070865
11
3.4092887007874015
21
-2.1686845275590549
0
LINE
8
BLACK
6
CONTINUOUS
10
3.4092887007874015
20
-2.1686845275590549
11
3.4060511023622047
21
-2.1669166929133858
0
LINE
8
BLACK
6
CONTINUOUS
10
3.4060511023622047
20
-2.1669166929133858
11
3.4026968110236218
21
-2.1653847637795276
0
LINE
8
BLACK
6
CONTINUOUS
10
3.4026968110236218
20
-2.1653847637795276
11
3.3992405118110236
21
-2.1640955905511809
0
LINE
8
BLACK
6
CONTINUOUS
10
3.3992405118110236
20
-2.1640955905511809
11
3.3957019291338582
21
-2.1630565354330709
0
LINE
8
BLACK
6
CONTINUOUS
10
3.3957019291338582
20
-2.1630565354330709
11
3.3920976771653542
21
-2.1622724015748029
0
LINE
8
BLACK
6
CONTINUOUS
10
3.3920976771653542
20
-2.1622724015748029
11
3.388447401574803
21
-2.1617474803149608
0
LINE
8
BLACK
6
CONTINUOUS
10
3.388447401574803
20
-2.1617474803149608
11
3.3847066929133858
21
-2.1614798818897638
0
LINE
8
BLACK
6
CONTINUOUS
10
3.3847066929133858
20
-2.1614798818897638
11
3.382862716535433
21
-2.1614633858267718
0
LINE
8
BLACK
6
CONTINUOUS
10
3.382862716535433
20
-2.1614633858267718
11
2.984134960629921
21
-2.1614633858267718
0
LINE
8
BLACK
6
CONTINUOUS
10
2.984134960629921
20
-2.1614633858267718
11
2.9822250000000001
21
-2.1614801181102363
0
LINE
8
BLACK
6
CONTINUOUS
10
2.9822250000000001
20
-2.1614801181102363
11
2.9783602755905512
21
-2.161756496062992
0
LINE
8
BLACK
6
CONTINUOUS
10
2.9783602755905512
20
-2.161756496062992
11
2.9745836220472439
21
-2.1622994881889763
0
LINE
8
BLACK
6
CONTINUOUS
10
2.9745836220472439
20
-2.1622994881889763
11
2.9708560629921261
21
-2.1631103149606297
0
LINE
8
BLACK
6
CONTINUOUS
10
2.9708560629921261
20
-2.1631103149606297
11
2.9671953543307086
21
-2.1641851968503936
0
LINE
8
BLACK
6
CONTINUOUS
10
2.9671953543307086
20
-2.1641851968503936
11
2.9636214566929131
21
-2.1655181889763777
0
LINE
8
BLACK
6
CONTINUOUS
10
2.9636214566929131
20
-2.1655181889763777
11
2.9601508661417322
21
-2.1671031102362206
0
LINE
8
BLACK
6
CONTINUOUS
10
2.9601508661417322
20
-2.1671031102362206
11
2.9568025196850392
21
-2.1689314566929134
0
LINE
8
BLACK
6
CONTINUOUS
10
2.9568025196850392
20
-2.1689314566929134
11
2.9535927165354332
21
-2.1709942913385825
0
LINE
8
BLACK
6
CONTINUOUS
10
2.9535927165354332
20
-2.1709942913385825
11
2.9505391732283464
21
-2.1732801574803151
0
LINE
8
BLACK
6
CONTINUOUS
10
2.9505391732283464
20
-2.1732801574803151
11
2.9476107086614172
21
-2.1758176771653543
0
LINE
8
BLACK
6
CONTINUOUS
10
2.9476107086614172
20
-2.1758176771653543
11
2.9462923228346458
21
-2.1771132677165355
0
LINE
8
BLACK
6
CONTINUOUS
10
2.9462923228346458
20
-2.1771132677165355
11
2.9449976377952756
21
-2.1784306299212597
0
LINE
8
BLACK
6
CONTINUOUS
10
2.9449976377952756
20
-2.1784306299212597
11
2.9424601574803151
21
-2.1813589763779526
0
LINE
8
BLACK
6
CONTINUOUS
10
2.9424601574803151
20
-2.1813589763779526
11
2.9401737795275591
21
-2.1844132677165353
0
LINE
8
BLACK
6
CONTINUOUS
10
2.9401737795275591
20
-2.1844132677165353
11
2.9381112204724409
21
-2.1876226771653542
0
LINE
8
BLACK
6
CONTINUOUS
10
2.9381112204724409
20
-2.1876226771653542
11
2.9362830708661418
21
-2.1909706692913384
0
LINE
8
BLACK
6
CONTINUOUS
10
2.9362830708661418
20
-2.1909706692913384
11
2.9346980314960631
21
-2.1944414960629919
0
LINE
8
BLACK
6
CONTINUOUS
10
2.9346980314960631
20
-2.1944414960629919
11
2.9333650393700785
21
-2.1980153543307086
0
LINE
8
BLACK
6
CONTINUOUS
10
2.9333650393700785
20
-2.1980153543307086
11
2.9322901181102363
21
-2.2016760629921261
0
LINE
8
BLACK
6
CONTINUOUS
10
2.9322901181102363
20
-2.2016760629921261
11
2.9314792913385825
21
-2.2054035826771652
0
LINE
8
BLACK
6
CONTINUOUS
10
2.9314792913385825
20
-2.2054035826771652
11
2.9309362992125982
21
-2.2091803149606299
0
LINE
8
BLACK
6
CONTINUOUS
10
2.9309362992125982
20
-2.2091803149606299
11
2.9306599212598425
21
-2.2130448031496064
0
LINE
8
BLACK
6
CONTINUOUS
10
2.9306599212598425
20
-2.2130448031496064
11
2.9306433070866142
21
-2.2149540157480314
0
LINE
8
BLACK
6
CONTINUOUS
10
2.9306433070866142
20
-2.2149540157480314
11
2.9306433070866142
21
-3.553738307086614
0
LINE
8
BLACK
6
CONTINUOUS
10
2.9306433070866142
20
-3.553738307086614
11
2.9306432677165355
21
-3.5537385826771652
0
LINE
8
BLACK
6
CONTINUOUS
10
2.9306432677165355
20
-3.5537385826771652
11
2.9306433070866142
21
-3.5537387007874015
0
LINE
8
BLACK
6
CONTINUOUS
10
2.9306433070866142
20
-3.5537387007874015
11
2.9306442519685039
21
-3.5537387007874015
0
LINE
8
BLACK
6
CONTINUOUS
10
2.9306442519685039
20
-3.5537387007874015
11
2.9306441338582676
21
-3.5579643307086615
0
LINE
8
BLACK
6
CONTINUOUS
10
2.9306441338582676
20
-3.5579643307086615
11
2.9319660236220471
21
-3.5663115748031493
0
LINE
8
BLACK
6
CONTINUOUS
10
2.9319660236220471
20
-3.5663115748031493
11
2.9345774409448819
21
-3.5743492519685041
0
LINE
8
BLACK
6
CONTINUOUS
10
2.9345774409448819
20
-3.5743492519685041
11
2.9384141338582674
21
-3.5818794488188974
0
LINE
8
BLACK
6
CONTINUOUS
10
2.9384141338582674
20
-3.5818794488188974
11
2.9433815748031495
21
-3.5887167322834643
0
LINE
8
BLACK
6
CONTINUOUS
10
2.9433815748031495
20
-3.5887167322834643
11
2.9493574803149607
21
-3.594692716535433
0
LINE
8
BLACK
6
CONTINUOUS
10
2.9493574803149607
20
-3.594692716535433
11
2.9561947244094489
21
-3.5996602755905509
0
LINE
8
BLACK
6
CONTINUOUS
10
2.9561947244094489
20
-3.5996602755905509
11
2.9637248425196852
21
-3.6034970472440944
0
LINE
8
BLACK
6
CONTINUOUS
10
2.9637248425196852
20
-3.6034970472440944
11
2.9717624803149607
21
-3.6061086220472438
0
LINE
8
BLACK
6
CONTINUOUS
10
2.9717624803149607
20
-3.6061086220472438
11
2.9801097244094485
21
-3.6074305905511812
0
LINE
8
BLACK
6
CONTINUOUS
10
2.9801097244094485
20
-3.6074305905511812
11
2.9843353543307085
21
-3.6074305511811025
0
LINE
8
BLACK
6
CONTINUOUS
10
2.9843353543307085
20
-3.6074305511811025
11
2.9843353937007873
21
-3.6074305511811025
0
LINE
8
BLACK
6
CONTINUOUS
10
2.9843353937007873
20
-3.6074305511811025
11
2.9843355511811023
21
-3.6074305511811025
0
LINE
8
BLACK
6
CONTINUOUS
10
2.9843355511811023
20
-3.6074305511811025
11
3.0166625984251967
21
-3.6074305511811025
0
LINE
8
BLACK
6
CONTINUOUS
10
3.0166625984251967
20
-3.6074305511811025
11
3.0166627165354329
21
-3.6074305511811025
0
LINE
8
BLACK
6
CONTINUOUS
10
3.0166627165354329
20
-3.6074305511811025
11
3.0166627952755904
21
-3.6074305511811025
0
LINE
8
BLACK
6
CONTINUOUS
10
3.0166627952755904
20
-3.6074305511811025
11
3.0277053937007872
21
-3.6080508661417321
0
LINE
8
BLACK
6
CONTINUOUS
10
3.0277053937007872
20
-3.6080508661417321
11
3.0386090944881889
21
-3.6099036614173228
0
LINE
8
BLACK
6
CONTINUOUS
10
3.0386090944881889
20
-3.6099036614173228
11
3.0492367716535433
21
-3.6129656299212596
0
LINE
8
BLACK
6
CONTINUOUS
10
3.0492367716535433
20
-3.6129656299212596
11
3.0594548031496061
21
-3.6171983070866141
0
LINE
8
BLACK
6
CONTINUOUS
10
3.0594548031496061
20
-3.6171983070866141
11
3.0691346850393701
21
-3.622548464566929
0
LINE
8
BLACK
6
CONTINUOUS
10
3.0691346850393701
20
-3.622548464566929
11
3.0781546456692914
21
-3.6289487795275588
0
LINE
8
BLACK
6
CONTINUOUS
10
3.0781546456692914
20
-3.6289487795275588
11
3.0814970078740158
21
-3.6319358267716533
0
LINE
8
BLACK
6
CONTINUOUS
10
3.0814970078740158
20
-3.6319358267716533
11
3.1271
21
-3.6319358267716533
0
LINE
8
BLACK
6
CONTINUOUS
10
3.1271
20
-3.6319358267716533
11
3.1308665748031497
21
-3.6326850393700787
0
LINE
8
BLACK
6
CONTINUOUS
10
3.1308665748031497
20
-3.6326850393700787
11
3.1340597244094486
21
-3.634818622047244
0
LINE
8
BLACK
6
CONTINUOUS
10
3.1340597244094486
20
-3.634818622047244
11
3.1361933070866139
21
-3.6380117716535434
0
LINE
8
BLACK
6
CONTINUOUS
10
3.1361933070866139
20
-3.6380117716535434
11
3.1369425196850393
21
-3.6417783464566926
0
LINE
8
BLACK
6
CONTINUOUS
10
3.1369425196850393
20
-3.6417783464566926
11
3.1369425196850393
21
-3.763825590551181
0
LINE
8
BLACK
6
CONTINUOUS
10
3.1369425196850393
20
-3.763825590551181
11
3.1361933070866139
21
-3.7675921653543307
0
LINE
8
BLACK
6
CONTINUOUS
10
3.1361933070866139
20
-3.7675921653543307
11
3.1340597244094486
21
-3.7707853149606296
0
LINE
8
BLACK
6
CONTINUOUS
10
3.1340597244094486
20
-3.7707853149606296
11
3.1308665748031497
21
-3.772918897637795
0
LINE
8
BLACK
6
CONTINUOUS
10
3.1308665748031497
20
-3.772918897637795
11
3.1271
21
-3.7736681102362204
0
LINE
8
BLACK
6
CONTINUOUS
10
3.1271
20
-3.7736681102362204
11
3.1152889763779528
21
-3.7736681102362204
0
LINE
8
BLACK
6
CONTINUOUS
10
3.1152889763779528
20
-3.7736681102362204
11
3.1152889763779528
21
-3.9496644881889762
0
LINE
8
BLACK
6
CONTINUOUS
10
3.1152889763779528
20
-3.9496644881889762
11
3.1157682283464565
21
-3.9493442913385826
0
LINE
8
BLACK
6
CONTINUOUS
10
3.1157682283464565
20
-3.9493442913385826
11
3.1225421259842521
21
-3.9465384645669292
0
LINE
8
BLACK
6
CONTINUOUS
10
3.1225421259842521
20
-3.9465384645669292
11
3.1297332283464567
21
-3.9451080708661417
0
LINE
8
BLACK
6
CONTINUOUS
10
3.1297332283464567
20
-3.9451080708661417
11
3.1370651968503935
21
-3.9451080708661417
0
LINE
8
BLACK
6
CONTINUOUS
10
3.1370651968503935
20
-3.9451080708661417
11
3.1442562992125982
21
-3.9465384645669292
0
LINE
8
BLACK
6
CONTINUOUS
10
3.1442562992125982
20
-3.9465384645669292
11
3.1510301968503938
21
-3.9493442913385826
0
LINE
8
BLACK
6
CONTINUOUS
10
3.1510301968503938
20
-3.9493442913385826
11
3.1571265354330706
21
-3.9534177165354332
0
LINE
8
BLACK
6
CONTINUOUS
10
3.1571265354330706
20
-3.9534177165354332
11
3.1623110236220473
21
-3.9586022047244094
0
LINE
8
BLACK
6
CONTINUOUS
10
3.1623110236220473
20
-3.9586022047244094
11
3.1663844488188975
21
-3.9646985433070867
0
LINE
8
BLACK
6
CONTINUOUS
10
3.1663844488188975
20
-3.9646985433070867
11
3.1691902755905512
21
-3.9714724409448818
0
LINE
8
BLACK
6
CONTINUOUS
10
3.1691902755905512
20
-3.9714724409448818
11
3.1706206692913383
21
-3.9786635433070865
0
LINE
8
BLACK
6
CONTINUOUS
10
3.1706206692913383
20
-3.9786635433070865
11
3.1708007874015749
21
-3.9823295275590551
0
LINE
8
BLACK
6
CONTINUOUS
10
3.1708007874015749
20
-3.9823295275590551
11
3.1708007874015749
21
-4.0335106299212597
0
LINE
8
BLACK
6
CONTINUOUS
10
3.1708007874015749
20
-4.0335106299212597
11
3.1706206692913383
21
-4.0371766141732284
0
LINE
8
BLACK
6
CONTINUOUS
10
3.1706206692913383
20
-4.0371766141732284
11
3.1691902755905512
21
-4.044367716535433
0
LINE
8
BLACK
6
CONTINUOUS
10
3.1691902755905512
20
-4.044367716535433
11
3.1663844488188975
21
-4.0511416141732282
0
LINE
8
BLACK
6
CONTINUOUS
10
3.1663844488188975
20
-4.0511416141732282
11
3.1623110236220473
21
-4.057237952755905
0
LINE
8
BLACK
6
CONTINUOUS
10
3.1623110236220473
20
-4.057237952755905
11
3.1571265354330706
21
-4.0624224409448821
0
LINE
8
BLACK
6
CONTINUOUS
10
3.1571265354330706
20
-4.0624224409448821
11
3.1510301968503938
21
-4.0664958661417323
0
LINE
8
BLACK
6
CONTINUOUS
10
3.1510301968503938
20
-4.0664958661417323
11
3.1471787401574804
21
-4.0680911811023623
0
LINE
8
BLACK
6
CONTINUOUS
10
3.1471787401574804
20
-4.0680911811023623
11
3.1471787401574804
21
-4.4398749212598423
0
LINE
8
BLACK
6
CONTINUOUS
10
3.1471787401574804
20
-4.4398749212598423
11
3.1510301968503938
21
-4.4414702755905511
0
LINE
8
BLACK
6
CONTINUOUS
10
3.1510301968503938
20
-4.4414702755905511
11
3.1571265354330706
21
-4.4455437007874012
0
LINE
8
BLACK
6
CONTINUOUS
10
3.1571265354330706
20
-4.4455437007874012
11
3.1623110236220473
21
-4.4507281889763775
0
LINE
8
BLACK
6
CONTINUOUS
10
3.1623110236220473
20
-4.4507281889763775
11
3.1663844488188975
21
-4.4568245275590552
0
LINE
8
BLACK
6
CONTINUOUS
10
3.1663844488188975
20
-4.4568245275590552
11
3.1691902755905512
21
-4.4635984251968504
0
LINE
8
BLACK
6
CONTINUOUS
10
3.1691902755905512
20
-4.4635984251968504
11
3.1706206692913383
21
-4.470789527559055
0
LINE
8
BLACK
6
CONTINUOUS
10
3.1706206692913383
20
-4.470789527559055
11
3.1708007874015749
21
-4.4744555118110236
0
LINE
8
BLACK
6
CONTINUOUS
10
3.1708007874015749
20
-4.4744555118110236
11
3.1708007874015749
21
-4.5256366141732283
0
LINE
8
BLACK
6
CONTINUOUS
10
3.1708007874015749
20
-4.5256366141732283
11
3.1706206692913383
21
-4.5293025984251969
0
LINE
8
BLACK
6
CONTINUOUS
10
3.1706206692913383
20
-4.5293025984251969
11
3.1691902755905512
21
-4.5364937007874016
0
LINE
8
BLACK
6
CONTINUOUS
10
3.1691902755905512
20
-4.5364937007874016
11
3.1663844488188975
21
-4.5432675984251967
0
LINE
8
BLACK
6
CONTINUOUS
10
3.1663844488188975
20
-4.5432675984251967
11
3.1623110236220473
21
-4.5493639370078736
0
LINE
8
BLACK
6
CONTINUOUS
10
3.1623110236220473
20
-4.5493639370078736
11
3.1571265354330706
21
-4.5545484251968507
0
LINE
8
BLACK
6
CONTINUOUS
10
3.1571265354330706
20
-4.5545484251968507
11
3.1510301968503938
21
-4.5586218503937008
0
LINE
8
BLACK
6
CONTINUOUS
10
3.1510301968503938
20
-4.5586218503937008
11
3.1442562992125982
21
-4.5614276771653541
0
LINE
8
BLACK
6
CONTINUOUS
10
3.1442562992125982
20
-4.5614276771653541
11
3.1370651968503935
21
-4.5628580708661417
0
LINE
8
BLACK
6
CONTINUOUS
10
3.1370651968503935
20
-4.5628580708661417
11
3.1297332283464567
21
-4.5628580708661417
0
LINE
8
BLACK
6
CONTINUOUS
10
3.1297332283464567
20
-4.5628580708661417
11
3.1225421259842521
21
-4.5614276771653541
0
LINE
8
BLACK
6
CONTINUOUS
10
3.1225421259842521
20
-4.5614276771653541
11
3.1157682283464565
21
-4.5586218503937008
0
LINE
8
BLACK
6
CONTINUOUS
10
3.1157682283464565
20
-4.5586218503937008
11
3.1096718897637796
21
-4.5545484251968507
0
LINE
8
BLACK
6
CONTINUOUS
10
3.1096718897637796
20
-4.5545484251968507
11
3.104487401574803
21
-4.5493639370078736
0
LINE
8
BLACK
6
CONTINUOUS
10
3.104487401574803
20
-4.5493639370078736
11
3.1004139763779528
21
-4.5432675984251967
0
LINE
8
BLACK
6
CONTINUOUS
10
3.1004139763779528
20
-4.5432675984251967
11
3.097608149606299
21
-4.5364937007874016
0
LINE
8
BLACK
6
CONTINUOUS
10
3.097608149606299
20
-4.5364937007874016
11
3.0961777559055119
21
-4.5293025984251969
0
LINE
8
BLACK
6
CONTINUOUS
10
3.0961777559055119
20
-4.5293025984251969
11
3.0959976377952754
21
-4.5256366141732283
0
LINE
8
BLACK
6
CONTINUOUS
10
3.0959976377952754
20
-4.5256366141732283
11
3.0959976377952754
21
-4.4744555118110236
0
LINE
8
BLACK
6
CONTINUOUS
10
3.0959976377952754
20
-4.4744555118110236
11
3.0961777559055119
21
-4.470789527559055
0
LINE
8
BLACK
6
CONTINUOUS
10
3.0961777559055119
20
-4.470789527559055
11
3.097608149606299
21
-4.4635984251968504
0
LINE
8
BLACK
6
CONTINUOUS
10
3.097608149606299
20
-4.4635984251968504
11
3.1004139763779528
21
-4.4568245275590552
0
LINE
8
BLACK
6
CONTINUOUS
10
3.1004139763779528
20
-4.4568245275590552
11
3.104487401574803
21
-4.4507281889763775
0
LINE
8
BLACK
6
CONTINUOUS
10
3.104487401574803
20
-4.4507281889763775
11
3.1096718897637796
21
-4.4455437007874012
0
LINE
8
BLACK
6
CONTINUOUS
10
3.1096718897637796
20
-4.4455437007874012
11
3.1157682283464565
21
-4.4414702755905511
0
LINE
8
BLACK
6
CONTINUOUS
10
3.1157682283464565
20
-4.4414702755905511
11
3.1196196850393698
21
-4.4398749212598423
0
LINE
8
BLACK
6
CONTINUOUS
10
3.1196196850393698
20
-4.4398749212598423
11
3.1196196850393698
21
-4.0680911811023623
0
LINE
8
BLACK
6
CONTINUOUS
10
3.1196196850393698
20
-4.0680911811023623
11
3.1157682283464565
21
-4.0664958661417323
0
LINE
8
BLACK
6
CONTINUOUS
10
3.1157682283464565
20
-4.0664958661417323
11
3.1096718897637796
21
-4.0624224409448821
0
LINE
8
BLACK
6
CONTINUOUS
10
3.1096718897637796
20
-4.0624224409448821
11
3.104487401574803
21
-4.057237952755905
0
LINE
8
BLACK
6
CONTINUOUS
10
3.104487401574803
20
-4.057237952755905
11
3.1004139763779528
21
-4.0511416141732282
0
LINE
8
BLACK
6
CONTINUOUS
10
3.1004139763779528
20
-4.0511416141732282
11
3.097608149606299
21
-4.044367716535433
0
LINE
8
BLACK
6
CONTINUOUS
10
3.097608149606299
20
-4.044367716535433
11
3.0961777559055119
21
-4.0371766141732284
0
LINE
8
BLACK
6
CONTINUOUS
10
3.0961777559055119
20
-4.0371766141732284
11
3.0959976377952754
21
-4.0335106299212597
0
LINE
8
BLACK
6
CONTINUOUS
10
3.0959976377952754
20
-4.0335106299212597
11
3.0959976377952754
21
-3.9858224015748029
0
LINE
8
BLACK
6
CONTINUOUS
10
3.0959976377952754
20
-3.9858224015748029
11
3.0929226771653542
21
-3.9795871259842519
0
LINE
8
BLACK
6
CONTINUOUS
10
3.0929226771653542
20
-3.9795871259842519
11
3.0900542519685037
21
-3.9711372834645666
0
LINE
8
BLACK
6
CONTINUOUS
10
3.0900542519685037
20
-3.9711372834645666
11
3.0883133070866142
21
-3.9623853149606298
0
LINE
8
BLACK
6
CONTINUOUS
10
3.0883133070866142
20
-3.9623853149606298
11
3.0877296062992126
21
-3.9534809448818895
0
LINE
8
BLACK
6
CONTINUOUS
10
3.0877296062992126
20
-3.9534809448818895
11
3.0877299212598426
21
-3.9534809448818895
0
LINE
8
BLACK
6
CONTINUOUS
10
3.0877299212598426
20
-3.9534809448818895
11
3.0877299212598426
21
-3.9534808267716532
0
LINE
8
BLACK
6
CONTINUOUS
10
3.0877299212598426
20
-3.9534808267716532
11
3.0877299212598426
21
-3.7736681102362204
0
LINE
8
BLACK
6
CONTINUOUS
10
3.0877299212598426
20
-3.7736681102362204
11
3.0759188976377954
21
-3.7736681102362204
0
LINE
8
BLACK
6
CONTINUOUS
10
3.0759188976377954
20
-3.7736681102362204
11
3.0721523228346457
21
-3.772918897637795
0
LINE
8
BLACK
6
CONTINUOUS
10
3.0721523228346457
20
-3.772918897637795
11
3.0689591732283463
21
-3.7707853149606296
0
LINE
8
BLACK
6
CONTINUOUS
10
3.0689591732283463
20
-3.7707853149606296
11
3.066825590551181
21
-3.7675921653543307
0
LINE
8
BLACK
6
CONTINUOUS
10
3.066825590551181
20
-3.7675921653543307
11
3.066076377952756
21
-3.763825590551181
0
LINE
8
BLACK
6
CONTINUOUS
10
3.066076377952756
20
-3.763825590551181
11
3.066076377952756
21
-3.6549681889763779
0
LINE
8
BLACK
6
CONTINUOUS
10
3.066076377952756
20
-3.6549681889763779
11
3.0636199999999998
21
-3.6525117322834646
0
LINE
8
BLACK
6
CONTINUOUS
10
3.0636199999999998
20
-3.6525117322834646
11
3.0562293307086614
21
-3.6468403937007872
0
LINE
8
BLACK
6
CONTINUOUS
10
3.0562293307086614
20
-3.6468403937007872
11
3.0481616141732282
21
-3.642182283464567
0
LINE
8
BLACK
6
CONTINUOUS
10
3.0481616141732282
20
-3.642182283464567
11
3.0395549212598425
21
-3.6386170866141732
0
LINE
8
BLACK
6
CONTINUOUS
10
3.0395549212598425
20
-3.6386170866141732
11
3.0305565354330706
21
-3.6362057874015745
0
LINE
8
BLACK
6
CONTINUOUS
10
3.0305565354330706
20
-3.6362057874015745
11
3.0213203543307086
21
-3.6349896850393701
0
LINE
8
BLACK
6
CONTINUOUS
10
3.0213203543307086
20
-3.6349896850393701
11
3.0166624015748029
21
-3.6349896062992126
0
LINE
8
BLACK
6
CONTINUOUS
10
3.0166624015748029
20
-3.6349896062992126
11
2.984335748031496
21
-3.6349896062992126
0
LINE
8
BLACK
6
CONTINUOUS
10
2.984335748031496
20
-3.6349896062992126
11
2.9843355511811023
21
-3.6349896062992126
0
LINE
8
BLACK
6
CONTINUOUS
10
2.9843355511811023
20
-3.6349896062992126
11
2.9825369685039371
21
-3.6348717322834645
0
LINE
8
BLACK
6
CONTINUOUS
10
2.9825369685039371
20
-3.6348717322834645
11
2.9825369291338584
21
-3.6348716929133857
0
LINE
8
BLACK
6
CONTINUOUS
10
2.9825369291338584
20
-3.6348716929133857
11
2.973730275590551
21
-3.6342946062992123
0
LINE
8
BLACK
6
CONTINUOUS
10
2.973730275590551
20
-3.6342946062992123
11
2.9633062598425197
21
-3.6322212204724407
0
LINE
8
BLACK
6
CONTINUOUS
10
2.9633062598425197
20
-3.6322212204724407
11
2.9532420866141731
21
-3.6288049606299211
0
LINE
8
BLACK
6
CONTINUOUS
10
2.9532420866141731
20
-3.6288049606299211
11
2.9437099212598423
21
-3.6241042519685038
0
LINE
8
BLACK
6
CONTINUOUS
10
2.9437099212598423
20
-3.6241042519685038
11
2.9348728740157481
21
-3.6181994881889761
0
LINE
8
BLACK
6
CONTINUOUS
10
2.9348728740157481
20
-3.6181994881889761
11
2.9268822047244094
21
-3.6111918110236219
0
LINE
8
BLACK
6
CONTINUOUS
10
2.9268822047244094
20
-3.6111918110236219
11
2.9198746062992127
21
-3.6032010236220473
0
LINE
8
BLACK
6
CONTINUOUS
10
2.9198746062992127
20
-3.6032010236220473
11
2.9139699999999999
21
-3.5943638976377952
0
LINE
8
BLACK
6
CONTINUOUS
10
2.9139699999999999
20
-3.5943638976377952
11
2.909269409448819
21
-3.5848316929133857
0
LINE
8
BLACK
6
CONTINUOUS
10
2.909269409448819
20
-3.5848316929133857
11
2.9058532677165352
21
-3.574767440944882
0
LINE
8
BLACK
6
CONTINUOUS
10
2.9058532677165352
20
-3.574767440944882
11
2.9037800393700786
21
-3.5643433858267715
0
LINE
8
BLACK
6
CONTINUOUS
10
2.9037800393700786
20
-3.5643433858267715
11
2.9032033464566926
21
-3.5555414960629919
0
LINE
8
BLACK
6
CONTINUOUS
10
2.9032033464566926
20
-3.5555414960629919
11
2.9032021259842518
21
-3.5555368897637796
0
LINE
8
BLACK
6
CONTINUOUS
10
2.9032021259842518
20
-3.5555368897637796
11
2.9030842519685041
21
-3.553738307086614
0
LINE
8
BLACK
6
CONTINUOUS
10
2.9030842519685041
20
-3.553738307086614
11
2.9030842519685041
21
-2.2148927559055118
0
LINE
8
BLACK
6
CONTINUOUS
10
2.9030842519685041
20
-2.2148927559055118
11
2.9030881496062992
21
-2.2148328346456694
0
LINE
8
BLACK
6
CONTINUOUS
10
2.9030881496062992
20
-2.2148328346456694
11
2.9030847637795274
21
-2.2147727165354332
0
LINE
8
BLACK
6
CONTINUOUS
10
2.9030847637795274
20
-2.2147727165354332
11
2.9031056692913384
21
-2.2123730708661418
0
LINE
8
BLACK
6
CONTINUOUS
10
2.9031056692913384
20
-2.2123730708661418
11
2.9031376771653541
21
-2.2119419291338582
0
LINE
8
BLACK
6
CONTINUOUS
10
2.9031376771653541
20
-2.2119419291338582
11
2.9031402755905513
21
-2.2115101181102363
0
LINE
8
BLACK
6
CONTINUOUS
10
2.9031402755905513
20
-2.2115101181102363
11
2.9034826377952756
21
-2.2067231102362204
0
LINE
8
BLACK
6
CONTINUOUS
10
2.9034826377952756
20
-2.2067231102362204
11
2.9035496850393701
21
-2.2062360236220471
0
LINE
8
BLACK
6
CONTINUOUS
10
2.9035496850393701
20
-2.2062360236220471
11
2.9035877559055119
21
-2.2057451181102361
0
LINE
8
BLACK
6
CONTINUOUS
10
2.9035877559055119
20
-2.2057451181102361
11
2.9042707480314962
21
-2.2009946850393702
0
LINE
8
BLACK
6
CONTINUOUS
10
2.9042707480314962
20
-2.2009946850393702
11
2.9043725196850394
21
-2.2005129921259843
0
LINE
8
BLACK
6
CONTINUOUS
10
2.9043725196850394
20
-2.2005129921259843
11
2.9044453937007875
21
-2.2000267716535431
0
LINE
8
BLACK
6
CONTINUOUS
10
2.9044453937007875
20
-2.2000267716535431
11
2.9054655118110237
21
-2.1953371653543305
0
LINE
8
BLACK
6
CONTINUOUS
10
2.9054655118110237
20
-2.1953371653543305
11
2.9056013385826769
21
-2.19486405511811
0
LINE
8
BLACK
6
CONTINUOUS
10
2.9056013385826769
20
-2.19486405511811
11
2.9057088188976379
21
-2.1943838976377954
0
LINE
8
BLACK
6
CONTINUOUS
10
2.9057088188976379
20
-2.1943838976377954
11
2.9070609448818896
21
-2.1897790551181102
0
LINE
8
BLACK
6
CONTINUOUS
10
2.9070609448818896
20
-2.1897790551181102
11
2.9072302362204723
21
-2.1893167322834644
0
LINE
8
BLACK
6
CONTINUOUS
10
2.9072302362204723
20
-2.1893167322834644
11
2.9073715748031494
21
-2.1888458267716535
0
LINE
8
BLACK
6
CONTINUOUS
10
2.9073715748031494
20
-2.1888458267716535
11
2.9090487401574801
21
-2.1843491338582677
0
LINE
8
BLACK
6
CONTINUOUS
10
2.9090487401574801
20
-2.1843491338582677
11
2.9092503543307084
21
-2.1839005905511812
0
LINE
8
BLACK
6
CONTINUOUS
10
2.9092503543307084
20
-2.1839005905511812
11
2.909425118110236
21
-2.1834404330708659
0
LINE
8
BLACK
6
CONTINUOUS
10
2.909425118110236
20
-2.1834404330708659
11
2.9114187795275588
21
-2.1790748818897638
0
LINE
8
BLACK
6
CONTINUOUS
10
2.9114187795275588
20
-2.1790748818897638
11
2.9116521653543308
21
-2.1786412992125985
0
LINE
8
BLACK
6
CONTINUOUS
10
2.9116521653543308
20
-2.1786412992125985
11
2.911859094488189
21
-2.1781952755905509
0
LINE
8
BLACK
6
CONTINUOUS
10
2.911859094488189
20
-2.1781952755905509
11
2.9141591338582677
21
-2.1739830314960629
0
LINE
8
BLACK
6
CONTINUOUS
10
2.9141591338582677
20
-2.1739830314960629
11
2.9144225984251966
21
-2.173567559055118
0
LINE
8
BLACK
6
CONTINUOUS
10
2.9144225984251966
20
-2.173567559055118
11
2.9146610629921259
21
-2.1731370472440945
0
LINE
8
BLACK
6
CONTINUOUS
10
2.9146610629921259
20
-2.1731370472440945
11
2.917255708661417
21
-2.1690996850393702
0
LINE
8
BLACK
6
CONTINUOUS
10
2.917255708661417
20
-2.1690996850393702
11
2.9175481889763777
21
-2.16870405511811
0
LINE
8
BLACK
6
CONTINUOUS
10
2.9175481889763777
20
-2.16870405511811
11
2.9178167322834647
21
-2.168291653543307
0
LINE
8
BLACK
6
CONTINUOUS
10
2.9178167322834647
20
-2.168291653543307
11
2.9206928346456693
21
-2.16444968503937
0
LINE
8
BLACK
6
CONTINUOUS
10
2.9206928346456693
20
-2.16444968503937
11
2.9210127165354329
21
-2.1640759842519683
0
LINE
8
BLACK
6
CONTINUOUS
10
2.9210127165354329
20
-2.1640759842519683
11
2.9213100000000001
21
-2.1636838188976379
0
LINE
8
BLACK
6
CONTINUOUS
10
2.9213100000000001
20
-2.1636838188976379
11
2.9244528346456691
21
-2.1600567716535433
0
LINE
8
BLACK
6
CONTINUOUS
10
2.9244528346456691
20
-2.1600567716535433
11
2.9247566141732282
21
-2.1597493307086615
0
LINE
8
BLACK
6
CONTINUOUS
10
2.9247566141732282
20
-2.1597493307086615
11
2.92503905511811
21
-2.1594216141732283
0
LINE
8
BLACK
6
CONTINUOUS
10
2.92503905511811
20
-2.1594216141732283
11
2.9267211417322834
21
-2.1577100787401573
0
LINE
8
BLACK
6
CONTINUOUS
10
2.9267211417322834
20
-2.1577100787401573
11
2.9268107086614172
21
-2.1576300787401572
0
LINE
8
BLACK
6
CONTINUOUS
10
2.9268107086614172
20
-2.1576300787401572
11
2.9268904724409448
21
-2.1575407874015746
0
LINE
8
BLACK
6
CONTINUOUS
10
2.9268904724409448
20
-2.1575407874015746
11
2.9286020472440946
21
-2.1558587795275592
0
LINE
8
BLACK
6
CONTINUOUS
10
2.9286020472440946
20
-2.1558587795275592
11
2.9289294488188977
21
-2.1555766141732282
0
LINE
8
BLACK
6
CONTINUOUS
10
2.9289294488188977
20
-2.1555766141732282
11
2.9292367716535432
21
-2.1552729921259841
0
LINE
8
BLACK
6
CONTINUOUS
10
2.9292367716535432
20
-2.1552729921259841
11
2.9328637795275592
21
-2.1521301574803151
0
LINE
8
BLACK
6
CONTINUOUS
10
2.9328637795275592
20
-2.1521301574803151
11
2.9332562204724408
21
-2.151832716535433
0
LINE
8
BLACK
6
CONTINUOUS
10
2.9332562204724408
20
-2.151832716535433
11
2.9336296850393699
21
-2.1515129921259843
0
LINE
8
BLACK
6
CONTINUOUS
10
2.9336296850393699
20
-2.1515129921259843
11
2.937471653543307
21
-2.1486369291338581
0
LINE
8
BLACK
6
CONTINUOUS
10
2.937471653543307
20
-2.1486369291338581
11
2.9378835039370079
21
-2.1483687007874015
0
LINE
8
BLACK
6
CONTINUOUS
10
2.9378835039370079
20
-2.1483687007874015
11
2.9382796062992127
21
-2.1480759055118108
0
LINE
8
BLACK
6
CONTINUOUS
10
2.9382796062992127
20
-2.1480759055118108
11
2.9423170078740157
21
-2.1454812598425197
0
LINE
8
BLACK
6
CONTINUOUS
10
2.9423170078740157
20
-2.1454812598425197
11
2.9427471653543305
21
-2.1452429921259841
0
LINE
8
BLACK
6
CONTINUOUS
10
2.9427471653543305
20
-2.1452429921259841
11
2.9431629921259841
21
-2.1449792913385828
0
LINE
8
BLACK
6
CONTINUOUS
10
2.9431629921259841
20
-2.1449792913385828
11
2.9473751968503938
21
-2.1426792519685041
0
LINE
8
BLACK
6
CONTINUOUS
10
2.9473751968503938
20
-2.1426792519685041
11
2.9478215748031493
21
-2.1424721259842521
0
LINE
8
BLACK
6
CONTINUOUS
10
2.9478215748031493
20
-2.1424721259842521
11
2.9482548425196851
21
-2.1422389370078738
0
LINE
8
BLACK
6
CONTINUOUS
10
2.9482548425196851
20
-2.1422389370078738
11
2.9526203937007875
21
-2.140245275590551
0
LINE
8
BLACK
6
CONTINUOUS
10
2.9526203937007875
20
-2.140245275590551
11
2.9530806692913387
21
-2.140070433070866
0
LINE
8
BLACK
6
CONTINUOUS
10
2.9530806692913387
20
-2.140070433070866
11
2.9535291338582677
21
-2.1398688976377951
0
LINE
8
BLACK
6
CONTINUOUS
10
2.9535291338582677
20
-2.1398688976377951
11
2.9580257874015747
21
-2.1381917322834645
0
LINE
8
BLACK
6
CONTINUOUS
10
2.9580257874015747
20
-2.1381917322834645
11
2.9584966929133856
21
-2.1380503937007873
0
LINE
8
BLACK
6
CONTINUOUS
10
2.9584966929133856
20
-2.1380503937007873
11
2.9589591338582677
21
-2.1378810629921259
0
LINE
8
BLACK
6
CONTINUOUS
10
2.9589591338582677
20
-2.1378810629921259
11
2.9635639763779529
21
-2.1365289763779529
0
LINE
8
BLACK
6
CONTINUOUS
10
2.9635639763779529
20
-2.1365289763779529
11
2.964044212598425
21
-2.1364214960629919
0
LINE
8
BLACK
6
CONTINUOUS
10
2.964044212598425
20
-2.1364214960629919
11
2.9645171259842518
21
-2.1362857086614171
0
LINE
8
BLACK
6
CONTINUOUS
10
2.9645171259842518
20
-2.1362857086614171
11
2.9692066929133856
21
-2.1352655905511813
0
LINE
8
BLACK
6
CONTINUOUS
10
2.9692066929133856
20
-2.1352655905511813
11
2.9696930708661418
21
-2.1351926771653544
0
LINE
8
BLACK
6
CONTINUOUS
10
2.9696930708661418
20
-2.1351926771653544
11
2.9701746456692915
21
-2.1350909448818896
0
LINE
8
BLACK
6
CONTINUOUS
10
2.9701746456692915
20
-2.1350909448818896
11
2.9749250393700786
21
-2.1344079527559057
0
LINE
8
BLACK
6
CONTINUOUS
10
2.9749250393700786
20
-2.1344079527559057
11
2.9754159448818895
21
-2.1343698818897638
0
LINE
8
BLACK
6
CONTINUOUS
10
2.9754159448818895
20
-2.1343698818897638
11
2.9759030314960628
21
-2.1343028346456694
0
LINE
8
BLACK
6
CONTINUOUS
10
2.9759030314960628
20
-2.1343028346456694
11
2.9806901181102363
21
-2.1339604724409447
0
LINE
8
BLACK
6
CONTINUOUS
10
2.9806901181102363
20
-2.1339604724409447
11
2.9811215748031494
21
-2.1339578740157479
0
LINE
8
BLACK
6
CONTINUOUS
10
2.9811215748031494
20
-2.1339578740157479
11
2.9815523622047242
21
-2.1339258661417322
0
LINE
8
BLACK
6
CONTINUOUS
10
2.9815523622047242
20
-2.1339258661417322
11
2.9839519291338581
21
-2.1339048425196849
0
LINE
8
BLACK
6
CONTINUOUS
10
2.9839519291338581
20
-2.1339048425196849
11
2.9840124409448818
21
-2.1339082677165355
0
LINE
8
BLACK
6
CONTINUOUS
10
2.9840124409448818
20
-2.1339082677165355
11
2.9840726771653543
21
-2.1339043307086616
0
LINE
8
BLACK
6
CONTINUOUS
10
2.9840726771653543
20
-2.1339043307086616
11
3.3829244094488189
21
-2.1339043307086616
0
LINE
8
BLACK
6
CONTINUOUS
10
3.3829244094488189
20
-2.1339043307086616
11
3.3829860236220473
21
-2.133908346456693
0
LINE
8
BLACK
6
CONTINUOUS
10
3.0640933070866141
20
-3.1236699212598427
11
3.0699794488188976
21
-3.126108031496063
0
LINE
8
BLACK
6
CONTINUOUS
10
3.0699794488188976
20
-3.126108031496063
11
3.0752768503937009
21
-3.1296476377952755
0
LINE
8
BLACK
6
CONTINUOUS
10
3.0752768503937009
20
-3.1296476377952755
11
3.0797818897637796
21
-3.1341526771653543
0
LINE
8
BLACK
6
CONTINUOUS
10
3.0797818897637796
20
-3.1341526771653543
11
3.0833214960629922
21
-3.1394500787401576
0
LINE
8
BLACK
6
CONTINUOUS
10
3.0833214960629922
20
-3.1394500787401576
11
3.0857596062992125
21
-3.1453362204724407
0
LINE
8
BLACK
6
CONTINUOUS
10
3.0857596062992125
20
-3.1453362204724407
11
3.0870025590551182
21
-3.1515849212598424
0
LINE
8
BLACK
6
CONTINUOUS
10
3.0870025590551182
20
-3.1515849212598424
11
3.0870025590551182
21
-3.157956023622047
0
LINE
8
BLACK
6
CONTINUOUS
10
3.0870025590551182
20
-3.157956023622047
11
3.0857596062992125
21
-3.1642047244094487
0
LINE
8
BLACK
6
CONTINUOUS
10
3.0857596062992125
20
-3.1642047244094487
11
3.0833214960629922
21
-3.1700908661417322
0
LINE
8
BLACK
6
CONTINUOUS
10
3.0833214960629922
20
-3.1700908661417322
11
3.0797818897637796
21
-3.1753882677165355
0
LINE
8
BLACK
6
CONTINUOUS
10
3.0797818897637796
20
-3.1753882677165355
11
3.0752768503937009
21
-3.1798933070866142
0
LINE
8
BLACK
6
CONTINUOUS
10
3.0752768503937009
20
-3.1798933070866142
11
3.0699794488188976
21
-3.1834329133858268
0
LINE
8
BLACK
6
CONTINUOUS
10
3.0699794488188976
20
-3.1834329133858268
11
3.0684385826771652
21
-3.1840711417322836
0
LINE
8
BLACK
6
CONTINUOUS
10
3.0684385826771652
20
-3.1840711417322836
11
3.0684385826771652
21
-3.2653108267716533
0
LINE
8
BLACK
6
CONTINUOUS
10
3.0684385826771652
20
-3.2653108267716533
11
3.068320708661417
21
-3.2671094094488189
0
LINE
8
BLACK
6
CONTINUOUS
10
3.068320708661417
20
-3.2671094094488189
11
3.06738968503937
21
-3.2705840157480313
0
LINE
8
BLACK
6
CONTINUOUS
10
3.06738968503937
20
-3.2705840157480313
11
3.0655911023622044
21
-3.2736992913385827
0
LINE
8
BLACK
6
CONTINUOUS
10
3.0655911023622044
20
-3.2736992913385827
11
3.0644026377952756
21
-3.2750544094488188
0
LINE
8
BLACK
6
CONTINUOUS
10
3.0644026377952756
20
-3.2750544094488188
11
2.9940014566929132
21
-3.3454555905511811
0
LINE
8
BLACK
6
CONTINUOUS
10
2.9940014566929132
20
-3.3454555905511811
11
2.9940014566929132
21
-3.5467267322834646
0
LINE
8
BLACK
6
CONTINUOUS
10
2.9940014566929132
20
-3.5467267322834646
11
3.0599807874015745
21
-3.5467267322834646
0
LINE
8
BLACK
6
CONTINUOUS
10
3.0599807874015745
20
-3.5467267322834646
11
3.0617793700787401
21
-3.5468446062992127
0
LINE
8
BLACK
6
CONTINUOUS
10
3.0617793700787401
20
-3.5468446062992127
11
3.0652539763779525
21
-3.5477756299212597
0
LINE
8
BLACK
6
CONTINUOUS
10
3.0652539763779525
20
-3.5477756299212597
11
3.068369251968504
21
-3.5495742125984253
0
LINE
8
BLACK
6
CONTINUOUS
10
3.068369251968504
20
-3.5495742125984253
11
3.06972437007874
21
-3.5507626771653542
0
LINE
8
BLACK
6
CONTINUOUS
10
3.06972437007874
20
-3.5507626771653542
11
3.0739874409448817
21
-3.555025748031496
0
LINE
8
BLACK
6
CONTINUOUS
10
3.0739874409448817
20
-3.555025748031496
11
3.0745999999999998
21
-3.5550739763779529
0
LINE
8
BLACK
6
CONTINUOUS
10
3.0745999999999998
20
-3.5550739763779529
11
3.0812399212598423
21
-3.5566682677165353
0
LINE
8
BLACK
6
CONTINUOUS
10
3.0812399212598423
20
-3.5566682677165353
11
3.0875487007874014
21
-3.5592816141732282
0
LINE
8
BLACK
6
CONTINUOUS
10
3.0875487007874014
20
-3.5592816141732282
11
3.0933709842519685
21
-3.5628497244094488
0
LINE
8
BLACK
6
CONTINUOUS
10
3.0933709842519685
20
-3.5628497244094488
11
3.0985558661417323
21
-3.5672783070866143
0
LINE
8
BLACK
6
CONTINUOUS
10
3.0985558661417323
20
-3.5672783070866143
11
3.0985633464566926
21
-3.5672837401574804
0
LINE
8
BLACK
6
CONTINUOUS
10
3.0985633464566926
20
-3.5672837401574804
11
3.0985627952755905
21
-3.5672842519685037
0
LINE
8
BLACK
6
CONTINUOUS
10
3.0985627952755905
20
-3.5672842519685037
11
3.0985633858267714
21
-3.5672847244094488
0
LINE
8
BLACK
6
CONTINUOUS
10
3.0985633858267714
20
-3.5672847244094488
11
3.0985638582677164
21
-3.5672842519685037
0
LINE
8
BLACK
6
CONTINUOUS
10
3.0985638582677164
20
-3.5672842519685037
11
3.0985674015748033
21
-3.5672891338582677
0
LINE
8
BLACK
6
CONTINUOUS
10
3.0985674015748033
20
-3.5672891338582677
11
3.1000483464566928
21
-3.568769960629921
0
LINE
8
BLACK
6
CONTINUOUS
10
3.1000483464566928
20
-3.568769960629921
11
3.1036874015748031
21
-3.5708708267716536
0
LINE
8
BLACK
6
CONTINUOUS
10
3.1036874015748031
20
-3.5708708267716536
11
3.1077462204724409
21
-3.5719582283464568
0
LINE
8
BLACK
6
CONTINUOUS
10
3.1077462204724409
20
-3.5719582283464568
11
3.1098472047244092
21
-3.5719581102362206
0
LINE
8
BLACK
6
CONTINUOUS
10
3.1098472047244092
20
-3.5719581102362206
11
3.1098473622047242
21
-3.5719581102362206
0
LINE
8
BLACK
6
CONTINUOUS
10
3.1098473622047242
20
-3.5719581102362206
11
3.109847874015748
21
-3.5719581102362206
0
LINE
8
BLACK
6
CONTINUOUS
10
3.109847874015748
20
-3.5719581102362206
11
3.1860884645669292
21
-3.5719581102362206
0
LINE
8
BLACK
6
CONTINUOUS
10
3.1860884645669292
20
-3.5719581102362206
11
3.1860887401574804
21
-3.5719581102362206
0
LINE
8
BLACK
6
CONTINUOUS
10
3.1860887401574804
20
-3.5719581102362206
11
3.1860888582677163
21
-3.5719581102362206
0
LINE
8
BLACK
6
CONTINUOUS
10
3.1860888582677163
20
-3.5719581102362206
11
3.1949564566929132
21
-3.5724563779527556
0
LINE
8
BLACK
6
CONTINUOUS
10
3.1949564566929132
20
-3.5724563779527556
11
3.2037124803149606
21
-3.5739444488188976
0
LINE
8
BLACK
6
CONTINUOUS
10
3.2037124803149606
20
-3.5739444488188976
11
3.212246811023622
21
-3.5764035433070864
0
LINE
8
BLACK
6
CONTINUOUS
10
3.212246811023622
20
-3.5764035433070864
11
3.2204521259842518
21
-3.5798027952755906
0
LINE
8
BLACK
6
CONTINUOUS
10
3.2204521259842518
20
-3.5798027952755906
11
3.2282252362204722
21
-3.5840994488188977
0
LINE
8
BLACK
6
CONTINUOUS
10
3.2282252362204722
20
-3.5840994488188977
11
3.2354683858267714
21
-3.5892394488188977
0
LINE
8
BLACK
6
CONTINUOUS
10
3.2354683858267714
20
-3.5892394488188977
11
3.2420760629921257
21
-3.5951452755905513
0
LINE
8
BLACK
6
CONTINUOUS
10
3.2420760629921257
20
-3.5951452755905513
11
3.2420908661417323
21
-3.5951560236220472
0
LINE
8
BLACK
6
CONTINUOUS
10
3.2420908661417323
20
-3.5951560236220472
11
3.2420916141732281
21
-3.5951568897637793
0
LINE
8
BLACK
6
CONTINUOUS
10
3.2420916141732281
20
-3.5951568897637793
11
3.2420916929133856
21
-3.5951568503937006
0
LINE
8
BLACK
6
CONTINUOUS
10
3.2420916929133856
20
-3.5951568503937006
11
3.2420920472440944
21
-3.5951573622047244
0
LINE
8
BLACK
6
CONTINUOUS
10
3.2420920472440944
20
-3.5951573622047244
11
3.2480093700787402
21
-3.6017787007874014
0
LINE
8
BLACK
6
CONTINUOUS
10
3.2480093700787402
20
-3.6017787007874014
11
3.2531491338582676
21
-3.6090224015748031
0
LINE
8
BLACK
6
CONTINUOUS
10
3.2531491338582676
20
-3.6090224015748031
11
3.2574455511811022
21
-3.6167960629921261
0
LINE
8
BLACK
6
CONTINUOUS
10
3.2574455511811022
20
-3.6167960629921261
11
3.2608445669291339
21
-3.6250018503937005
0
LINE
8
BLACK
6
CONTINUOUS
10
3.2608445669291339
20
-3.6250018503937005
11
3.263303464566929
21
-3.6335366141732282
0
LINE
8
BLACK
6
CONTINUOUS
10
3.263303464566929
20
-3.6335366141732282
11
3.2634039370078738
21
-3.6341279527559056
0
LINE
8
BLACK
6
CONTINUOUS
10
3.2634039370078738
20
-3.6341279527559056
11
3.2682124803149604
21
-3.6361197244094488
0
LINE
8
BLACK
6
CONTINUOUS
10
3.2682124803149604
20
-3.6361197244094488
11
3.2739879527559053
21
-3.6399787795275591
0
LINE
8
BLACK
6
CONTINUOUS
10
3.2739879527559053
20
-3.6399787795275591
11
3.2788995669291339
21
-3.6448903937007873
0
LINE
8
BLACK
6
CONTINUOUS
10
3.2788995669291339
20
-3.6448903937007873
11
3.2827586220472442
21
-3.6506658661417322
0
LINE
8
BLACK
6
CONTINUOUS
10
3.2827586220472442
20
-3.6506658661417322
11
3.2854167716535434
21
-3.6570832283464565
0
LINE
8
BLACK
6
CONTINUOUS
10
3.2854167716535434
20
-3.6570832283464565
11
3.2867718897637794
21
-3.6638958661417322
0
LINE
8
BLACK
6
CONTINUOUS
10
3.2867718897637794
20
-3.6638958661417322
11
3.2869425196850393
21
-3.6673688976377954
0
LINE
8
BLACK
6
CONTINUOUS
10
3.2869425196850393
20
-3.6673688976377954
11
3.2869425196850393
21
-3.7382350393700787
0
LINE
8
BLACK
6
CONTINUOUS
10
3.2869425196850393
20
-3.7382350393700787
11
3.2867718897637794
21
-3.7417080708661414
0
LINE
8
BLACK
6
CONTINUOUS
10
3.2867718897637794
20
-3.7417080708661414
11
3.2854167716535434
21
-3.7485207086614172
0
LINE
8
BLACK
6
CONTINUOUS
10
3.2854167716535434
20
-3.7485207086614172
11
3.2827586220472442
21
-3.7549380708661415
0
LINE
8
BLACK
6
CONTINUOUS
10
3.2827586220472442
20
-3.7549380708661415
11
3.2788995669291339
21
-3.7607135433070864
0
LINE
8
BLACK
6
CONTINUOUS
10
3.2788995669291339
20
-3.7607135433070864
11
3.2739879527559053
21
-3.765625157480315
0
LINE
8
BLACK
6
CONTINUOUS
10
3.2739879527559053
20
-3.765625157480315
11
3.2682124803149604
21
-3.7694842125984249
0
LINE
8
BLACK
6
CONTINUOUS
10
3.2682124803149604
20
-3.7694842125984249
11
3.2652889763779527
21
-3.7706951574803149
0
LINE
8
BLACK
6
CONTINUOUS
10
3.2652889763779527
20
-3.7706951574803149
11
3.2652889763779527
21
-3.8735022047244092
0
LINE
8
BLACK
6
CONTINUOUS
10
3.2652889763779527
20
-3.8735022047244092
11
3.2652889763779527
21
-3.873502401574803
0
LINE
8
BLACK
6
CONTINUOUS
10
3.2652889763779527
20
-3.873502401574803
11
3.2652896062992127
21
-3.873502401574803
0
LINE
8
BLACK
6
CONTINUOUS
10
3.2652896062992127
20
-3.873502401574803
11
3.265289566929134
21
-3.8794289370078738
0
LINE
8
BLACK
6
CONTINUOUS
10
3.265289566929134
20
-3.8794289370078738
11
3.2664512204724407
21
-3.8912249999999999
0
LINE
8
BLACK
6
CONTINUOUS
10
3.2664512204724407
20
-3.8912249999999999
11
3.2687635433070867
21
-3.9028503937007875
0
LINE
8
BLACK
6
CONTINUOUS
10
3.2687635433070867
20
-3.9028503937007875
11
3.2722042519685037
21
-3.9141931496062989
0
LINE
8
BLACK
6
CONTINUOUS
10
3.2722042519685037
20
-3.9141931496062989
11
3.2767401968503935
21
-3.9251440157480313
0
LINE
8
BLACK
6
CONTINUOUS
10
3.2767401968503935
20
-3.9251440157480313
11
3.2823276771653545
21
-3.9355975590551182
0
LINE
8
BLACK
6
CONTINUOUS
10
3.2823276771653545
20
-3.9355975590551182
11
3.2889128740157481
21
-3.9454530708661415
0
LINE
8
BLACK
6
CONTINUOUS
10
3.2889128740157481
20
-3.9454530708661415
11
3.2964324409448817
21
-3.9546156299212596
0
LINE
8
BLACK
6
CONTINUOUS
10
3.2964324409448817
20
-3.9546156299212596
11
3.3006231102362205
21
-3.9588063385826771
0
LINE
8
BLACK
6
CONTINUOUS
10
3.3006231102362205
20
-3.9588063385826771
11
3.3006231102362205
21
-3.9588063779527558
0
LINE
8
BLACK
6
CONTINUOUS
10
3.3006231102362205
20
-3.9588063779527558
11
3.300623188976378
21
-3.9588064960629921
0
LINE
8
BLACK
6
CONTINUOUS
10
3.300623188976378
20
-3.9588064960629921
11
3.3009697244094487
21
-3.9591530314960628
0
LINE
8
BLACK
6
CONTINUOUS
10
3.3009697244094487
20
-3.9591530314960628
11
3.3013377952755905
21
-3.9586022047244094
0
LINE
8
BLACK
6
CONTINUOUS
10
3.3013377952755905
20
-3.9586022047244094
11
3.3065222834645667
21
-3.9534177165354332
0
LINE
8
BLACK
6
CONTINUOUS
10
3.3065222834645667
20
-3.9534177165354332
11
3.312618622047244
21
-3.9493442913385826
0
LINE
8
BLACK
6
CONTINUOUS
10
3.312618622047244
20
-3.9493442913385826
11
3.3193925196850391
21
-3.9465384645669292
0
LINE
8
BLACK
6
CONTINUOUS
10
3.3193925196850391
20
-3.9465384645669292
11
3.3265836220472442
21
-3.9451080708661417
0
LINE
8
BLACK
6
CONTINUOUS
10
3.3265836220472442
20
-3.9451080708661417
11
3.333915590551181
21
-3.9451080708661417
0
LINE
8
BLACK
6
CONTINUOUS
10
3.333915590551181
20
-3.9451080708661417
11
3.3411066929133857
21
-3.9465384645669292
0
LINE
8
BLACK
6
CONTINUOUS
10
3.3411066929133857
20
-3.9465384645669292
11
3.3478805905511808
21
-3.9493442913385826
0
LINE
8
BLACK
6
CONTINUOUS
10
3.3478805905511808
20
-3.9493442913385826
11
3.3539769291338581
21
-3.9534177165354332
0
LINE
8
BLACK
6
CONTINUOUS
10
3.3539769291338581
20
-3.9534177165354332
11
3.3591614173228344
21
-3.9586022047244094
0
LINE
8
BLACK
6
CONTINUOUS
10
3.3591614173228344
20
-3.9586022047244094
11
3.363234842519685
21
-3.9646985433070867
0
LINE
8
BLACK
6
CONTINUOUS
10
3.363234842519685
20
-3.9646985433070867
11
3.3660406692913387
21
-3.9714724409448818
0
LINE
8
BLACK
6
CONTINUOUS
10
3.3660406692913387
20
-3.9714724409448818
11
3.3674710629921258
21
-3.9786635433070865
0
LINE
8
BLACK
6
CONTINUOUS
10
3.3674710629921258
20
-3.9786635433070865
11
3.3676511811023619
21
-3.9823295275590551
0
LINE
8
BLACK
6
CONTINUOUS
10
3.3676511811023619
20
-3.9823295275590551
11
3.3676511811023619
21
-4.0335106299212597
0
LINE
8
BLACK
6
CONTINUOUS
10
3.3676511811023619
20
-4.0335106299212597
11
3.3674710629921258
21
-4.0371766141732284
0
LINE
8
BLACK
6
CONTINUOUS
10
3.3674710629921258
20
-4.0371766141732284
11
3.3660406692913387
21
-4.044367716535433
0
LINE
8
BLACK
6
CONTINUOUS
10
3.3660406692913387
20
-4.044367716535433
11
3.363234842519685
21
-4.0511416141732282
0
LINE
8
BLACK
6
CONTINUOUS
10
3.363234842519685
20
-4.0511416141732282
11
3.3591614173228344
21
-4.057237952755905
0
LINE
8
BLACK
6
CONTINUOUS
10
3.3591614173228344
20
-4.057237952755905
11
3.3539769291338581
21
-4.0624224409448821
0
LINE
8
BLACK
6
CONTINUOUS
10
3.3539769291338581
20
-4.0624224409448821
11
3.3478805905511808
21
-4.0664958661417323
0
LINE
8
BLACK
6
CONTINUOUS
10
3.3478805905511808
20
-4.0664958661417323
11
3.3440291338582675
21
-4.0680911811023623
0
LINE
8
BLACK
6
CONTINUOUS
10
3.3440291338582675
20
-4.0680911811023623
11
3.3440291338582675
21
-4.4398749212598423
0
LINE
8
BLACK
6
CONTINUOUS
10
3.3440291338582675
20
-4.4398749212598423
11
3.3478805905511808
21
-4.4414702755905511
0
LINE
8
BLACK
6
CONTINUOUS
10
3.3478805905511808
20
-4.4414702755905511
11
3.3539769291338581
21
-4.4455437007874012
0
LINE
8
BLACK
6
CONTINUOUS
10
3.3539769291338581
20
-4.4455437007874012
11
3.3591614173228344
21
-4.4507281889763775
0
LINE
8
BLACK
6
CONTINUOUS
10
3.3591614173228344
20
-4.4507281889763775
11
3.363234842519685
21
-4.4568245275590552
0
LINE
8
BLACK
6
CONTINUOUS
10
3.363234842519685
20
-4.4568245275590552
11
3.3660406692913387
21
-4.4635984251968504
0
LINE
8
BLACK
6
CONTINUOUS
10
3.3660406692913387
20
-4.4635984251968504
11
3.3674710629921258
21
-4.470789527559055
0
LINE
8
BLACK
6
CONTINUOUS
10
3.3674710629921258
20
-4.470789527559055
11
3.3676511811023619
21
-4.4744555118110236
0
LINE
8
BLACK
6
CONTINUOUS
10
3.3676511811023619
20
-4.4744555118110236
11
3.3676511811023619
21
-4.5256366141732283
0
LINE
8
BLACK
6
CONTINUOUS
10
3.3676511811023619
20
-4.5256366141732283
11
3.3674710629921258
21
-4.5293025984251969
0
LINE
8
BLACK
6
CONTINUOUS
10
3.3674710629921258
20
-4.5293025984251969
11
3.3660406692913387
21
-4.5364937007874016
0
LINE
8
BLACK
6
CONTINUOUS
10
3.3660406692913387
20
-4.5364937007874016
11
3.363234842519685
21
-4.5432675984251967
0
LINE
8
BLACK
6
CONTINUOUS
10
3.363234842519685
20
-4.5432675984251967
11
3.3591614173228344
21
-4.5493639370078736
0
LINE
8
BLACK
6
CONTINUOUS
10
3.3591614173228344
20
-4.5493639370078736
11
3.3539769291338581
21
-4.5545484251968507
0
LINE
8
BLACK
6
CONTINUOUS
10
3.3539769291338581
20
-4.5545484251968507
11
3.3478805905511808
21
-4.5586218503937008
0
LINE
8
BLACK
6
CONTINUOUS
10
3.3478805905511808
20
-4.5586218503937008
11
3.3411066929133857
21
-4.5614276771653541
0
LINE
8
BLACK
6
CONTINUOUS
10
3.3411066929133857
20
-4.5614276771653541
11
3.333915590551181
21
-4.5628580708661417
0
LINE
8
BLACK
6
CONTINUOUS
10
3.333915590551181
20
-4.5628580708661417
11
3.3265836220472442
21
-4.5628580708661417
0
LINE
8
BLACK
6
CONTINUOUS
10
3.3265836220472442
20
-4.5628580708661417
11
3.3193925196850391
21
-4.5614276771653541
0
LINE
8
BLACK
6
CONTINUOUS
10
3.3193925196850391
20
-4.5614276771653541
11
3.312618622047244
21
-4.5586218503937008
0
LINE
8
BLACK
6
CONTINUOUS
10
3.312618622047244
20
-4.5586218503937008
11
3.3065222834645667
21
-4.5545484251968507
0
LINE
8
BLACK
6
CONTINUOUS
10
3.3065222834645667
20
-4.5545484251968507
11
3.3013377952755905
21
-4.5493639370078736
0
LINE
8
BLACK
6
CONTINUOUS
10
3.3013377952755905
20
-4.5493639370078736
11
3.2972643700787403
21
-4.5432675984251967
0
LINE
8
BLACK
6
CONTINUOUS
10
3.2972643700787403
20
-4.5432675984251967
11
3.2944585433070865
21
-4.5364937007874016
0
LINE
8
BLACK
6
CONTINUOUS
10
3.2944585433070865
20
-4.5364937007874016
11
3.293028149606299
21
-4.5293025984251969
0
LINE
8
BLACK
6
CONTINUOUS
10
3.293028149606299
20
-4.5293025984251969
11
3.2928480314960629
21
-4.5256366141732283
0
LINE
8
BLACK
6
CONTINUOUS
10
3.2928480314960629
20
-4.5256366141732283
11
3.2928480314960629
21
-4.4744555118110236
0
LINE
8
BLACK
6
CONTINUOUS
10
3.2928480314960629
20
-4.4744555118110236
11
3.293028149606299
21
-4.470789527559055
0
LINE
8
BLACK
6
CONTINUOUS
10
3.293028149606299
20
-4.470789527559055
11
3.2944585433070865
21
-4.4635984251968504
0
LINE
8
BLACK
6
CONTINUOUS
10
3.2944585433070865
20
-4.4635984251968504
11
3.2972643700787403
21
-4.4568245275590552
0
LINE
8
BLACK
6
CONTINUOUS
10
3.2972643700787403
20
-4.4568245275590552
11
3.3013377952755905
21
-4.4507281889763775
0
LINE
8
BLACK
6
CONTINUOUS
10
3.3013377952755905
20
-4.4507281889763775
11
3.3065222834645667
21
-4.4455437007874012
0
LINE
8
BLACK
6
CONTINUOUS
10
3.3065222834645667
20
-4.4455437007874012
11
3.312618622047244
21
-4.4414702755905511
0
LINE
8
BLACK
6
CONTINUOUS
10
3.312618622047244
20
-4.4414702755905511
11
3.3164700787401573
21
-4.4398749212598423
0
LINE
8
BLACK
6
CONTINUOUS
10
3.3164700787401573
20
-4.4398749212598423
11
3.3164700787401573
21
-4.0680911811023623
0
LINE
8
BLACK
6
CONTINUOUS
10
3.3164700787401573
20
-4.0680911811023623
11
3.312618622047244
21
-4.0664958661417323
0
LINE
8
BLACK
6
CONTINUOUS
10
3.312618622047244
20
-4.0664958661417323
11
3.3065222834645667
21
-4.0624224409448821
0
LINE
8
BLACK
6
CONTINUOUS
10
3.3065222834645667
20
-4.0624224409448821
11
3.3013377952755905
21
-4.057237952755905
0
LINE
8
BLACK
6
CONTINUOUS
10
3.3013377952755905
20
-4.057237952755905
11
3.2972643700787403
21
-4.0511416141732282
0
LINE
8
BLACK
6
CONTINUOUS
10
3.2972643700787403
20
-4.0511416141732282
11
3.2944585433070865
21
-4.044367716535433
0
LINE
8
BLACK
6
CONTINUOUS
10
3.2944585433070865
20
-4.044367716535433
11
3.293028149606299
21
-4.0371766141732284
0
LINE
8
BLACK
6
CONTINUOUS
10
3.293028149606299
20
-4.0371766141732284
11
3.2928480314960629
21
-4.0335106299212597
0
LINE
8
BLACK
6
CONTINUOUS
10
3.2928480314960629
20
-4.0335106299212597
11
3.2928480314960629
21
-3.9900056692913384
0
LINE
8
BLACK
6
CONTINUOUS
10
3.2928480314960629
20
-3.9900056692913384
11
3.2811360629921258
21
-3.9782937007874013
0
LINE
8
BLACK
6
CONTINUOUS
10
3.2811360629921258
20
-3.9782937007874013
11
3.2811359448818895
21
-3.9782936220472438
0
LINE
8
BLACK
6
CONTINUOUS
10
3.2811359448818895
20
-3.9782936220472438
11
3.2811359448818895
21
-3.9782935826771655
0
LINE
8
BLACK
6
CONTINUOUS
10
3.2811359448818895
20
-3.9782935826771655
11
3.2811350393700787
21
-3.9782925590551179
0
LINE
8
BLACK
6
CONTINUOUS
10
3.2811350393700787
20
-3.9782925590551179
11
3.2724015354330707
21
-3.9687616535433068
0
LINE
8
BLACK
6
CONTINUOUS
10
3.2724015354330707
20
-3.9687616535433068
11
3.2645311417322835
21
-3.9585047244094489
0
LINE
8
BLACK
6
CONTINUOUS
10
3.2645311417322835
20
-3.9585047244094489
11
3.2575846456692914
21
-3.9476008661417321
0
LINE
8
BLACK
6
CONTINUOUS
10
3.2575846456692914
20
-3.9476008661417321
11
3.2516149606299214
21
-3.9361330708661417
0
LINE
8
BLACK
6
CONTINUOUS
10
3.2516149606299214
20
-3.9361330708661417
11
3.2466674803149607
21
-3.9241886220472439
0
LINE
8
BLACK
6
CONTINUOUS
10
3.2466674803149607
20
-3.9241886220472439
11
3.2427798425196848
21
-3.9118583858267715
0
LINE
8
BLACK
6
CONTINUOUS
10
3.2427798425196848
20
-3.9118583858267715
11
3.2399817322834643
21
-3.8992362598425196
0
LINE
8
BLACK
6
CONTINUOUS
10
3.2399817322834643
20
-3.8992362598425196
11
3.2382943307086611
21
-3.8864183070866143
0
LINE
8
BLACK
6
CONTINUOUS
10
3.2382943307086611
20
-3.8864183070866143
11
3.2377318110236222
21
-3.8735313385826773
0
LINE
8
BLACK
6
CONTINUOUS
10
3.2377318110236222
20
-3.8735313385826773
11
3.2377299212598425
21
-3.8735022047244092
0
LINE
8
BLACK
6
CONTINUOUS
10
3.2377299212598425
20
-3.8735022047244092
11
3.2377299212598425
21
-3.7706951574803149
0
LINE
8
BLACK
6
CONTINUOUS
10
3.2377299212598425
20
-3.7706951574803149
11
3.2348064173228344
21
-3.7694842125984249
0
LINE
8
BLACK
6
CONTINUOUS
10
3.2348064173228344
20
-3.7694842125984249
11
3.2290309448818899
21
-3.765625157480315
0
LINE
8
BLACK
6
CONTINUOUS
10
3.2290309448818899
20
-3.765625157480315
11
3.2241193307086613
21
-3.7607135433070864
0
LINE
8
BLACK
6
CONTINUOUS
10
3.2241193307086613
20
-3.7607135433070864
11
3.2202602755905509
21
-3.7549380708661415
0
LINE
8
BLACK
6
CONTINUOUS
10
3.2202602755905509
20
-3.7549380708661415
11
3.2176021259842518
21
-3.7485207086614172
0
LINE
8
BLACK
6
CONTINUOUS
10
3.2176021259842518
20
-3.7485207086614172
11
3.2162470078740157
21
-3.7417080708661414
0
LINE
8
BLACK
6
CONTINUOUS
10
3.2162470078740157
20
-3.7417080708661414
11
3.2160763779527559
21
-3.7382350393700787
0
LINE
8
BLACK
6
CONTINUOUS
10
3.2160763779527559
20
-3.7382350393700787
11
3.2160763779527559
21
-3.6673688976377954
0
LINE
8
BLACK
6
CONTINUOUS
10
3.2160763779527559
20
-3.6673688976377954
11
3.2162470078740157
21
-3.6638958661417322
0
LINE
8
BLACK
6
CONTINUOUS
10
3.2162470078740157
20
-3.6638958661417322
11
3.2176021259842518
21
-3.6570832283464565
0
LINE
8
BLACK
6
CONTINUOUS
10
3.2176021259842518
20
-3.6570832283464565
11
3.2202602755905509
21
-3.6506658661417322
0
LINE
8
BLACK
6
CONTINUOUS
10
3.2202602755905509
20
-3.6506658661417322
11
3.2241193307086613
21
-3.6448903937007873
0
LINE
8
BLACK
6
CONTINUOUS
10
3.2241193307086613
20
-3.6448903937007873
11
3.2290309448818899
21
-3.6399787795275591
0
LINE
8
BLACK
6
CONTINUOUS
10
3.2290309448818899
20
-3.6399787795275591
11
3.2348064173228344
21
-3.6361197244094488
0
LINE
8
BLACK
6
CONTINUOUS
10
3.2348064173228344
20
-3.6361197244094488
11
3.235418307086614
21
-3.6358662598425195
0
LINE
8
BLACK
6
CONTINUOUS
10
3.235418307086614
20
-3.6358662598425195
11
3.2339465354330708
21
-3.6313367322834647
0
LINE
8
BLACK
6
CONTINUOUS
10
3.2339465354330708
20
-3.6313367322834647
11
3.2302560236220472
21
-3.6240938188976379
0
LINE
8
BLACK
6
CONTINUOUS
10
3.2302560236220472
20
-3.6240938188976379
11
3.2254778740157479
21
-3.6175174409448818
0
LINE
8
BLACK
6
CONTINUOUS
10
3.2254778740157479
20
-3.6175174409448818
11
3.2226038582677163
21
-3.6146434251968502
0
LINE
8
BLACK
6
CONTINUOUS
10
3.2226038582677163
20
-3.6146434251968502
11
3.222603503937008
21
-3.6146429133858269
0
LINE
8
BLACK
6
CONTINUOUS
10
3.222603503937008
20
-3.6146429133858269
11
3.222603031496063
21
-3.6146425984251969
0
LINE
8
BLACK
6
CONTINUOUS
10
3.222603031496063
20
-3.6146425984251969
11
3.2226017716535433
21
-3.6146438582677165
0
LINE
8
BLACK
6
CONTINUOUS
10
3.2226017716535433
20
-3.6146438582677165
11
3.2197282283464568
21
-3.6117698818897637
0
LINE
8
BLACK
6
CONTINUOUS
10
3.2197282283464568
20
-3.6117698818897637
11
3.2131526771653545
21
-3.6069917716535431
0
LINE
8
BLACK
6
CONTINUOUS
10
3.2131526771653545
20
-3.6069917716535431
11
3.2059105905511811
21
-3.6033012598425196
0
LINE
8
BLACK
6
CONTINUOUS
10
3.2059105905511811
20
-3.6033012598425196
11
3.1981802755905511
21
-3.6007891338582678
0
LINE
8
BLACK
6
CONTINUOUS
10
3.1981802755905511
20
-3.6007891338582678
11
3.1901522047244093
21
-3.599517283464567
0
LINE
8
BLACK
6
CONTINUOUS
10
3.1901522047244093
20
-3.599517283464567
11
3.1860880708661417
21
-3.5995171653543307
0
LINE
8
BLACK
6
CONTINUOUS
10
3.1860880708661417
20
-3.5995171653543307
11
3.1098485433070864
21
-3.5995171653543307
0
LINE
8
BLACK
6
CONTINUOUS
10
3.1098485433070864
20
-3.5995171653543307
11
3.109847874015748
21
-3.5995171653543307
0
LINE
8
BLACK
6
CONTINUOUS
10
3.109847874015748
20
-3.5995171653543307
11
3.1080492913385824
21
-3.5993992913385826
0
LINE
8
BLACK
6
CONTINUOUS
10
3.1080492913385824
20
-3.5993992913385826
11
3.1079243307086615
21
-3.5993657874015748
0
LINE
8
BLACK
6
CONTINUOUS
10
3.1079243307086615
20
-3.5993657874015748
11
3.1030407480314959
21
-3.5989816929133855
0
LINE
8
BLACK
6
CONTINUOUS
10
3.1030407480314959
20
-3.5989816929133855
11
3.0964005511811021
21
-3.5973877952755906
0
LINE
8
BLACK
6
CONTINUOUS
10
3.0964005511811021
20
-3.5973877952755906
11
3.0900914566929134
21
-3.5947747637795273
0
LINE
8
BLACK
6
CONTINUOUS
10
3.0900914566929134
20
-3.5947747637795273
11
3.0842688188976379
21
-3.591206929133858
0
LINE
8
BLACK
6
CONTINUOUS
10
3.0842688188976379
20
-3.591206929133858
11
3.0790760236220471
21
-3.5867721259842518
0
LINE
8
BLACK
6
CONTINUOUS
10
3.0790760236220471
20
-3.5867721259842518
11
3.0790766535433072
21
-3.5867714566929134
0
LINE
8
BLACK
6
CONTINUOUS
10
3.0790766535433072
20
-3.5867714566929134
11
3.0790764173228347
21
-3.5867711417322834
0
LINE
8
BLACK
6
CONTINUOUS
10
3.0790764173228347
20
-3.5867711417322834
11
3.0790761417322834
21
-3.5867709448818896
0
LINE
8
BLACK
6
CONTINUOUS
10
3.0790761417322834
20
-3.5867709448818896
11
3.0790756692913384
21
-3.5867713779527559
0
LINE
8
BLACK
6
CONTINUOUS
10
3.0790756692913384
20
-3.5867713779527559
11
3.0775901574803148
21
-3.5852857480314961
0
LINE
8
BLACK
6
CONTINUOUS
10
3.0775901574803148
20
-3.5852857480314961
11
3.0739512992125984
21
-3.5831847637795273
0
LINE
8
BLACK
6
CONTINUOUS
10
3.0739512992125984
20
-3.5831847637795273
11
3.0698926771653543
21
-3.582097125984252
0
LINE
8
BLACK
6
CONTINUOUS
10
3.0698926771653543
20
-3.582097125984252
11
3.0677917322834647
21
-3.5820970866141733
0
LINE
8
BLACK
6
CONTINUOUS
10
3.0677917322834647
20
-3.5820970866141733
11
3.0670476377952753
21
-3.5819792125984251
0
LINE
8
BLACK
6
CONTINUOUS
10
3.0670476377952753
20
-3.5819792125984251
11
3.0659935039370079
21
-3.5819792125984251
0
LINE
8
BLACK
6
CONTINUOUS
10
3.0659935039370079
20
-3.5819792125984251
11
3.06446905511811
21
-3.5815707086614172
0
LINE
8
BLACK
6
CONTINUOUS
10
3.06446905511811
20
-3.5815707086614172
11
3.0635336614173228
21
-3.5814225590551181
0
LINE
8
BLACK
6
CONTINUOUS
10
3.0635336614173228
20
-3.5814225590551181
11
3.063109527559055
21
-3.5812064566929132
0
LINE
8
BLACK
6
CONTINUOUS
10
3.063109527559055
20
-3.5812064566929132
11
3.0625188976377951
21
-3.5810481889763777
0
LINE
8
BLACK
6
CONTINUOUS
10
3.0625188976377951
20
-3.5810481889763777
11
3.060413779527559
21
-3.5798327952755904
0
LINE
8
BLACK
6
CONTINUOUS
10
3.060413779527559
20
-3.5798327952755904
11
3.0596924015748033
21
-3.5794652362204724
0
LINE
8
BLACK
6
CONTINUOUS
10
3.0596924015748033
20
-3.5794652362204724
11
3.0595766929133856
21
-3.5793495275590552
0
LINE
8
BLACK
6
CONTINUOUS
10
3.0595766929133856
20
-3.5793495275590552
11
3.059403622047244
21
-3.5792496062992125
0
LINE
8
BLACK
6
CONTINUOUS
10
3.059403622047244
20
-3.5792496062992125
11
3.058048503937008
21
-3.5780611417322832
0
LINE
8
BLACK
6
CONTINUOUS
10
3.058048503937008
20
-3.5780611417322832
11
3.0542731496062991
21
-3.5742857874015748
0
LINE
8
BLACK
6
CONTINUOUS
10
3.0542731496062991
20
-3.5742857874015748
11
2.980789409448819
21
-3.5742857874015748
0
LINE
8
BLACK
6
CONTINUOUS
10
2.980789409448819
20
-3.5742857874015748
11
2.9789908267716534
21
-3.5741679133858266
0
LINE
8
BLACK
6
CONTINUOUS
10
2.9789908267716534
20
-3.5741679133858266
11
2.975516220472441
21
-3.5732368897637796
0
LINE
8
BLACK
6
CONTINUOUS
10
2.975516220472441
20
-3.5732368897637796
11
2.9724009448818896
21
-3.571438307086614
0
LINE
8
BLACK
6
CONTINUOUS
10
2.9724009448818896
20
-3.571438307086614
11
2.9724005905511812
21
-3.5714379527559053
0
LINE
8
BLACK
6
CONTINUOUS
10
2.9724005905511812
20
-3.5714379527559053
11
2.9710457874015748
21
-3.5702498425196851
0
LINE
8
BLACK
6
CONTINUOUS
10
2.9710457874015748
20
-3.5702498425196851
11
2.9704783464566931
21
-3.5696823622047242
0
LINE
8
BLACK
6
CONTINUOUS
10
2.9704783464566931
20
-3.5696823622047242
11
2.9692898818897637
21
-3.5683272440944882
0
LINE
8
BLACK
6
CONTINUOUS
10
2.9692898818897637
20
-3.5683272440944882
11
2.9674912992125986
21
-3.5652119685039367
0
LINE
8
BLACK
6
CONTINUOUS
10
2.9674912992125986
20
-3.5652119685039367
11
2.9665602755905511
21
-3.5617373622047244
0
LINE
8
BLACK
6
CONTINUOUS
10
2.9665602755905511
20
-3.5617373622047244
11
2.966442401574803
21
-3.5599387795275588
0
LINE
8
BLACK
6
CONTINUOUS
10
2.966442401574803
20
-3.5599387795275588
11
2.966442401574803
21
-3.3397479527559053
0
LINE
8
BLACK
6
CONTINUOUS
10
2.966442401574803
20
-3.3397479527559053
11
2.9665602755905511
21
-3.3379493700787402
0
LINE
8
BLACK
6
CONTINUOUS
10
2.9665602755905511
20
-3.3379493700787402
11
2.9674912992125986
21
-3.3344747637795273
0
LINE
8
BLACK
6
CONTINUOUS
10
2.9674912992125986
20
-3.3344747637795273
11
2.9692898818897637
21
-3.3313594881889763
0
LINE
8
BLACK
6
CONTINUOUS
10
2.9692898818897637
20
-3.3313594881889763
11
2.9704783464566931
21
-3.3300043700787403
0
LINE
8
BLACK
6
CONTINUOUS
10
2.9704783464566931
20
-3.3300043700787403
11
3.040879527559055
21
-3.2596031889763779
0
LINE
8
BLACK
6
CONTINUOUS
10
3.040879527559055
20
-3.2596031889763779
11
3.040879527559055
21
-3.1840711417322836
0
LINE
8
BLACK
6
CONTINUOUS
10
3.040879527559055
20
-3.1840711417322836
11
3.0393386614173226
21
-3.1834329133858268
0
LINE
8
BLACK
6
CONTINUOUS
10
3.0393386614173226
20
-3.1834329133858268
11
3.0340412598425197
21
-3.1798933070866142
0
LINE
8
BLACK
6
CONTINUOUS
10
3.0340412598425197
20
-3.1798933070866142
11
3.029536220472441
21
-3.1753882677165355
0
LINE
8
BLACK
6
CONTINUOUS
10
3.029536220472441
20
-3.1753882677165355
11
3.0259966141732284
21
-3.1700908661417322
0
LINE
8
BLACK
6
CONTINUOUS
10
3.0259966141732284
20
-3.1700908661417322
11
3.0235585039370076
21
-3.1642047244094487
0
LINE
8
BLACK
6
CONTINUOUS
10
3.0235585039370076
20
-3.1642047244094487
11
3.0223155511811024
21
-3.157956023622047
0
LINE
8
BLACK
6
CONTINUOUS
10
3.0223155511811024
20
-3.157956023622047
11
3.0223155511811024
21
-3.1515849212598424
0
LINE
8
BLACK
6
CONTINUOUS
10
3.0223155511811024
20
-3.1515849212598424
11
3.0235585039370076
21
-3.1453362204724407
0
LINE
8
BLACK
6
CONTINUOUS
10
3.0235585039370076
20
-3.1453362204724407
11
3.0259966141732284
21
-3.1394500787401576
0
LINE
8
BLACK
6
CONTINUOUS
10
3.0259966141732284
20
-3.1394500787401576
11
3.029536220472441
21
-3.1341526771653543
0
LINE
8
BLACK
6
CONTINUOUS
10
3.029536220472441
20
-3.1341526771653543
11
3.0340412598425197
21
-3.1296476377952755
0
LINE
8
BLACK
6
CONTINUOUS
10
3.0340412598425197
20
-3.1296476377952755
11
3.0393386614173226
21
-3.126108031496063
0
LINE
8
BLACK
6
CONTINUOUS
10
3.0393386614173226
20
-3.126108031496063
11
3.0452248031496061
21
-3.1236699212598427
0
LINE
8
BLACK
6
CONTINUOUS
10
3.0452248031496061
20
-3.1236699212598427
11
3.0514735039370078
21
-3.122426968503937
0
LINE
8
BLACK
6
CONTINUOUS
10
3.0514735039370078
20
-3.122426968503937
11
3.0578446062992124
21
-3.122426968503937
0
LINE
8
BLACK
6
CONTINUOUS
10
3.0578446062992124
20
-3.122426968503937
11
3.0640933070866141
21
-3.1236699212598427
0
LINE
8
BLACK
6
CONTINUOUS
10
5.1585703543307089
20
-2.2323295275590551
11
5.1698020472440946
21
-2.2328812598425198
0
LINE
8
BLACK
6
CONTINUOUS
10
5.1698020472440946
20
-2.2328812598425198
11
5.1809259842519682
21
-2.2345312598425195
0
LINE
8
BLACK
6
CONTINUOUS
10
5.1809259842519682
20
-2.2345312598425195
11
5.1918346456692914
21
-2.2372636614173227
0
LINE
8
BLACK
6
CONTINUOUS
10
5.1918346456692914
20
-2.2372636614173227
11
5.2024229527559056
21
-2.2410521653543305
0
LINE
8
BLACK
6
CONTINUOUS
10
5.2024229527559056
20
-2.2410521653543305
11
5.2125888976377954
21
-2.24586031496063
0
LINE
8
BLACK
6
CONTINUOUS
10
5.2125888976377954
20
-2.24586031496063
11
5.2222346062992129
21
-2.2516417322834643
0
LINE
8
BLACK
6
CONTINUOUS
10
5.2222346062992129
20
-2.2516417322834643
11
5.2312672047244098
21
-2.2583407480314959
0
LINE
8
BLACK
6
CONTINUOUS
10
5.2312672047244098
20
-2.2583407480314959
11
5.2380552362204726
21
-2.2644930708661417
0
LINE
8
BLACK
6
CONTINUOUS
10
5.2380552362204726
20
-2.2644930708661417
11
5.2417559055118108
21
-2.2626075196850395
0
LINE
8
BLACK
6
CONTINUOUS
10
5.2417559055118108
20
-2.2626075196850395
11
5.2486302755905507
21
-2.2603738976377952
0
LINE
8
BLACK
6
CONTINUOUS
10
5.2486302755905507
20
-2.2603738976377952
11
5.2557694094488188
21
-2.2592431889763778
0
LINE
8
BLACK
6
CONTINUOUS
10
5.2557694094488188
20
-2.2592431889763778
11
5.2629975196850394
21
-2.2592431889763778
0
LINE
8
BLACK
6
CONTINUOUS
10
5.2629975196850394
20
-2.2592431889763778
11
5.2701366535433074
21
-2.2603738976377952
0
LINE
8
BLACK
6
CONTINUOUS
10
5.2701366535433074
20
-2.2603738976377952
11
5.2770110236220473
21
-2.2626075196850395
0
LINE
8
BLACK
6
CONTINUOUS
10
5.2770110236220473
20
-2.2626075196850395
11
5.2834512992125982
21
-2.2658890157480314
0
LINE
8
BLACK
6
CONTINUOUS
10
5.2834512992125982
20
-2.2658890157480314
11
5.2892989763779523
21
-2.2701375984251966
0
LINE
8
BLACK
6
CONTINUOUS
10
5.2892989763779523
20
-2.2701375984251966
11
5.2944100393700788
21
-2.2752486614173226
0
LINE
8
BLACK
6
CONTINUOUS
10
5.2944100393700788
20
-2.2752486614173226
11
5.2986586220472436
21
-2.2810963385826772
0
LINE
8
BLACK
6
CONTINUOUS
10
5.2986586220472436
20
-2.2810963385826772
11
5.3019401181102364
21
-2.2875366141732285
0
LINE
8
BLACK
6
CONTINUOUS
10
5.3019401181102364
20
-2.2875366141732285
11
5.3041737401574798
21
-2.2944109842519684
0
LINE
8
BLACK
6
CONTINUOUS
10
5.3041737401574798
20
-2.2944109842519684
11
5.3053044488188972
21
-2.301550118110236
0
LINE
8
BLACK
6
CONTINUOUS
10
5.3053044488188972
20
-2.301550118110236
11
5.3053044488188972
21
-2.3087782283464566
0
LINE
8
BLACK
6
CONTINUOUS
10
5.3053044488188972
20
-2.3087782283464566
11
5.3041737401574798
21
-2.3159173622047242
0
LINE
8
BLACK
6
CONTINUOUS
10
5.3041737401574798
20
-2.3159173622047242
11
5.3019401181102364
21
-2.3227917322834646
0
LINE
8
BLACK
6
CONTINUOUS
10
5.3019401181102364
20
-2.3227917322834646
11
5.2986586220472436
21
-2.3292320078740159
0
LINE
8
BLACK
6
CONTINUOUS
10
5.2986586220472436
20
-2.3292320078740159
11
5.2944100393700788
21
-2.33507968503937
0
LINE
8
BLACK
6
CONTINUOUS
10
5.2944100393700788
20
-2.33507968503937
11
5.2892989763779523
21
-2.3401907480314961
0
LINE
8
BLACK
6
CONTINUOUS
10
5.2892989763779523
20
-2.3401907480314961
11
5.2834512992125982
21
-2.3444393307086613
0
LINE
8
BLACK
6
CONTINUOUS
10
5.2834512992125982
20
-2.3444393307086613
11
5.2770110236220473
21
-2.3477208267716536
0
LINE
8
BLACK
6
CONTINUOUS
10
5.2770110236220473
20
-2.3477208267716536
11
5.2701366535433074
21
-2.3499544488188975
0
LINE
8
BLACK
6
CONTINUOUS
10
5.2701366535433074
20
-2.3499544488188975
11
5.2629975196850394
21
-2.3510851574803149
0
LINE
8
BLACK
6
CONTINUOUS
10
5.2629975196850394
20
-2.3510851574803149
11
5.2557694094488188
21
-2.3510851574803149
0
LINE
8
BLACK
6
CONTINUOUS
10
5.2557694094488188
20
-2.3510851574803149
11
5.2486302755905507
21
-2.3499544488188975
0
LINE
8
BLACK
6
CONTINUOUS
10
5.2486302755905507
20
-2.3499544488188975
11
5.2417559055118108
21
-2.3477208267716536
0
LINE
8
BLACK
6
CONTINUOUS
10
5.2417559055118108
20
-2.3477208267716536
11
5.23531562992126
21
-2.3444393307086613
0
LINE
8
BLACK
6
CONTINUOUS
10
5.23531562992126
20
-2.3444393307086613
11
5.2294679527559058
21
-2.3401907480314961
0
LINE
8
BLACK
6
CONTINUOUS
10
5.2294679527559058
20
-2.3401907480314961
11
5.2243568897637793
21
-2.33507968503937
0
LINE
8
BLACK
6
CONTINUOUS
10
5.2243568897637793
20
-2.33507968503937
11
5.2201083070866137
21
-2.3292320078740159
0
LINE
8
BLACK
6
CONTINUOUS
10
5.2201083070866137
20
-2.3292320078740159
11
5.2168268110236218
21
-2.3227917322834646
0
LINE
8
BLACK
6
CONTINUOUS
10
5.2168268110236218
20
-2.3227917322834646
11
5.2145931889763775
21
-2.3159173622047242
0
LINE
8
BLACK
6
CONTINUOUS
10
5.2145931889763775
20
-2.3159173622047242
11
5.2134624803149601
21
-2.3087782283464566
0
LINE
8
BLACK
6
CONTINUOUS
10
5.2134624803149601
20
-2.3087782283464566
11
5.2134624803149601
21
-2.301550118110236
0
LINE
8
BLACK
6
CONTINUOUS
10
5.2134624803149601
20
-2.301550118110236
11
5.2145931889763775
21
-2.2944109842519684
0
LINE
8
BLACK
6
CONTINUOUS
10
5.2145931889763775
20
-2.2944109842519684
11
5.2168268110236218
21
-2.2875366141732285
0
LINE
8
BLACK
6
CONTINUOUS
10
5.2168268110236218
20
-2.2875366141732285
11
5.2186637401574805
21
-2.2839313385826769
0
LINE
8
BLACK
6
CONTINUOUS
10
5.2186637401574805
20
-2.2839313385826769
11
5.2166562992125982
21
-2.2819238976377951
0
LINE
8
BLACK
6
CONTINUOUS
10
5.2166562992125982
20
-2.2819238976377951
11
5.2090135433070861
21
-2.2758290157480316
0
LINE
8
BLACK
6
CONTINUOUS
10
5.2090135433070861
20
-2.2758290157480316
11
5.2007364566929128
21
-2.2706281496062992
0
LINE
8
BLACK
6
CONTINUOUS
10
5.2007364566929128
20
-2.2706281496062992
11
5.1919290944881888
21
-2.2663867716535431
0
LINE
8
BLACK
6
CONTINUOUS
10
5.1919290944881888
20
-2.2663867716535431
11
5.1827022047244089
21
-2.2631581889763779
0
LINE
8
BLACK
6
CONTINUOUS
10
5.1827022047244089
20
-2.2631581889763779
11
5.1731718503937003
21
-2.2609829921259843
0
LINE
8
BLACK
6
CONTINUOUS
10
5.1731718503937003
20
-2.2609829921259843
11
5.163457874015748
21
-2.2598885433070866
0
LINE
8
BLACK
6
CONTINUOUS
10
5.163457874015748
20
-2.2598885433070866
11
5.1585701574803151
21
-2.2598885826771653
0
LINE
8
BLACK
6
CONTINUOUS
10
5.1585701574803151
20
-2.2598885826771653
11
5.1585701181102364
21
-2.2598885433070866
0
LINE
8
BLACK
6
CONTINUOUS
10
5.1585701181102364
20
-2.2598885433070866
11
5.1585700393700789
21
-2.2598885826771653
0
LINE
8
BLACK
6
CONTINUOUS
10
5.1585700393700789
20
-2.2598885826771653
11
4.7672574409448814
21
-2.2598885826771653
0
LINE
8
BLACK
6
CONTINUOUS
10
4.7672574409448814
20
-2.2598885826771653
11
4.7672573622047247
21
-2.2598885433070866
0
LINE
8
BLACK
6
CONTINUOUS
10
4.7672573622047247
20
-2.2598885433070866
11
4.7672573622047247
21
-2.2598885826771653
0
LINE
8
BLACK
6
CONTINUOUS
10
4.7672573622047247
20
-2.2598885826771653
11
4.7672573622047247
21
-2.2598894881889762
0
LINE
8
BLACK
6
CONTINUOUS
10
4.7672573622047247
20
-2.2598894881889762
11
4.7575655905511809
21
-2.2598894094488187
0
LINE
8
BLACK
6
CONTINUOUS
10
4.7575655905511809
20
-2.2598894094488187
11
4.7382314566929136
21
-2.2612721259842519
0
LINE
8
BLACK
6
CONTINUOUS
10
4.7382314566929136
20
-2.2612721259842519
11
4.7190451968503933
21
-2.2640305905511808
0
LINE
8
BLACK
6
CONTINUOUS
10
4.7190451968503933
20
-2.2640305905511808
11
4.7001046062992122
21
-2.2681507874015749
0
LINE
8
BLACK
6
CONTINUOUS
10
4.7001046062992122
20
-2.2681507874015749
11
4.6815062204724409
21
-2.2736116535433069
0
LINE
8
BLACK
6
CONTINUOUS
10
4.6815062204724409
20
-2.2736116535433069
11
4.6633447637795271
21
-2.2803854330708662
0
LINE
8
BLACK
6
CONTINUOUS
10
4.6633447637795271
20
-2.2803854330708662
11
4.6457128740157483
21
-2.288437598425197
0
LINE
8
BLACK
6
CONTINUOUS
10
4.6457128740157483
20
-2.288437598425197
11
4.6287003149606294
21
-2.2977270472440945
0
LINE
8
BLACK
6
CONTINUOUS
10
4.6287003149606294
20
-2.2977270472440945
11
4.6123938188976377
21
-2.308206535433071
0
LINE
8
BLACK
6
CONTINUOUS
10
4.6123938188976377
20
-2.308206535433071
11
4.5968764566929137
21
-2.3198225984251968
0
LINE
8
BLACK
6
CONTINUOUS
10
4.5968764566929137
20
-2.3198225984251968
11
4.5822273228346457
21
-2.3325161023622045
0
LINE
8
BLACK
6
CONTINUOUS
10
4.5822273228346457
20
-2.3325161023622045
11
4.5753741732283464
21
-2.3393692125984251
0
LINE
8
BLACK
6
CONTINUOUS
10
4.5753741732283464
20
-2.3393692125984251
11
4.5412625590551183
21
-2.3734808267716536
0
LINE
8
BLACK
6
CONTINUOUS
10
4.5412625590551183
20
-2.3734808267716536
11
4.5422349999999998
21
-2.3748696062992125
0
LINE
8
BLACK
6
CONTINUOUS
10
4.5422349999999998
20
-2.3748696062992125
11
4.5509588582677161
21
-2.3899798031496062
0
LINE
8
BLACK
6
CONTINUOUS
10
4.5509588582677161
20
-2.3899798031496062
11
4.5583325984251966
21
-2.4057928346456694
0
LINE
8
BLACK
6
CONTINUOUS
10
4.5583325984251966
20
-2.4057928346456694
11
4.5643000787401578
21
-2.4221883858267717
0
LINE
8
BLACK
6
CONTINUOUS
10
4.5643000787401578
20
-2.4221883858267717
11
4.5688159055118112
21
-2.4390416141732283
0
LINE
8
BLACK
6
CONTINUOUS
10
4.5688159055118112
20
-2.4390416141732283
11
4.5718456692913385
21
-2.4562242913385828
0
LINE
8
BLACK
6
CONTINUOUS
10
4.5718456692913385
20
-2.4562242913385828
11
4.5733663385826775
21
-2.4736056692913384
0
LINE
8
BLACK
6
CONTINUOUS
10
4.5733663385826775
20
-2.4736056692913384
11
4.5733663385826775
21
-2.4910533858267714
0
LINE
8
BLACK
6
CONTINUOUS
10
4.5733663385826775
20
-2.4910533858267714
11
4.5718456692913385
21
-2.5084347637795275
0
LINE
8
BLACK
6
CONTINUOUS
10
4.5718456692913385
20
-2.5084347637795275
11
4.5688159055118112
21
-2.5256174409448819
0
LINE
8
BLACK
6
CONTINUOUS
10
4.5688159055118112
20
-2.5256174409448819
11
4.5643000787401578
21
-2.5424706692913386
0
LINE
8
BLACK
6
CONTINUOUS
10
4.5643000787401578
20
-2.5424706692913386
11
4.5583325984251966
21
-2.5588662204724408
0
LINE
8
BLACK
6
CONTINUOUS
10
4.5583325984251966
20
-2.5588662204724408
11
4.5509588582677161
21
-2.574679251968504
0
LINE
8
BLACK
6
CONTINUOUS
10
4.5509588582677161
20
-2.574679251968504
11
4.5422349999999998
21
-2.5897894488188977
0
LINE
8
BLACK
6
CONTINUOUS
10
4.5422349999999998
20
-2.5897894488188977
11
4.5322273622047247
21
-2.6040818110236219
0
LINE
8
BLACK
6
CONTINUOUS
10
4.5322273622047247
20
-2.6040818110236219
11
4.5306250787401572
21
-2.6059912992125982
0
LINE
8
BLACK
6
CONTINUOUS
10
4.5306250787401572
20
-2.6059912992125982
11
4.5402462992125985
21
-2.6156125196850395
0
LINE
8
BLACK
6
CONTINUOUS
10
4.5402462992125985
20
-2.6156125196850395
11
4.5402464960629922
21
-2.6156126771653541
0
LINE
8
BLACK
6
CONTINUOUS
10
4.5402464960629922
20
-2.6156126771653541
11
4.5402464566929135
21
-2.6156126771653541
0
LINE
8
BLACK
6
CONTINUOUS
10
4.5402464566929135
20
-2.6156126771653541
11
4.5402471259842523
21
-2.6156134645669291
0
LINE
8
BLACK
6
CONTINUOUS
10
4.5402471259842523
20
-2.6156134645669291
11
4.5511085039370078
21
-2.6274666141732284
0
LINE
8
BLACK
6
CONTINUOUS
10
4.5511085039370078
20
-2.6274666141732284
11
4.560896023622047
21
-2.6402220866141732
0
LINE
8
BLACK
6
CONTINUOUS
10
4.560896023622047
20
-2.6402220866141732
11
4.5695346062992126
21
-2.6537820866141733
0
LINE
8
BLACK
6
CONTINUOUS
10
4.5695346062992126
20
-2.6537820866141733
11
4.5769584645669292
21
-2.6680433858267718
0
LINE
8
BLACK
6
CONTINUOUS
10
4.5769584645669292
20
-2.6680433858267718
11
4.5831111023622046
21
-2.6828974803149608
0
LINE
8
BLACK
6
CONTINUOUS
10
4.5831111023622046
20
-2.6828974803149608
11
4.587945708661417
21
-2.6982312598425198
0
LINE
8
BLACK
6
CONTINUOUS
10
4.587945708661417
20
-2.6982312598425198
11
4.5914254330708664
21
-2.7139280708661415
0
LINE
8
BLACK
6
CONTINUOUS
10
4.5914254330708664
20
-2.7139280708661415
11
4.5935238976377955
21
-2.7298684251968504
0
LINE
8
BLACK
6
CONTINUOUS
10
4.5935238976377955
20
-2.7298684251968504
11
4.5942231102362205
21
-2.7458871259842521
0
LINE
8
BLACK
6
CONTINUOUS
10
4.5942231102362205
20
-2.7458871259842521
11
4.5942259842519686
21
-2.7459307874015746
0
LINE
8
BLACK
6
CONTINUOUS
10
4.5942259842519686
20
-2.7459307874015746
11
4.5942259842519686
21
-3.026977677165354
0
LINE
8
BLACK
6
CONTINUOUS
10
4.5942259842519686
20
-3.026977677165354
11
4.5949088582677167
21
-3.02799968503937
0
LINE
8
BLACK
6
CONTINUOUS
10
4.5949088582677167
20
-3.02799968503937
11
4.5969762992125984
21
-3.0329909842519682
0
LINE
8
BLACK
6
CONTINUOUS
10
4.5969762992125984
20
-3.0329909842519682
11
4.5980302755905509
21
-3.0382896850393699
0
LINE
8
BLACK
6
CONTINUOUS
10
4.5980302755905509
20
-3.0382896850393699
11
4.5980302755905509
21
-3.0436922047244095
0
LINE
8
BLACK
6
CONTINUOUS
10
4.5980302755905509
20
-3.0436922047244095
11
4.5969762992125984
21
-3.0489909055118107
0
LINE
8
BLACK
6
CONTINUOUS
10
4.5969762992125984
20
-3.0489909055118107
11
4.5949088582677167
21
-3.0539822047244094
0
LINE
8
BLACK
6
CONTINUOUS
10
4.5949088582677167
20
-3.0539822047244094
11
4.591907362204724
21
-3.058474212598425
0
LINE
8
BLACK
6
CONTINUOUS
10
4.591907362204724
20
-3.058474212598425
11
4.5880872047244097
21
-3.0622943700787402
0
LINE
8
BLACK
6
CONTINUOUS
10
4.5880872047244097
20
-3.0622943700787402
11
4.5835951968503936
21
-3.065295866141732
0
LINE
8
BLACK
6
CONTINUOUS
10
4.5835951968503936
20
-3.065295866141732
11
4.5786038976377954
21
-3.0673633070866142
0
LINE
8
BLACK
6
CONTINUOUS
10
4.5786038976377954
20
-3.0673633070866142
11
4.5773983464566932
21
-3.0676030708661415
0
LINE
8
BLACK
6
CONTINUOUS
10
4.5773983464566932
20
-3.0676030708661415
11
4.5729749999999996
21
-3.0720264173228347
0
LINE
8
BLACK
6
CONTINUOUS
10
4.5729749999999996
20
-3.0720264173228347
11
4.5729750393700783
21
-3.0720264173228347
0
LINE
8
BLACK
6
CONTINUOUS
10
4.5729750393700783
20
-3.0720264173228347
11
4.5443106692913382
21
-3.1006907086614173
0
LINE
8
BLACK
6
CONTINUOUS
10
4.5443106692913382
20
-3.1006907086614173
11
4.544310708661417
21
-3.1006907086614173
0
LINE
8
BLACK
6
CONTINUOUS
10
4.544310708661417
20
-3.1006907086614173
11
4.513546377952756
21
-3.1314550787401574
0
LINE
8
BLACK
6
CONTINUOUS
10
4.513546377952756
20
-3.1314550787401574
11
4.4925237795275592
21
-3.152477716535433
0
LINE
8
BLACK
6
CONTINUOUS
10
4.4925237795275592
20
-3.152477716535433
11
4.4574689763779523
21
-3.1875324803149607
0
LINE
8
BLACK
6
CONTINUOUS
10
4.4574689763779523
20
-3.1875324803149607
11
4.4574692125984248
21
-3.1875327165354328
0
LINE
8
BLACK
6
CONTINUOUS
10
4.4574692125984248
20
-3.1875327165354328
11
4.4541588976377948
21
-3.1908430314960627
0
LINE
8
BLACK
6
CONTINUOUS
10
4.4541588976377948
20
-3.1908430314960627
11
4.4484590551181098
21
-3.1982712204724408
0
LINE
8
BLACK
6
CONTINUOUS
10
4.4484590551181098
20
-3.1982712204724408
11
4.4437775590551176
21
-3.2063798425196848
0
LINE
8
BLACK
6
CONTINUOUS
10
4.4437775590551176
20
-3.2063798425196848
11
4.4401944488188976
21
-3.2150301181102363
0
LINE
8
BLACK
6
CONTINUOUS
10
4.4401944488188976
20
-3.2150301181102363
11
4.4377710629921259
21
-3.2240740944881887
0
LINE
8
BLACK
6
CONTINUOUS
10
4.4377710629921259
20
-3.2240740944881887
11
4.4365488582677166
21
-3.2333569685039367
0
LINE
8
BLACK
6
CONTINUOUS
10
4.4365488582677166
20
-3.2333569685039367
11
4.4365488188976379
21
-3.2380379133858268
0
LINE
8
BLACK
6
CONTINUOUS
10
4.4365488188976379
20
-3.2380379133858268
11
4.4365488188976379
21
-3.2380381889763781
0
LINE
8
BLACK
6
CONTINUOUS
10
4.4365488188976379
20
-3.2380381889763781
11
4.4365488188976379
21
-3.3287862204724408
0
LINE
8
BLACK
6
CONTINUOUS
10
4.4365488188976379
20
-3.3287862204724408
11
4.4365488188976379
21
-3.328786496062992
0
LINE
8
BLACK
6
CONTINUOUS
10
4.4365488188976379
20
-3.328786496062992
11
4.4365490551181104
21
-3.328786496062992
0
LINE
8
BLACK
6
CONTINUOUS
10
4.4365490551181104
20
-3.328786496062992
11
4.4365489763779529
21
-3.3334679527559055
0
LINE
8
BLACK
6
CONTINUOUS
10
4.4365489763779529
20
-3.3334679527559055
11
4.4377710236220471
21
-3.3427507874015747
0
LINE
8
BLACK
6
CONTINUOUS
10
4.4377710236220471
20
-3.3427507874015747
11
4.4401942519685038
21
-3.3517946456692913
0
LINE
8
BLACK
6
CONTINUOUS
10
4.4401942519685038
20
-3.3517946456692913
11
4.4437772440944885
21
-3.3604448425196849
0
LINE
8
BLACK
6
CONTINUOUS
10
4.4437772440944885
20
-3.3604448425196849
11
4.4484587007874019
21
-3.368553346456693
0
LINE
8
BLACK
6
CONTINUOUS
10
4.4484587007874019
20
-3.368553346456693
11
4.4541585039370082
21
-3.3759814173228344
0
LINE
8
BLACK
6
CONTINUOUS
10
4.4541585039370082
20
-3.3759814173228344
11
4.4574688188976381
21
-3.3792916929133856
0
LINE
8
BLACK
6
CONTINUOUS
10
4.4574688188976381
20
-3.3792916929133856
11
4.4574687795275594
21
-3.3792916929133856
0
LINE
8
BLACK
6
CONTINUOUS
10
4.4574687795275594
20
-3.3792916929133856
11
4.4574688976377947
21
-3.3792918110236219
0
LINE
8
BLACK
6
CONTINUOUS
10
4.4574688976377947
20
-3.3792918110236219
11
4.5160548425196847
21
-3.4378777559055118
0
LINE
8
BLACK
6
CONTINUOUS
10
4.5160548425196847
20
-3.4378777559055118
11
4.5160550393700785
21
-3.4378779133858268
0
LINE
8
BLACK
6
CONTINUOUS
10
4.5160550393700785
20
-3.4378779133858268
11
4.5160549999999997
21
-3.4378779133858268
0
LINE
8
BLACK
6
CONTINUOUS
10
4.5160549999999997
20
-3.4378779133858268
11
4.5160608661417321
21
-3.4378846062992126
0
LINE
8
BLACK
6
CONTINUOUS
10
4.5160608661417321
20
-3.4378846062992126
11
4.5193649212598421
21
-3.4411886614173226
0
LINE
8
BLACK
6
CONTINUOUS
10
4.5193649212598421
20
-3.4411886614173226
11
4.5267930708661419
21
-3.4468884645669289
0
LINE
8
BLACK
6
CONTINUOUS
10
4.5267930708661419
20
-3.4468884645669289
11
4.5349016535433071
21
-3.4515698818897635
0
LINE
8
BLACK
6
CONTINUOUS
10
4.5349016535433071
20
-3.4515698818897635
11
4.5435519291338577
21
-3.4551528740157478
0
LINE
8
BLACK
6
CONTINUOUS
10
4.5435519291338577
20
-3.4551528740157478
11
4.5525958661417318
21
-3.4575761023622045
0
LINE
8
BLACK
6
CONTINUOUS
10
4.5525958661417318
20
-3.4575761023622045
11
4.5618787401574803
21
-3.4587980708661417
0
LINE
8
BLACK
6
CONTINUOUS
10
4.5618787401574803
20
-3.4587980708661417
11
4.5665602362204725
21
-3.4587979921259842
0
LINE
8
BLACK
6
CONTINUOUS
10
4.5665602362204725
20
-3.4587979921259842
11
4.5665605511811025
21
-3.4587980314960629
0
LINE
8
BLACK
6
CONTINUOUS
10
4.5665605511811025
20
-3.4587980314960629
11
4.56656062992126
21
-3.4587980314960629
0
LINE
8
BLACK
6
CONTINUOUS
10
4.56656062992126
20
-3.4587980314960629
11
4.964107874015748
21
-3.4587980314960629
0
LINE
8
BLACK
6
CONTINUOUS
10
4.964107874015748
20
-3.4587980314960629
11
4.964114448818898
21
-3.4587984251968504
0
LINE
8
BLACK
6
CONTINUOUS
10
4.964114448818898
20
-3.4587984251968504
11
4.9687890157480314
21
-3.4587983858267717
0
LINE
8
BLACK
6
CONTINUOUS
10
4.9687890157480314
20
-3.4587983858267717
11
4.9780719685039365
21
-3.4575761417322832
0
LINE
8
BLACK
6
CONTINUOUS
10
4.9780719685039365
20
-3.4575761417322832
11
4.9871159842519681
21
-3.4551527165354332
0
LINE
8
BLACK
6
CONTINUOUS
10
4.9871159842519681
20
-3.4551527165354332
11
4.9957662992125984
21
-3.451569566929134
0
LINE
8
BLACK
6
CONTINUOUS
10
4.9957662992125984
20
-3.451569566929134
11
5.0038749606299211
21
-3.446888031496063
0
LINE
8
BLACK
6
CONTINUOUS
10
5.0038749606299211
20
-3.446888031496063
11
5.0113031889763775
21
-3.4411881496062993
0
LINE
8
BLACK
6
CONTINUOUS
10
5.0113031889763775
20
-3.4411881496062993
11
5.0146135433070862
21
-3.4378778346456693
0
LINE
8
BLACK
6
CONTINUOUS
10
5.0146135433070862
20
-3.4378778346456693
11
5.0453604724409447
21
-3.4071308661417321
0
LINE
8
BLACK
6
CONTINUOUS
10
5.0453604724409447
20
-3.4071308661417321
11
5.0453607874015747
21
-3.4071305118110233
0
LINE
8
BLACK
6
CONTINUOUS
10
5.0453607874015747
20
-3.4071305118110233
11
5.0453607874015747
21
-3.4071305511811021
0
LINE
8
BLACK
6
CONTINUOUS
10
5.0453607874015747
20
-3.4071305511811021
11
5.0576835433070864
21
-3.39573968503937
0
LINE
8
BLACK
6
CONTINUOUS
10
5.0576835433070864
20
-3.39573968503937
11
5.0708620078740152
21
-3.3853507480314962
0
LINE
8
BLACK
6
CONTINUOUS
10
5.0708620078740152
20
-3.3853507480314962
11
5.0848149606299211
21
-3.3760278346456691
0
LINE
8
BLACK
6
CONTINUOUS
10
5.0848149606299211
20
-3.3760278346456691
11
5.0994563385826774
21
-3.3678283858267717
0
LINE
8
BLACK
6
CONTINUOUS
10
5.0994563385826774
20
-3.3678283858267717
11
5.1146959448818894
21
-3.3608029527559053
0
LINE
8
BLACK
6
CONTINUOUS
10
5.1146959448818894
20
-3.3608029527559053
11
5.1304397637795276
21
-3.3549948818897639
0
LINE
8
BLACK
6
CONTINUOUS
10
5.1304397637795276
20
-3.3549948818897639
11
5.1465907480314961
21
-3.3504399606299211
0
LINE
8
BLACK
6
CONTINUOUS
10
5.1465907480314961
20
-3.3504399606299211
11
5.1630493307086613
21
-3.3471662992125983
0
LINE
8
BLACK
6
CONTINUOUS
10
5.1630493307086613
20
-3.3471662992125983
11
5.179714015748031
21
-3.3451940551181103
0
LINE
8
BLACK
6
CONTINUOUS
10
5.179714015748031
20
-3.3451940551181103
11
5.1964396062992124
21
-3.3445370078740155
0
LINE
8
BLACK
6
CONTINUOUS
10
5.1964396062992124
20
-3.3445370078740155
11
5.1964818897637794
21
-3.3445342519685037
0
LINE
8
BLACK
6
CONTINUOUS
10
5.1964818897637794
20
-3.3445342519685037
11
5.5152889763779527
21
-3.3445342519685037
0
LINE
8
BLACK
6
CONTINUOUS
10
5.5152889763779527
20
-3.3445342519685037
11
5.5152891732283464
21
-3.3445342519685037
0
LINE
8
BLACK
6
CONTINUOUS
10
5.5152891732283464
20
-3.3445342519685037
11
5.5152892913385827
21
-3.3445342519685037
0
LINE
8
BLACK
6
CONTINUOUS
10
5.5152892913385827
20
-3.3445342519685037
11
5.5291813779527557
21
-3.3452168897637793
0
LINE
8
BLACK
6
CONTINUOUS
10
5.5291813779527557
20
-3.3452168897637793
11
5.5429396850393697
21
-3.3472579133858269
0
LINE
8
BLACK
6
CONTINUOUS
10
5.5429396850393697
20
-3.3472579133858269
11
5.5564316535433074
21
-3.3506375984251968
0
LINE
8
BLACK
6
CONTINUOUS
10
5.5564316535433074
20
-3.3506375984251968
11
5.5695274409448814
21
-3.3553234645669292
0
LINE
8
BLACK
6
CONTINUOUS
10
5.5695274409448814
20
-3.3553234645669292
11
5.5821008661417322
21
-3.3612703543307085
0
LINE
8
BLACK
6
CONTINUOUS
10
5.5821008661417322
20
-3.3612703543307085
11
5.594030826771653
21
-3.3684210236220471
0
LINE
8
BLACK
6
CONTINUOUS
10
5.594030826771653
20
-3.3684210236220471
11
5.6052025196850392
21
-3.3767065354330708
0
LINE
8
BLACK
6
CONTINUOUS
10
5.6052025196850392
20
-3.3767065354330708
11
5.6155082677165353
21
-3.3860472047244095
0
LINE
8
BLACK
6
CONTINUOUS
10
5.6155082677165353
20
-3.3860472047244095
11
5.6248488582677165
21
-3.3963529921259843
0
LINE
8
BLACK
6
CONTINUOUS
10
5.6248488582677165
20
-3.3963529921259843
11
5.6331343700787402
21
-3.4075246850393701
0
LINE
8
BLACK
6
CONTINUOUS
10
5.6331343700787402
20
-3.4075246850393701
11
5.6402849606299208
21
-3.4194546850393701
0
LINE
8
BLACK
6
CONTINUOUS
10
5.6402849606299208
20
-3.4194546850393701
11
5.6462318110236218
21
-3.4320281102362205
0
LINE
8
BLACK
6
CONTINUOUS
10
5.6462318110236218
20
-3.4320281102362205
11
5.6509176377952759
21
-3.4451238976377954
0
LINE
8
BLACK
6
CONTINUOUS
10
5.6509176377952759
20
-3.4451238976377954
11
5.6542972834645671
21
-3.4586159055118109
0
LINE
8
BLACK
6
CONTINUOUS
10
5.6542972834645671
20
-3.4586159055118109
11
5.656338267716535
21
-3.4723742125984249
0
LINE
8
BLACK
6
CONTINUOUS
10
5.656338267716535
20
-3.4723742125984249
11
5.6570197244094489
21
-3.4862432283464568
0
LINE
8
BLACK
6
CONTINUOUS
10
5.6570197244094489
20
-3.4862432283464568
11
5.6570212598425194
21
-3.4862665354330709
0
LINE
8
BLACK
6
CONTINUOUS
10
5.6570212598425194
20
-3.4862665354330709
11
5.6570212598425194
21
-4.0374473622047242
0
LINE
8
BLACK
6
CONTINUOUS
10
5.6570212598425194
20
-4.0374473622047242
11
5.6570212598425194
21
-4.0374474803149605
0
LINE
8
BLACK
6
CONTINUOUS
10
5.6570212598425194
20
-4.0374474803149605
11
5.6563625590551183
21
-4.0542156299212602
0
LINE
8
BLACK
6
CONTINUOUS
10
5.6563625590551183
20
-4.0542156299212602
11
5.6543902362204719
21
-4.0708803937007874
0
LINE
8
BLACK
6
CONTINUOUS
10
5.6543902362204719
20
-4.0708803937007874
11
5.6511165354330704
21
-4.0873390157480314
0
LINE
8
BLACK
6
CONTINUOUS
10
5.6511165354330704
20
-4.0873390157480314
11
5.6465615748031492
21
-4.1034900787401574
0
LINE
8
BLACK
6
CONTINUOUS
10
5.6465615748031492
20
-4.1034900787401574
11
5.6407534645669291
21
-4.1192339763779531
0
LINE
8
BLACK
6
CONTINUOUS
10
5.6407534645669291
20
-4.1192339763779531
11
5.6337279921259844
21
-4.1344736220472438
0
LINE
8
BLACK
6
CONTINUOUS
10
5.6337279921259844
20
-4.1344736220472438
11
5.6255285039370078
21
-4.1491150787401576
0
LINE
8
BLACK
6
CONTINUOUS
10
5.6255285039370078
20
-4.1491150787401576
11
5.6162055118110237
21
-4.1630680708661414
0
LINE
8
BLACK
6
CONTINUOUS
10
5.6162055118110237
20
-4.1630680708661414
11
5.6058165354330711
21
-4.1762466141732286
0
LINE
8
BLACK
6
CONTINUOUS
10
5.6058165354330711
20
-4.1762466141732286
11
5.5944256299212594
21
-4.1885694094488191
0
LINE
8
BLACK
6
CONTINUOUS
10
5.5944256299212594
20
-4.1885694094488191
11
5.5944248818897639
21
-4.188568622047244
0
LINE
8
BLACK
6
CONTINUOUS
10
5.5944248818897639
20
-4.188568622047244
11
5.5935285826771652
21
-4.1892707874015747
0
LINE
8
BLACK
6
CONTINUOUS
10
5.5935285826771652
20
-4.1892707874015747
11
5.5952194881889765
21
-4.191285905511811
0
LINE
8
BLACK
6
CONTINUOUS
10
5.5952194881889765
20
-4.191285905511811
11
5.6052271259842517
21
-4.2055782677165352
0
LINE
8
BLACK
6
CONTINUOUS
10
5.6052271259842517
20
-4.2055782677165352
11
5.6139509842519688
21
-4.2206884645669289
0
LINE
8
BLACK
6
CONTINUOUS
10
5.6139509842519688
20
-4.2206884645669289
11
5.6213247244094484
21
-4.2365014960629921
0
LINE
8
BLACK
6
CONTINUOUS
10
5.6213247244094484
20
-4.2365014960629921
11
5.6272922047244096
21
-4.2528970472440948
0
LINE
8
BLACK
6
CONTINUOUS
10
5.6272922047244096
20
-4.2528970472440948
11
5.631808031496063
21
-4.2697502755905514
0
LINE
8
BLACK
6
CONTINUOUS
10
5.631808031496063
20
-4.2697502755905514
11
5.6348377952755904
21
-4.2869329527559055
0
LINE
8
BLACK
6
CONTINUOUS
10
5.6348377952755904
20
-4.2869329527559055
11
5.6363584645669293
21
-4.3043143307086611
0
LINE
8
BLACK
6
CONTINUOUS
10
5.6363584645669293
20
-4.3043143307086611
11
5.6363584645669293
21
-4.3217620472440945
0
LINE
8
BLACK
6
CONTINUOUS
10
5.6363584645669293
20
-4.3217620472440945
11
5.6348377952755904
21
-4.3391434251968501
0
LINE
8
BLACK
6
CONTINUOUS
10
5.6348377952755904
20
-4.3391434251968501
11
5.631808031496063
21
-4.3563261023622042
0
LINE
8
BLACK
6
CONTINUOUS
10
5.631808031496063
20
-4.3563261023622042
11
5.6272922047244096
21
-4.3731793307086617
0
LINE
8
BLACK
6
CONTINUOUS
10
5.6272922047244096
20
-4.3731793307086617
11
5.6213247244094484
21
-4.3895748818897635
0
LINE
8
BLACK
6
CONTINUOUS
10
5.6213247244094484
20
-4.3895748818897635
11
5.6139509842519688
21
-4.4053879133858267
0
LINE
8
BLACK
6
CONTINUOUS
10
5.6139509842519688
20
-4.4053879133858267
11
5.6052271259842517
21
-4.4204981102362204
0
LINE
8
BLACK
6
CONTINUOUS
10
5.6052271259842517
20
-4.4204981102362204
11
5.5952194881889765
21
-4.4347904724409446
0
LINE
8
BLACK
6
CONTINUOUS
10
5.5952194881889765
20
-4.4347904724409446
11
5.5840042913385828
21
-4.4481562204724412
0
LINE
8
BLACK
6
CONTINUOUS
10
5.5840042913385828
20
-4.4481562204724412
11
5.5716668503937008
21
-4.4604936614173232
0
LINE
8
BLACK
6
CONTINUOUS
10
5.5716668503937008
20
-4.4604936614173232
11
5.5583011023622042
21
-4.471708858267716
0
LINE
8
BLACK
6
CONTINUOUS
10
5.5583011023622042
20
-4.471708858267716
11
5.54400874015748
21
-4.4817164960629921
0
LINE
8
BLACK
6
CONTINUOUS
10
5.54400874015748
20
-4.4817164960629921
11
5.5288985433070863
21
-4.4904403543307083
0
LINE
8
BLACK
6
CONTINUOUS
10
5.5288985433070863
20
-4.4904403543307083
11
5.5130855118110231
21
-4.4978140944881888
0
LINE
8
BLACK
6
CONTINUOUS
10
5.5130855118110231
20
-4.4978140944881888
11
5.4966899606299213
21
-4.5037815748031491
0
LINE
8
BLACK
6
CONTINUOUS
10
5.4966899606299213
20
-4.5037815748031491
11
5.4798367322834647
21
-4.5082974015748034
0
LINE
8
BLACK
6
CONTINUOUS
10
5.4798367322834647
20
-4.5082974015748034
11
5.4626540551181098
21
-4.5113271653543308
0
LINE
8
BLACK
6
CONTINUOUS
10
5.4626540551181098
20
-4.5113271653543308
11
5.4452726771653541
21
-4.5128478346456689
0
LINE
8
BLACK
6
CONTINUOUS
10
5.4452726771653541
20
-4.5128478346456689
11
5.4278249606299207
21
-4.5128478346456689
0
LINE
8
BLACK
6
CONTINUOUS
10
5.4278249606299207
20
-4.5128478346456689
11
5.4104435826771651
21
-4.5113271653543308
0
LINE
8
BLACK
6
CONTINUOUS
10
5.4104435826771651
20
-4.5113271653543308
11
5.393260905511811
21
-4.5082974015748034
0
LINE
8
BLACK
6
CONTINUOUS
10
5.393260905511811
20
-4.5082974015748034
11
5.3764076771653544
21
-4.5037815748031491
0
LINE
8
BLACK
6
CONTINUOUS
10
5.3764076771653544
20
-4.5037815748031491
11
5.3600121259842517
21
-4.4978140944881888
0
LINE
8
BLACK
6
CONTINUOUS
10
5.3600121259842517
20
-4.4978140944881888
11
5.3441990944881885
21
-4.4904403543307083
0
LINE
8
BLACK
6
CONTINUOUS
10
5.3441990944881885
20
-4.4904403543307083
11
5.3290888976377948
21
-4.4817164960629921
0
LINE
8
BLACK
6
CONTINUOUS
10
5.3290888976377948
20
-4.4817164960629921
11
5.3147965354330706
21
-4.471708858267716
0
LINE
8
BLACK
6
CONTINUOUS
10
5.3147965354330706
20
-4.471708858267716
11
5.3014307874015749
21
-4.4604936614173232
0
LINE
8
BLACK
6
CONTINUOUS
10
5.3014307874015749
20
-4.4604936614173232
11
5.2890933464566929
21
-4.4481562204724412
0
LINE
8
BLACK
6
CONTINUOUS
10
5.2890933464566929
20
-4.4481562204724412
11
5.2778781496062992
21
-4.4347904724409446
0
LINE
8
BLACK
6
CONTINUOUS
10
5.2778781496062992
20
-4.4347904724409446
11
5.2678705118110232
21
-4.4204981102362204
0
LINE
8
BLACK
6
CONTINUOUS
10
5.2678705118110232
20
-4.4204981102362204
11
5.2591466535433069
21
-4.4053879133858267
0
LINE
8
BLACK
6
CONTINUOUS
10
5.2591466535433069
20
-4.4053879133858267
11
5.2517729133858264
21
-4.3895748818897635
0
LINE
8
BLACK
6
CONTINUOUS
10
5.2517729133858264
20
-4.3895748818897635
11
5.2458054330708661
21
-4.3731793307086617
0
LINE
8
BLACK
6
CONTINUOUS
10
5.2458054330708661
20
-4.3731793307086617
11
5.2412896062992127
21
-4.3563261023622042
0
LINE
8
BLACK
6
CONTINUOUS
10
5.2412896062992127
20
-4.3563261023622042
11
5.2382598425196853
21
-4.3391434251968501
0
LINE
8
BLACK
6
CONTINUOUS
10
5.2382598425196853
20
-4.3391434251968501
11
5.2367391732283464
21
-4.3217620472440945
0
LINE
8
BLACK
6
CONTINUOUS
10
5.2367391732283464
20
-4.3217620472440945
11
5.2367391732283464
21
-4.3043143307086611
0
LINE
8
BLACK
6
CONTINUOUS
10
5.2367391732283464
20
-4.3043143307086611
11
5.2382598425196853
21
-4.2869329527559055
0
LINE
8
BLACK
6
CONTINUOUS
10
5.2382598425196853
20
-4.2869329527559055
11
5.2412896062992127
21
-4.2697502755905514
0
LINE
8
BLACK
6
CONTINUOUS
10
5.2412896062992127
20
-4.2697502755905514
11
5.2458054330708661
21
-4.2528970472440948
0
LINE
8
BLACK
6
CONTINUOUS
10
5.2458054330708661
20
-4.2528970472440948
11
5.2517729133858264
21
-4.2365014960629921
0
LINE
8
BLACK
6
CONTINUOUS
10
5.2517729133858264
20
-4.2365014960629921
11
5.2591466535433069
21
-4.2206884645669289
0
LINE
8
BLACK
6
CONTINUOUS
10
5.2591466535433069
20
-4.2206884645669289
11
5.2678705118110232
21
-4.2055782677165352
0
LINE
8
BLACK
6
CONTINUOUS
10
5.2678705118110232
20
-4.2055782677165352
11
5.2778781496062992
21
-4.191285905511811
0
LINE
8
BLACK
6
CONTINUOUS
10
5.2778781496062992
20
-4.191285905511811
11
5.2890933464566929
21
-4.1779201574803144
0
LINE
8
BLACK
6
CONTINUOUS
10
5.2890933464566929
20
-4.1779201574803144
11
5.3014307874015749
21
-4.1655827165354333
0
LINE
8
BLACK
6
CONTINUOUS
10
5.3014307874015749
20
-4.1655827165354333
11
5.3147965354330706
21
-4.1543675196850396
0
LINE
8
BLACK
6
CONTINUOUS
10
5.3147965354330706
20
-4.1543675196850396
11
5.3290888976377948
21
-4.1443598818897636
0
LINE
8
BLACK
6
CONTINUOUS
10
5.3290888976377948
20
-4.1443598818897636
11
5.3441990944881885
21
-4.1356360236220473
0
LINE
8
BLACK
6
CONTINUOUS
10
5.3441990944881885
20
-4.1356360236220473
11
5.3600121259842517
21
-4.1282622834645668
0
LINE
8
BLACK
6
CONTINUOUS
10
5.3600121259842517
20
-4.1282622834645668
11
5.3764076771653544
21
-4.1222948031496065
0
LINE
8
BLACK
6
CONTINUOUS
10
5.3764076771653544
20
-4.1222948031496065
11
5.393260905511811
21
-4.1177789763779531
0
LINE
8
BLACK
6
CONTINUOUS
10
5.393260905511811
20
-4.1177789763779531
11
5.4104435826771651
21
-4.1147492125984249
0
LINE
8
BLACK
6
CONTINUOUS
10
5.4104435826771651
20
-4.1147492125984249
11
5.4278249606299207
21
-4.1132285433070868
0
LINE
8
BLACK
6
CONTINUOUS
10
5.4278249606299207
20
-4.1132285433070868
11
5.4452726771653541
21
-4.1132285433070868
0
LINE
8
BLACK
6
CONTINUOUS
10
5.4452726771653541
20
-4.1132285433070868
11
5.4626540551181098
21
-4.1147492125984249
0
LINE
8
BLACK
6
CONTINUOUS
10
5.4626540551181098
20
-4.1147492125984249
11
5.4798367322834647
21
-4.1177789763779531
0
LINE
8
BLACK
6
CONTINUOUS
10
5.4798367322834647
20
-4.1177789763779531
11
5.4966899606299213
21
-4.1222948031496065
0
LINE
8
BLACK
6
CONTINUOUS
10
5.4966899606299213
20
-4.1222948031496065
11
5.5130855118110231
21
-4.1282622834645668
0
LINE
8
BLACK
6
CONTINUOUS
10
5.5130855118110231
20
-4.1282622834645668
11
5.5288985433070863
21
-4.1356360236220473
0
LINE
8
BLACK
6
CONTINUOUS
10
5.5288985433070863
20
-4.1356360236220473
11
5.54400874015748
21
-4.1443598818897636
0
LINE
8
BLACK
6
CONTINUOUS
10
5.54400874015748
20
-4.1443598818897636
11
5.5583011023622042
21
-4.1543675196850396
0
LINE
8
BLACK
6
CONTINUOUS
10
5.5583011023622042
20
-4.1543675196850396
11
5.5603160236220468
21
-4.1560582283464562
0
LINE
8
BLACK
6
CONTINUOUS
10
5.5603160236220468
20
-4.1560582283464562
11
5.5610180314960624
21
-4.1551622440944884
0
LINE
8
BLACK
6
CONTINUOUS
10
5.5610180314960624
20
-4.1551622440944884
11
5.5610187795275587
21
-4.1551629921259838
0
LINE
8
BLACK
6
CONTINUOUS
10
5.5610187795275587
20
-4.1551629921259838
11
5.5661583070866136
21
-4.1500233858267714
0
LINE
8
BLACK
6
CONTINUOUS
10
5.5661583070866136
20
-4.1500233858267714
11
5.5755023228346454
21
-4.1388874803149607
0
LINE
8
BLACK
6
CONTINUOUS
10
5.5755023228346454
20
-4.1388874803149607
11
5.583840236220472
21
-4.1269795669291334
0
LINE
8
BLACK
6
CONTINUOUS
10
5.583840236220472
20
-4.1269795669291334
11
5.5911085433070866
21
-4.1143902755905515
0
LINE
8
BLACK
6
CONTINUOUS
10
5.5911085433070866
20
-4.1143902755905515
11
5.5972520078740153
21
-4.1012153937007874
0
LINE
8
BLACK
6
CONTINUOUS
10
5.5972520078740153
20
-4.1012153937007874
11
5.6022237795275593
21
-4.0875551968503938
0
LINE
8
BLACK
6
CONTINUOUS
10
5.6022237795275593
20
-4.0875551968503938
11
5.6059861023622046
21
-4.0735137007874016
0
LINE
8
BLACK
6
CONTINUOUS
10
5.6059861023622046
20
-4.0735137007874016
11
5.6085103149606299
21
-4.0591977165354329
0
LINE
8
BLACK
6
CONTINUOUS
10
5.6085103149606299
20
-4.0591977165354329
11
5.6097772047244092
21
-4.0447161811023618
0
LINE
8
BLACK
6
CONTINUOUS
10
5.6097772047244092
20
-4.0447161811023618
11
5.6097771653543305
21
-4.0374477952755905
0
LINE
8
BLACK
6
CONTINUOUS
10
5.6097771653543305
20
-4.0374477952755905
11
5.6097771653543305
21
-4.0374476377952755
0
LINE
8
BLACK
6
CONTINUOUS
10
5.6097771653543305
20
-4.0374476377952755
11
5.6097771653543305
21
-3.4862667716535434
0
LINE
8
BLACK
6
CONTINUOUS
10
5.6097771653543305
20
-3.4862667716535434
11
5.6097767716535429
21
-3.4862667716535434
0
LINE
8
BLACK
6
CONTINUOUS
10
5.6097767716535429
20
-3.4862667716535434
11
5.6097767322834642
21
-3.4805512992125984
0
LINE
8
BLACK
6
CONTINUOUS
10
5.6097767322834642
20
-3.4805512992125984
11
5.6083987795275592
21
-3.4692037007874017
0
LINE
8
BLACK
6
CONTINUOUS
10
5.6083987795275592
20
-3.4692037007874017
11
5.60566311023622
21
-3.458104960629921
0
LINE
8
BLACK
6
CONTINUOUS
10
5.60566311023622
20
-3.458104960629921
11
5.6016096062992125
21
-3.4474168503937008
0
LINE
8
BLACK
6
CONTINUOUS
10
5.6016096062992125
20
-3.4474168503937008
11
5.5962973622047238
21
-3.437295275590551
0
LINE
8
BLACK
6
CONTINUOUS
10
5.5962973622047238
20
-3.437295275590551
11
5.5898038188976376
21
-3.4278877952755904
0
LINE
8
BLACK
6
CONTINUOUS
10
5.5898038188976376
20
-3.4278877952755904
11
5.5822237007874014
21
-3.4193316141732284
0
LINE
8
BLACK
6
CONTINUOUS
10
5.5822237007874014
20
-3.4193316141732284
11
5.5736675590551181
21
-3.4117514960629922
0
LINE
8
BLACK
6
CONTINUOUS
10
5.5736675590551181
20
-3.4117514960629922
11
5.5642601181102362
21
-3.4052579133858267
0
LINE
8
BLACK
6
CONTINUOUS
10
5.5642601181102362
20
-3.4052579133858267
11
5.5541385433070865
21
-3.3999456299212598
0
LINE
8
BLACK
6
CONTINUOUS
10
5.5541385433070865
20
-3.3999456299212598
11
5.543450472440945
21
-3.3958920866141731
0
LINE
8
BLACK
6
CONTINUOUS
10
5.543450472440945
20
-3.3958920866141731
11
5.5323516929133856
21
-3.393156377952756
0
LINE
8
BLACK
6
CONTINUOUS
10
5.5323516929133856
20
-3.393156377952756
11
5.5210041338582672
21
-3.3917784251968501
0
LINE
8
BLACK
6
CONTINUOUS
10
5.5210041338582672
20
-3.3917784251968501
11
5.5152886614173227
21
-3.3917783464566926
0
LINE
8
BLACK
6
CONTINUOUS
10
5.5152886614173227
20
-3.3917783464566926
11
5.1964818897637794
21
-3.3917783464566926
0
LINE
8
BLACK
6
CONTINUOUS
10
5.1964818897637794
20
-3.3917783464566926
11
5.1964817322834644
21
-3.3917783070866139
0
LINE
8
BLACK
6
CONTINUOUS
10
5.1964817322834644
20
-3.3917783070866139
11
5.1964816929133857
21
-3.3917783464566926
0
LINE
8
BLACK
6
CONTINUOUS
10
5.1964816929133857
20
-3.3917783464566926
11
5.1964816929133857
21
-3.3917794488188977
0
LINE
8
BLACK
6
CONTINUOUS
10
5.1964816929133857
20
-3.3917794488188977
11
5.1892133464566932
21
-3.3917794094488189
0
LINE
8
BLACK
6
CONTINUOUS
10
5.1892133464566932
20
-3.3917794094488189
11
5.1747318897637795
21
-3.3930462598425195
0
LINE
8
BLACK
6
CONTINUOUS
10
5.1747318897637795
20
-3.3930462598425195
11
5.1604159842519683
21
-3.3955703937007873
0
LINE
8
BLACK
6
CONTINUOUS
10
5.1604159842519683
20
-3.3955703937007873
11
5.1463745669291336
21
-3.3993326771653543
0
LINE
8
BLACK
6
CONTINUOUS
10
5.1463745669291336
20
-3.3993326771653543
11
5.1327144881889764
21
-3.4043044488188974
0
LINE
8
BLACK
6
CONTINUOUS
10
5.1327144881889764
20
-3.4043044488188974
11
5.1195396850393697
21
-3.410447834645669
0
LINE
8
BLACK
6
CONTINUOUS
10
5.1195396850393697
20
-3.410447834645669
11
5.1069504330708657
21
-3.4177161023622045
0
LINE
8
BLACK
6
CONTINUOUS
10
5.1069504330708657
20
-3.4177161023622045
11
5.0950425984251968
21
-3.426053937007874
0
LINE
8
BLACK
6
CONTINUOUS
10
5.0950425984251968
20
-3.426053937007874
11
5.0839067716535435
21
-3.4353979133858266
0
LINE
8
BLACK
6
CONTINUOUS
10
5.0839067716535435
20
-3.4353979133858266
11
5.0787675984251965
21
-3.4405369291338581
0
LINE
8
BLACK
6
CONTINUOUS
10
5.0787675984251965
20
-3.4405369291338581
11
5.0787673228346453
21
-3.4405372834645669
0
LINE
8
BLACK
6
CONTINUOUS
10
5.0787673228346453
20
-3.4405372834645669
11
5.0480200787401577
21
-3.4712845275590549
0
LINE
8
BLACK
6
CONTINUOUS
10
5.0480200787401577
20
-3.4712845275590549
11
5.0480200000000002
21
-3.4712846062992124
0
LINE
8
BLACK
6
CONTINUOUS
10
5.0480200000000002
20
-3.4712846062992124
11
5.0480197637795277
21
-3.4712848031496062
0
LINE
8
BLACK
6
CONTINUOUS
10
5.0480197637795277
20
-3.4712848031496062
11
5.0480196850393702
21
-3.4712849212598424
0
LINE
8
BLACK
6
CONTINUOUS
10
5.0480196850393702
20
-3.4712849212598424
11
5.0480207086614168
21
-3.4712859842519683
0
LINE
8
BLACK
6
CONTINUOUS
10
5.0480207086614168
20
-3.4712859842519683
11
5.0447103543307081
21
-3.4745961417322833
0
LINE
8
BLACK
6
CONTINUOUS
10
5.0447103543307081
20
-3.4745961417322833
11
5.0390104724409444
21
-3.4820240551181101
0
LINE
8
BLACK
6
CONTINUOUS
10
5.0390104724409444
20
-3.4820240551181101
11
5.0343288976377956
21
-3.490132440944882
0
LINE
8
BLACK
6
CONTINUOUS
10
5.0343288976377956
20
-3.490132440944882
11
5.0307457086614171
21
-3.4987825196850393
0
LINE
8
BLACK
6
CONTINUOUS
10
5.0307457086614171
20
-3.4987825196850393
11
5.0288246456692915
21
-3.5059515748031496
0
LINE
8
BLACK
6
CONTINUOUS
10
5.0288246456692915
20
-3.5059515748031496
11
5.0723755905511814
21
-3.5059515748031496
0
LINE
8
BLACK
6
CONTINUOUS
10
5.0723755905511814
20
-3.5059515748031496
11
5.0761421653543302
21
-3.5067007874015745
0
LINE
8
BLACK
6
CONTINUOUS
10
5.0761421653543302
20
-3.5067007874015745
11
5.0793353149606295
21
-3.5088343700787399
0
LINE
8
BLACK
6
CONTINUOUS
10
5.0793353149606295
20
-3.5088343700787399
11
5.0814688976377953
21
-3.5120275196850392
0
LINE
8
BLACK
6
CONTINUOUS
10
5.0814688976377953
20
-3.5120275196850392
11
5.0822181102362203
21
-3.5157940944881889
0
LINE
8
BLACK
6
CONTINUOUS
10
5.0822181102362203
20
-3.5157940944881889
11
5.0822181102362203
21
-3.6535893700787403
0
LINE
8
BLACK
6
CONTINUOUS
10
5.0822181102362203
20
-3.6535893700787403
11
5.0814688976377953
21
-3.6573559448818895
0
LINE
8
BLACK
6
CONTINUOUS
10
5.0814688976377953
20
-3.6573559448818895
11
5.0793353149606295
21
-3.6605490944881889
0
LINE
8
BLACK
6
CONTINUOUS
10
5.0793353149606295
20
-3.6605490944881889
11
5.0761421653543302
21
-3.6626826771653542
0
LINE
8
BLACK
6
CONTINUOUS
10
5.0761421653543302
20
-3.6626826771653542
11
5.0723755905511814
21
-3.6634318897637796
0
LINE
8
BLACK
6
CONTINUOUS
10
5.0723755905511814
20
-3.6634318897637796
11
4.9345803149606295
21
-3.6634318897637796
0
LINE
8
BLACK
6
CONTINUOUS
10
4.9345803149606295
20
-3.6634318897637796
11
4.9308137401574799
21
-3.6626826771653542
0
LINE
8
BLACK
6
CONTINUOUS
10
4.9308137401574799
20
-3.6626826771653542
11
4.9276205905511814
21
-3.6605490944881889
0
LINE
8
BLACK
6
CONTINUOUS
10
4.9276205905511814
20
-3.6605490944881889
11
4.9254870078740156
21
-3.6573559448818895
0
LINE
8
BLACK
6
CONTINUOUS
10
4.9254870078740156
20
-3.6573559448818895
11
4.9247377952755906
21
-3.6535893700787403
0
LINE
8
BLACK
6
CONTINUOUS
10
4.9247377952755906
20
-3.6535893700787403
11
4.9247377952755906
21
-3.5157940944881889
0
LINE
8
BLACK
6
CONTINUOUS
10
4.9247377952755906
20
-3.5157940944881889
11
4.9254870078740156
21
-3.5120275196850392
0
LINE
8
BLACK
6
CONTINUOUS
10
4.9254870078740156
20
-3.5120275196850392
11
4.9276205905511814
21
-3.5088343700787399
0
LINE
8
BLACK
6
CONTINUOUS
10
4.9276205905511814
20
-3.5088343700787399
11
4.9308137401574799
21
-3.5067007874015745
0
LINE
8
BLACK
6
CONTINUOUS
10
4.9308137401574799
20
-3.5067007874015745
11
4.9341250787401574
21
-3.5060421259842518
0
LINE
8
BLACK
6
CONTINUOUS
10
4.9341250787401574
20
-3.5060421259842518
11
4.56656062992126
21
-3.5060421259842518
0
LINE
8
BLACK
6
CONTINUOUS
10
4.56656062992126
20
-3.5060421259842518
11
4.5665570472440944
21
-3.5060418897637793
0
LINE
8
BLACK
6
CONTINUOUS
10
4.5665570472440944
20
-3.5060418897637793
11
4.5549292519685034
21
-3.5054708267716537
0
LINE
8
BLACK
6
CONTINUOUS
10
4.5549292519685034
20
-3.5054708267716537
11
4.5434094881889759
21
-3.5037622047244095
0
LINE
8
BLACK
6
CONTINUOUS
10
4.5434094881889759
20
-3.5037622047244095
11
4.5321126771653546
21
-3.5009326377952754
0
LINE
8
BLACK
6
CONTINUOUS
10
4.5321126771653546
20
-3.5009326377952754
11
4.5211475984251965
21
-3.4970093700787399
0
LINE
8
BLACK
6
CONTINUOUS
10
4.5211475984251965
20
-3.4970093700787399
11
4.510619881889764
21
-3.4920302362204723
0
LINE
8
BLACK
6
CONTINUOUS
10
4.510619881889764
20
-3.4920302362204723
11
4.5006309448818893
21
-3.4860431102362206
0
LINE
8
BLACK
6
CONTINUOUS
10
4.5006309448818893
20
-3.4860431102362206
11
4.4912769291338579
21
-3.479105748031496
0
LINE
8
BLACK
6
CONTINUOUS
10
4.4912769291338579
20
-3.479105748031496
11
4.4826479527559053
21
-3.4712849212598424
0
LINE
8
BLACK
6
CONTINUOUS
10
4.4826479527559053
20
-3.4712849212598424
11
4.4826483464566929
21
-3.4712845275590549
0
LINE
8
BLACK
6
CONTINUOUS
10
4.4826483464566929
20
-3.4712845275590549
11
4.4826481889763778
21
-3.4712843307086612
0
LINE
8
BLACK
6
CONTINUOUS
10
4.4826481889763778
20
-3.4712843307086612
11
4.4240622834645666
21
-3.4126984251968504
0
LINE
8
BLACK
6
CONTINUOUS
10
4.4240622834645666
20
-3.4126984251968504
11
4.4240608661417324
21
-3.412696811023622
0
LINE
8
BLACK
6
CONTINUOUS
10
4.4240608661417324
20
-3.412696811023622
11
4.4162415354330706
21
-3.4040696456692912
0
LINE
8
BLACK
6
CONTINUOUS
10
4.4162415354330706
20
-3.4040696456692912
11
4.4093041338582672
21
-3.3947157086614173
0
LINE
8
BLACK
6
CONTINUOUS
10
4.4093041338582672
20
-3.3947157086614173
11
4.4033170472440943
21
-3.3847268110236222
0
LINE
8
BLACK
6
CONTINUOUS
10
4.4033170472440943
20
-3.3847268110236222
11
4.3983378346456696
21
-3.3741991338582675
0
LINE
8
BLACK
6
CONTINUOUS
10
4.3983378346456696
20
-3.3741991338582675
11
4.3944145669291341
21
-3.3632341338582679
0
LINE
8
BLACK
6
CONTINUOUS
10
4.3944145669291341
20
-3.3632341338582679
11
4.3915849606299213
21
-3.3519373622047244
0
LINE
8
BLACK
6
CONTINUOUS
10
4.3915849606299213
20
-3.3519373622047244
11
4.3898762598425192
21
-3.3404176771653544
0
LINE
8
BLACK
6
CONTINUOUS
10
4.3898762598425192
20
-3.3404176771653544
11
4.3893057086614169
21
-3.3288014173228344
0
LINE
8
BLACK
6
CONTINUOUS
10
4.3893057086614169
20
-3.3288014173228344
11
4.389304724409449
21
-3.3287862204724408
0
LINE
8
BLACK
6
CONTINUOUS
10
4.389304724409449
20
-3.3287862204724408
11
4.389304724409449
21
-3.3287859448818895
0
LINE
8
BLACK
6
CONTINUOUS
10
4.389304724409449
20
-3.3287859448818895
11
4.3893046850393702
21
-3.3287859448818895
0
LINE
8
BLACK
6
CONTINUOUS
10
4.3893046850393702
20
-3.3287859448818895
11
4.389304724409449
21
-3.3287855905511812
0
LINE
8
BLACK
6
CONTINUOUS
10
4.389304724409449
20
-3.3287855905511812
11
4.389304724409449
21
-3.2380381889763781
0
LINE
8
BLACK
6
CONTINUOUS
10
4.389304724409449
20
-3.2380381889763781
11
4.389304724409449
21
-3.2380379133858268
0
LINE
8
BLACK
6
CONTINUOUS
10
4.389304724409449
20
-3.2380379133858268
11
4.3898762992125979
21
-3.2264062992125981
0
LINE
8
BLACK
6
CONTINUOUS
10
4.3898762992125979
20
-3.2264062992125981
11
4.3915851574803151
21
-3.2148867322834644
0
LINE
8
BLACK
6
CONTINUOUS
10
4.3915851574803151
20
-3.2148867322834644
11
4.3944148818897633
21
-3.203590118110236
0
LINE
8
BLACK
6
CONTINUOUS
10
4.3944148818897633
20
-3.203590118110236
11
4.3983382283464563
21
-3.1926252755905513
0
LINE
8
BLACK
6
CONTINUOUS
10
4.3983382283464563
20
-3.1926252755905513
11
4.4033174015748031
21
-3.1820977952755904
0
LINE
8
BLACK
6
CONTINUOUS
10
4.4033174015748031
20
-3.1820977952755904
11
4.4093044488188973
21
-3.1721089763779529
0
LINE
8
BLACK
6
CONTINUOUS
10
4.4093044488188973
20
-3.1721089763779529
11
4.4162417322834644
21
-3.162755118110236
0
LINE
8
BLACK
6
CONTINUOUS
10
4.4162417322834644
20
-3.162755118110236
11
4.4240490157480314
21
-3.1541410236220471
0
LINE
8
BLACK
6
CONTINUOUS
10
4.4240490157480314
20
-3.1541410236220471
11
4.4240622047244091
21
-3.1541260236220472
0
LINE
8
BLACK
6
CONTINUOUS
10
4.4240622047244091
20
-3.1541260236220472
11
4.4240621653543304
21
-3.1541259842519684
0
LINE
8
BLACK
6
CONTINUOUS
10
4.4240621653543304
20
-3.1541259842519684
11
4.4240625196850392
21
-3.1541256692913384
0
LINE
8
BLACK
6
CONTINUOUS
10
4.4240625196850392
20
-3.1541256692913384
11
4.4244766929133856
21
-3.1537115354330707
0
LINE
8
BLACK
6
CONTINUOUS
10
4.4244766929133856
20
-3.1537115354330707
11
4.3274191732283462
21
-3.1537115354330707
0
LINE
8
BLACK
6
CONTINUOUS
10
4.3274191732283462
20
-3.1537115354330707
11
4.3274190157480312
21
-3.1537115354330707
0
LINE
8
BLACK
6
CONTINUOUS
10
4.3274190157480312
20
-3.1537115354330707
11
4.3274187007874012
21
-3.1537114960629919
0
LINE
8
BLACK
6
CONTINUOUS
10
4.3274187007874012
20
-3.1537114960629919
11
4.3137922047244093
21
-3.1531167322834643
0
LINE
8
BLACK
6
CONTINUOUS
10
4.3137922047244093
20
-3.1531167322834643
11
4.3002689370078739
21
-3.1513364960629922
0
LINE
8
BLACK
6
CONTINUOUS
10
4.3002689370078739
20
-3.1513364960629922
11
4.2869522834645668
21
-3.1483843700787402
0
LINE
8
BLACK
6
CONTINUOUS
10
4.2869522834645668
20
-3.1483843700787402
11
4.2739435826771652
21
-3.144282834645669
0
LINE
8
BLACK
6
CONTINUOUS
10
4.2739435826771652
20
-3.144282834645669
11
4.2613418897637798
21
-3.1390631102362203
0
LINE
8
BLACK
6
CONTINUOUS
10
4.2613418897637798
20
-3.1390631102362203
11
4.2492430708661413
21
-3.1327649212598425
0
LINE
8
BLACK
6
CONTINUOUS
10
4.2492430708661413
20
-3.1327649212598425
11
4.2377392519685042
21
-3.1254362204724409
0
LINE
8
BLACK
6
CONTINUOUS
10
4.2377392519685042
20
-3.1254362204724409
11
4.2269179133858268
21
-3.1171327559055118
0
LINE
8
BLACK
6
CONTINUOUS
10
4.2269179133858268
20
-3.1171327559055118
11
4.2168614960629922
21
-3.1079177165354328
0
LINE
8
BLACK
6
CONTINUOUS
10
4.2168614960629922
20
-3.1079177165354328
11
4.2168619291338585
21
-3.107917283464567
0
LINE
8
BLACK
6
CONTINUOUS
10
4.2168619291338585
20
-3.107917283464567
11
4.216861692913386
21
-3.1079169685039369
0
LINE
8
BLACK
6
CONTINUOUS
10
4.216861692913386
20
-3.1079169685039369
11
4.1599482283464564
21
-3.0510035039370078
0
LINE
8
BLACK
6
CONTINUOUS
10
4.1599482283464564
20
-3.0510035039370078
11
4.15888062992126
21
-3.051445748031496
0
LINE
8
BLACK
6
CONTINUOUS
10
4.15888062992126
20
-3.051445748031496
11
4.1528249606299212
21
-3.0526503149606299
0
LINE
8
BLACK
6
CONTINUOUS
10
4.1528249606299212
20
-3.0526503149606299
11
4.1466506299212593
21
-3.0526503149606299
0
LINE
8
BLACK
6
CONTINUOUS
10
4.1466506299212593
20
-3.0526503149606299
11
4.1405949606299215
21
-3.051445748031496
0
LINE
8
BLACK
6
CONTINUOUS
10
4.1405949606299215
20
-3.051445748031496
11
4.1348906692913383
21
-3.0490829527559056
0
LINE
8
BLACK
6
CONTINUOUS
10
4.1348906692913383
20
-3.0490829527559056
11
4.1297568897637795
21
-3.0456526771653545
0
LINE
8
BLACK
6
CONTINUOUS
10
4.1297568897637795
20
-3.0456526771653545
11
4.125391023622047
21
-3.041286811023622
0
LINE
8
BLACK
6
CONTINUOUS
10
4.125391023622047
20
-3.041286811023622
11
4.1219607480314959
21
-3.0361530314960627
0
LINE
8
BLACK
6
CONTINUOUS
10
4.1219607480314959
20
-3.0361530314960627
11
4.119597952755905
21
-3.0304487401574804
0
LINE
8
BLACK
6
CONTINUOUS
10
4.119597952755905
20
-3.0304487401574804
11
4.1183933858267716
21
-3.0243930708661417
0
LINE
8
BLACK
6
CONTINUOUS
10
4.1183933858267716
20
-3.0243930708661417
11
4.1183933858267716
21
-3.0182187401574803
0
LINE
8
BLACK
6
CONTINUOUS
10
4.1183933858267716
20
-3.0182187401574803
11
4.119597952755905
21
-3.0121630708661415
0
LINE
8
BLACK
6
CONTINUOUS
10
4.119597952755905
20
-3.0121630708661415
11
4.1219607480314959
21
-3.0064587795275588
0
LINE
8
BLACK
6
CONTINUOUS
10
4.1219607480314959
20
-3.0064587795275588
11
4.125391023622047
21
-3.001325
0
LINE
8
BLACK
6
CONTINUOUS
10
4.125391023622047
20
-3.001325
11
4.1297568897637795
21
-2.9969591338582675
0
LINE
8
BLACK
6
CONTINUOUS
10
4.1297568897637795
20
-2.9969591338582675
11
4.1348906692913383
21
-2.9935288582677164
0
LINE
8
BLACK
6
CONTINUOUS
10
4.1348906692913383
20
-2.9935288582677164
11
4.1405949606299215
21
-2.991166062992126
0
LINE
8
BLACK
6
CONTINUOUS
10
4.1405949606299215
20
-2.991166062992126
11
4.1466506299212593
21
-2.9899614960629921
0
LINE
8
BLACK
6
CONTINUOUS
10
4.1466506299212593
20
-2.9899614960629921
11
4.1528249606299212
21
-2.9899614960629921
0
LINE
8
BLACK
6
CONTINUOUS
10
4.1528249606299212
20
-2.9899614960629921
11
4.15888062992126
21
-2.991166062992126
0
LINE
8
BLACK
6
CONTINUOUS
10
4.15888062992126
20
-2.991166062992126
11
4.1645849212598423
21
-2.9935288582677164
0
LINE
8
BLACK
6
CONTINUOUS
10
4.1645849212598423
20
-2.9935288582677164
11
4.1697187007874019
21
-2.9969591338582675
0
LINE
8
BLACK
6
CONTINUOUS
10
4.1697187007874019
20
-2.9969591338582675
11
4.1740845669291335
21
-3.001325
0
LINE
8
BLACK
6
CONTINUOUS
10
4.1740845669291335
20
-3.001325
11
4.1775148425196846
21
-3.0064587795275588
0
LINE
8
BLACK
6
CONTINUOUS
10
4.1775148425196846
20
-3.0064587795275588
11
4.1798776377952755
21
-3.0121630708661415
0
LINE
8
BLACK
6
CONTINUOUS
10
4.1798776377952755
20
-3.0121630708661415
11
4.1810822047244089
21
-3.0182187401574803
0
LINE
8
BLACK
6
CONTINUOUS
10
4.1810822047244089
20
-3.0182187401574803
11
4.1810822047244089
21
-3.0243930708661417
0
LINE
8
BLACK
6
CONTINUOUS
10
4.1810822047244089
20
-3.0243930708661417
11
4.1798776377952755
21
-3.0304487401574804
0
LINE
8
BLACK
6
CONTINUOUS
10
4.1798776377952755
20
-3.0304487401574804
11
4.1794353937007873
21
-3.0315163385826769
0
LINE
8
BLACK
6
CONTINUOUS
10
4.1794353937007873
20
-3.0315163385826769
11
4.236349173228346
21
-3.088430118110236
0
LINE
8
BLACK
6
CONTINUOUS
10
4.236349173228346
20
-3.088430118110236
11
4.2363553149606297
21
-3.0884371259842518
0
LINE
8
BLACK
6
CONTINUOUS
10
4.2363553149606297
20
-3.0884371259842518
11
4.2408227165354333
21
-3.092904527559055
0
LINE
8
BLACK
6
CONTINUOUS
10
4.2408227165354333
20
-3.092904527559055
11
4.2506046456692914
21
-3.1009323622047242
0
LINE
8
BLACK
6
CONTINUOUS
10
4.2506046456692914
20
-3.1009323622047242
11
4.2611263385826774
21
-3.1079627165354329
0
LINE
8
BLACK
6
CONTINUOUS
10
4.2611263385826774
20
-3.1079627165354329
11
4.2722864960629918
21
-3.1139278740157481
0
LINE
8
BLACK
6
CONTINUOUS
10
4.2722864960629918
20
-3.1139278740157481
11
4.2839775984251967
21
-3.1187704330708659
0
LINE
8
BLACK
6
CONTINUOUS
10
4.2839775984251967
20
-3.1187704330708659
11
4.2960870866141727
21
-3.1224437007874015
0
LINE
8
BLACK
6
CONTINUOUS
10
4.2960870866141727
20
-3.1224437007874015
11
4.3084982677165353
21
-3.1249123228346458
0
LINE
8
BLACK
6
CONTINUOUS
10
4.3084982677165353
20
-3.1249123228346458
11
4.3210916929133854
21
-3.126152559055118
0
LINE
8
BLACK
6
CONTINUOUS
10
4.3210916929133854
20
-3.126152559055118
11
4.3274188582677162
21
-3.1261524803149605
0
LINE
8
BLACK
6
CONTINUOUS
10
4.3274188582677162
20
-3.1261524803149605
11
4.327418897637795
21
-3.1261524803149605
0
LINE
8
BLACK
6
CONTINUOUS
10
4.327418897637795
20
-3.1261524803149605
11
4.3274190157480312
21
-3.1261524803149605
0
LINE
8
BLACK
6
CONTINUOUS
10
4.3274190157480312
20
-3.1261524803149605
11
4.4520357480314958
21
-3.1261524803149605
0
LINE
8
BLACK
6
CONTINUOUS
10
4.4520357480314958
20
-3.1261524803149605
11
4.4591171653543302
21
-3.1190710629921261
0
LINE
8
BLACK
6
CONTINUOUS
10
4.4591171653543302
20
-3.1190710629921261
11
4.4591174803149602
21
-3.1190707480314961
0
LINE
8
BLACK
6
CONTINUOUS
10
4.4591174803149602
20
-3.1190707480314961
11
4.4801397637795271
21
-3.0980484645669293
0
LINE
8
BLACK
6
CONTINUOUS
10
4.4801397637795271
20
-3.0980484645669293
11
4.5109040551181101
21
-3.0672841338582675
0
LINE
8
BLACK
6
CONTINUOUS
10
4.5109040551181101
20
-3.0672841338582675
11
4.5395684251968502
21
-3.0386198031496061
0
LINE
8
BLACK
6
CONTINUOUS
10
4.5395684251968502
20
-3.0386198031496061
11
4.539568464566929
21
-3.0386197637795274
0
LINE
8
BLACK
6
CONTINUOUS
10
4.539568464566929
20
-3.0386197637795274
11
4.543991771653543
21
-3.0341964173228346
0
LINE
8
BLACK
6
CONTINUOUS
10
4.543991771653543
20
-3.0341964173228346
11
4.5442315748031499
21
-3.0329909842519682
0
LINE
8
BLACK
6
CONTINUOUS
10
4.5442315748031499
20
-3.0329909842519682
11
4.5462990157480316
21
-3.02799968503937
0
LINE
8
BLACK
6
CONTINUOUS
10
4.5462990157480316
20
-3.02799968503937
11
4.5469818897637797
21
-3.026977677165354
0
LINE
8
BLACK
6
CONTINUOUS
10
4.5469818897637797
20
-3.026977677165354
11
4.5469818897637797
21
-2.7459307874015746
0
LINE
8
BLACK
6
CONTINUOUS
10
4.5469818897637797
20
-2.7459307874015746
11
4.5469818897637797
21
-2.7459305511811025
0
LINE
8
BLACK
6
CONTINUOUS
10
4.5469818897637797
20
-2.7459305511811025
11
4.5469809448818896
21
-2.7459305511811025
0
LINE
8
BLACK
6
CONTINUOUS
10
4.5469809448818896
20
-2.7459305511811025
11
4.5469809842519684
21
-2.7391975590551181
0
LINE
8
BLACK
6
CONTINUOUS
10
4.5469809842519684
20
-2.7391975590551181
11
4.5456612204724411
21
-2.7257964173228344
0
LINE
8
BLACK
6
CONTINUOUS
10
4.5456612204724411
20
-2.7257964173228344
11
4.5430342519685034
21
-2.7125891732283463
0
LINE
8
BLACK
6
CONTINUOUS
10
4.5430342519685034
20
-2.7125891732283463
11
4.5391253937007869
21
-2.6997030314960631
0
LINE
8
BLACK
6
CONTINUOUS
10
4.5391253937007869
20
-2.6997030314960631
11
4.5339722834645668
21
-2.6872620866141732
0
LINE
8
BLACK
6
CONTINUOUS
10
4.5339722834645668
20
-2.6872620866141732
11
4.5276245669291342
21
-2.6753861023622045
0
LINE
8
BLACK
6
CONTINUOUS
10
4.5276245669291342
20
-2.6753861023622045
11
4.5201433070866139
21
-2.664189527559055
0
LINE
8
BLACK
6
CONTINUOUS
10
4.5201433070866139
20
-2.664189527559055
11
4.5116006299212597
21
-2.6537801574803148
0
LINE
8
BLACK
6
CONTINUOUS
10
4.5116006299212597
20
-2.6537801574803148
11
4.5068397244094491
21
-2.6490192125984251
0
LINE
8
BLACK
6
CONTINUOUS
10
4.5068397244094491
20
-2.6490192125984251
11
4.5068395669291341
21
-2.6490190157480313
0
LINE
8
BLACK
6
CONTINUOUS
10
4.5068395669291341
20
-2.6490190157480313
11
4.4972184645669291
21
-2.6393979133858267
0
LINE
8
BLACK
6
CONTINUOUS
10
4.4972184645669291
20
-2.6393979133858267
11
4.4953089763779523
21
-2.6410001968503938
0
LINE
8
BLACK
6
CONTINUOUS
10
4.4953089763779523
20
-2.6410001968503938
11
4.4810166141732282
21
-2.6510078346456694
0
LINE
8
BLACK
6
CONTINUOUS
10
4.4810166141732282
20
-2.6510078346456694
11
4.4659064173228344
21
-2.6597316929133856
0
LINE
8
BLACK
6
CONTINUOUS
10
4.4659064173228344
20
-2.6597316929133856
11
4.4500933858267713
21
-2.6671054330708661
0
LINE
8
BLACK
6
CONTINUOUS
10
4.4500933858267713
20
-2.6671054330708661
11
4.4336978346456695
21
-2.6730729133858269
0
LINE
8
BLACK
6
CONTINUOUS
10
4.4336978346456695
20
-2.6730729133858269
11
4.4168446062992128
21
-2.6775887401574803
0
LINE
8
BLACK
6
CONTINUOUS
10
4.4168446062992128
20
-2.6775887401574803
11
4.3996619291338579
21
-2.6806185039370076
0
LINE
8
BLACK
6
CONTINUOUS
10
4.3996619291338579
20
-2.6806185039370076
11
4.3873264566929135
21
-2.6816976771653542
0
LINE
8
BLACK
6
CONTINUOUS
10
4.3873264566929135
20
-2.6816976771653542
11
4.3873362204724407
21
-2.6818462598425197
0
LINE
8
BLACK
6
CONTINUOUS
10
4.3873362204724407
20
-2.6818462598425197
11
4.3873362204724407
21
-2.6988648818897638
0
LINE
8
BLACK
6
CONTINUOUS
10
4.3873362204724407
20
-2.6988648818897638
11
4.3873360236220469
21
-2.6988678346456694
0
LINE
8
BLACK
6
CONTINUOUS
10
4.3873360236220469
20
-2.6988678346456694
11
4.3868122834645664
21
-2.7095316929133859
0
LINE
8
BLACK
6
CONTINUOUS
10
4.3868122834645664
20
-2.7095316929133859
11
4.3852453937007869
21
-2.7200959842519685
0
LINE
8
BLACK
6
CONTINUOUS
10
4.3852453937007869
20
-2.7200959842519685
11
4.3826505511811025
21
-2.7304557874015747
0
LINE
8
BLACK
6
CONTINUOUS
10
4.3826505511811025
20
-2.7304557874015747
11
4.3790527559055121
21
-2.7405113779527559
0
LINE
8
BLACK
6
CONTINUOUS
10
4.3790527559055121
20
-2.7405113779527559
11
4.3744866929133854
21
-2.7501659448818896
0
LINE
8
BLACK
6
CONTINUOUS
10
4.3744866929133854
20
-2.7501659448818896
11
4.3689962992125979
21
-2.7593264566929134
0
LINE
8
BLACK
6
CONTINUOUS
10
4.3689962992125979
20
-2.7593264566929134
11
4.3626344488188975
21
-2.7679046850393698
0
LINE
8
BLACK
6
CONTINUOUS
10
4.3626344488188975
20
-2.7679046850393698
11
4.3554624409448817
21
-2.7758180314960628
0
LINE
8
BLACK
6
CONTINUOUS
10
4.3554624409448817
20
-2.7758180314960628
11
4.3554616141732279
21
-2.7758172047244094
0
LINE
8
BLACK
6
CONTINUOUS
10
4.3554616141732279
20
-2.7758172047244094
11
4.3554615354330704
21
-2.7758172440944882
0
LINE
8
BLACK
6
CONTINUOUS
10
4.3554615354330704
20
-2.7758172440944882
11
4.355461417322835
21
-2.7758174015748032
0
LINE
8
BLACK
6
CONTINUOUS
10
4.355461417322835
20
-2.7758174015748032
11
4.2536587795275587
21
-2.8776200787401573
0
LINE
8
BLACK
6
CONTINUOUS
10
4.2536587795275587
20
-2.8776200787401573
11
4.2536554330708665
21
-2.8776229527559054
0
LINE
8
BLACK
6
CONTINUOUS
10
4.2536554330708665
20
-2.8776229527559054
11
4.245745866141732
21
-2.8847921653543307
0
LINE
8
BLACK
6
CONTINUOUS
10
4.245745866141732
20
-2.8847921653543307
11
4.2371678346456694
21
-2.8911543700787399
0
LINE
8
BLACK
6
CONTINUOUS
10
4.2371678346456694
20
-2.8911543700787399
11
4.2280075196850389
21
-2.8966451181102362
0
LINE
8
BLACK
6
CONTINUOUS
10
4.2280075196850389
20
-2.8966451181102362
11
4.2183531102362206
21
-2.9012115748031495
0
LINE
8
BLACK
6
CONTINUOUS
10
4.2183531102362206
20
-2.9012115748031495
11
4.2082975984251965
21
-2.9048097244094486
0
LINE
8
BLACK
6
CONTINUOUS
10
4.2082975984251965
20
-2.9048097244094486
11
4.1979377952755907
21
-2.9074049212598423
0
LINE
8
BLACK
6
CONTINUOUS
10
4.1979377952755907
20
-2.9074049212598423
11
4.1873735433070864
21
-2.9089721653543306
0
LINE
8
BLACK
6
CONTINUOUS
10
4.1873735433070864
20
-2.9089721653543306
11
4.1767065354330706
21
-2.9094963779527556
0
LINE
8
BLACK
6
CONTINUOUS
10
4.1767065354330706
20
-2.9094963779527556
11
4.1767065354330706
21
-2.9094948818897639
0
LINE
8
BLACK
6
CONTINUOUS
10
4.1767065354330706
20
-2.9094948818897639
11
4.1767064566929131
21
-2.9094948425196852
0
LINE
8
BLACK
6
CONTINUOUS
10
4.1767064566929131
20
-2.9094948425196852
11
4.1767062992125981
21
-2.9094948818897639
0
LINE
8
BLACK
6
CONTINUOUS
10
4.1767062992125981
20
-2.9094948818897639
11
4.0633204724409451
21
-2.9094948818897639
0
LINE
8
BLACK
6
CONTINUOUS
10
4.0633204724409451
20
-2.9094948818897639
11
4.0633173622047245
21
-2.9094946456692914
0
LINE
8
BLACK
6
CONTINUOUS
10
4.0633173622047245
20
-2.9094946456692914
11
4.0526537007874017
21
-2.9089709842519684
0
LINE
8
BLACK
6
CONTINUOUS
10
4.0526537007874017
20
-2.9089709842519684
11
4.0420893700787399
21
-2.9074040551181102
0
LINE
8
BLACK
6
CONTINUOUS
10
4.0420893700787399
20
-2.9074040551181102
11
4.0317295275590554
21
-2.9048091732283465
0
LINE
8
BLACK
6
CONTINUOUS
10
4.0317295275590554
20
-2.9048091732283465
11
4.0216739370078738
21
-2.9012112992125982
0
LINE
8
BLACK
6
CONTINUOUS
10
4.0216739370078738
20
-2.9012112992125982
11
4.0120194094488184
21
-2.8966451574803149
0
LINE
8
BLACK
6
CONTINUOUS
10
4.0120194094488184
20
-2.8966451574803149
11
4.0028589370078738
21
-2.8911546456692911
0
LINE
8
BLACK
6
CONTINUOUS
10
4.0028589370078738
20
-2.8911546456692911
11
3.9942807874015749
21
-2.8847926377952757
0
LINE
8
BLACK
6
CONTINUOUS
10
3.9942807874015749
20
-2.8847926377952757
11
3.9863675196850394
21
-2.8776204724409449
0
LINE
8
BLACK
6
CONTINUOUS
10
3.9863675196850394
20
-2.8776204724409449
11
3.9863679133858265
21
-2.8776200787401573
0
LINE
8
BLACK
6
CONTINUOUS
10
3.9863679133858265
20
-2.8776200787401573
11
3.9863677952755903
21
-2.8776199212598423
0
LINE
8
BLACK
6
CONTINUOUS
10
3.9863677952755903
20
-2.8776199212598423
11
3.9719653937007875
21
-2.8632175196850391
0
LINE
8
BLACK
6
CONTINUOUS
10
3.9719653937007875
20
-2.8632175196850391
11
3.9675965354330707
21
-2.8640865748031494
0
LINE
8
BLACK
6
CONTINUOUS
10
3.9675965354330707
20
-2.8640865748031494
11
3.9621940157480315
21
-2.8640865748031494
0
LINE
8
BLACK
6
CONTINUOUS
10
3.9621940157480315
20
-2.8640865748031494
11
3.9568953149606299
21
-2.863032598425197
0
LINE
8
BLACK
6
CONTINUOUS
10
3.9568953149606299
20
-2.863032598425197
11
3.9519040157480312
21
-2.8609651574803148
0
LINE
8
BLACK
6
CONTINUOUS
10
3.9519040157480312
20
-2.8609651574803148
11
3.9474120078740156
21
-2.8579636614173229
0
LINE
8
BLACK
6
CONTINUOUS
10
3.9474120078740156
20
-2.8579636614173229
11
3.9435918503937009
21
-2.8541435039370078
0
LINE
8
BLACK
6
CONTINUOUS
10
3.9435918503937009
20
-2.8541435039370078
11
3.9405903543307086
21
-2.8496514960629922
0
LINE
8
BLACK
6
CONTINUOUS
10
3.9405903543307086
20
-2.8496514960629922
11
3.9385229133858268
21
-2.8446601968503935
0
LINE
8
BLACK
6
CONTINUOUS
10
3.9385229133858268
20
-2.8446601968503935
11
3.9374689370078739
21
-2.8393614960629923
0
LINE
8
BLACK
6
CONTINUOUS
10
3.9374689370078739
20
-2.8393614960629923
11
3.9374689370078739
21
-2.8339589763779527
0
LINE
8
BLACK
6
CONTINUOUS
10
3.9374689370078739
20
-2.8339589763779527
11
3.9385229133858268
21
-2.828660275590551
0
LINE
8
BLACK
6
CONTINUOUS
10
3.9385229133858268
20
-2.828660275590551
11
3.9405903543307086
21
-2.8236689763779528
0
LINE
8
BLACK
6
CONTINUOUS
10
3.9405903543307086
20
-2.8236689763779528
11
3.9435918503937009
21
-2.8191769685039367
0
LINE
8
BLACK
6
CONTINUOUS
10
3.9435918503937009
20
-2.8191769685039367
11
3.9474120078740156
21
-2.815356811023622
0
LINE
8
BLACK
6
CONTINUOUS
10
3.9474120078740156
20
-2.815356811023622
11
3.9519040157480312
21
-2.8123553149606297
0
LINE
8
BLACK
6
CONTINUOUS
10
3.9519040157480312
20
-2.8123553149606297
11
3.9568953149606299
21
-2.810287874015748
0
LINE
8
BLACK
6
CONTINUOUS
10
3.9568953149606299
20
-2.810287874015748
11
3.9621940157480315
21
-2.8092338976377951
0
LINE
8
BLACK
6
CONTINUOUS
10
3.9621940157480315
20
-2.8092338976377951
11
3.9675965354330707
21
-2.8092338976377951
0
LINE
8
BLACK
6
CONTINUOUS
10
3.9675965354330707
20
-2.8092338976377951
11
3.9728952362204724
21
-2.810287874015748
0
LINE
8
BLACK
6
CONTINUOUS
10
3.9728952362204724
20
-2.810287874015748
11
3.9778865354330706
21
-2.8123553149606297
0
LINE
8
BLACK
6
CONTINUOUS
10
3.9778865354330706
20
-2.8123553149606297
11
3.9823785433070866
21
-2.815356811023622
0
LINE
8
BLACK
6
CONTINUOUS
10
3.9823785433070866
20
-2.815356811023622
11
3.9861987007874013
21
-2.8191769685039367
0
LINE
8
BLACK
6
CONTINUOUS
10
3.9861987007874013
20
-2.8191769685039367
11
3.9892001968503936
21
-2.8236689763779528
0
LINE
8
BLACK
6
CONTINUOUS
10
3.9892001968503936
20
-2.8236689763779528
11
3.9912676377952754
21
-2.828660275590551
0
LINE
8
BLACK
6
CONTINUOUS
10
3.9912676377952754
20
-2.828660275590551
11
3.9923216141732283
21
-2.8339589763779527
0
LINE
8
BLACK
6
CONTINUOUS
10
3.9923216141732283
20
-2.8339589763779527
11
3.9923216141732283
21
-2.8393614960629923
0
LINE
8
BLACK
6
CONTINUOUS
10
3.9923216141732283
20
-2.8393614960629923
11
3.991452559055118
21
-2.8437303543307086
0
LINE
8
BLACK
6
CONTINUOUS
10
3.991452559055118
20
-2.8437303543307086
11
4.0058549999999995
21
-2.8581327952755906
0
LINE
8
BLACK
6
CONTINUOUS
10
4.0058549999999995
20
-2.8581327952755906
11
4.0058551574803145
21
-2.8581329133858269
0
LINE
8
BLACK
6
CONTINUOUS
10
4.0058551574803145
20
-2.8581329133858269
11
4.0058551181102358
21
-2.8581329133858269
0
LINE
8
BLACK
6
CONTINUOUS
10
4.0058551181102358
20
-2.8581329133858269
11
4.0058607086614169
21
-2.8581392913385826
0
LINE
8
BLACK
6
CONTINUOUS
10
4.0058607086614169
20
-2.8581392913385826
11
4.009081929133858
21
-2.8613604724409449
0
LINE
8
BLACK
6
CONTINUOUS
10
4.009081929133858
20
-2.8613604724409449
11
4.0162183858267717
21
-2.8670516141732283
0
LINE
8
BLACK
6
CONTINUOUS
10
4.0162183858267717
20
-2.8670516141732283
11
4.0239472047244096
21
-2.871907874015748
0
LINE
8
BLACK
6
CONTINUOUS
10
4.0239472047244096
20
-2.871907874015748
11
4.0321711417322836
21
-2.8758682677165353
0
LINE
8
BLACK
6
CONTINUOUS
10
4.0321711417322836
20
-2.8758682677165353
11
4.0407868110236222
21
-2.8788829527559057
0
LINE
8
BLACK
6
CONTINUOUS
10
4.0407868110236222
20
-2.8788829527559057
11
4.0496858267716531
21
-2.8809139763779528
0
LINE
8
BLACK
6
CONTINUOUS
10
4.0496858267716531
20
-2.8809139763779528
11
4.0587562992125985
21
-2.8819358267716533
0
LINE
8
BLACK
6
CONTINUOUS
10
4.0587562992125985
20
-2.8819358267716533
11
4.0633202362204726
21
-2.8819357874015745
0
LINE
8
BLACK
6
CONTINUOUS
10
4.0633202362204726
20
-2.8819357874015745
11
4.0633204724409451
21
-2.8819358267716533
0
LINE
8
BLACK
6
CONTINUOUS
10
4.0633204724409451
20
-2.8819358267716533
11
4.1767062992125981
21
-2.8819358267716533
0
LINE
8
BLACK
6
CONTINUOUS
10
4.1767062992125981
20
-2.8819358267716533
11
4.1767290944881887
21
-2.8819372834645667
0
LINE
8
BLACK
6
CONTINUOUS
10
4.1767290944881887
20
-2.8819372834645667
11
4.1812700393700784
21
-2.8819372440944879
0
LINE
8
BLACK
6
CONTINUOUS
10
4.1812700393700784
20
-2.8819372440944879
11
4.1903405511811025
21
-2.8809150787401574
0
LINE
8
BLACK
6
CONTINUOUS
10
4.1903405511811025
20
-2.8809150787401574
11
4.1992395669291334
21
-2.8788837401574803
0
LINE
8
BLACK
6
CONTINUOUS
10
4.1992395669291334
20
-2.8788837401574803
11
4.2078551968503932
21
-2.8758688188976378
0
LINE
8
BLACK
6
CONTINUOUS
10
4.2078551968503932
20
-2.8758688188976378
11
4.2160790551181098
21
-2.871908188976378
0
LINE
8
BLACK
6
CONTINUOUS
10
4.2160790551181098
20
-2.871908188976378
11
4.2238077952755901
21
-2.867051653543307
0
LINE
8
BLACK
6
CONTINUOUS
10
4.2238077952755901
20
-2.867051653543307
11
4.2309441732283464
21
-2.8613603543307087
0
LINE
8
BLACK
6
CONTINUOUS
10
4.2309441732283464
20
-2.8613603543307087
11
4.2341712992125986
21
-2.8581330708661419
0
LINE
8
BLACK
6
CONTINUOUS
10
4.2341712992125986
20
-2.8581330708661419
11
4.2341713385826774
21
-2.8581331102362202
0
LINE
8
BLACK
6
CONTINUOUS
10
4.2341713385826774
20
-2.8581331102362202
11
4.2341716141732286
21
-2.8581328740157481
0
LINE
8
BLACK
6
CONTINUOUS
10
4.2341716141732286
20
-2.8581328740157481
11
4.3359742125984253
21
-2.7563301968503935
0
LINE
8
BLACK
6
CONTINUOUS
10
4.3359742125984253
20
-2.7563301968503935
11
4.3359879527559055
21
-2.7563181102362204
0
LINE
8
BLACK
6
CONTINUOUS
10
4.3359879527559055
20
-2.7563181102362204
11
4.3392020866141729
21
-2.7531039370078738
0
LINE
8
BLACK
6
CONTINUOUS
10
4.3392020866141729
20
-2.7531039370078738
11
4.34489311023622
21
-2.7459673622047243
0
LINE
8
BLACK
6
CONTINUOUS
10
4.34489311023622
20
-2.7459673622047243
11
4.3497493307086614
21
-2.7382384251968501
0
LINE
8
BLACK
6
CONTINUOUS
10
4.3497493307086614
20
-2.7382384251968501
11
4.3537096850393704
21
-2.730014409448819
0
LINE
8
BLACK
6
CONTINUOUS
10
4.3537096850393704
20
-2.730014409448819
11
4.3567242913385824
21
-2.7213986614173229
0
LINE
8
BLACK
6
CONTINUOUS
10
4.3567242913385824
20
-2.7213986614173229
11
4.3587553149606295
21
-2.7124995669291336
0
LINE
8
BLACK
6
CONTINUOUS
10
4.3587553149606295
20
-2.7124995669291336
11
4.3597772047244092
21
-2.7034290157480316
0
LINE
8
BLACK
6
CONTINUOUS
10
4.3597772047244092
20
-2.7034290157480316
11
4.3597771259842517
21
-2.6988650787401576
0
LINE
8
BLACK
6
CONTINUOUS
10
4.3597771259842517
20
-2.6988650787401576
11
4.3597771653543305
21
-2.6988648031496063
0
LINE
8
BLACK
6
CONTINUOUS
10
4.3597771653543305
20
-2.6988648031496063
11
4.3597771653543305
21
-2.6818462598425197
0
LINE
8
BLACK
6
CONTINUOUS
10
4.3597771653543305
20
-2.6818462598425197
11
4.3597868897637797
21
-2.6816976771653542
0
LINE
8
BLACK
6
CONTINUOUS
10
4.3597868897637797
20
-2.6816976771653542
11
4.3474514566929132
21
-2.6806185039370076
0
LINE
8
BLACK
6
CONTINUOUS
10
4.3474514566929132
20
-2.6806185039370076
11
4.3302687795275592
21
-2.6775887401574803
0
LINE
8
BLACK
6
CONTINUOUS
10
4.3302687795275592
20
-2.6775887401574803
11
4.3134155511811025
21
-2.6730729133858269
0
LINE
8
BLACK
6
CONTINUOUS
10
4.3134155511811025
20
-2.6730729133858269
11
4.2970199999999998
21
-2.6671054330708661
0
LINE
8
BLACK
6
CONTINUOUS
10
4.2970199999999998
20
-2.6671054330708661
11
4.2812069685039367
21
-2.6597316929133856
0
LINE
8
BLACK
6
CONTINUOUS
10
4.2812069685039367
20
-2.6597316929133856
11
4.266096771653543
21
-2.6510078346456694
0
LINE
8
BLACK
6
CONTINUOUS
10
4.266096771653543
20
-2.6510078346456694
11
4.2518044094488188
21
-2.6410001968503938
0
LINE
8
BLACK
6
CONTINUOUS
10
4.2518044094488188
20
-2.6410001968503938
11
4.2384386614173231
21
-2.629785
0
LINE
8
BLACK
6
CONTINUOUS
10
4.2384386614173231
20
-2.629785
11
4.2261012204724411
21
-2.6174475590551181
0
LINE
8
BLACK
6
CONTINUOUS
10
4.2261012204724411
20
-2.6174475590551181
11
4.2148860236220473
21
-2.6040818110236219
0
LINE
8
BLACK
6
CONTINUOUS
10
4.2148860236220473
20
-2.6040818110236219
11
4.2048783858267713
21
-2.5897894488188977
0
LINE
8
BLACK
6
CONTINUOUS
10
4.2048783858267713
20
-2.5897894488188977
11
4.196154527559055
21
-2.574679251968504
0
LINE
8
BLACK
6
CONTINUOUS
10
4.196154527559055
20
-2.574679251968504
11
4.1887807874015746
21
-2.5588662204724408
0
LINE
8
BLACK
6
CONTINUOUS
10
4.1887807874015746
20
-2.5588662204724408
11
4.1828133070866143
21
-2.5424706692913386
0
LINE
8
BLACK
6
CONTINUOUS
10
4.1828133070866143
20
-2.5424706692913386
11
4.1782974803149608
21
-2.5256174409448819
0
LINE
8
BLACK
6
CONTINUOUS
10
4.1782974803149608
20
-2.5256174409448819
11
4.1752677165354326
21
-2.5084347637795275
0
LINE
8
BLACK
6
CONTINUOUS
10
4.1752677165354326
20
-2.5084347637795275
11
4.1737470472440945
21
-2.4910533858267714
0
LINE
8
BLACK
6
CONTINUOUS
10
4.1737470472440945
20
-2.4910533858267714
11
4.1737470472440945
21
-2.4736056692913384
0
LINE
8
BLACK
6
CONTINUOUS
10
4.1737470472440945
20
-2.4736056692913384
11
4.1752677165354326
21
-2.4562242913385828
0
LINE
8
BLACK
6
CONTINUOUS
10
4.1752677165354326
20
-2.4562242913385828
11
4.1782974803149608
21
-2.4390416141732283
0
LINE
8
BLACK
6
CONTINUOUS
10
4.1782974803149608
20
-2.4390416141732283
11
4.1828133070866143
21
-2.4221883858267717
0
LINE
8
BLACK
6
CONTINUOUS
10
4.1828133070866143
20
-2.4221883858267717
11
4.1887807874015746
21
-2.4057928346456694
0
LINE
8
BLACK
6
CONTINUOUS
10
4.1887807874015746
20
-2.4057928346456694
11
4.196154527559055
21
-2.3899798031496062
0
LINE
8
BLACK
6
CONTINUOUS
10
4.196154527559055
20
-2.3899798031496062
11
4.2048783858267713
21
-2.3748696062992125
0
LINE
8
BLACK
6
CONTINUOUS
10
4.2048783858267713
20
-2.3748696062992125
11
4.2148860236220473
21
-2.3605772440944883
0
LINE
8
BLACK
6
CONTINUOUS
10
4.2148860236220473
20
-2.3605772440944883
11
4.2261012204724411
21
-2.3472114960629922
0
LINE
8
BLACK
6
CONTINUOUS
10
4.2261012204724411
20
-2.3472114960629922
11
4.2384386614173231
21
-2.3348740551181102
0
LINE
8
BLACK
6
CONTINUOUS
10
4.2384386614173231
20
-2.3348740551181102
11
4.2518044094488188
21
-2.3236588582677165
0
LINE
8
BLACK
6
CONTINUOUS
10
4.2518044094488188
20
-2.3236588582677165
11
4.266096771653543
21
-2.3136512204724409
0
LINE
8
BLACK
6
CONTINUOUS
10
4.266096771653543
20
-2.3136512204724409
11
4.2812069685039367
21
-2.3049273622047242
0
LINE
8
BLACK
6
CONTINUOUS
10
4.2812069685039367
20
-2.3049273622047242
11
4.2970199999999998
21
-2.2975536220472441
0
LINE
8
BLACK
6
CONTINUOUS
10
4.2970199999999998
20
-2.2975536220472441
11
4.3134155511811025
21
-2.2915861417322834
0
LINE
8
BLACK
6
CONTINUOUS
10
4.3134155511811025
20
-2.2915861417322834
11
4.3302687795275592
21
-2.28707031496063
0
LINE
8
BLACK
6
CONTINUOUS
10
4.3302687795275592
20
-2.28707031496063
11
4.3474514566929132
21
-2.2840405511811022
0
LINE
8
BLACK
6
CONTINUOUS
10
4.3474514566929132
20
-2.2840405511811022
11
4.3648328346456688
21
-2.2825198818897636
0
LINE
8
BLACK
6
CONTINUOUS
10
4.3648328346456688
20
-2.2825198818897636
11
4.3822805511811023
21
-2.2825198818897636
0
LINE
8
BLACK
6
CONTINUOUS
10
4.3822805511811023
20
-2.2825198818897636
11
4.3996619291338579
21
-2.2840405511811022
0
LINE
8
BLACK
6
CONTINUOUS
10
4.3996619291338579
20
-2.2840405511811022
11
4.4168446062992128
21
-2.28707031496063
0
LINE
8
BLACK
6
CONTINUOUS
10
4.4168446062992128
20
-2.28707031496063
11
4.4336978346456695
21
-2.2915861417322834
0
LINE
8
BLACK
6
CONTINUOUS
10
4.4336978346456695
20
-2.2915861417322834
11
4.4500933858267713
21
-2.2975536220472441
0
LINE
8
BLACK
6
CONTINUOUS
10
4.4500933858267713
20
-2.2975536220472441
11
4.4659064173228344
21
-2.3049273622047242
0
LINE
8
BLACK
6
CONTINUOUS
10
4.4659064173228344
20
-2.3049273622047242
11
4.4810166141732282
21
-2.3136512204724409
0
LINE
8
BLACK
6
CONTINUOUS
10
4.4810166141732282
20
-2.3136512204724409
11
4.4953089763779523
21
-2.3236588582677165
0
LINE
8
BLACK
6
CONTINUOUS
10
4.4953089763779523
20
-2.3236588582677165
11
4.5086747244094489
21
-2.3348740551181102
0
LINE
8
BLACK
6
CONTINUOUS
10
4.5086747244094489
20
-2.3348740551181102
11
4.5210121653543309
21
-2.3472114960629922
0
LINE
8
BLACK
6
CONTINUOUS
10
4.5210121653543309
20
-2.3472114960629922
11
4.5244547637795272
21
-2.351314212598425
0
LINE
8
BLACK
6
CONTINUOUS
10
4.5244547637795272
20
-2.351314212598425
11
4.5558867716535429
21
-2.3198822047244092
0
LINE
8
BLACK
6
CONTINUOUS
10
4.5558867716535429
20
-2.3198822047244092
11
4.5558870078740155
21
-2.3198819291338584
0
LINE
8
BLACK
6
CONTINUOUS
10
4.5558870078740155
20
-2.3198819291338584
11
4.5558870472440942
21
-2.3198819291338584
0
LINE
8
BLACK
6
CONTINUOUS
10
4.5558870472440942
20
-2.3198819291338584
11
4.5701638976377952
21
-2.3065102755905511
0
LINE
8
BLACK
6
CONTINUOUS
10
4.5701638976377952
20
-2.3065102755905511
11
4.5852847637795273
21
-2.2941009842519686
0
LINE
8
BLACK
6
CONTINUOUS
10
4.5852847637795273
20
-2.2941009842519686
11
4.6011848425196851
21
-2.282707244094488
0
LINE
8
BLACK
6
CONTINUOUS
10
4.6011848425196851
20
-2.282707244094488
11
4.6177960629921255
21
-2.2723777952755904
0
LINE
8
BLACK
6
CONTINUOUS
10
4.6177960629921255
20
-2.2723777952755904
11
4.6350473228346454
21
-2.2631568897637795
0
LINE
8
BLACK
6
CONTINUOUS
10
4.6350473228346454
20
-2.2631568897637795
11
4.652864724409449
21
-2.2550840157480314
0
LINE
8
BLACK
6
CONTINUOUS
10
4.652864724409449
20
-2.2550840157480314
11
4.671171929133858
21
-2.2481937401574803
0
LINE
8
BLACK
6
CONTINUOUS
10
4.671171929133858
20
-2.2481937401574803
11
4.6898906299212602
21
-2.2425155905511809
0
LINE
8
BLACK
6
CONTINUOUS
10
4.6898906299212602
20
-2.2425155905511809
11
4.7089405905511814
21
-2.2380738582677164
0
LINE
8
BLACK
6
CONTINUOUS
10
4.7089405905511814
20
-2.2380738582677164
11
4.7282402755905508
21
-2.2348875590551183
0
LINE
8
BLACK
6
CONTINUOUS
10
4.7282402755905508
20
-2.2348875590551183
11
4.7477070472440941
21
-2.2329703543307087
0
LINE
8
BLACK
6
CONTINUOUS
10
4.7477070472440941
20
-2.2329703543307087
11
4.7672297244094484
21
-2.2323313385826773
0
LINE
8
BLACK
6
CONTINUOUS
10
4.7672297244094484
20
-2.2323313385826773
11
4.7672574409448814
21
-2.2323295275590551
0
LINE
8
BLACK
6
CONTINUOUS
10
4.7672574409448814
20
-2.2323295275590551
11
5.1585700393700789
21
-2.2323295275590551
0
LINE
8
BLACK
6
CONTINUOUS
10
5.1585700393700789
20
-2.2323295275590551
11
5.1585703543307089
21
-2.2323295275590551
0
LINE
8
BLACK
6
CONTINUOUS
10
4.9757398818897638
20
-3.5054709448818895
11
4.9659596850393699
21
-3.5059515748031496
0
LINE
8
BLACK
6
CONTINUOUS
10
4.9659596850393699
20
-3.5059515748031496
11
4.9810515354330711
21
-3.5059515748031496
0
LINE
8
BLACK
6
CONTINUOUS
10
4.9810515354330711
20
-3.5059515748031496
11
4.981243937007874
21
-3.5046544094488188
0
LINE
8
BLACK
6
CONTINUOUS
10
4.981243937007874
20
-3.5046544094488188
11
4.9757398818897638
21
-3.5054709448818895
0
LINE
8
BLACK
6
CONTINUOUS
10
4.15888062992126
20
-3.2911660629921258
11
4.1645849212598423
21
-3.2935288582677162
0
LINE
8
BLACK
6
CONTINUOUS
10
4.1645849212598423
20
-3.2935288582677162
11
4.1697187007874019
21
-3.2969591338582678
0
LINE
8
BLACK
6
CONTINUOUS
10
4.1697187007874019
20
-3.2969591338582678
11
4.1740845669291335
21
-3.3013249999999998
0
LINE
8
BLACK
6
CONTINUOUS
10
4.1740845669291335
20
-3.3013249999999998
11
4.1775148425196846
21
-3.3064587795275591
0
LINE
8
BLACK
6
CONTINUOUS
10
4.1775148425196846
20
-3.3064587795275591
11
4.1798776377952755
21
-3.3121630708661418
0
LINE
8
BLACK
6
CONTINUOUS
10
4.1798776377952755
20
-3.3121630708661418
11
4.1810822047244089
21
-3.3182187401574801
0
LINE
8
BLACK
6
CONTINUOUS
10
4.1810822047244089
20
-3.3182187401574801
11
4.1810822047244089
21
-3.3243930708661416
0
LINE
8
BLACK
6
CONTINUOUS
10
4.1810822047244089
20
-3.3243930708661416
11
4.1798776377952755
21
-3.3304487401574803
0
LINE
8
BLACK
6
CONTINUOUS
10
4.1798776377952755
20
-3.3304487401574803
11
4.1775148425196846
21
-3.336153031496063
0
LINE
8
BLACK
6
CONTINUOUS
10
4.1775148425196846
20
-3.336153031496063
11
4.1740845669291335
21
-3.3412868110236218
0
LINE
8
BLACK
6
CONTINUOUS
10
4.1740845669291335
20
-3.3412868110236218
11
4.1697187007874019
21
-3.3456526771653543
0
LINE
8
BLACK
6
CONTINUOUS
10
4.1697187007874019
20
-3.3456526771653543
11
4.1645849212598423
21
-3.3490829527559054
0
LINE
8
BLACK
6
CONTINUOUS
10
4.1645849212598423
20
-3.3490829527559054
11
4.15888062992126
21
-3.3514457480314959
0
LINE
8
BLACK
6
CONTINUOUS
10
4.15888062992126
20
-3.3514457480314959
11
4.1528249606299212
21
-3.3526503149606297
0
LINE
8
BLACK
6
CONTINUOUS
10
4.1528249606299212
20
-3.3526503149606297
11
4.1466506299212593
21
-3.3526503149606297
0
LINE
8
BLACK
6
CONTINUOUS
10
4.1466506299212593
20
-3.3526503149606297
11
4.1405949606299215
21
-3.3514457480314959
0
LINE
8
BLACK
6
CONTINUOUS
10
4.1405949606299215
20
-3.3514457480314959
11
4.139600275590551
21
-3.3510337401574803
0
LINE
8
BLACK
6
CONTINUOUS
10
4.139600275590551
20
-3.3510337401574803
11
4.1343080708661413
21
-3.3576697244094489
0
LINE
8
BLACK
6
CONTINUOUS
10
4.1343080708661413
20
-3.3576697244094489
11
4.129451653543307
21
-3.3653983070866142
0
LINE
8
BLACK
6
CONTINUOUS
10
4.129451653543307
20
-3.3653983070866142
11
4.1254911023622043
21
-3.3736220472440945
0
LINE
8
BLACK
6
CONTINUOUS
10
4.1254911023622043
20
-3.3736220472440945
11
4.1224762598425198
21
-3.3822375590551181
0
LINE
8
BLACK
6
CONTINUOUS
10
4.1224762598425198
20
-3.3822375590551181
11
4.1204450000000001
21
-3.3911364173228344
0
LINE
8
BLACK
6
CONTINUOUS
10
4.1204450000000001
20
-3.3911364173228344
11
4.1194228740157479
21
-3.4002067716535431
0
LINE
8
BLACK
6
CONTINUOUS
10
4.1194228740157479
20
-3.4002067716535431
11
4.1194227952755904
21
-3.4047698425196851
0
LINE
8
BLACK
6
CONTINUOUS
10
4.1194227952755904
20
-3.4047698425196851
11
4.1194228346456692
21
-3.4047704724409447
0
LINE
8
BLACK
6
CONTINUOUS
10
4.1194228346456692
20
-3.4047704724409447
11
4.1194228346456692
21
-3.5442677165354328
0
LINE
8
BLACK
6
CONTINUOUS
10
4.1194228346456692
20
-3.5442677165354328
11
4.1204904330708665
21
-3.5447099606299211
0
LINE
8
BLACK
6
CONTINUOUS
10
4.1204904330708665
20
-3.5447099606299211
11
4.1256242125984253
21
-3.5481402362204721
0
LINE
8
BLACK
6
CONTINUOUS
10
4.1256242125984253
20
-3.5481402362204721
11
4.1299900787401578
21
-3.5525061023622047
0
LINE
8
BLACK
6
CONTINUOUS
10
4.1299900787401578
20
-3.5525061023622047
11
4.1334203543307089
21
-3.5576398818897639
0
LINE
8
BLACK
6
CONTINUOUS
10
4.1334203543307089
20
-3.5576398818897639
11
4.1357831496062989
21
-3.5633441732283462
0
LINE
8
BLACK
6
CONTINUOUS
10
4.1357831496062989
20
-3.5633441732283462
11
4.1369877165354332
21
-3.5693998425196849
0
LINE
8
BLACK
6
CONTINUOUS
10
4.1369877165354332
20
-3.5693998425196849
11
4.1369877165354332
21
-3.5755741732283464
0
LINE
8
BLACK
6
CONTINUOUS
10
4.1369877165354332
20
-3.5755741732283464
11
4.1357831496062989
21
-3.5816298425196851
0
LINE
8
BLACK
6
CONTINUOUS
10
4.1357831496062989
20
-3.5816298425196851
11
4.1334203543307089
21
-3.5873341338582678
0
LINE
8
BLACK
6
CONTINUOUS
10
4.1334203543307089
20
-3.5873341338582678
11
4.1299900787401578
21
-3.5924679133858266
0
LINE
8
BLACK
6
CONTINUOUS
10
4.1299900787401578
20
-3.5924679133858266
11
4.1256242125984253
21
-3.5968337795275591
0
LINE
8
BLACK
6
CONTINUOUS
10
4.1256242125984253
20
-3.5968337795275591
11
4.1204904330708665
21
-3.6002640551181102
0
LINE
8
BLACK
6
CONTINUOUS
10
4.1204904330708665
20
-3.6002640551181102
11
4.1147861417322833
21
-3.6026268503937007
0
LINE
8
BLACK
6
CONTINUOUS
10
4.1147861417322833
20
-3.6026268503937007
11
4.1087304724409446
21
-3.6038314173228345
0
LINE
8
BLACK
6
CONTINUOUS
10
4.1087304724409446
20
-3.6038314173228345
11
4.1025561417322836
21
-3.6038314173228345
0
LINE
8
BLACK
6
CONTINUOUS
10
4.1025561417322836
20
-3.6038314173228345
11
4.0965004724409448
21
-3.6026268503937007
0
LINE
8
BLACK
6
CONTINUOUS
10
4.0965004724409448
20
-3.6026268503937007
11
4.0907961811023625
21
-3.6002640551181102
0
LINE
8
BLACK
6
CONTINUOUS
10
4.0907961811023625
20
-3.6002640551181102
11
4.0856624015748029
21
-3.5968337795275591
0
LINE
8
BLACK
6
CONTINUOUS
10
4.0856624015748029
20
-3.5968337795275591
11
4.0812965354330704
21
-3.5924679133858266
0
LINE
8
BLACK
6
CONTINUOUS
10
4.0812965354330704
20
-3.5924679133858266
11
4.0778662598425193
21
-3.5873341338582678
0
LINE
8
BLACK
6
CONTINUOUS
10
4.0778662598425193
20
-3.5873341338582678
11
4.0755034645669292
21
-3.5816298425196851
0
LINE
8
BLACK
6
CONTINUOUS
10
4.0755034645669292
20
-3.5816298425196851
11
4.074298897637795
21
-3.5755741732283464
0
LINE
8
BLACK
6
CONTINUOUS
10
4.074298897637795
20
-3.5755741732283464
11
4.074298897637795
21
-3.5693998425196849
0
LINE
8
BLACK
6
CONTINUOUS
10
4.074298897637795
20
-3.5693998425196849
11
4.0755034645669292
21
-3.5633441732283462
0
LINE
8
BLACK
6
CONTINUOUS
10
4.0755034645669292
20
-3.5633441732283462
11
4.0778662598425193
21
-3.5576398818897639
0
LINE
8
BLACK
6
CONTINUOUS
10
4.0778662598425193
20
-3.5576398818897639
11
4.0812965354330704
21
-3.5525061023622047
0
LINE
8
BLACK
6
CONTINUOUS
10
4.0812965354330704
20
-3.5525061023622047
11
4.0856624015748029
21
-3.5481402362204721
0
LINE
8
BLACK
6
CONTINUOUS
10
4.0856624015748029
20
-3.5481402362204721
11
4.0907961811023625
21
-3.5447099606299211
0
LINE
8
BLACK
6
CONTINUOUS
10
4.0907961811023625
20
-3.5447099606299211
11
4.091863779527559
21
-3.5442677165354328
0
LINE
8
BLACK
6
CONTINUOUS
10
4.091863779527559
20
-3.5442677165354328
11
4.091863779527559
21
-3.4047704724409447
0
LINE
8
BLACK
6
CONTINUOUS
10
4.091863779527559
20
-3.4047704724409447
11
4.0918637401574802
21
-3.4047703149606297
0
LINE
8
BLACK
6
CONTINUOUS
10
4.0918637401574802
20
-3.4047703149606297
11
4.092387913385827
21
-3.3941034251968505
0
LINE
8
BLACK
6
CONTINUOUS
10
4.092387913385827
20
-3.3941034251968505
11
4.0939551181102365
21
-3.3835392519685037
0
LINE
8
BLACK
6
CONTINUOUS
10
4.0939551181102365
20
-3.3835392519685037
11
4.0965502362204722
21
-3.3731796062992125
0
LINE
8
BLACK
6
CONTINUOUS
10
4.0965502362204722
20
-3.3731796062992125
11
4.1001483464566926
21
-3.3631241732283463
0
LINE
8
BLACK
6
CONTINUOUS
10
4.1001483464566926
20
-3.3631241732283463
11
4.1047147244094484
21
-3.3534698818897639
0
LINE
8
BLACK
6
CONTINUOUS
10
4.1047147244094484
20
-3.3534698818897639
11
4.1102053937007872
21
-3.3443096456692913
0
LINE
8
BLACK
6
CONTINUOUS
10
4.1102053937007872
20
-3.3443096456692913
11
4.1165675196850389
21
-3.3357317322834645
0
LINE
8
BLACK
6
CONTINUOUS
10
4.1165675196850389
20
-3.3357317322834645
11
4.120149330708661
21
-3.3317799212598422
0
LINE
8
BLACK
6
CONTINUOUS
10
4.120149330708661
20
-3.3317799212598422
11
4.119597952755905
21
-3.3304487401574803
0
LINE
8
BLACK
6
CONTINUOUS
10
4.119597952755905
20
-3.3304487401574803
11
4.1183933858267716
21
-3.3243930708661416
0
LINE
8
BLACK
6
CONTINUOUS
10
4.1183933858267716
20
-3.3243930708661416
11
4.1183933858267716
21
-3.3182187401574801
0
LINE
8
BLACK
6
CONTINUOUS
10
4.1183933858267716
20
-3.3182187401574801
11
4.119597952755905
21
-3.3121630708661418
0
LINE
8
BLACK
6
CONTINUOUS
10
4.119597952755905
20
-3.3121630708661418
11
4.1219607480314959
21
-3.3064587795275591
0
LINE
8
BLACK
6
CONTINUOUS
10
4.1219607480314959
20
-3.3064587795275591
11
4.125391023622047
21
-3.3013249999999998
0
LINE
8
BLACK
6
CONTINUOUS
10
4.125391023622047
20
-3.3013249999999998
11
4.1297568897637795
21
-3.2969591338582678
0
LINE
8
BLACK
6
CONTINUOUS
10
4.1297568897637795
20
-3.2969591338582678
11
4.1348906692913383
21
-3.2935288582677162
0
LINE
8
BLACK
6
CONTINUOUS
10
4.1348906692913383
20
-3.2935288582677162
11
4.1405949606299215
21
-3.2911660629921258
0
LINE
8
BLACK
6
CONTINUOUS
10
4.1405949606299215
20
-3.2911660629921258
11
4.1466506299212593
21
-3.2899614960629919
0
LINE
8
BLACK
6
CONTINUOUS
10
4.1466506299212593
20
-3.2899614960629919
11
4.1528249606299212
21
-3.2899614960629919
0
LINE
8
BLACK
6
CONTINUOUS
10
4.1528249606299212
20
-3.2899614960629919
11
4.15888062992126
21
-3.2911660629921258
0
LINE
8
BLACK
6
CONTINUOUS
10
4.15888062992126
20
-3.091166062992126
11
4.1645849212598423
21
-3.0935288582677165
0
LINE
8
BLACK
6
CONTINUOUS
10
4.1645849212598423
20
-3.0935288582677165
11
4.1697187007874019
21
-3.0969591338582676
0
LINE
8
BLACK
6
CONTINUOUS
10
4.1697187007874019
20
-3.0969591338582676
11
4.1740845669291335
21
-3.1013250000000001
0
LINE
8
BLACK
6
CONTINUOUS
10
4.1740845669291335
20
-3.1013250000000001
11
4.1775148425196846
21
-3.1064587795275589
0
LINE
8
BLACK
6
CONTINUOUS
10
4.1775148425196846
20
-3.1064587795275589
11
4.1798776377952755
21
-3.1121630708661416
0
LINE
8
BLACK
6
CONTINUOUS
10
4.1798776377952755
20
-3.1121630708661416
11
4.1810822047244089
21
-3.1182187401574804
0
LINE
8
BLACK
6
CONTINUOUS
10
4.1810822047244089
20
-3.1182187401574804
11
4.1810822047244089
21
-3.1243930708661418
0
LINE
8
BLACK
6
CONTINUOUS
10
4.1810822047244089
20
-3.1243930708661418
11
4.1798776377952755
21
-3.1304487401574801
0
LINE
8
BLACK
6
CONTINUOUS
10
4.1798776377952755
20
-3.1304487401574801
11
4.1775148425196846
21
-3.1361530314960628
0
LINE
8
BLACK
6
CONTINUOUS
10
4.1775148425196846
20
-3.1361530314960628
11
4.1740845669291335
21
-3.1412868110236221
0
LINE
8
BLACK
6
CONTINUOUS
10
4.1740845669291335
20
-3.1412868110236221
11
4.1697187007874019
21
-3.1456526771653541
0
LINE
8
BLACK
6
CONTINUOUS
10
4.1697187007874019
20
-3.1456526771653541
11
4.1645849212598423
21
-3.1490829527559057
0
LINE
8
BLACK
6
CONTINUOUS
10
4.1645849212598423
20
-3.1490829527559057
11
4.1635173228346458
21
-3.1495251574803147
0
LINE
8
BLACK
6
CONTINUOUS
10
4.1635173228346458
20
-3.1495251574803147
11
4.1635173228346458
21
-3.1841011811023621
0
LINE
8
BLACK
6
CONTINUOUS
10
4.1635173228346458
20
-3.1841011811023621
11
4.1635173228346458
21
-3.1930866141732284
0
LINE
8
BLACK
6
CONTINUOUS
10
4.1635173228346458
20
-3.1930866141732284
11
4.1645849212598423
21
-3.1935288582677166
0
LINE
8
BLACK
6
CONTINUOUS
10
4.1645849212598423
20
-3.1935288582677166
11
4.1697187007874019
21
-3.1969591338582677
0
LINE
8
BLACK
6
CONTINUOUS
10
4.1697187007874019
20
-3.1969591338582677
11
4.1740845669291335
21
-3.2013249999999998
0
LINE
8
BLACK
6
CONTINUOUS
10
4.1740845669291335
20
-3.2013249999999998
11
4.1775148425196846
21
-3.206458779527559
0
LINE
8
BLACK
6
CONTINUOUS
10
4.1775148425196846
20
-3.206458779527559
11
4.1780116535433072
21
-3.207658188976378
0
LINE
8
BLACK
6
CONTINUOUS
10
4.1780116535433072
20
-3.207658188976378
11
4.1859954330708664
21
-3.2080505511811022
0
LINE
8
BLACK
6
CONTINUOUS
10
4.1859954330708664
20
-3.2080505511811022
11
4.1965595669291336
21
-3.2096177165354329
0
LINE
8
BLACK
6
CONTINUOUS
10
4.1965595669291336
20
-3.2096177165354329
11
4.2069192125984252
21
-3.2122128346456691
0
LINE
8
BLACK
6
CONTINUOUS
10
4.2069192125984252
20
-3.2122128346456691
11
4.2169746062992122
21
-3.2158108661417324
0
LINE
8
BLACK
6
CONTINUOUS
10
4.2169746062992122
20
-3.2158108661417324
11
4.226628897637795
21
-3.220377125984252
0
LINE
8
BLACK
6
CONTINUOUS
10
4.226628897637795
20
-3.220377125984252
11
4.2357891732283459
21
-3.2258677165354328
0
LINE
8
BLACK
6
CONTINUOUS
10
4.2357891732283459
20
-3.2258677165354328
11
4.2443671653543307
21
-3.2322296850393699
0
LINE
8
BLACK
6
CONTINUOUS
10
4.2443671653543307
20
-3.2322296850393699
11
4.2522409842519684
21
-3.239366181102362
0
LINE
8
BLACK
6
CONTINUOUS
10
4.2522409842519684
20
-3.239366181102362
11
4.2522808267716536
21
-3.2394011417322832
0
LINE
8
BLACK
6
CONTINUOUS
10
4.2522808267716536
20
-3.2394011417322832
11
4.2522808661417324
21
-3.239401181102362
0
LINE
8
BLACK
6
CONTINUOUS
10
4.2522808661417324
20
-3.239401181102362
11
4.2522809055118111
21
-3.239401181102362
0
LINE
8
BLACK
6
CONTINUOUS
10
4.2522809055118111
20
-3.239401181102362
11
4.2522809842519687
21
-3.2394012992125982
0
LINE
8
BLACK
6
CONTINUOUS
10
4.2522809842519687
20
-3.2394012992125982
11
4.2832188582677162
21
-3.2703391338582675
0
LINE
8
BLACK
6
CONTINUOUS
10
4.2832188582677162
20
-3.2703391338582675
11
4.287587716535433
21
-3.2694701181102364
0
LINE
8
BLACK
6
CONTINUOUS
10
4.287587716535433
20
-3.2694701181102364
11
4.2929902362204722
21
-3.2694701181102364
0
LINE
8
BLACK
6
CONTINUOUS
10
4.2929902362204722
20
-3.2694701181102364
11
4.2982889370078743
21
-3.2705240944881888
0
LINE
8
BLACK
6
CONTINUOUS
10
4.2982889370078743
20
-3.2705240944881888
11
4.3032802362204725
21
-3.2725915354330706
0
LINE
8
BLACK
6
CONTINUOUS
10
4.3032802362204725
20
-3.2725915354330706
11
4.3077722440944877
21
-3.2755930314960628
0
LINE
8
BLACK
6
CONTINUOUS
10
4.3077722440944877
20
-3.2755930314960628
11
4.3115924015748028
21
-3.279413188976378
0
LINE
8
BLACK
6
CONTINUOUS
10
4.3115924015748028
20
-3.279413188976378
11
4.3145938976377955
21
-3.2839051968503936
0
LINE
8
BLACK
6
CONTINUOUS
10
4.3145938976377955
20
-3.2839051968503936
11
4.3166613385826773
21
-3.2888964960629918
0
LINE
8
BLACK
6
CONTINUOUS
10
4.3166613385826773
20
-3.2888964960629918
11
4.3177153149606298
21
-3.2941951968503935
0
LINE
8
BLACK
6
CONTINUOUS
10
4.3177153149606298
20
-3.2941951968503935
11
4.3177153149606298
21
-3.2995977165354331
0
LINE
8
BLACK
6
CONTINUOUS
10
4.3177153149606298
20
-3.2995977165354331
11
4.316826535433071
21
-3.3040659055118109
0
LINE
8
BLACK
6
CONTINUOUS
10
4.316826535433071
20
-3.3040659055118109
11
4.3171659055118106
21
-3.3044528740157482
0
LINE
8
BLACK
6
CONTINUOUS
10
4.3171659055118106
20
-3.3044528740157482
11
4.3171659448818893
21
-3.3044529527559052
0
LINE
8
BLACK
6
CONTINUOUS
10
4.3171659448818893
20
-3.3044529527559052
11
4.3218611023622042
21
-3.3098068110236221
0
LINE
8
BLACK
6
CONTINUOUS
10
4.3218611023622042
20
-3.3098068110236221
11
4.3268186220472442
21
-3.3172264566929135
0
LINE
8
BLACK
6
CONTINUOUS
10
4.3268186220472442
20
-3.3172264566929135
11
4.3307652755905508
21
-3.3252296850393699
0
LINE
8
BLACK
6
CONTINUOUS
10
4.3307652755905508
20
-3.3252296850393699
11
4.3336335039370075
21
-3.3336795669291339
0
LINE
8
BLACK
6
CONTINUOUS
10
4.3336335039370075
20
-3.3336795669291339
11
4.3353742519685037
21
-3.3424315748031495
0
LINE
8
BLACK
6
CONTINUOUS
10
4.3353742519685037
20
-3.3424315748031495
11
4.3358396456692914
21
-3.3495343700787399
0
LINE
8
BLACK
6
CONTINUOUS
10
4.3358396456692914
20
-3.3495343700787399
11
4.3358403937007877
21
-3.3495370866141729
0
LINE
8
BLACK
6
CONTINUOUS
10
4.3358403937007877
20
-3.3495370866141729
11
4.3359582677165349
21
-3.3513356692913385
0
LINE
8
BLACK
6
CONTINUOUS
10
4.3359582677165349
20
-3.3513356692913385
11
4.3359582677165349
21
-3.3966299212598425
0
LINE
8
BLACK
6
CONTINUOUS
10
4.3359582677165349
20
-3.3966299212598425
11
4.3370258661417322
21
-3.3970721653543308
0
LINE
8
BLACK
6
CONTINUOUS
10
4.3370258661417322
20
-3.3970721653543308
11
4.342159645669291
21
-3.4005024409448819
0
LINE
8
BLACK
6
CONTINUOUS
10
4.342159645669291
20
-3.4005024409448819
11
4.3465255118110235
21
-3.4048683070866139
0
LINE
8
BLACK
6
CONTINUOUS
10
4.3465255118110235
20
-3.4048683070866139
11
4.3499557874015746
21
-3.4100020866141731
0
LINE
8
BLACK
6
CONTINUOUS
10
4.3499557874015746
20
-3.4100020866141731
11
4.3523185826771655
21
-3.4157063779527559
0
LINE
8
BLACK
6
CONTINUOUS
10
4.3523185826771655
20
-3.4157063779527559
11
4.3535231496062989
21
-3.4217620472440946
0
LINE
8
BLACK
6
CONTINUOUS
10
4.3535231496062989
20
-3.4217620472440946
11
4.3535231496062989
21
-3.4279363779527556
0
LINE
8
BLACK
6
CONTINUOUS
10
4.3535231496062989
20
-3.4279363779527556
11
4.3523185826771655
21
-3.4339920472440943
0
LINE
8
BLACK
6
CONTINUOUS
10
4.3523185826771655
20
-3.4339920472440943
11
4.3499557874015746
21
-3.4396963385826771
0
LINE
8
BLACK
6
CONTINUOUS
10
4.3499557874015746
20
-3.4396963385826771
11
4.3465255118110235
21
-3.4448301181102363
0
LINE
8
BLACK
6
CONTINUOUS
10
4.3465255118110235
20
-3.4448301181102363
11
4.342159645669291
21
-3.4491959842519684
0
LINE
8
BLACK
6
CONTINUOUS
10
4.342159645669291
20
-3.4491959842519684
11
4.3370258661417322
21
-3.4526262598425195
0
LINE
8
BLACK
6
CONTINUOUS
10
4.3370258661417322
20
-3.4526262598425195
11
4.3313215748031499
21
-3.4549890551181099
0
LINE
8
BLACK
6
CONTINUOUS
10
4.3313215748031499
20
-3.4549890551181099
11
4.3252659055118112
21
-3.4561936220472442
0
LINE
8
BLACK
6
CONTINUOUS
10
4.3252659055118112
20
-3.4561936220472442
11
4.3190915748031493
21
-3.4561936220472442
0
LINE
8
BLACK
6
CONTINUOUS
10
4.3190915748031493
20
-3.4561936220472442
11
4.3130359055118106
21
-3.4549890551181099
0
LINE
8
BLACK
6
CONTINUOUS
10
4.3130359055118106
20
-3.4549890551181099
11
4.3073316141732283
21
-3.4526262598425195
0
LINE
8
BLACK
6
CONTINUOUS
10
4.3073316141732283
20
-3.4526262598425195
11
4.3021978346456695
21
-3.4491959842519684
0
LINE
8
BLACK
6
CONTINUOUS
10
4.3021978346456695
20
-3.4491959842519684
11
4.297831968503937
21
-3.4448301181102363
0
LINE
8
BLACK
6
CONTINUOUS
10
4.297831968503937
20
-3.4448301181102363
11
4.2944016929133859
21
-3.4396963385826771
0
LINE
8
BLACK
6
CONTINUOUS
10
4.2944016929133859
20
-3.4396963385826771
11
4.292038897637795
21
-3.4339920472440943
0
LINE
8
BLACK
6
CONTINUOUS
10
4.292038897637795
20
-3.4339920472440943
11
4.2908343307086616
21
-3.4279363779527556
0
LINE
8
BLACK
6
CONTINUOUS
10
4.2908343307086616
20
-3.4279363779527556
11
4.2908343307086616
21
-3.4217620472440946
0
LINE
8
BLACK
6
CONTINUOUS
10
4.2908343307086616
20
-3.4217620472440946
11
4.292038897637795
21
-3.4157063779527559
0
LINE
8
BLACK
6
CONTINUOUS
10
4.292038897637795
20
-3.4157063779527559
11
4.2944016929133859
21
-3.4100020866141731
0
LINE
8
BLACK
6
CONTINUOUS
10
4.2944016929133859
20
-3.4100020866141731
11
4.297831968503937
21
-3.4048683070866139
0
LINE
8
BLACK
6
CONTINUOUS
10
4.297831968503937
20
-3.4048683070866139
11
4.3021978346456695
21
-3.4005024409448819
0
LINE
8
BLACK
6
CONTINUOUS
10
4.3021978346456695
20
-3.4005024409448819
11
4.3073316141732283
21
-3.3970721653543308
0
LINE
8
BLACK
6
CONTINUOUS
10
4.3073316141732283
20
-3.3970721653543308
11
4.3083992125984247
21
-3.3966299212598425
0
LINE
8
BLACK
6
CONTINUOUS
10
4.3083992125984247
20
-3.3966299212598425
11
4.3083992125984247
21
-3.3513356692913385
0
LINE
8
BLACK
6
CONTINUOUS
10
4.3083992125984247
20
-3.3513356692913385
11
4.3083992125984247
21
-3.3513353937007873
0
LINE
8
BLACK
6
CONTINUOUS
10
4.3083992125984247
20
-3.3513353937007873
11
4.3083986614173231
21
-3.3513353937007873
0
LINE
8
BLACK
6
CONTINUOUS
10
4.3083986614173231
20
-3.3513353937007873
11
4.3083987007874018
21
-3.3481354724409447
0
LINE
8
BLACK
6
CONTINUOUS
10
4.3083987007874018
20
-3.3481354724409447
11
4.3073976377952752
21
-3.3418143307086612
0
LINE
8
BLACK
6
CONTINUOUS
10
4.3073976377952752
20
-3.3418143307086612
11
4.3054200393700786
21
-3.3357276377952756
0
LINE
8
BLACK
6
CONTINUOUS
10
4.3054200393700786
20
-3.3357276377952756
11
4.3025146062992121
21
-3.3300252755905513
0
LINE
8
BLACK
6
CONTINUOUS
10
4.3025146062992121
20
-3.3300252755905513
11
4.2987528740157481
21
-3.3248476377952754
0
LINE
8
BLACK
6
CONTINUOUS
10
4.2987528740157481
20
-3.3248476377952754
11
4.2973590551181102
21
-3.3234537795275592
0
LINE
8
BLACK
6
CONTINUOUS
10
4.2973590551181102
20
-3.3234537795275592
11
4.2929902362204722
21
-3.3243227952755903
0
LINE
8
BLACK
6
CONTINUOUS
10
4.2929902362204722
20
-3.3243227952755903
11
4.287587716535433
21
-3.3243227952755903
0
LINE
8
BLACK
6
CONTINUOUS
10
4.287587716535433
20
-3.3243227952755903
11
4.2822890157480318
21
-3.3232688188976378
0
LINE
8
BLACK
6
CONTINUOUS
10
4.2822890157480318
20
-3.3232688188976378
11
4.2772977165354327
21
-3.3212013779527561
0
LINE
8
BLACK
6
CONTINUOUS
10
4.2772977165354327
20
-3.3212013779527561
11
4.2728057086614175
21
-3.3181998818897638
0
LINE
8
BLACK
6
CONTINUOUS
10
4.2728057086614175
20
-3.3181998818897638
11
4.2689855511811023
21
-3.3143797244094486
0
LINE
8
BLACK
6
CONTINUOUS
10
4.2689855511811023
20
-3.3143797244094486
11
4.2659840551181105
21
-3.309887716535433
0
LINE
8
BLACK
6
CONTINUOUS
10
4.2659840551181105
20
-3.309887716535433
11
4.2639166141732279
21
-3.3048964173228348
0
LINE
8
BLACK
6
CONTINUOUS
10
4.2639166141732279
20
-3.3048964173228348
11
4.2628626377952754
21
-3.2995977165354331
0
LINE
8
BLACK
6
CONTINUOUS
10
4.2628626377952754
20
-3.2995977165354331
11
4.2628626377952754
21
-3.2941951968503935
0
LINE
8
BLACK
6
CONTINUOUS
10
4.2628626377952754
20
-3.2941951968503935
11
4.2637316535433074
21
-3.2898263385826771
0
LINE
8
BLACK
6
CONTINUOUS
10
4.2637316535433074
20
-3.2898263385826771
11
4.2327937007874015
21
-3.2588883464566929
0
LINE
8
BLACK
6
CONTINUOUS
10
4.2327937007874015
20
-3.2588883464566929
11
4.2327935826771652
21
-3.2588882677165354
0
LINE
8
BLACK
6
CONTINUOUS
10
4.2327935826771652
20
-3.2588882677165354
11
4.2327929527559052
21
-3.258888897637795
0
LINE
8
BLACK
6
CONTINUOUS
10
4.2327929527559052
20
-3.258888897637795
11
4.2295658267716538
21
-3.2556616929133857
0
LINE
8
BLACK
6
CONTINUOUS
10
4.2295658267716538
20
-3.2556616929133857
11
4.2224294488188976
21
-3.2499705118110236
0
LINE
8
BLACK
6
CONTINUOUS
10
4.2224294488188976
20
-3.2499705118110236
11
4.214700748031496
21
-3.2451141732283464
0
LINE
8
BLACK
6
CONTINUOUS
10
4.214700748031496
20
-3.2451141732283464
11
4.2064769291338582
21
-3.2411536614173229
0
LINE
8
BLACK
6
CONTINUOUS
10
4.2064769291338582
20
-3.2411536614173229
11
4.1978613779527558
21
-3.2381388188976379
0
LINE
8
BLACK
6
CONTINUOUS
10
4.1978613779527558
20
-3.2381388188976379
11
4.1889624409448816
21
-3.2361075590551178
0
LINE
8
BLACK
6
CONTINUOUS
10
4.1889624409448816
20
-3.2361075590551178
11
4.1798920078740158
21
-3.235085433070866
0
LINE
8
BLACK
6
CONTINUOUS
10
4.1798920078740158
20
-3.235085433070866
11
4.1779570472440941
21
-3.2350853937007873
0
LINE
8
BLACK
6
CONTINUOUS
10
4.1779570472440941
20
-3.2350853937007873
11
4.1775148425196846
21
-3.2361530314960629
0
LINE
8
BLACK
6
CONTINUOUS
10
4.1775148425196846
20
-3.2361530314960629
11
4.1740845669291335
21
-3.2412868110236221
0
LINE
8
BLACK
6
CONTINUOUS
10
4.1740845669291335
20
-3.2412868110236221
11
4.1697187007874019
21
-3.2456526771653542
0
LINE
8
BLACK
6
CONTINUOUS
10
4.1697187007874019
20
-3.2456526771653542
11
4.1645849212598423
21
-3.2490829527559053
0
LINE
8
BLACK
6
CONTINUOUS
10
4.1645849212598423
20
-3.2490829527559053
11
4.15888062992126
21
-3.2514457480314958
0
LINE
8
BLACK
6
CONTINUOUS
10
4.15888062992126
20
-3.2514457480314958
11
4.1528249606299212
21
-3.2526503149606301
0
LINE
8
BLACK
6
CONTINUOUS
10
4.1528249606299212
20
-3.2526503149606301
11
4.1466506299212593
21
-3.2526503149606301
0
LINE
8
BLACK
6
CONTINUOUS
10
4.1466506299212593
20
-3.2526503149606301
11
4.1405949606299215
21
-3.2514457480314958
0
LINE
8
BLACK
6
CONTINUOUS
10
4.1405949606299215
20
-3.2514457480314958
11
4.1348906692913383
21
-3.2490829527559053
0
LINE
8
BLACK
6
CONTINUOUS
10
4.1348906692913383
20
-3.2490829527559053
11
4.1297568897637795
21
-3.2456526771653542
0
LINE
8
BLACK
6
CONTINUOUS
10
4.1297568897637795
20
-3.2456526771653542
11
4.125391023622047
21
-3.2412868110236221
0
LINE
8
BLACK
6
CONTINUOUS
10
4.125391023622047
20
-3.2412868110236221
11
4.1219607480314959
21
-3.2361530314960629
0
LINE
8
BLACK
6
CONTINUOUS
10
4.1219607480314959
20
-3.2361530314960629
11
4.119597952755905
21
-3.2304487401574802
0
LINE
8
BLACK
6
CONTINUOUS
10
4.119597952755905
20
-3.2304487401574802
11
4.1183933858267716
21
-3.2243930708661415
0
LINE
8
BLACK
6
CONTINUOUS
10
4.1183933858267716
20
-3.2243930708661415
11
4.1183933858267716
21
-3.2182187401574804
0
LINE
8
BLACK
6
CONTINUOUS
10
4.1183933858267716
20
-3.2182187401574804
11
4.119597952755905
21
-3.2121630708661417
0
LINE
8
BLACK
6
CONTINUOUS
10
4.119597952755905
20
-3.2121630708661417
11
4.1219607480314959
21
-3.206458779527559
0
LINE
8
BLACK
6
CONTINUOUS
10
4.1219607480314959
20
-3.206458779527559
11
4.125391023622047
21
-3.2013249999999998
0
LINE
8
BLACK
6
CONTINUOUS
10
4.125391023622047
20
-3.2013249999999998
11
4.1297568897637795
21
-3.1969591338582677
0
LINE
8
BLACK
6
CONTINUOUS
10
4.1297568897637795
20
-3.1969591338582677
11
4.1348906692913383
21
-3.1935288582677166
0
LINE
8
BLACK
6
CONTINUOUS
10
4.1348906692913383
20
-3.1935288582677166
11
4.1359582677165356
21
-3.1930866141732284
0
LINE
8
BLACK
6
CONTINUOUS
10
4.1359582677165356
20
-3.1930866141732284
11
4.1359582677165356
21
-3.1841011811023621
0
LINE
8
BLACK
6
CONTINUOUS
10
4.1359582677165356
20
-3.1841011811023621
11
4.1359582677165356
21
-3.1495251574803147
0
LINE
8
BLACK
6
CONTINUOUS
10
4.1359582677165356
20
-3.1495251574803147
11
4.1348906692913383
21
-3.1490829527559057
0
LINE
8
BLACK
6
CONTINUOUS
10
4.1348906692913383
20
-3.1490829527559057
11
4.1297568897637795
21
-3.1456526771653541
0
LINE
8
BLACK
6
CONTINUOUS
10
4.1297568897637795
20
-3.1456526771653541
11
4.125391023622047
21
-3.1412868110236221
0
LINE
8
BLACK
6
CONTINUOUS
10
4.125391023622047
20
-3.1412868110236221
11
4.1219607480314959
21
-3.1361530314960628
0
LINE
8
BLACK
6
CONTINUOUS
10
4.1219607480314959
20
-3.1361530314960628
11
4.119597952755905
21
-3.1304487401574801
0
LINE
8
BLACK
6
CONTINUOUS
10
4.119597952755905
20
-3.1304487401574801
11
4.1183933858267716
21
-3.1243930708661418
0
LINE
8
BLACK
6
CONTINUOUS
10
4.1183933858267716
20
-3.1243930708661418
11
4.1183933858267716
21
-3.1182187401574804
0
LINE
8
BLACK
6
CONTINUOUS
10
4.1183933858267716
20
-3.1182187401574804
11
4.119597952755905
21
-3.1121630708661416
0
LINE
8
BLACK
6
CONTINUOUS
10
4.119597952755905
20
-3.1121630708661416
11
4.1219607480314959
21
-3.1064587795275589
0
LINE
8
BLACK
6
CONTINUOUS
10
4.1219607480314959
20
-3.1064587795275589
11
4.125391023622047
21
-3.1013250000000001
0
LINE
8
BLACK
6
CONTINUOUS
10
4.125391023622047
20
-3.1013250000000001
11
4.1297568897637795
21
-3.0969591338582676
0
LINE
8
BLACK
6
CONTINUOUS
10
4.1297568897637795
20
-3.0969591338582676
11
4.1348906692913383
21
-3.0935288582677165
0
LINE
8
BLACK
6
CONTINUOUS
10
4.1348906692913383
20
-3.0935288582677165
11
4.1405949606299215
21
-3.091166062992126
0
LINE
8
BLACK
6
CONTINUOUS
10
4.1405949606299215
20
-3.091166062992126
11
4.1466506299212593
21
-3.0899614960629922
0
LINE
8
BLACK
6
CONTINUOUS
10
4.1466506299212593
20
-3.0899614960629922
11
4.1528249606299212
21
-3.0899614960629922
0
LINE
8
BLACK
6
CONTINUOUS
10
4.1528249606299212
20
-3.0899614960629922
11
4.15888062992126
21
-3.091166062992126
0
LINE
8
BLACK
6
CONTINUOUS
10
4.3826995275590548
20
-2.7868353543307087
11
4.388403818897638
21
-2.7891981496062992
0
LINE
8
BLACK
6
CONTINUOUS
10
4.388403818897638
20
-2.7891981496062992
11
4.3935375984251968
21
-2.7926284251968503
0
LINE
8
BLACK
6
CONTINUOUS
10
4.3935375984251968
20
-2.7926284251968503
11
4.3979034645669293
21
-2.7969942913385828
0
LINE
8
BLACK
6
CONTINUOUS
10
4.3979034645669293
20
-2.7969942913385828
11
4.4013337401574804
21
-2.8021280708661416
0
LINE
8
BLACK
6
CONTINUOUS
10
4.4013337401574804
20
-2.8021280708661416
11
4.4036965354330704
21
-2.8078323622047243
0
LINE
8
BLACK
6
CONTINUOUS
10
4.4036965354330704
20
-2.8078323622047243
11
4.4049011023622047
21
-2.813888031496063
0
LINE
8
BLACK
6
CONTINUOUS
10
4.4049011023622047
20
-2.813888031496063
11
4.4049011023622047
21
-2.8200623622047245
0
LINE
8
BLACK
6
CONTINUOUS
10
4.4049011023622047
20
-2.8200623622047245
11
4.4036965354330704
21
-2.8261180314960628
0
LINE
8
BLACK
6
CONTINUOUS
10
4.4036965354330704
20
-2.8261180314960628
11
4.4013337401574804
21
-2.8318223228346455
0
LINE
8
BLACK
6
CONTINUOUS
10
4.4013337401574804
20
-2.8318223228346455
11
4.3979034645669293
21
-2.8369561023622047
0
LINE
8
BLACK
6
CONTINUOUS
10
4.3979034645669293
20
-2.8369561023622047
11
4.3935375984251968
21
-2.8413219685039368
0
LINE
8
BLACK
6
CONTINUOUS
10
4.3935375984251968
20
-2.8413219685039368
11
4.388403818897638
21
-2.8447522440944879
0
LINE
8
BLACK
6
CONTINUOUS
10
4.388403818897638
20
-2.8447522440944879
11
4.3826995275590548
21
-2.8471150393700788
0
LINE
8
BLACK
6
CONTINUOUS
10
4.3826995275590548
20
-2.8471150393700788
11
4.3766438582677161
21
-2.8483196062992127
0
LINE
8
BLACK
6
CONTINUOUS
10
4.3766438582677161
20
-2.8483196062992127
11
4.370469527559055
21
-2.8483196062992127
0
LINE
8
BLACK
6
CONTINUOUS
10
4.370469527559055
20
-2.8483196062992127
11
4.3644138582677163
21
-2.8471150393700788
0
LINE
8
BLACK
6
CONTINUOUS
10
4.3644138582677163
20
-2.8471150393700788
11
4.3633462204724411
21
-2.8466727952755906
0
LINE
8
BLACK
6
CONTINUOUS
10
4.3633462204724411
20
-2.8466727952755906
11
4.3117215748031494
21
-2.8982974015748031
0
LINE
8
BLACK
6
CONTINUOUS
10
4.3117215748031494
20
-2.8982974015748031
11
4.3117214960629919
21
-2.8982975590551181
0
LINE
8
BLACK
6
CONTINUOUS
10
4.3117214960629919
20
-2.8982975590551181
11
4.3117214566929132
21
-2.8982975196850393
0
LINE
8
BLACK
6
CONTINUOUS
10
4.3117214566929132
20
-2.8982975196850393
11
4.3117213779527557
21
-2.8982976377952756
0
LINE
8
BLACK
6
CONTINUOUS
10
4.3117213779527557
20
-2.8982976377952756
11
4.3117072834645667
21
-2.8983099606299212
0
LINE
8
BLACK
6
CONTINUOUS
10
4.3117072834645667
20
-2.8983099606299212
11
4.3080141338582676
21
-2.9020031889763778
0
LINE
8
BLACK
6
CONTINUOUS
10
4.3080141338582676
20
-2.9020031889763778
11
4.301477874015748
21
-2.9101996062992126
0
LINE
8
BLACK
6
CONTINUOUS
10
4.301477874015748
20
-2.9101996062992126
11
4.2959004330708659
21
-2.9190762992125983
0
LINE
8
BLACK
6
CONTINUOUS
10
4.2959004330708659
20
-2.9190762992125983
11
4.2913519291338584
21
-2.9285216929133857
0
LINE
8
BLACK
6
CONTINUOUS
10
4.2913519291338584
20
-2.9285216929133857
11
4.2878895669291337
21
-2.9384169685039367
0
LINE
8
BLACK
6
CONTINUOUS
10
4.2878895669291337
20
-2.9384169685039367
11
4.2855569685039372
21
-2.9486376377952754
0
LINE
8
BLACK
6
CONTINUOUS
10
4.2855569685039372
20
-2.9486376377952754
11
4.2843833464566927
21
-2.959055275590551
0
LINE
8
BLACK
6
CONTINUOUS
10
4.2843833464566927
20
-2.959055275590551
11
4.284383464566929
21
-2.9642970078740158
0
LINE
8
BLACK
6
CONTINUOUS
10
4.284383464566929
20
-2.9642970078740158
11
4.284383464566929
21
-2.9642972834645667
0
LINE
8
BLACK
6
CONTINUOUS
10
4.284383464566929
20
-2.9642972834645667
11
4.284383464566929
21
-3.017212716535433
0
LINE
8
BLACK
6
CONTINUOUS
10
4.284383464566929
20
-3.017212716535433
11
4.288087204724409
21
-3.0196875196850392
0
LINE
8
BLACK
6
CONTINUOUS
10
4.288087204724409
20
-3.0196875196850392
11
4.2919073622047241
21
-3.0235076771653544
0
LINE
8
BLACK
6
CONTINUOUS
10
4.2919073622047241
20
-3.0235076771653544
11
4.2949088582677168
21
-3.02799968503937
0
LINE
8
BLACK
6
CONTINUOUS
10
4.2949088582677168
20
-3.02799968503937
11
4.2969762992125986
21
-3.0329909842519682
0
LINE
8
BLACK
6
CONTINUOUS
10
4.2969762992125986
20
-3.0329909842519682
11
4.2980302755905511
21
-3.0382896850393699
0
LINE
8
BLACK
6
CONTINUOUS
10
4.2980302755905511
20
-3.0382896850393699
11
4.2980302755905511
21
-3.0436922047244095
0
LINE
8
BLACK
6
CONTINUOUS
10
4.2980302755905511
20
-3.0436922047244095
11
4.2969762992125986
21
-3.0489909055118107
0
LINE
8
BLACK
6
CONTINUOUS
10
4.2969762992125986
20
-3.0489909055118107
11
4.2949088582677168
21
-3.0539822047244094
0
LINE
8
BLACK
6
CONTINUOUS
10
4.2949088582677168
20
-3.0539822047244094
11
4.2919073622047241
21
-3.058474212598425
0
LINE
8
BLACK
6
CONTINUOUS
10
4.2919073622047241
20
-3.058474212598425
11
4.288087204724409
21
-3.0622943700787402
0
LINE
8
BLACK
6
CONTINUOUS
10
4.288087204724409
20
-3.0622943700787402
11
4.2835951968503938
21
-3.065295866141732
0
LINE
8
BLACK
6
CONTINUOUS
10
4.2835951968503938
20
-3.065295866141732
11
4.2786038976377956
21
-3.0673633070866142
0
LINE
8
BLACK
6
CONTINUOUS
10
4.2786038976377956
20
-3.0673633070866142
11
4.2733051968503935
21
-3.0684172834645667
0
LINE
8
BLACK
6
CONTINUOUS
10
4.2733051968503935
20
-3.0684172834645667
11
4.2679026771653543
21
-3.0684172834645667
0
LINE
8
BLACK
6
CONTINUOUS
10
4.2679026771653543
20
-3.0684172834645667
11
4.2626039763779531
21
-3.0673633070866142
0
LINE
8
BLACK
6
CONTINUOUS
10
4.2626039763779531
20
-3.0673633070866142
11
4.257612677165354
21
-3.065295866141732
0
LINE
8
BLACK
6
CONTINUOUS
10
4.257612677165354
20
-3.065295866141732
11
4.2531206692913388
21
-3.0622943700787402
0
LINE
8
BLACK
6
CONTINUOUS
10
4.2531206692913388
20
-3.0622943700787402
11
4.2493005118110236
21
-3.058474212598425
0
LINE
8
BLACK
6
CONTINUOUS
10
4.2493005118110236
20
-3.058474212598425
11
4.2462990157480318
21
-3.0539822047244094
0
LINE
8
BLACK
6
CONTINUOUS
10
4.2462990157480318
20
-3.0539822047244094
11
4.2442315748031492
21
-3.0489909055118107
0
LINE
8
BLACK
6
CONTINUOUS
10
4.2442315748031492
20
-3.0489909055118107
11
4.2431775984251967
21
-3.0436922047244095
0
LINE
8
BLACK
6
CONTINUOUS
10
4.2431775984251967
20
-3.0436922047244095
11
4.2431775984251967
21
-3.0382896850393699
0
LINE
8
BLACK
6
CONTINUOUS
10
4.2431775984251967
20
-3.0382896850393699
11
4.2440466141732278
21
-3.0339207874015748
0
LINE
8
BLACK
6
CONTINUOUS
10
4.2440466141732278
20
-3.0339207874015748
11
4.1863287795275586
21
-2.9762029527559055
0
LINE
8
BLACK
6
CONTINUOUS
10
4.1863287795275586
20
-2.9762029527559055
11
4.1863286614173232
21
-2.976202874015748
0
LINE
8
BLACK
6
CONTINUOUS
10
4.1863286614173232
20
-2.976202874015748
11
4.1863286614173232
21
-2.9762028346456693
0
LINE
8
BLACK
6
CONTINUOUS
10
4.1863286614173232
20
-2.9762028346456693
11
4.1863225196850395
21
-2.9761958267716535
0
LINE
8
BLACK
6
CONTINUOUS
10
4.1863225196850395
20
-2.9761958267716535
11
4.1826226771653543
21
-2.9724959842519683
0
LINE
8
BLACK
6
CONTINUOUS
10
4.1826226771653543
20
-2.9724959842519683
11
4.174426338582677
21
-2.9659596456692912
0
LINE
8
BLACK
6
CONTINUOUS
10
4.174426338582677
20
-2.9659596456692912
11
4.1655497244094484
21
-2.9603821653543307
0
LINE
8
BLACK
6
CONTINUOUS
10
4.1655497244094484
20
-2.9603821653543307
11
4.1561044094488189
21
-2.9558336220472441
0
LINE
8
BLACK
6
CONTINUOUS
10
4.1561044094488189
20
-2.9558336220472441
11
4.1462092125984249
21
-2.952371220472441
0
LINE
8
BLACK
6
CONTINUOUS
10
4.1462092125984249
20
-2.952371220472441
11
4.1359885826771654
21
-2.9500385433070866
0
LINE
8
BLACK
6
CONTINUOUS
10
4.1359885826771654
20
-2.9500385433070866
11
4.1255709842519686
21
-2.9488649212598426
0
LINE
8
BLACK
6
CONTINUOUS
10
4.1255709842519686
20
-2.9488649212598426
11
4.1203292519685037
21
-2.9488649606299213
0
LINE
8
BLACK
6
CONTINUOUS
10
4.1203292519685037
20
-2.9488649606299213
11
4.1203291732283462
21
-2.9488649212598426
0
LINE
8
BLACK
6
CONTINUOUS
10
4.1203291732283462
20
-2.9488649212598426
11
4.12032905511811
21
-2.9488649606299213
0
LINE
8
BLACK
6
CONTINUOUS
10
4.12032905511811
20
-2.9488649606299213
11
4.080327598425197
21
-2.9488649606299213
0
LINE
8
BLACK
6
CONTINUOUS
10
4.080327598425197
20
-2.9488649606299213
11
4.0803274803149607
21
-2.9488649212598426
0
LINE
8
BLACK
6
CONTINUOUS
10
4.0803274803149607
20
-2.9488649212598426
11
4.0803274803149607
21
-2.9488649606299213
0
LINE
8
BLACK
6
CONTINUOUS
10
4.0803274803149607
20
-2.9488649606299213
11
4.0803274803149607
21
-2.9488650393700788
0
LINE
8
BLACK
6
CONTINUOUS
10
4.0803274803149607
20
-2.9488650393700788
11
4.0750857874015747
21
-2.9488650393700788
0
LINE
8
BLACK
6
CONTINUOUS
10
4.0750857874015747
20
-2.9488650393700788
11
4.0646682677165353
21
-2.9500387401574804
0
LINE
8
BLACK
6
CONTINUOUS
10
4.0646682677165353
20
-2.9500387401574804
11
4.0544476771653546
21
-2.9523714960629919
0
LINE
8
BLACK
6
CONTINUOUS
10
4.0544476771653546
20
-2.9523714960629919
11
4.0445525196850394
21
-2.9558338976377954
0
LINE
8
BLACK
6
CONTINUOUS
10
4.0445525196850394
20
-2.9558338976377954
11
4.0351072834645665
21
-2.9603825196850395
0
LINE
8
BLACK
6
CONTINUOUS
10
4.0351072834645665
20
-2.9603825196850395
11
4.0262307480314963
21
-2.9659600393700787
0
LINE
8
BLACK
6
CONTINUOUS
10
4.0262307480314963
20
-2.9659600393700787
11
4.0180344881889765
21
-2.9724963779527558
0
LINE
8
BLACK
6
CONTINUOUS
10
4.0180344881889765
20
-2.9724963779527558
11
4.0143280314960625
21
-2.9762028346456693
0
LINE
8
BLACK
6
CONTINUOUS
10
4.0143280314960625
20
-2.9762028346456693
11
4.014327952755905
21
-2.9762029133858268
0
LINE
8
BLACK
6
CONTINUOUS
10
4.014327952755905
20
-2.9762029133858268
11
3.8794353937007875
21
-3.111095433070866
0
LINE
8
BLACK
6
CONTINUOUS
10
3.8794353937007875
20
-3.111095433070866
11
3.8798776377952753
21
-3.1121630708661416
0
LINE
8
BLACK
6
CONTINUOUS
10
3.8798776377952753
20
-3.1121630708661416
11
3.8810822047244096
21
-3.1182187401574804
0
LINE
8
BLACK
6
CONTINUOUS
10
3.8810822047244096
20
-3.1182187401574804
11
3.8810822047244096
21
-3.1243930708661418
0
LINE
8
BLACK
6
CONTINUOUS
10
3.8810822047244096
20
-3.1243930708661418
11
3.8798776377952753
21
-3.1304487401574801
0
LINE
8
BLACK
6
CONTINUOUS
10
3.8798776377952753
20
-3.1304487401574801
11
3.8794353937007875
21
-3.131516338582677
0
LINE
8
BLACK
6
CONTINUOUS
10
3.8794353937007875
20
-3.131516338582677
11
3.9316423622047245
21
-3.183723307086614
0
LINE
8
BLACK
6
CONTINUOUS
10
3.9316423622047245
20
-3.183723307086614
11
3.9316425196850391
21
-3.1837234251968503
0
LINE
8
BLACK
6
CONTINUOUS
10
3.9316425196850391
20
-3.1837234251968503
11
3.9316424803149603
21
-3.1837234251968503
0
LINE
8
BLACK
6
CONTINUOUS
10
3.9316424803149603
20
-3.1837234251968503
11
3.9316425196850391
21
-3.183723464566929
0
LINE
8
BLACK
6
CONTINUOUS
10
3.9316425196850391
20
-3.183723464566929
11
3.9328309842519684
21
-3.1850785826771655
0
LINE
8
BLACK
6
CONTINUOUS
10
3.9328309842519684
20
-3.1850785826771655
11
3.9328958661417324
21
-3.1851909842519683
0
LINE
8
BLACK
6
CONTINUOUS
10
3.9328958661417324
20
-3.1851909842519683
11
3.9370590157480314
21
-3.1900653543307085
0
LINE
8
BLACK
6
CONTINUOUS
10
3.9370590157480314
20
-3.1900653543307085
11
3.9414168110236218
21
-3.1971764960629923
0
LINE
8
BLACK
6
CONTINUOUS
10
3.9414168110236218
20
-3.1971764960629923
11
3.9446085826771653
21
-3.2048817716535432
0
LINE
8
BLACK
6
CONTINUOUS
10
3.9446085826771653
20
-3.2048817716535432
11
3.9465556692913384
21
-3.2129914960629922
0
LINE
8
BLACK
6
CONTINUOUS
10
3.9465556692913384
20
-3.2129914960629922
11
3.9472101968503934
21
-3.2213059448818897
0
LINE
8
BLACK
6
CONTINUOUS
10
3.9472101968503934
20
-3.2213059448818897
11
3.9465560236220472
21
-3.229620433070866
0
LINE
8
BLACK
6
CONTINUOUS
10
3.9465560236220472
20
-3.229620433070866
11
3.9446092913385824
21
-3.2377302362204725
0
LINE
8
BLACK
6
CONTINUOUS
10
3.9446092913385824
20
-3.2377302362204725
11
3.9414178740157477
21
-3.2454356299212597
0
LINE
8
BLACK
6
CONTINUOUS
10
3.9414178740157477
20
-3.2454356299212597
11
3.9370603937007873
21
-3.2525469685039368
0
LINE
8
BLACK
6
CONTINUOUS
10
3.9370603937007873
20
-3.2525469685039368
11
3.9328912992125984
21
-3.2574286614173227
0
LINE
8
BLACK
6
CONTINUOUS
10
3.9328912992125984
20
-3.2574286614173227
11
3.9328309842519684
21
-3.2575331889763777
0
LINE
8
BLACK
6
CONTINUOUS
10
3.9328309842519684
20
-3.2575331889763777
11
3.9317268503937006
21
-3.2587921653543308
0
LINE
8
BLACK
6
CONTINUOUS
10
3.9317268503937006
20
-3.2587921653543308
11
3.9316440944881887
21
-3.2588890944881888
0
LINE
8
BLACK
6
CONTINUOUS
10
3.9316440944881887
20
-3.2588890944881888
11
3.9316428740157479
21
-3.2588878740157479
0
LINE
8
BLACK
6
CONTINUOUS
10
3.9316428740157479
20
-3.2588878740157479
11
3.9316425590551178
21
-3.2588883070866141
0
LINE
8
BLACK
6
CONTINUOUS
10
3.9316425590551178
20
-3.2588883070866141
11
3.8794353937007875
21
-3.3110954330708662
0
LINE
8
BLACK
6
CONTINUOUS
10
3.8794353937007875
20
-3.3110954330708662
11
3.8798776377952753
21
-3.3121630708661418
0
LINE
8
BLACK
6
CONTINUOUS
10
3.8798776377952753
20
-3.3121630708661418
11
3.8810822047244096
21
-3.3182187401574801
0
LINE
8
BLACK
6
CONTINUOUS
10
3.8810822047244096
20
-3.3182187401574801
11
3.8810822047244096
21
-3.3243930708661416
0
LINE
8
BLACK
6
CONTINUOUS
10
3.8810822047244096
20
-3.3243930708661416
11
3.8798776377952753
21
-3.3304487401574803
0
LINE
8
BLACK
6
CONTINUOUS
10
3.8798776377952753
20
-3.3304487401574803
11
3.8775148425196848
21
-3.336153031496063
0
LINE
8
BLACK
6
CONTINUOUS
10
3.8775148425196848
20
-3.336153031496063
11
3.8740845669291337
21
-3.3412868110236218
0
LINE
8
BLACK
6
CONTINUOUS
10
3.8740845669291337
20
-3.3412868110236218
11
3.8697187007874017
21
-3.3456526771653543
0
LINE
8
BLACK
6
CONTINUOUS
10
3.8697187007874017
20
-3.3456526771653543
11
3.8645849212598424
21
-3.3490829527559054
0
LINE
8
BLACK
6
CONTINUOUS
10
3.8645849212598424
20
-3.3490829527559054
11
3.8588806299212597
21
-3.3514457480314959
0
LINE
8
BLACK
6
CONTINUOUS
10
3.8588806299212597
20
-3.3514457480314959
11
3.852824960629921
21
-3.3526503149606297
0
LINE
8
BLACK
6
CONTINUOUS
10
3.852824960629921
20
-3.3526503149606297
11
3.8466506299212599
21
-3.3526503149606297
0
LINE
8
BLACK
6
CONTINUOUS
10
3.8466506299212599
20
-3.3526503149606297
11
3.8405949606299212
21
-3.3514457480314959
0
LINE
8
BLACK
6
CONTINUOUS
10
3.8405949606299212
20
-3.3514457480314959
11
3.8348906692913385
21
-3.3490829527559054
0
LINE
8
BLACK
6
CONTINUOUS
10
3.8348906692913385
20
-3.3490829527559054
11
3.8297568897637793
21
-3.3456526771653543
0
LINE
8
BLACK
6
CONTINUOUS
10
3.8297568897637793
20
-3.3456526771653543
11
3.8253910236220472
21
-3.3412868110236218
0
LINE
8
BLACK
6
CONTINUOUS
10
3.8253910236220472
20
-3.3412868110236218
11
3.8219607480314961
21
-3.336153031496063
0
LINE
8
BLACK
6
CONTINUOUS
10
3.8219607480314961
20
-3.336153031496063
11
3.8195979527559056
21
-3.3304487401574803
0
LINE
8
BLACK
6
CONTINUOUS
10
3.8195979527559056
20
-3.3304487401574803
11
3.8183933858267713
21
-3.3243930708661416
0
LINE
8
BLACK
6
CONTINUOUS
10
3.8183933858267713
20
-3.3243930708661416
11
3.8183933858267713
21
-3.3182187401574801
0
LINE
8
BLACK
6
CONTINUOUS
10
3.8183933858267713
20
-3.3182187401574801
11
3.8195979527559056
21
-3.3121630708661418
0
LINE
8
BLACK
6
CONTINUOUS
10
3.8195979527559056
20
-3.3121630708661418
11
3.8219607480314961
21
-3.3064587795275591
0
LINE
8
BLACK
6
CONTINUOUS
10
3.8219607480314961
20
-3.3064587795275591
11
3.8253910236220472
21
-3.3013249999999998
0
LINE
8
BLACK
6
CONTINUOUS
10
3.8253910236220472
20
-3.3013249999999998
11
3.8297568897637793
21
-3.2969591338582678
0
LINE
8
BLACK
6
CONTINUOUS
10
3.8297568897637793
20
-3.2969591338582678
11
3.8348906692913385
21
-3.2935288582677162
0
LINE
8
BLACK
6
CONTINUOUS
10
3.8348906692913385
20
-3.2935288582677162
11
3.8405949606299212
21
-3.2911660629921258
0
LINE
8
BLACK
6
CONTINUOUS
10
3.8405949606299212
20
-3.2911660629921258
11
3.8466506299212599
21
-3.2899614960629919
0
LINE
8
BLACK
6
CONTINUOUS
10
3.8466506299212599
20
-3.2899614960629919
11
3.852824960629921
21
-3.2899614960629919
0
LINE
8
BLACK
6
CONTINUOUS
10
3.852824960629921
20
-3.2899614960629919
11
3.8588806299212597
21
-3.2911660629921258
0
LINE
8
BLACK
6
CONTINUOUS
10
3.8588806299212597
20
-3.2911660629921258
11
3.8599482283464566
21
-3.2916082677165353
0
LINE
8
BLACK
6
CONTINUOUS
10
3.8599482283464566
20
-3.2916082677165353
11
3.9121544488188977
21
-3.2394020078740158
0
LINE
8
BLACK
6
CONTINUOUS
10
3.9121544488188977
20
-3.2394020078740158
11
3.9121548818897636
21
-3.2394014566929132
0
LINE
8
BLACK
6
CONTINUOUS
10
3.9121548818897636
20
-3.2394014566929132
11
3.9121549606299211
21
-3.239401496062992
0
LINE
8
BLACK
6
CONTINUOUS
10
3.9121549606299211
20
-3.239401496062992
11
3.9121553543307086
21
-3.2394011417322832
0
LINE
8
BLACK
6
CONTINUOUS
10
3.9121553543307086
20
-3.2394011417322832
11
3.9121742125984249
21
-3.2393845669291337
0
LINE
8
BLACK
6
CONTINUOUS
10
3.9121742125984249
20
-3.2393845669291337
11
3.9141949606299211
21
-3.2373637007874017
0
LINE
8
BLACK
6
CONTINUOUS
10
3.9141949606299211
20
-3.2373637007874017
11
3.9172629921259841
21
-3.2324805905511811
0
LINE
8
BLACK
6
CONTINUOUS
10
3.9172629921259841
20
-3.2324805905511811
11
3.9191675196850393
21
-3.2270372047244096
0
LINE
8
BLACK
6
CONTINUOUS
10
3.9191675196850393
20
-3.2270372047244096
11
3.9198130708661418
21
-3.221306535433071
0
LINE
8
BLACK
6
CONTINUOUS
10
3.9198130708661418
20
-3.221306535433071
11
3.9191672834645668
21
-3.2155758661417324
0
LINE
8
BLACK
6
CONTINUOUS
10
3.9191672834645668
20
-3.2155758661417324
11
3.9172625196850395
21
-3.2101325984251967
0
LINE
8
BLACK
6
CONTINUOUS
10
3.9172625196850395
20
-3.2101325984251967
11
3.914194251968504
21
-3.2052496062992124
0
LINE
8
BLACK
6
CONTINUOUS
10
3.914194251968504
20
-3.2052496062992124
11
3.9121553543307086
21
-3.2032107086614174
0
LINE
8
BLACK
6
CONTINUOUS
10
3.9121553543307086
20
-3.2032107086614174
11
3.9121553543307086
21
-3.2032106692913387
0
LINE
8
BLACK
6
CONTINUOUS
10
3.9121553543307086
20
-3.2032106692913387
11
3.9121552362204723
21
-3.2032105118110237
0
LINE
8
BLACK
6
CONTINUOUS
10
3.9121552362204723
20
-3.2032105118110237
11
3.8599482283464566
21
-3.1510035039370079
0
LINE
8
BLACK
6
CONTINUOUS
10
3.8599482283464566
20
-3.1510035039370079
11
3.8588806299212597
21
-3.1514457480314961
0
LINE
8
BLACK
6
CONTINUOUS
10
3.8588806299212597
20
-3.1514457480314961
11
3.852824960629921
21
-3.15265031496063
0
LINE
8
BLACK
6
CONTINUOUS
10
3.852824960629921
20
-3.15265031496063
11
3.8466506299212599
21
-3.15265031496063
0
LINE
8
BLACK
6
CONTINUOUS
10
3.8466506299212599
20
-3.15265031496063
11
3.8405949606299212
21
-3.1514457480314961
0
LINE
8
BLACK
6
CONTINUOUS
10
3.8405949606299212
20
-3.1514457480314961
11
3.8348906692913385
21
-3.1490829527559057
0
LINE
8
BLACK
6
CONTINUOUS
10
3.8348906692913385
20
-3.1490829527559057
11
3.8297568897637793
21
-3.1456526771653541
0
LINE
8
BLACK
6
CONTINUOUS
10
3.8297568897637793
20
-3.1456526771653541
11
3.8253910236220472
21
-3.1412868110236221
0
LINE
8
BLACK
6
CONTINUOUS
10
3.8253910236220472
20
-3.1412868110236221
11
3.8219607480314961
21
-3.1361530314960628
0
LINE
8
BLACK
6
CONTINUOUS
10
3.8219607480314961
20
-3.1361530314960628
11
3.8195979527559056
21
-3.1304487401574801
0
LINE
8
BLACK
6
CONTINUOUS
10
3.8195979527559056
20
-3.1304487401574801
11
3.8183933858267713
21
-3.1243930708661418
0
LINE
8
BLACK
6
CONTINUOUS
10
3.8183933858267713
20
-3.1243930708661418
11
3.8183933858267713
21
-3.1182187401574804
0
LINE
8
BLACK
6
CONTINUOUS
10
3.8183933858267713
20
-3.1182187401574804
11
3.8195979527559056
21
-3.1121630708661416
0
LINE
8
BLACK
6
CONTINUOUS
10
3.8195979527559056
20
-3.1121630708661416
11
3.8219607480314961
21
-3.1064587795275589
0
LINE
8
BLACK
6
CONTINUOUS
10
3.8219607480314961
20
-3.1064587795275589
11
3.8253910236220472
21
-3.1013250000000001
0
LINE
8
BLACK
6
CONTINUOUS
10
3.8253910236220472
20
-3.1013250000000001
11
3.8297568897637793
21
-3.0969591338582676
0
LINE
8
BLACK
6
CONTINUOUS
10
3.8297568897637793
20
-3.0969591338582676
11
3.8348906692913385
21
-3.0935288582677165
0
LINE
8
BLACK
6
CONTINUOUS
10
3.8348906692913385
20
-3.0935288582677165
11
3.8405949606299212
21
-3.091166062992126
0
LINE
8
BLACK
6
CONTINUOUS
10
3.8405949606299212
20
-3.091166062992126
11
3.8466506299212599
21
-3.0899614960629922
0
LINE
8
BLACK
6
CONTINUOUS
10
3.8466506299212599
20
-3.0899614960629922
11
3.852824960629921
21
-3.0899614960629922
0
LINE
8
BLACK
6
CONTINUOUS
10
3.852824960629921
20
-3.0899614960629922
11
3.8588806299212597
21
-3.091166062992126
0
LINE
8
BLACK
6
CONTINUOUS
10
3.8588806299212597
20
-3.091166062992126
11
3.8599482283464566
21
-3.0916082677165355
0
LINE
8
BLACK
6
CONTINUOUS
10
3.8599482283464566
20
-3.0916082677165355
11
3.9948407480314958
21
-2.9567157086614171
0
LINE
8
BLACK
6
CONTINUOUS
10
3.9948407480314958
20
-2.9567157086614171
11
3.9948408661417321
21
-2.9567155905511808
0
LINE
8
BLACK
6
CONTINUOUS
10
3.9948408661417321
20
-2.9567155905511808
11
4.0036315354330707
21
-2.9487481496062991
0
LINE
8
BLACK
6
CONTINUOUS
10
4.0036315354330707
20
-2.9487481496062991
11
4.0131609448818892
21
-2.9416805905511811
0
LINE
8
BLACK
6
CONTINUOUS
10
4.0131609448818892
20
-2.9416805905511811
11
4.0233372834645671
21
-2.9355811417322832
0
LINE
8
BLACK
6
CONTINUOUS
10
4.0233372834645671
20
-2.9355811417322832
11
4.034062440944882
21
-2.9305085039370078
0
LINE
8
BLACK
6
CONTINUOUS
10
4.034062440944882
20
-2.9305085039370078
11
4.0452331496062994
21
-2.9265115748031496
0
LINE
8
BLACK
6
CONTINUOUS
10
4.0452331496062994
20
-2.9265115748031496
11
4.0567418897637797
21
-2.9236288582677163
0
LINE
8
BLACK
6
CONTINUOUS
10
4.0567418897637797
20
-2.9236288582677163
11
4.0684777165354333
21
-2.9218880708661419
0
LINE
8
BLACK
6
CONTINUOUS
10
4.0684777165354333
20
-2.9218880708661419
11
4.0803224409448822
21
-2.9213062204724407
0
LINE
8
BLACK
6
CONTINUOUS
10
4.0803224409448822
20
-2.9213062204724407
11
4.080327598425197
21
-2.9213059055118111
0
LINE
8
BLACK
6
CONTINUOUS
10
4.080327598425197
20
-2.9213059055118111
11
4.12032905511811
21
-2.9213059055118111
0
LINE
8
BLACK
6
CONTINUOUS
10
4.12032905511811
20
-2.9213059055118111
11
4.1203296062992125
21
-2.9213059055118111
0
LINE
8
BLACK
6
CONTINUOUS
10
4.1203296062992125
20
-2.9213059055118111
11
4.1321788582677161
21
-2.9218878740157481
0
LINE
8
BLACK
6
CONTINUOUS
10
4.1321788582677161
20
-2.9218878740157481
11
4.1439147637795273
21
-2.9236285826771651
0
LINE
8
BLACK
6
CONTINUOUS
10
4.1439147637795273
20
-2.9236285826771651
11
4.1554235433070863
21
-2.9265112598425196
0
LINE
8
BLACK
6
CONTINUOUS
10
4.1554235433070863
20
-2.9265112598425196
11
4.1665943307086613
21
-2.930508149606299
0
LINE
8
BLACK
6
CONTINUOUS
10
4.1665943307086613
20
-2.930508149606299
11
4.1773195669291336
21
-2.9355807086614174
0
LINE
8
BLACK
6
CONTINUOUS
10
4.1773195669291336
20
-2.9355807086614174
11
4.1874959448818894
21
-2.9416801181102361
0
LINE
8
BLACK
6
CONTINUOUS
10
4.1874959448818894
20
-2.9416801181102361
11
4.197025472440945
21
-2.9487476771653545
0
LINE
8
BLACK
6
CONTINUOUS
10
4.197025472440945
20
-2.9487476771653545
11
4.205816338582677
21
-2.9567152362204725
0
LINE
8
BLACK
6
CONTINUOUS
10
4.205816338582677
20
-2.9567152362204725
11
4.2058159055118107
21
-2.9567157086614171
0
LINE
8
BLACK
6
CONTINUOUS
10
4.2058159055118107
20
-2.9567157086614171
11
4.2058159842519682
21
-2.9567158267716533
0
LINE
8
BLACK
6
CONTINUOUS
10
4.2058159842519682
20
-2.9567158267716533
11
4.2568244094488188
21
-3.0077242125984252
0
LINE
8
BLACK
6
CONTINUOUS
10
4.2568244094488188
20
-3.0077242125984252
11
4.2568244094488188
21
-2.9642972834645667
0
LINE
8
BLACK
6
CONTINUOUS
10
4.2568244094488188
20
-2.9642972834645667
11
4.2568244488188975
21
-2.9642964566929133
0
LINE
8
BLACK
6
CONTINUOUS
10
4.2568244488188975
20
-2.9642964566929133
11
4.257406338582677
21
-2.9524475196850393
0
LINE
8
BLACK
6
CONTINUOUS
10
4.257406338582677
20
-2.9524475196850393
11
4.2591470078740157
21
-2.9407115748031494
0
LINE
8
BLACK
6
CONTINUOUS
10
4.2591470078740157
20
-2.9407115748031494
11
4.2620296062992127
21
-2.9292027559055116
0
LINE
8
BLACK
6
CONTINUOUS
10
4.2620296062992127
20
-2.9292027559055116
11
4.2660264173228342
21
-2.9180319291338583
0
LINE
8
BLACK
6
CONTINUOUS
10
4.2660264173228342
20
-2.9180319291338583
11
4.2710989370078742
21
-2.9073066535433072
0
LINE
8
BLACK
6
CONTINUOUS
10
4.2710989370078742
20
-2.9073066535433072
11
4.2771982677165354
21
-2.8971302362204723
0
LINE
8
BLACK
6
CONTINUOUS
10
4.2771982677165354
20
-2.8971302362204723
11
4.2842657086614171
21
-2.88760062992126
0
LINE
8
BLACK
6
CONTINUOUS
10
4.2842657086614171
20
-2.88760062992126
11
4.2922332283464568
21
-2.8788096850393701
0
LINE
8
BLACK
6
CONTINUOUS
10
4.2922332283464568
20
-2.8788096850393701
11
4.2922340944881885
21
-2.8788105511811022
0
LINE
8
BLACK
6
CONTINUOUS
10
4.2922340944881885
20
-2.8788105511811022
11
4.2922342125984247
21
-2.8788104330708659
0
LINE
8
BLACK
6
CONTINUOUS
10
4.2922342125984247
20
-2.8788104330708659
11
4.3438590551181102
21
-2.8271855905511809
0
LINE
8
BLACK
6
CONTINUOUS
10
4.3438590551181102
20
-2.8271855905511809
11
4.3434168503937007
21
-2.8261180314960628
0
LINE
8
BLACK
6
CONTINUOUS
10
4.3434168503937007
20
-2.8261180314960628
11
4.3422122834645664
21
-2.8200623622047245
0
LINE
8
BLACK
6
CONTINUOUS
10
4.3422122834645664
20
-2.8200623622047245
11
4.3422122834645664
21
-2.813888031496063
0
LINE
8
BLACK
6
CONTINUOUS
10
4.3422122834645664
20
-2.813888031496063
11
4.3434168503937007
21
-2.8078323622047243
0
LINE
8
BLACK
6
CONTINUOUS
10
4.3434168503937007
20
-2.8078323622047243
11
4.3457796456692916
21
-2.8021280708661416
0
LINE
8
BLACK
6
CONTINUOUS
10
4.3457796456692916
20
-2.8021280708661416
11
4.3492099212598427
21
-2.7969942913385828
0
LINE
8
BLACK
6
CONTINUOUS
10
4.3492099212598427
20
-2.7969942913385828
11
4.3535757874015744
21
-2.7926284251968503
0
LINE
8
BLACK
6
CONTINUOUS
10
4.3535757874015744
20
-2.7926284251968503
11
4.358709566929134
21
-2.7891981496062992
0
LINE
8
BLACK
6
CONTINUOUS
10
4.358709566929134
20
-2.7891981496062992
11
4.3644138582677163
21
-2.7868353543307087
0
LINE
8
BLACK
6
CONTINUOUS
10
4.3644138582677163
20
-2.7868353543307087
11
4.370469527559055
21
-2.7856307874015749
0
LINE
8
BLACK
6
CONTINUOUS
10
4.370469527559055
20
-2.7856307874015749
11
4.3766438582677161
21
-2.7856307874015749
0
LINE
8
BLACK
6
CONTINUOUS
10
4.3766438582677161
20
-2.7856307874015749
11
4.3826995275590548
21
-2.7868353543307087
0
LINE
8
BLACK
6
CONTINUOUS
10
3.8588806299212597
20
-3.1911660629921261
11
3.8645849212598424
21
-3.1935288582677166
0
LINE
8
BLACK
6
CONTINUOUS
10
3.8645849212598424
20
-3.1935288582677166
11
3.8697187007874017
21
-3.1969591338582677
0
LINE
8
BLACK
6
CONTINUOUS
10
3.8697187007874017
20
-3.1969591338582677
11
3.8740845669291337
21
-3.2013249999999998
0
LINE
8
BLACK
6
CONTINUOUS
10
3.8740845669291337
20
-3.2013249999999998
11
3.8775148425196848
21
-3.206458779527559
0
LINE
8
BLACK
6
CONTINUOUS
10
3.8775148425196848
20
-3.206458779527559
11
3.8798776377952753
21
-3.2121630708661417
0
LINE
8
BLACK
6
CONTINUOUS
10
3.8798776377952753
20
-3.2121630708661417
11
3.8810822047244096
21
-3.2182187401574804
0
LINE
8
BLACK
6
CONTINUOUS
10
3.8810822047244096
20
-3.2182187401574804
11
3.8810822047244096
21
-3.2243930708661415
0
LINE
8
BLACK
6
CONTINUOUS
10
3.8810822047244096
20
-3.2243930708661415
11
3.8798776377952753
21
-3.2304487401574802
0
LINE
8
BLACK
6
CONTINUOUS
10
3.8798776377952753
20
-3.2304487401574802
11
3.8775148425196848
21
-3.2361530314960629
0
LINE
8
BLACK
6
CONTINUOUS
10
3.8775148425196848
20
-3.2361530314960629
11
3.8740845669291337
21
-3.2412868110236221
0
LINE
8
BLACK
6
CONTINUOUS
10
3.8740845669291337
20
-3.2412868110236221
11
3.8697187007874017
21
-3.2456526771653542
0
LINE
8
BLACK
6
CONTINUOUS
10
3.8697187007874017
20
-3.2456526771653542
11
3.8645849212598424
21
-3.2490829527559053
0
LINE
8
BLACK
6
CONTINUOUS
10
3.8645849212598424
20
-3.2490829527559053
11
3.8588806299212597
21
-3.2514457480314958
0
LINE
8
BLACK
6
CONTINUOUS
10
3.8588806299212597
20
-3.2514457480314958
11
3.852824960629921
21
-3.2526503149606301
0
LINE
8
BLACK
6
CONTINUOUS
10
3.852824960629921
20
-3.2526503149606301
11
3.8466506299212599
21
-3.2526503149606301
0
LINE
8
BLACK
6
CONTINUOUS
10
3.8466506299212599
20
-3.2526503149606301
11
3.8405949606299212
21
-3.2514457480314958
0
LINE
8
BLACK
6
CONTINUOUS
10
3.8405949606299212
20
-3.2514457480314958
11
3.8348906692913385
21
-3.2490829527559053
0
LINE
8
BLACK
6
CONTINUOUS
10
3.8348906692913385
20
-3.2490829527559053
11
3.8297568897637793
21
-3.2456526771653542
0
LINE
8
BLACK
6
CONTINUOUS
10
3.8297568897637793
20
-3.2456526771653542
11
3.8253910236220472
21
-3.2412868110236221
0
LINE
8
BLACK
6
CONTINUOUS
10
3.8253910236220472
20
-3.2412868110236221
11
3.8219607480314961
21
-3.2361530314960629
0
LINE
8
BLACK
6
CONTINUOUS
10
3.8219607480314961
20
-3.2361530314960629
11
3.8215185433070866
21
-3.235085433070866
0
LINE
8
BLACK
6
CONTINUOUS
10
3.8215185433070866
20
-3.235085433070866
11
3.7852175984251968
21
-3.235085433070866
0
LINE
8
BLACK
6
CONTINUOUS
10
3.7852175984251968
20
-3.235085433070866
11
3.7852173622047243
21
-3.2350853937007873
0
LINE
8
BLACK
6
CONTINUOUS
10
3.7852173622047243
20
-3.2350853937007873
11
3.7852172834645668
21
-3.235085433070866
0
LINE
8
BLACK
6
CONTINUOUS
10
3.7852172834645668
20
-3.235085433070866
11
3.7852172834645668
21
-3.2350867322834644
0
LINE
8
BLACK
6
CONTINUOUS
10
3.7852172834645668
20
-3.2350867322834644
11
3.7824405118110236
21
-3.2350866929133857
0
LINE
8
BLACK
6
CONTINUOUS
10
3.7824405118110236
20
-3.2350866929133857
11
3.7769552755905509
21
-3.2359553149606297
0
LINE
8
BLACK
6
CONTINUOUS
10
3.7769552755905509
20
-3.2359553149606297
11
3.7716734251968504
21
-3.2376712992125984
0
LINE
8
BLACK
6
CONTINUOUS
10
3.7716734251968504
20
-3.2376712992125984
11
3.7667250787401576
21
-3.2401924409448819
0
LINE
8
BLACK
6
CONTINUOUS
10
3.7667250787401576
20
-3.2401924409448819
11
3.762735275590551
21
-3.2430909055118109
0
LINE
8
BLACK
6
CONTINUOUS
10
3.762735275590551
20
-3.2430909055118109
11
3.7635814566929131
21
-3.2473448031496064
0
LINE
8
BLACK
6
CONTINUOUS
10
3.7635814566929131
20
-3.2473448031496064
11
3.7635814566929131
21
-3.2527473228346455
0
LINE
8
BLACK
6
CONTINUOUS
10
3.7635814566929131
20
-3.2527473228346455
11
3.7625274803149606
21
-3.2580460236220472
0
LINE
8
BLACK
6
CONTINUOUS
10
3.7625274803149606
20
-3.2580460236220472
11
3.7604600393700784
21
-3.2630373228346454
0
LINE
8
BLACK
6
CONTINUOUS
10
3.7604600393700784
20
-3.2630373228346454
11
3.7574585433070866
21
-3.2675293307086615
0
LINE
8
BLACK
6
CONTINUOUS
10
3.7574585433070866
20
-3.2675293307086615
11
3.7536383858267715
21
-3.2713494881889762
0
LINE
8
BLACK
6
CONTINUOUS
10
3.7536383858267715
20
-3.2713494881889762
11
3.7491463779527558
21
-3.2743509842519685
0
LINE
8
BLACK
6
CONTINUOUS
10
3.7491463779527558
20
-3.2743509842519685
11
3.7441550787401572
21
-3.2764184251968502
0
LINE
8
BLACK
6
CONTINUOUS
10
3.7441550787401572
20
-3.2764184251968502
11
3.7388563779527559
21
-3.2774724015748031
0
LINE
8
BLACK
6
CONTINUOUS
10
3.7388563779527559
20
-3.2774724015748031
11
3.7334538582677164
21
-3.2774724015748031
0
LINE
8
BLACK
6
CONTINUOUS
10
3.7334538582677164
20
-3.2774724015748031
11
3.7281551574803147
21
-3.2764184251968502
0
LINE
8
BLACK
6
CONTINUOUS
10
3.7281551574803147
20
-3.2764184251968502
11
3.7231638582677165
21
-3.2743509842519685
0
LINE
8
BLACK
6
CONTINUOUS
10
3.7231638582677165
20
-3.2743509842519685
11
3.7186718503937009
21
-3.2713494881889762
0
LINE
8
BLACK
6
CONTINUOUS
10
3.7186718503937009
20
-3.2713494881889762
11
3.7148516929133857
21
-3.2675293307086615
0
LINE
8
BLACK
6
CONTINUOUS
10
3.7148516929133857
20
-3.2675293307086615
11
3.7118501968503934
21
-3.2630373228346454
0
LINE
8
BLACK
6
CONTINUOUS
10
3.7118501968503934
20
-3.2630373228346454
11
3.7097827559055117
21
-3.2580460236220472
0
LINE
8
BLACK
6
CONTINUOUS
10
3.7097827559055117
20
-3.2580460236220472
11
3.7087287795275587
21
-3.2527473228346455
0
LINE
8
BLACK
6
CONTINUOUS
10
3.7087287795275587
20
-3.2527473228346455
11
3.7087287795275587
21
-3.2473448031496064
0
LINE
8
BLACK
6
CONTINUOUS
10
3.7087287795275587
20
-3.2473448031496064
11
3.7097827559055117
21
-3.2420461023622047
0
LINE
8
BLACK
6
CONTINUOUS
10
3.7097827559055117
20
-3.2420461023622047
11
3.7118501968503934
21
-3.237054803149606
0
LINE
8
BLACK
6
CONTINUOUS
10
3.7118501968503934
20
-3.237054803149606
11
3.7148516929133857
21
-3.2325627952755904
0
LINE
8
BLACK
6
CONTINUOUS
10
3.7148516929133857
20
-3.2325627952755904
11
3.7186718503937009
21
-3.2287426377952757
0
LINE
8
BLACK
6
CONTINUOUS
10
3.7186718503937009
20
-3.2287426377952757
11
3.7231638582677165
21
-3.2257411417322834
0
LINE
8
BLACK
6
CONTINUOUS
10
3.7231638582677165
20
-3.2257411417322834
11
3.7281551574803147
21
-3.2236737007874017
0
LINE
8
BLACK
6
CONTINUOUS
10
3.7281551574803147
20
-3.2236737007874017
11
3.7334538582677164
21
-3.2226197244094488
0
LINE
8
BLACK
6
CONTINUOUS
10
3.7334538582677164
20
-3.2226197244094488
11
3.7388563779527559
21
-3.2226197244094488
0
LINE
8
BLACK
6
CONTINUOUS
10
3.7388563779527559
20
-3.2226197244094488
11
3.7435048031496061
21
-3.2235443307086613
0
LINE
8
BLACK
6
CONTINUOUS
10
3.7435048031496061
20
-3.2235443307086613
11
3.7469623228346456
21
-3.2205124409448818
0
LINE
8
BLACK
6
CONTINUOUS
10
3.7469623228346456
20
-3.2205124409448818
11
3.7537971653543307
21
-3.2159459055118109
0
LINE
8
BLACK
6
CONTINUOUS
10
3.7537971653543307
20
-3.2159459055118109
11
3.7611695669291336
21
-3.2123105511811021
0
LINE
8
BLACK
6
CONTINUOUS
10
3.7611695669291336
20
-3.2123105511811021
11
3.7689533858267716
21
-3.2096685433070866
0
LINE
8
BLACK
6
CONTINUOUS
10
3.7689533858267716
20
-3.2096685433070866
11
3.7770155118110234
21
-3.2080651181102362
0
LINE
8
BLACK
6
CONTINUOUS
10
3.7770155118110234
20
-3.2080651181102362
11
3.7834125984251967
21
-3.2076459448818895
0
LINE
8
BLACK
6
CONTINUOUS
10
3.7834125984251967
20
-3.2076459448818895
11
3.7834190157480312
21
-3.207644251968504
0
LINE
8
BLACK
6
CONTINUOUS
10
3.7834190157480312
20
-3.207644251968504
11
3.7852175984251968
21
-3.2075263779527559
0
LINE
8
BLACK
6
CONTINUOUS
10
3.7852175984251968
20
-3.2075263779527559
11
3.8215185433070866
21
-3.2075263779527559
0
LINE
8
BLACK
6
CONTINUOUS
10
3.8215185433070866
20
-3.2075263779527559
11
3.8219607480314961
21
-3.206458779527559
0
LINE
8
BLACK
6
CONTINUOUS
10
3.8219607480314961
20
-3.206458779527559
11
3.8253910236220472
21
-3.2013249999999998
0
LINE
8
BLACK
6
CONTINUOUS
10
3.8253910236220472
20
-3.2013249999999998
11
3.8297568897637793
21
-3.1969591338582677
0
LINE
8
BLACK
6
CONTINUOUS
10
3.8297568897637793
20
-3.1969591338582677
11
3.8348906692913385
21
-3.1935288582677166
0
LINE
8
BLACK
6
CONTINUOUS
10
3.8348906692913385
20
-3.1935288582677166
11
3.8405949606299212
21
-3.1911660629921261
0
LINE
8
BLACK
6
CONTINUOUS
10
3.8405949606299212
20
-3.1911660629921261
11
3.8466506299212599
21
-3.1899614960629918
0
LINE
8
BLACK
6
CONTINUOUS
10
3.8466506299212599
20
-3.1899614960629918
11
3.852824960629921
21
-3.1899614960629918
0
LINE
8
BLACK
6
CONTINUOUS
10
3.852824960629921
20
-3.1899614960629918
11
3.8588806299212597
21
-3.1911660629921261
0
LINE
8
BLACK
6
CONTINUOUS
10
2.9070212598425198
20
-4.5000460629921255
11
2.9365488188976379
21
-4.5000460629921255
0
LINE
8
BLACK
6
CONTINUOUS
10
2.9365488188976379
20
-4.5000460629921255
11
2.9365488188976379
21
-4.5197311023622042
0
LINE
8
BLACK
6
CONTINUOUS
10
2.9365488188976379
20
-4.5197311023622042
11
2.9070212598425198
21
-4.5197311023622042
0
LINE
8
BLACK
6
CONTINUOUS
10
2.9070212598425198
20
-4.5197311023622042
11
2.9070212598425198
21
-4.5492586614173227
0
LINE
8
BLACK
6
CONTINUOUS
10
2.9070212598425198
20
-4.5492586614173227
11
2.8873362204724411
21
-4.5492586614173227
0
LINE
8
BLACK
6
CONTINUOUS
10
2.8873362204724411
20
-4.5492586614173227
11
2.8873362204724411
21
-4.5197311023622042
0
LINE
8
BLACK
6
CONTINUOUS
10
2.8873362204724411
20
-4.5197311023622042
11
2.8578086614173226
21
-4.5197311023622042
0
LINE
8
BLACK
6
CONTINUOUS
10
2.8578086614173226
20
-4.5197311023622042
11
2.8578086614173226
21
-4.5000460629921255
0
LINE
8
BLACK
6
CONTINUOUS
10
2.8578086614173226
20
-4.5000460629921255
11
2.8873362204724411
21
-4.5000460629921255
0
LINE
8
BLACK
6
CONTINUOUS
10
2.8873362204724411
20
-4.5000460629921255
11
2.8873362204724411
21
-4.4705185039370079
0
LINE
8
BLACK
6
CONTINUOUS
10
2.8873362204724411
20
-4.4705185039370079
11
2.9070212598425198
21
-4.4705185039370079
0
LINE
8
BLACK
6
CONTINUOUS
10
2.9070212598425198
20
-4.4705185039370079
11
2.9070212598425198
21
-4.5000460629921255
0
LINE
8
BLACK
6
CONTINUOUS
10
5.7416669291338582
20
-4.5000460629921255
11
5.7711944881889758
21
-4.5000460629921255
0
LINE
8
BLACK
6
CONTINUOUS
10
5.7711944881889758
20
-4.5000460629921255
11
5.7711944881889758
21
-4.5197311023622042
0
LINE
8
BLACK
6
CONTINUOUS
10
5.7711944881889758
20
-4.5197311023622042
11
5.7416669291338582
21
-4.5197311023622042
0
LINE
8
BLACK
6
CONTINUOUS
10
5.7416669291338582
20
-4.5197311023622042
11
5.7416669291338582
21
-4.5492586614173227
0
LINE
8
BLACK
6
CONTINUOUS
10
5.7416669291338582
20
-4.5492586614173227
11
5.7219818897637795
21
-4.5492586614173227
0
LINE
8
BLACK
6
CONTINUOUS
10
5.7219818897637795
20
-4.5492586614173227
11
5.7219818897637795
21
-4.5197311023622042
0
LINE
8
BLACK
6
CONTINUOUS
10
5.7219818897637795
20
-4.5197311023622042
11
5.692454330708661
21
-4.5197311023622042
0
LINE
8
BLACK
6
CONTINUOUS
10
5.692454330708661
20
-4.5197311023622042
11
5.692454330708661
21
-4.5000460629921255
0
LINE
8
BLACK
6
CONTINUOUS
10
5.692454330708661
20
-4.5000460629921255
11
5.7219818897637795
21
-4.5000460629921255
0
LINE
8
BLACK
6
CONTINUOUS
10
5.7219818897637795
20
-4.5000460629921255
11
5.7219818897637795
21
-4.4705185039370079
0
LINE
8
BLACK
6
CONTINUOUS
10
5.7219818897637795
20
-4.4705185039370079
11
5.7416669291338582
21
-4.4705185039370079
0
LINE
8
BLACK
6
CONTINUOUS
10
5.7416669291338582
20
-4.4705185039370079
11
5.7416669291338582
21
-4.5000460629921255
0
LINE
8
BLACK
6
CONTINUOUS
10
3.5720157874015745
20
-3.5064274409448819
11
3.5792258267716535
21
-3.5078615748031496
0
LINE
8
BLACK
6
CONTINUOUS
10
3.5792258267716535
20
-3.5078615748031496
11
3.5860175196850395
21
-3.5106748031496062
0
LINE
8
BLACK
6
CONTINUOUS
10
3.5860175196850395
20
-3.5106748031496062
11
3.5921299212598425
21
-3.5147589763779528
0
LINE
8
BLACK
6
CONTINUOUS
10
3.5921299212598425
20
-3.5147589763779528
11
3.5973280314960627
21
-3.5199570866141729
0
LINE
8
BLACK
6
CONTINUOUS
10
3.5973280314960627
20
-3.5199570866141729
11
3.6014122047244093
21
-3.5260694881889765
0
LINE
8
BLACK
6
CONTINUOUS
10
3.6014122047244093
20
-3.5260694881889765
11
3.6042254330708658
21
-3.532861181102362
0
LINE
8
BLACK
6
CONTINUOUS
10
3.6042254330708658
20
-3.532861181102362
11
3.6056595669291336
21
-3.5400712204724409
0
LINE
8
BLACK
6
CONTINUOUS
10
3.6056595669291336
20
-3.5400712204724409
11
3.6056595669291336
21
-3.5474224803149608
0
LINE
8
BLACK
6
CONTINUOUS
10
3.6056595669291336
20
-3.5474224803149608
11
3.6042254330708658
21
-3.5546325196850392
0
LINE
8
BLACK
6
CONTINUOUS
10
3.6042254330708658
20
-3.5546325196850392
11
3.6014122047244093
21
-3.5614242125984252
0
LINE
8
BLACK
6
CONTINUOUS
10
3.6014122047244093
20
-3.5614242125984252
11
3.5973280314960627
21
-3.5675366141732283
0
LINE
8
BLACK
6
CONTINUOUS
10
3.5973280314960627
20
-3.5675366141732283
11
3.5921299212598425
21
-3.5727347244094489
0
LINE
8
BLACK
6
CONTINUOUS
10
3.5921299212598425
20
-3.5727347244094489
11
3.5860175196850395
21
-3.576818897637795
0
LINE
8
BLACK
6
CONTINUOUS
10
3.5860175196850395
20
-3.576818897637795
11
3.5792258267716535
21
-3.5796321259842521
0
LINE
8
BLACK
6
CONTINUOUS
10
3.5792258267716535
20
-3.5796321259842521
11
3.5720157874015745
21
-3.5810662598425198
0
LINE
8
BLACK
6
CONTINUOUS
10
3.5720157874015745
20
-3.5810662598425198
11
3.5683401574803151
21
-3.5812468503937005
0
LINE
8
BLACK
6
CONTINUOUS
10
3.5683401574803151
20
-3.5812468503937005
11
3.5646
21
-3.5812468503937005
0
LINE
8
BLACK
6
CONTINUOUS
10
3.5646
20
-3.5812468503937005
11
3.5624807874015749
21
-3.581142716535433
0
LINE
8
BLACK
6
CONTINUOUS
10
3.5624807874015749
20
-3.581142716535433
11
3.4493666141732282
21
-3.6942568503937006
0
LINE
8
BLACK
6
CONTINUOUS
10
3.4493666141732282
20
-3.6942568503937006
11
3.449366653543307
21
-3.6942568503937006
0
LINE
8
BLACK
6
CONTINUOUS
10
3.449366653543307
20
-3.6942568503937006
11
3.4493669291338582
21
-3.6942571259842518
0
LINE
8
BLACK
6
CONTINUOUS
10
3.4493669291338582
20
-3.6942571259842518
11
3.445117559055118
21
-3.6985064960629921
0
LINE
8
BLACK
6
CONTINUOUS
10
3.445117559055118
20
-3.6985064960629921
11
3.4374927952755905
21
-3.7077973228346455
0
LINE
8
BLACK
6
CONTINUOUS
10
3.4374927952755905
20
-3.7077973228346455
11
3.4308153937007875
21
-3.7177907874015745
0
LINE
8
BLACK
6
CONTINUOUS
10
3.4308153937007875
20
-3.7177907874015745
11
3.4251496456692911
21
-3.7283905905511809
0
LINE
8
BLACK
6
CONTINUOUS
10
3.4251496456692911
20
-3.7283905905511809
11
3.4205501181102362
21
-3.7394947244094485
0
LINE
8
BLACK
6
CONTINUOUS
10
3.4205501181102362
20
-3.7394947244094485
11
3.4170611417322836
21
-3.7509961811023622
0
LINE
8
BLACK
6
CONTINUOUS
10
3.4170611417322836
20
-3.7509961811023622
11
3.4147162598425198
21
-3.7627842519685037
0
LINE
8
BLACK
6
CONTINUOUS
10
3.4147162598425198
20
-3.7627842519685037
11
3.4135381102362206
21
-3.7747453937007873
0
LINE
8
BLACK
6
CONTINUOUS
10
3.4135381102362206
20
-3.7747453937007873
11
3.4135380708661418
21
-3.7807549212598426
0
LINE
8
BLACK
6
CONTINUOUS
10
3.4135380708661418
20
-3.7807549212598426
11
3.413539409448819
21
-3.7807549212598426
0
LINE
8
BLACK
6
CONTINUOUS
10
3.413539409448819
20
-3.7807549212598426
11
3.4135393700787402
21
-3.7867644094488186
0
LINE
8
BLACK
6
CONTINUOUS
10
3.4135393700787402
20
-3.7867644094488186
11
3.4147173228346457
21
-3.7987255118110235
0
LINE
8
BLACK
6
CONTINUOUS
10
3.4147173228346457
20
-3.7987255118110235
11
3.4170620078740157
21
-3.8105135433070867
0
LINE
8
BLACK
6
CONTINUOUS
10
3.4170620078740157
20
-3.8105135433070867
11
3.4205507874015746
21
-3.8220149999999999
0
LINE
8
BLACK
6
CONTINUOUS
10
3.4205507874015746
20
-3.8220149999999999
11
3.4251501181102362
21
-3.8331191338582675
0
LINE
8
BLACK
6
CONTINUOUS
10
3.4251501181102362
20
-3.8331191338582675
11
3.4308157086614171
21
-3.8437189763779527
0
LINE
8
BLACK
6
CONTINUOUS
10
3.4308157086614171
20
-3.8437189763779527
11
3.4374929527559055
21
-3.8537124409448817
0
LINE
8
BLACK
6
CONTINUOUS
10
3.4374929527559055
20
-3.8537124409448817
11
3.445117559055118
21
-3.8630033464566926
0
LINE
8
BLACK
6
CONTINUOUS
10
3.445117559055118
20
-3.8630033464566926
11
3.4493666141732282
21
-3.8672525196850391
0
LINE
8
BLACK
6
CONTINUOUS
10
3.4493666141732282
20
-3.8672525196850391
11
3.7392547244094487
21
-4.1571406299212601
0
LINE
8
BLACK
6
CONTINUOUS
10
3.7392547244094487
20
-4.1571406299212601
11
3.7392659448818897
21
-4.1571534251968503
0
LINE
8
BLACK
6
CONTINUOUS
10
3.7392659448818897
20
-4.1571534251968503
11
3.7482138188976375
21
-4.1661011811023618
0
LINE
8
BLACK
6
CONTINUOUS
10
3.7482138188976375
20
-4.1661011811023618
11
3.7671101574803147
21
-4.1829879133858263
0
LINE
8
BLACK
6
CONTINUOUS
10
3.7671101574803147
20
-4.1829879133858263
11
3.7869236220472442
21
-4.1987885433070868
0
LINE
8
BLACK
6
CONTINUOUS
10
3.7869236220472442
20
-4.1987885433070868
11
3.8075918503937007
21
-4.2134533858267718
0
LINE
8
BLACK
6
CONTINUOUS
10
3.8075918503937007
20
-4.2134533858267718
11
3.8290498425196851
21
-4.2269362204724406
0
LINE
8
BLACK
6
CONTINUOUS
10
3.8290498425196851
20
-4.2269362204724406
11
3.8512300787401572
21
-4.2391947244094483
0
LINE
8
BLACK
6
CONTINUOUS
10
3.8512300787401572
20
-4.2391947244094483
11
3.8740627559055119
21
-4.2501903149606299
0
LINE
8
BLACK
6
CONTINUOUS
10
3.8740627559055119
20
-4.2501903149606299
11
3.8974760236220471
21
-4.259888307086614
0
LINE
8
BLACK
6
CONTINUOUS
10
3.8974760236220471
20
-4.259888307086614
11
3.9213962598425196
21
-4.2682582677165355
0
LINE
8
BLACK
6
CONTINUOUS
10
3.9213962598425196
20
-4.2682582677165355
11
3.9457481496062989
21
-4.2752738582677168
0
LINE
8
BLACK
6
CONTINUOUS
10
3.9457481496062989
20
-4.2752738582677168
11
3.9704551181102361
21
-4.2809129921259839
0
LINE
8
BLACK
6
CONTINUOUS
10
3.9704551181102361
20
-4.2809129921259839
11
3.9954393700787403
21
-4.2851579133858264
0
LINE
8
BLACK
6
CONTINUOUS
10
3.9954393700787403
20
-4.2851579133858264
11
4.0206223622047244
21
-4.2879952755905508
0
LINE
8
BLACK
6
CONTINUOUS
10
4.0206223622047244
20
-4.2879952755905508
11
4.0459248425196845
21
-4.2894161417322838
0
LINE
8
BLACK
6
CONTINUOUS
10
4.0459248425196845
20
-4.2894161417322838
11
4.0581212992125986
21
-4.2894161023622051
0
LINE
8
BLACK
6
CONTINUOUS
10
4.0581212992125986
20
-4.2894161023622051
11
4.0583385826771652
21
-4.2869329527559055
0
LINE
8
BLACK
6
CONTINUOUS
10
4.0583385826771652
20
-4.2869329527559055
11
4.0613683464566925
21
-4.2697502755905514
0
LINE
8
BLACK
6
CONTINUOUS
10
4.0613683464566925
20
-4.2697502755905514
11
4.0658841732283459
21
-4.2528970472440948
0
LINE
8
BLACK
6
CONTINUOUS
10
4.0658841732283459
20
-4.2528970472440948
11
4.0718516535433071
21
-4.2365014960629921
0
LINE
8
BLACK
6
CONTINUOUS
10
4.0718516535433071
20
-4.2365014960629921
11
4.0792253937007876
21
-4.2206884645669289
0
LINE
8
BLACK
6
CONTINUOUS
10
4.0792253937007876
20
-4.2206884645669289
11
4.0879492519685039
21
-4.2055782677165352
0
LINE
8
BLACK
6
CONTINUOUS
10
4.0879492519685039
20
-4.2055782677165352
11
4.097956889763779
21
-4.191285905511811
0
LINE
8
BLACK
6
CONTINUOUS
10
4.097956889763779
20
-4.191285905511811
11
4.1091720866141728
21
-4.1779201574803144
0
LINE
8
BLACK
6
CONTINUOUS
10
4.1091720866141728
20
-4.1779201574803144
11
4.1215095275590548
21
-4.1655827165354333
0
LINE
8
BLACK
6
CONTINUOUS
10
4.1215095275590548
20
-4.1655827165354333
11
4.1348752755905513
21
-4.1543675196850396
0
LINE
8
BLACK
6
CONTINUOUS
10
4.1348752755905513
20
-4.1543675196850396
11
4.1491676377952755
21
-4.1443598818897636
0
LINE
8
BLACK
6
CONTINUOUS
10
4.1491676377952755
20
-4.1443598818897636
11
4.1642778346456693
21
-4.1356360236220473
0
LINE
8
BLACK
6
CONTINUOUS
10
4.1642778346456693
20
-4.1356360236220473
11
4.1800908661417324
21
-4.1282622834645668
0
LINE
8
BLACK
6
CONTINUOUS
10
4.1800908661417324
20
-4.1282622834645668
11
4.1964864173228342
21
-4.1222948031496065
0
LINE
8
BLACK
6
CONTINUOUS
10
4.1964864173228342
20
-4.1222948031496065
11
4.2133396456692909
21
-4.1177789763779531
0
LINE
8
BLACK
6
CONTINUOUS
10
4.2133396456692909
20
-4.1177789763779531
11
4.2305223228346458
21
-4.1147492125984249
0
LINE
8
BLACK
6
CONTINUOUS
10
4.2305223228346458
20
-4.1147492125984249
11
4.2479037007874014
21
-4.1132285433070868
0
LINE
8
BLACK
6
CONTINUOUS
10
4.2479037007874014
20
-4.1132285433070868
11
4.2653514173228348
21
-4.1132285433070868
0
LINE
8
BLACK
6
CONTINUOUS
10
4.2653514173228348
20
-4.1132285433070868
11
4.2827327952755905
21
-4.1147492125984249
0
LINE
8
BLACK
6
CONTINUOUS
10
4.2827327952755905
20
-4.1147492125984249
11
4.2999154724409445
21
-4.1177789763779531
0
LINE
8
BLACK
6
CONTINUOUS
10
4.2999154724409445
20
-4.1177789763779531
11
4.3167687007874012
21
-4.1222948031496065
0
LINE
8
BLACK
6
CONTINUOUS
10
4.3167687007874012
20
-4.1222948031496065
11
4.3331642519685039
21
-4.1282622834645668
0
LINE
8
BLACK
6
CONTINUOUS
10
4.3331642519685039
20
-4.1282622834645668
11
4.348977283464567
21
-4.1356360236220473
0
LINE
8
BLACK
6
CONTINUOUS
10
4.348977283464567
20
-4.1356360236220473
11
4.3640874803149607
21
-4.1443598818897636
0
LINE
8
BLACK
6
CONTINUOUS
10
4.3640874803149607
20
-4.1443598818897636
11
4.3783798425196849
21
-4.1543675196850396
0
LINE
8
BLACK
6
CONTINUOUS
10
4.3783798425196849
20
-4.1543675196850396
11
4.3917455905511806
21
-4.1655827165354333
0
LINE
8
BLACK
6
CONTINUOUS
10
4.3917455905511806
20
-4.1655827165354333
11
4.4040830314960626
21
-4.1779201574803144
0
LINE
8
BLACK
6
CONTINUOUS
10
4.4040830314960626
20
-4.1779201574803144
11
4.4152982283464564
21
-4.191285905511811
0
LINE
8
BLACK
6
CONTINUOUS
10
4.4152982283464564
20
-4.191285905511811
11
4.4253058661417324
21
-4.2055782677165352
0
LINE
8
BLACK
6
CONTINUOUS
10
4.4253058661417324
20
-4.2055782677165352
11
4.4340297244094486
21
-4.2206884645669289
0
LINE
8
BLACK
6
CONTINUOUS
10
4.4340297244094486
20
-4.2206884645669289
11
4.4414034645669291
21
-4.2365014960629921
0
LINE
8
BLACK
6
CONTINUOUS
10
4.4414034645669291
20
-4.2365014960629921
11
4.4473709448818894
21
-4.2528970472440948
0
LINE
8
BLACK
6
CONTINUOUS
10
4.4473709448818894
20
-4.2528970472440948
11
4.4518867716535429
21
-4.2697502755905514
0
LINE
8
BLACK
6
CONTINUOUS
10
4.4518867716535429
20
-4.2697502755905514
11
4.4549165354330711
21
-4.2869329527559055
0
LINE
8
BLACK
6
CONTINUOUS
10
4.4549165354330711
20
-4.2869329527559055
11
4.4564372047244092
21
-4.3043143307086611
0
LINE
8
BLACK
6
CONTINUOUS
10
4.4564372047244092
20
-4.3043143307086611
11
4.4564372047244092
21
-4.3217620472440945
0
LINE
8
BLACK
6
CONTINUOUS
10
4.4564372047244092
20
-4.3217620472440945
11
4.4549165354330711
21
-4.3391434251968501
0
LINE
8
BLACK
6
CONTINUOUS
10
4.4549165354330711
20
-4.3391434251968501
11
4.4518867716535429
21
-4.3563261023622042
0
LINE
8
BLACK
6
CONTINUOUS
10
4.4518867716535429
20
-4.3563261023622042
11
4.4473709448818894
21
-4.3731793307086617
0
LINE
8
BLACK
6
CONTINUOUS
10
4.4473709448818894
20
-4.3731793307086617
11
4.4414034645669291
21
-4.3895748818897635
0
LINE
8
BLACK
6
CONTINUOUS
10
4.4414034645669291
20
-4.3895748818897635
11
4.4340297244094486
21
-4.4053879133858267
0
LINE
8
BLACK
6
CONTINUOUS
10
4.4340297244094486
20
-4.4053879133858267
11
4.4253058661417324
21
-4.4204981102362204
0
LINE
8
BLACK
6
CONTINUOUS
10
4.4253058661417324
20
-4.4204981102362204
11
4.4152982283464564
21
-4.4347904724409446
0
LINE
8
BLACK
6
CONTINUOUS
10
4.4152982283464564
20
-4.4347904724409446
11
4.4040830314960626
21
-4.4481562204724412
0
LINE
8
BLACK
6
CONTINUOUS
10
4.4040830314960626
20
-4.4481562204724412
11
4.3917455905511806
21
-4.4604936614173232
0
LINE
8
BLACK
6
CONTINUOUS
10
4.3917455905511806
20
-4.4604936614173232
11
4.3783798425196849
21
-4.471708858267716
0
LINE
8
BLACK
6
CONTINUOUS
10
4.3783798425196849
20
-4.471708858267716
11
4.3640874803149607
21
-4.4817164960629921
0
LINE
8
BLACK
6
CONTINUOUS
10
4.3640874803149607
20
-4.4817164960629921
11
4.348977283464567
21
-4.4904403543307083
0
LINE
8
BLACK
6
CONTINUOUS
10
4.348977283464567
20
-4.4904403543307083
11
4.3331642519685039
21
-4.4978140944881888
0
LINE
8
BLACK
6
CONTINUOUS
10
4.3331642519685039
20
-4.4978140944881888
11
4.3167687007874012
21
-4.5037815748031491
0
LINE
8
BLACK
6
CONTINUOUS
10
4.3167687007874012
20
-4.5037815748031491
11
4.2999154724409445
21
-4.5082974015748034
0
LINE
8
BLACK
6
CONTINUOUS
10
4.2999154724409445
20
-4.5082974015748034
11
4.2827327952755905
21
-4.5113271653543308
0
LINE
8
BLACK
6
CONTINUOUS
10
4.2827327952755905
20
-4.5113271653543308
11
4.2653514173228348
21
-4.5128478346456689
0
LINE
8
BLACK
6
CONTINUOUS
10
4.2653514173228348
20
-4.5128478346456689
11
4.2479037007874014
21
-4.5128478346456689
0
LINE
8
BLACK
6
CONTINUOUS
10
4.2479037007874014
20
-4.5128478346456689
11
4.2305223228346458
21
-4.5113271653543308
0
LINE
8
BLACK
6
CONTINUOUS
10
4.2305223228346458
20
-4.5113271653543308
11
4.2133396456692909
21
-4.5082974015748034
0
LINE
8
BLACK
6
CONTINUOUS
10
4.2133396456692909
20
-4.5082974015748034
11
4.1964864173228342
21
-4.5037815748031491
0
LINE
8
BLACK
6
CONTINUOUS
10
4.1964864173228342
20
-4.5037815748031491
11
4.1800908661417324
21
-4.4978140944881888
0
LINE
8
BLACK
6
CONTINUOUS
10
4.1800908661417324
20
-4.4978140944881888
11
4.1642778346456693
21
-4.4904403543307083
0
LINE
8
BLACK
6
CONTINUOUS
10
4.1642778346456693
20
-4.4904403543307083
11
4.1491676377952755
21
-4.4817164960629921
0
LINE
8
BLACK
6
CONTINUOUS
10
4.1491676377952755
20
-4.4817164960629921
11
4.1348752755905513
21
-4.471708858267716
0
LINE
8
BLACK
6
CONTINUOUS
10
4.1348752755905513
20
-4.471708858267716
11
4.1215095275590548
21
-4.4604936614173232
0
LINE
8
BLACK
6
CONTINUOUS
10
4.1215095275590548
20
-4.4604936614173232
11
4.1091720866141728
21
-4.4481562204724412
0
LINE
8
BLACK
6
CONTINUOUS
10
4.1091720866141728
20
-4.4481562204724412
11
4.097956889763779
21
-4.4347904724409446
0
LINE
8
BLACK
6
CONTINUOUS
10
4.097956889763779
20
-4.4347904724409446
11
4.0879492519685039
21
-4.4204981102362204
0
LINE
8
BLACK
6
CONTINUOUS
10
4.0879492519685039
20
-4.4204981102362204
11
4.0792253937007876
21
-4.4053879133858267
0
LINE
8
BLACK
6
CONTINUOUS
10
4.0792253937007876
20
-4.4053879133858267
11
4.0718516535433071
21
-4.3895748818897635
0
LINE
8
BLACK
6
CONTINUOUS
10
4.0718516535433071
20
-4.3895748818897635
11
4.0658841732283459
21
-4.3731793307086617
0
LINE
8
BLACK
6
CONTINUOUS
10
4.0658841732283459
20
-4.3731793307086617
11
4.0613683464566925
21
-4.3563261023622042
0
LINE
8
BLACK
6
CONTINUOUS
10
4.0613683464566925
20
-4.3563261023622042
11
4.0583385826771652
21
-4.3391434251968501
0
LINE
8
BLACK
6
CONTINUOUS
10
4.0583385826771652
20
-4.3391434251968501
11
4.0581202362204722
21
-4.3366477165354329
0
LINE
8
BLACK
6
CONTINUOUS
10
4.0581202362204722
20
-4.3366477165354329
11
4.0324877559055121
21
-4.3359766141732283
0
LINE
8
BLACK
6
CONTINUOUS
10
4.0324877559055121
20
-4.3359766141732283
11
4.0064509055118105
21
-4.3339275590551178
0
LINE
8
BLACK
6
CONTINUOUS
10
4.0064509055118105
20
-4.3339275590551178
11
3.980556968503937
21
-4.3305186220472436
0
LINE
8
BLACK
6
CONTINUOUS
10
3.980556968503937
20
-4.3305186220472436
11
3.9548769685039371
21
-4.3257592125984248
0
LINE
8
BLACK
6
CONTINUOUS
10
3.9548769685039371
20
-4.3257592125984248
11
3.9294812204724408
21
-4.3196623228346454
0
LINE
8
BLACK
6
CONTINUOUS
10
3.9294812204724408
20
-4.3196623228346454
11
3.9044393700787401
21
-4.3122446456692911
0
LINE
8
BLACK
6
CONTINUOUS
10
3.9044393700787401
20
-4.3122446456692911
11
3.8798200393700788
21
-4.3035265748031497
0
LINE
8
BLACK
6
CONTINUOUS
10
3.8798200393700788
20
-4.3035265748031497
11
3.8556907480314959
21
-4.2935319685039373
0
LINE
8
BLACK
6
CONTINUOUS
10
3.8556907480314959
20
-4.2935319685039373
11
3.8321175984251967
21
-4.2822882283464567
0
LINE
8
BLACK
6
CONTINUOUS
10
3.8321175984251967
20
-4.2822882283464567
11
3.8091651968503935
21
-4.2698261811023617
0
LINE
8
BLACK
6
CONTINUOUS
10
3.8091651968503935
20
-4.2698261811023617
11
3.7868964566929133
21
-4.2561799606299209
0
LINE
8
BLACK
6
CONTINUOUS
10
3.7868964566929133
20
-4.2561799606299209
11
3.7653724015748029
21
-4.2413870078740157
0
LINE
8
BLACK
6
CONTINUOUS
10
3.7653724015748029
20
-4.2413870078740157
11
3.744652086614173
21
-4.2254878346456692
0
LINE
8
BLACK
6
CONTINUOUS
10
3.744652086614173
20
-4.2254878346456692
11
3.7247922834645668
21
-4.2085260236220474
0
LINE
8
BLACK
6
CONTINUOUS
10
3.7247922834645668
20
-4.2085260236220474
11
3.7058473622047243
21
-4.190548070866142
0
LINE
8
BLACK
6
CONTINUOUS
10
3.7058473622047243
20
-4.190548070866142
11
3.7058481496062989
21
-4.190547283464567
0
LINE
8
BLACK
6
CONTINUOUS
10
3.7058481496062989
20
-4.190547283464567
11
3.7058481102362202
21
-4.1905472440944882
0
LINE
8
BLACK
6
CONTINUOUS
10
3.7058481102362202
20
-4.1905472440944882
11
3.4159600000000001
21
-3.9006591338582677
0
LINE
8
BLACK
6
CONTINUOUS
10
3.4159600000000001
20
-3.9006591338582677
11
3.4159598425196851
21
-3.9006589370078739
0
LINE
8
BLACK
6
CONTINUOUS
10
3.4159598425196851
20
-3.9006589370078739
11
3.4159597637795276
21
-3.9006588976377952
0
LINE
8
BLACK
6
CONTINUOUS
10
3.4159597637795276
20
-3.9006588976377952
11
3.405965905511811
21
-3.8897522047244095
0
LINE
8
BLACK
6
CONTINUOUS
10
3.405965905511811
20
-3.8897522047244095
11
3.3969605905511808
21
-3.8780159448818896
0
LINE
8
BLACK
6
CONTINUOUS
10
3.3969605905511808
20
-3.8780159448818896
11
3.3890124803149604
21
-3.8655395275590552
0
LINE
8
BLACK
6
CONTINUOUS
10
3.3890124803149604
20
-3.8655395275590552
11
3.3821819685039372
21
-3.8524178740157478
0
LINE
8
BLACK
6
CONTINUOUS
10
3.3821819685039372
20
-3.8524178740157478
11
3.3765210629921261
21
-3.8387508267716535
0
LINE
8
BLACK
6
CONTINUOUS
10
3.3765210629921261
20
-3.8387508267716535
11
3.372072874015748
21
-3.8246424015748031
0
LINE
8
BLACK
6
CONTINUOUS
10
3.372072874015748
20
-3.8246424015748031
11
3.3688711811023619
21
-3.8102
0
LINE
8
BLACK
6
CONTINUOUS
10
3.3688711811023619
20
-3.8102
11
3.3669404724409446
21
-3.7955335039370079
0
LINE
8
BLACK
6
CONTINUOUS
10
3.3669404724409446
20
-3.7955335039370079
11
3.3662960629921259
21
-3.7807717322834646
0
LINE
8
BLACK
6
CONTINUOUS
10
3.3662960629921259
20
-3.7807717322834646
11
3.3662939763779525
21
-3.7807545275590551
0
LINE
8
BLACK
6
CONTINUOUS
10
3.3662939763779525
20
-3.7807545275590551
11
3.36693937007874
21
-3.7659755511811022
0
LINE
8
BLACK
6
CONTINUOUS
10
3.36693937007874
20
-3.7659755511811022
11
3.3688703149606298
21
-3.7513090551181101
0
LINE
8
BLACK
6
CONTINUOUS
10
3.3688703149606298
20
-3.7513090551181101
11
3.3720722047244092
21
-3.736866653543307
0
LINE
8
BLACK
6
CONTINUOUS
10
3.3720722047244092
20
-3.736866653543307
11
3.3765206299212598
21
-3.7227582677165354
0
LINE
8
BLACK
6
CONTINUOUS
10
3.3765206299212598
20
-3.7227582677165354
11
3.3821817322834646
21
-3.7090912598425194
0
LINE
8
BLACK
6
CONTINUOUS
10
3.3821817322834646
20
-3.7090912598425194
11
3.3890124409448816
21
-3.69596968503937
0
LINE
8
BLACK
6
CONTINUOUS
10
3.3890124409448816
20
-3.69596968503937
11
3.3969607480314958
21
-3.6834933070866143
0
LINE
8
BLACK
6
CONTINUOUS
10
3.3969607480314958
20
-3.6834933070866143
11
3.4059661811023623
21
-3.6717572047244094
0
LINE
8
BLACK
6
CONTINUOUS
10
3.4059661811023623
20
-3.6717572047244094
11
3.4159491732283462
21
-3.6608625984251968
0
LINE
8
BLACK
6
CONTINUOUS
10
3.4159491732283462
20
-3.6608625984251968
11
3.4159600000000001
21
-3.6608502755905512
0
LINE
8
BLACK
6
CONTINUOUS
10
3.4159600000000001
20
-3.6608502755905512
11
3.5276301968503936
21
-3.5491800787401573
0
LINE
8
BLACK
6
CONTINUOUS
10
3.5276301968503936
20
-3.5491800787401573
11
3.527280590551181
21
-3.5474224803149608
0
LINE
8
BLACK
6
CONTINUOUS
10
3.527280590551181
20
-3.5474224803149608
11
3.527280590551181
21
-3.5400712204724409
0
LINE
8
BLACK
6
CONTINUOUS
10
3.527280590551181
20
-3.5400712204724409
11
3.5287147244094488
21
-3.532861181102362
0
LINE
8
BLACK
6
CONTINUOUS
10
3.5287147244094488
20
-3.532861181102362
11
3.5315279527559054
21
-3.5260694881889765
0
LINE
8
BLACK
6
CONTINUOUS
10
3.5315279527559054
20
-3.5260694881889765
11
3.5356121259842519
21
-3.5199570866141729
0
LINE
8
BLACK
6
CONTINUOUS
10
3.5356121259842519
20
-3.5199570866141729
11
3.5408102362204725
21
-3.5147589763779528
0
LINE
8
BLACK
6
CONTINUOUS
10
3.5408102362204725
20
-3.5147589763779528
11
3.5469226377952756
21
-3.5106748031496062
0
LINE
8
BLACK
6
CONTINUOUS
10
3.5469226377952756
20
-3.5106748031496062
11
3.5537143307086612
21
-3.5078615748031496
0
LINE
8
BLACK
6
CONTINUOUS
10
3.5537143307086612
20
-3.5078615748031496
11
3.5609243700787401
21
-3.5064274409448819
0
LINE
8
BLACK
6
CONTINUOUS
10
3.5609243700787401
20
-3.5064274409448819
11
3.5646
21
-3.5062468503937008
0
LINE
8
BLACK
6
CONTINUOUS
10
3.5646
20
-3.5062468503937008
11
3.5683401574803151
21
-3.5062468503937008
0
LINE
8
BLACK
6
CONTINUOUS
10
3.5683401574803151
20
-3.5062468503937008
11
3.5720157874015745
21
-3.5064274409448819
0
LINE
8
BLACK
6
CONTINUOUS
10
3.4441550787401574
20
-3.2236737007874017
11
3.449146377952756
21
-3.2257411417322834
0
LINE
8
BLACK
6
CONTINUOUS
10
3.449146377952756
20
-3.2257411417322834
11
3.4536383858267716
21
-3.2287426377952757
0
LINE
8
BLACK
6
CONTINUOUS
10
3.4536383858267716
20
-3.2287426377952757
11
3.4574585433070864
21
-3.2325627952755904
0
LINE
8
BLACK
6
CONTINUOUS
10
3.4574585433070864
20
-3.2325627952755904
11
3.4604600393700786
21
-3.237054803149606
0
LINE
8
BLACK
6
CONTINUOUS
10
3.4604600393700786
20
-3.237054803149606
11
3.4625274803149604
21
-3.2420461023622047
0
LINE
8
BLACK
6
CONTINUOUS
10
3.4625274803149604
20
-3.2420461023622047
11
3.4635814566929133
21
-3.2473448031496064
0
LINE
8
BLACK
6
CONTINUOUS
10
3.4635814566929133
20
-3.2473448031496064
11
3.4635814566929133
21
-3.2527473228346455
0
LINE
8
BLACK
6
CONTINUOUS
10
3.4635814566929133
20
-3.2527473228346455
11
3.462712401574803
21
-3.2571161811023623
0
LINE
8
BLACK
6
CONTINUOUS
10
3.462712401574803
20
-3.2571161811023623
11
3.4936790551181103
21
-3.2880827952755904
0
LINE
8
BLACK
6
CONTINUOUS
10
3.4936790551181103
20
-3.2880827952755904
11
3.4936919291338584
21
-3.2880974803149607
0
LINE
8
BLACK
6
CONTINUOUS
10
3.4936919291338584
20
-3.2880974803149607
11
3.4953991338582675
21
-3.2898045669291336
0
LINE
8
BLACK
6
CONTINUOUS
10
3.4953991338582675
20
-3.2898045669291336
11
3.4994472834645669
21
-3.2925092519685037
0
LINE
8
BLACK
6
CONTINUOUS
10
3.4994472834645669
20
-3.2925092519685037
11
3.5039452755905511
21
-3.2943721653543308
0
LINE
8
BLACK
6
CONTINUOUS
10
3.5039452755905511
20
-3.2943721653543308
11
3.5087202755905511
21
-3.2953217716535432
0
LINE
8
BLACK
6
CONTINUOUS
10
3.5087202755905511
20
-3.2953217716535432
11
3.5111545669291337
21
-3.295321653543307
0
LINE
8
BLACK
6
CONTINUOUS
10
3.5111545669291337
20
-3.295321653543307
11
3.5111551181102363
21
-3.2953217322834645
0
LINE
8
BLACK
6
CONTINUOUS
10
3.5111551181102363
20
-3.2953217322834645
11
3.5111556692913384
21
-3.295321653543307
0
LINE
8
BLACK
6
CONTINUOUS
10
3.5111556692913384
20
-3.295321653543307
11
3.5179787007874017
21
-3.2957691338582675
0
LINE
8
BLACK
6
CONTINUOUS
10
3.5179787007874017
20
-3.2957691338582675
11
3.5246849212598423
21
-3.2971033858267718
0
LINE
8
BLACK
6
CONTINUOUS
10
3.5246849212598423
20
-3.2971033858267718
11
3.5311596456692911
21
-3.2993015748031493
0
LINE
8
BLACK
6
CONTINUOUS
10
3.5311596456692911
20
-3.2993015748031493
11
3.5372920078740155
21
-3.3023260629921261
0
LINE
8
BLACK
6
CONTINUOUS
10
3.5372920078740155
20
-3.3023260629921261
11
3.5429771653543307
21
-3.3061251574803148
0
LINE
8
BLACK
6
CONTINUOUS
10
3.5429771653543307
20
-3.3061251574803148
11
3.5467569685039368
21
-3.3094402755905512
0
LINE
8
BLACK
6
CONTINUOUS
10
3.5467569685039368
20
-3.3094402755905512
11
3.546763188976378
21
-3.3094438582677164
0
LINE
8
BLACK
6
CONTINUOUS
10
3.546763188976378
20
-3.3094438582677164
11
3.548118307086614
21
-3.3106323228346457
0
LINE
8
BLACK
6
CONTINUOUS
10
3.548118307086614
20
-3.3106323228346457
11
3.5481187401574803
21
-3.3106327559055115
0
LINE
8
BLACK
6
CONTINUOUS
10
3.5481187401574803
20
-3.3106327559055115
11
3.5481187795275591
21
-3.3106327559055115
0
LINE
8
BLACK
6
CONTINUOUS
10
3.5481187795275591
20
-3.3106327559055115
11
3.5481188582677166
21
-3.3106328740157478
0
LINE
8
BLACK
6
CONTINUOUS
10
3.5481188582677166
20
-3.3106328740157478
11
3.5565286220472441
21
-3.3190426377952753
0
LINE
8
BLACK
6
CONTINUOUS
10
3.5565286220472441
20
-3.3190426377952753
11
3.5565286614173228
21
-3.3190426771653541
0
LINE
8
BLACK
6
CONTINUOUS
10
3.5565286614173228
20
-3.3190426771653541
11
3.5625804330708659
21
-3.3258146850393699
0
LINE
8
BLACK
6
CONTINUOUS
10
3.5625804330708659
20
-3.3258146850393699
11
3.5678359842519685
21
-3.333221653543307
0
LINE
8
BLACK
6
CONTINUOUS
10
3.5678359842519685
20
-3.333221653543307
11
3.5722291732283464
21
-3.3411705118110238
0
LINE
8
BLACK
6
CONTINUOUS
10
3.5722291732283464
20
-3.3411705118110238
11
3.5757048031496064
21
-3.3495612598425195
0
LINE
8
BLACK
6
CONTINUOUS
10
3.5757048031496064
20
-3.3495612598425195
11
3.5782190944881891
21
-3.3582883464566931
0
LINE
8
BLACK
6
CONTINUOUS
10
3.5782190944881891
20
-3.3582883464566931
11
3.5797404724409447
21
-3.3672420866141732
0
LINE
8
BLACK
6
CONTINUOUS
10
3.5797404724409447
20
-3.3672420866141732
11
3.5802498425196849
21
-3.3763098818897639
0
LINE
8
BLACK
6
CONTINUOUS
10
3.5802498425196849
20
-3.3763098818897639
11
3.5802496062992124
21
-3.3763098818897639
0
LINE
8
BLACK
6
CONTINUOUS
10
3.5802496062992124
20
-3.3763098818897639
11
3.5802496062992124
21
-3.3763100787401572
0
LINE
8
BLACK
6
CONTINUOUS
10
3.5802496062992124
20
-3.3763100787401572
11
3.5802496062992124
21
-3.4062468503937007
0
LINE
8
BLACK
6
CONTINUOUS
10
3.5802496062992124
20
-3.4062468503937007
11
3.6058401574803147
21
-3.4062468503937007
0
LINE
8
BLACK
6
CONTINUOUS
10
3.6058401574803147
20
-3.4062468503937007
11
3.6058401574803147
21
-3.4812468503937009
0
LINE
8
BLACK
6
CONTINUOUS
10
3.6058401574803147
20
-3.4812468503937009
11
3.5270999999999999
21
-3.4812468503937009
0
LINE
8
BLACK
6
CONTINUOUS
10
3.5270999999999999
20
-3.4812468503937009
11
3.5270999999999999
21
-3.4062468503937007
0
LINE
8
BLACK
6
CONTINUOUS
10
3.5270999999999999
20
-3.4062468503937007
11
3.5526905511811022
21
-3.4062468503937007
0
LINE
8
BLACK
6
CONTINUOUS
10
3.5526905511811022
20
-3.4062468503937007
11
3.5526905511811022
21
-3.3763100787401572
0
LINE
8
BLACK
6
CONTINUOUS
10
3.5526905511811022
20
-3.3763100787401572
11
3.552690748031496
21
-3.3763064566929133
0
LINE
8
BLACK
6
CONTINUOUS
10
3.552690748031496
20
-3.3763064566929133
11
3.552690748031496
21
-3.3728083070866139
0
LINE
8
BLACK
6
CONTINUOUS
10
3.552690748031496
20
-3.3728083070866139
11
3.5517764566929131
21
-3.3658642913385828
0
LINE
8
BLACK
6
CONTINUOUS
10
3.5517764566929131
20
-3.3658642913385828
11
3.5499636614173227
21
-3.3590990157480314
0
LINE
8
BLACK
6
CONTINUOUS
10
3.5499636614173227
20
-3.3590990157480314
11
3.5472833464566929
21
-3.3526282677165353
0
LINE
8
BLACK
6
CONTINUOUS
10
3.5472833464566929
20
-3.3526282677165353
11
3.5437813779527558
21
-3.346562677165354
0
LINE
8
BLACK
6
CONTINUOUS
10
3.5437813779527558
20
-3.346562677165354
11
3.5395176377952757
21
-3.3410060629921259
0
LINE
8
BLACK
6
CONTINUOUS
10
3.5395176377952757
20
-3.3410060629921259
11
3.5370413779527556
21
-3.3385298031496062
0
LINE
8
BLACK
6
CONTINUOUS
10
3.5370413779527556
20
-3.3385298031496062
11
3.5370414173228344
21
-3.3385297637795275
0
LINE
8
BLACK
6
CONTINUOUS
10
3.5370414173228344
20
-3.3385297637795275
11
3.5286311417322835
21
-3.3301194881889762
0
LINE
8
BLACK
6
CONTINUOUS
10
3.5286311417322835
20
-3.3301194881889762
11
3.528630905511811
21
-3.3301192125984249
0
LINE
8
BLACK
6
CONTINUOUS
10
3.528630905511811
20
-3.3301192125984249
11
3.5286306692913385
21
-3.3301190551181103
0
LINE
8
BLACK
6
CONTINUOUS
10
3.5286306692913385
20
-3.3301190551181103
11
3.5286296456692914
21
-3.3301200393700787
0
LINE
8
BLACK
6
CONTINUOUS
10
3.5286296456692914
20
-3.3301200393700787
11
3.5269085433070866
21
-3.3283987795275589
0
LINE
8
BLACK
6
CONTINUOUS
10
3.5269085433070866
20
-3.3283987795275589
11
3.522860905511811
21
-3.3256939763779525
0
LINE
8
BLACK
6
CONTINUOUS
10
3.522860905511811
20
-3.3256939763779525
11
3.5183633070866143
21
-3.3238307874015747
0
LINE
8
BLACK
6
CONTINUOUS
10
3.5183633070866143
20
-3.3238307874015747
11
3.5135886614173226
21
-3.3228808267716534
0
LINE
8
BLACK
6
CONTINUOUS
10
3.5135886614173226
20
-3.3228808267716534
11
3.5111545669291337
21
-3.3228807086614172
0
LINE
8
BLACK
6
CONTINUOUS
10
3.5111545669291337
20
-3.3228807086614172
11
3.5111537795275591
21
-3.3228805511811021
0
LINE
8
BLACK
6
CONTINUOUS
10
3.5111537795275591
20
-3.3228805511811021
11
3.5043324409448817
21
-3.3224337795275591
0
LINE
8
BLACK
6
CONTINUOUS
10
3.5043324409448817
20
-3.3224337795275591
11
3.4976259448818898
21
-3.3211000393700787
0
LINE
8
BLACK
6
CONTINUOUS
10
3.4976259448818898
20
-3.3211000393700787
11
3.4911509055118111
21
-3.3189023228346457
0
LINE
8
BLACK
6
CONTINUOUS
10
3.4911509055118111
20
-3.3189023228346457
11
3.4850181102362203
21
-3.3158782677165353
0
LINE
8
BLACK
6
CONTINUOUS
10
3.4850181102362203
20
-3.3158782677165353
11
3.4793324803149606
21
-3.3120796062992124
0
LINE
8
BLACK
6
CONTINUOUS
10
3.4793324803149606
20
-3.3120796062992124
11
3.4741913385826773
21
-3.3075712598425198
0
LINE
8
BLACK
6
CONTINUOUS
10
3.4741913385826773
20
-3.3075712598425198
11
3.4741922440944881
21
-3.3075703937007872
0
LINE
8
BLACK
6
CONTINUOUS
10
3.4741922440944881
20
-3.3075703937007872
11
3.4741921259842519
21
-3.3075702362204722
0
LINE
8
BLACK
6
CONTINUOUS
10
3.4741921259842519
20
-3.3075702362204722
11
3.4741918503937006
21
-3.3075700000000001
0
LINE
8
BLACK
6
CONTINUOUS
10
3.4741918503937006
20
-3.3075700000000001
11
3.4432252362204725
21
-3.2766033464566928
0
LINE
8
BLACK
6
CONTINUOUS
10
3.4432252362204725
20
-3.2766033464566928
11
3.4388563779527557
21
-3.2774724015748031
0
LINE
8
BLACK
6
CONTINUOUS
10
3.4388563779527557
20
-3.2774724015748031
11
3.4334538582677165
21
-3.2774724015748031
0
LINE
8
BLACK
6
CONTINUOUS
10
3.4334538582677165
20
-3.2774724015748031
11
3.4281551574803149
21
-3.2764184251968502
0
LINE
8
BLACK
6
CONTINUOUS
10
3.4281551574803149
20
-3.2764184251968502
11
3.4231638582677166
21
-3.2743509842519685
0
LINE
8
BLACK
6
CONTINUOUS
10
3.4231638582677166
20
-3.2743509842519685
11
3.4186718503937006
21
-3.2713494881889762
0
LINE
8
BLACK
6
CONTINUOUS
10
3.4186718503937006
20
-3.2713494881889762
11
3.4148516929133859
21
-3.2675293307086615
0
LINE
8
BLACK
6
CONTINUOUS
10
3.4148516929133859
20
-3.2675293307086615
11
3.4118501968503936
21
-3.2630373228346454
0
LINE
8
BLACK
6
CONTINUOUS
10
3.4118501968503936
20
-3.2630373228346454
11
3.4097827559055118
21
-3.2580460236220472
0
LINE
8
BLACK
6
CONTINUOUS
10
3.4097827559055118
20
-3.2580460236220472
11
3.4087287795275589
21
-3.2527473228346455
0
LINE
8
BLACK
6
CONTINUOUS
10
3.4087287795275589
20
-3.2527473228346455
11
3.4087287795275589
21
-3.2473448031496064
0
LINE
8
BLACK
6
CONTINUOUS
10
3.4087287795275589
20
-3.2473448031496064
11
3.4097827559055118
21
-3.2420461023622047
0
LINE
8
BLACK
6
CONTINUOUS
10
3.4097827559055118
20
-3.2420461023622047
11
3.4118501968503936
21
-3.237054803149606
0
LINE
8
BLACK
6
CONTINUOUS
10
3.4118501968503936
20
-3.237054803149606
11
3.4148516929133859
21
-3.2325627952755904
0
LINE
8
BLACK
6
CONTINUOUS
10
3.4148516929133859
20
-3.2325627952755904
11
3.4186718503937006
21
-3.2287426377952757
0
LINE
8
BLACK
6
CONTINUOUS
10
3.4186718503937006
20
-3.2287426377952757
11
3.4231638582677166
21
-3.2257411417322834
0
LINE
8
BLACK
6
CONTINUOUS
10
3.4231638582677166
20
-3.2257411417322834
11
3.4281551574803149
21
-3.2236737007874017
0
LINE
8
BLACK
6
CONTINUOUS
10
3.4281551574803149
20
-3.2236737007874017
11
3.4334538582677165
21
-3.2226197244094488
0
LINE
8
BLACK
6
CONTINUOUS
10
3.4334538582677165
20
-3.2226197244094488
11
3.4388563779527557
21
-3.2226197244094488
0
LINE
8
BLACK
6
CONTINUOUS
10
3.4388563779527557
20
-3.2226197244094488
11
3.4441550787401574
21
-3.2236737007874017
0
LINE
8
BLACK
6
CONTINUOUS
10
5.2701366535433074
20
-2.4572242913385827
11
5.2770110236220473
21
-2.4594579133858265
0
LINE
8
BLACK
6
CONTINUOUS
10
5.2770110236220473
20
-2.4594579133858265
11
5.2834512992125982
21
-2.4627394094488189
0
LINE
8
BLACK
6
CONTINUOUS
10
5.2834512992125982
20
-2.4627394094488189
11
5.2892989763779523
21
-2.4669879921259841
0
LINE
8
BLACK
6
CONTINUOUS
10
5.2892989763779523
20
-2.4669879921259841
11
5.2944100393700788
21
-2.4720990551181101
0
LINE
8
BLACK
6
CONTINUOUS
10
5.2944100393700788
20
-2.4720990551181101
11
5.2986586220472436
21
-2.4779467322834643
0
LINE
8
BLACK
6
CONTINUOUS
10
5.2986586220472436
20
-2.4779467322834643
11
5.3019401181102364
21
-2.4843870078740156
0
LINE
8
BLACK
6
CONTINUOUS
10
5.3019401181102364
20
-2.4843870078740156
11
5.3041737401574798
21
-2.4912613779527559
0
LINE
8
BLACK
6
CONTINUOUS
10
5.3041737401574798
20
-2.4912613779527559
11
5.3053044488188972
21
-2.4984005118110235
0
LINE
8
BLACK
6
CONTINUOUS
10
5.3053044488188972
20
-2.4984005118110235
11
5.3053044488188972
21
-2.5056286220472441
0
LINE
8
BLACK
6
CONTINUOUS
10
5.3053044488188972
20
-2.5056286220472441
11
5.3041737401574798
21
-2.5127677559055117
0
LINE
8
BLACK
6
CONTINUOUS
10
5.3041737401574798
20
-2.5127677559055117
11
5.3019401181102364
21
-2.5196421259842521
0
LINE
8
BLACK
6
CONTINUOUS
10
5.3019401181102364
20
-2.5196421259842521
11
5.2986586220472436
21
-2.5260824015748029
0
LINE
8
BLACK
6
CONTINUOUS
10
5.2986586220472436
20
-2.5260824015748029
11
5.2944100393700788
21
-2.5319300787401575
0
LINE
8
BLACK
6
CONTINUOUS
10
5.2944100393700788
20
-2.5319300787401575
11
5.2892989763779523
21
-2.5370411417322836
0
LINE
8
BLACK
6
CONTINUOUS
10
5.2892989763779523
20
-2.5370411417322836
11
5.2834512992125982
21
-2.5412897244094488
0
LINE
8
BLACK
6
CONTINUOUS
10
5.2834512992125982
20
-2.5412897244094488
11
5.2770110236220473
21
-2.5445712204724411
0
LINE
8
BLACK
6
CONTINUOUS
10
5.2770110236220473
20
-2.5445712204724411
11
5.2731629921259842
21
-2.5458214960629921
0
LINE
8
BLACK
6
CONTINUOUS
10
5.2731629921259842
20
-2.5458214960629921
11
5.2731629921259842
21
-2.6550579921259843
0
LINE
8
BLACK
6
CONTINUOUS
10
5.2731629921259842
20
-2.6550579921259843
11
5.2770110236220473
21
-2.656308307086614
0
LINE
8
BLACK
6
CONTINUOUS
10
5.2770110236220473
20
-2.656308307086614
11
5.2834512992125982
21
-2.6595898031496064
0
LINE
8
BLACK
6
CONTINUOUS
10
5.2834512992125982
20
-2.6595898031496064
11
5.2892989763779523
21
-2.6638383858267716
0
LINE
8
BLACK
6
CONTINUOUS
10
5.2892989763779523
20
-2.6638383858267716
11
5.2944100393700788
21
-2.6689494488188976
0
LINE
8
BLACK
6
CONTINUOUS
10
5.2944100393700788
20
-2.6689494488188976
11
5.2986586220472436
21
-2.6747971259842518
0
LINE
8
BLACK
6
CONTINUOUS
10
5.2986586220472436
20
-2.6747971259842518
11
5.3019401181102364
21
-2.6812374015748031
0
LINE
8
BLACK
6
CONTINUOUS
10
5.3019401181102364
20
-2.6812374015748031
11
5.3041737401574798
21
-2.6881117716535434
0
LINE
8
BLACK
6
CONTINUOUS
10
5.3041737401574798
20
-2.6881117716535434
11
5.3053044488188972
21
-2.695250905511811
0
LINE
8
BLACK
6
CONTINUOUS
10
5.3053044488188972
20
-2.695250905511811
11
5.3053044488188972
21
-2.7024790157480316
0
LINE
8
BLACK
6
CONTINUOUS
10
5.3053044488188972
20
-2.7024790157480316
11
5.3041737401574798
21
-2.7096181496062992
0
LINE
8
BLACK
6
CONTINUOUS
10
5.3041737401574798
20
-2.7096181496062992
11
5.3019401181102364
21
-2.7164925196850391
0
LINE
8
BLACK
6
CONTINUOUS
10
5.3019401181102364
20
-2.7164925196850391
11
5.2986586220472436
21
-2.7229327952755904
0
LINE
8
BLACK
6
CONTINUOUS
10
5.2986586220472436
20
-2.7229327952755904
11
5.2944100393700788
21
-2.728780472440945
0
LINE
8
BLACK
6
CONTINUOUS
10
5.2944100393700788
20
-2.728780472440945
11
5.2892989763779523
21
-2.7338915354330706
0
LINE
8
BLACK
6
CONTINUOUS
10
5.2892989763779523
20
-2.7338915354330706
11
5.2834512992125982
21
-2.7381401181102363
0
LINE
8
BLACK
6
CONTINUOUS
10
5.2834512992125982
20
-2.7381401181102363
11
5.2770110236220473
21
-2.7414216141732282
0
LINE
8
BLACK
6
CONTINUOUS
10
5.2770110236220473
20
-2.7414216141732282
11
5.2731629921259842
21
-2.7426718897637796
0
LINE
8
BLACK
6
CONTINUOUS
10
5.2731629921259842
20
-2.7426718897637796
11
5.2731629921259842
21
-2.9581476771653543
0
LINE
8
BLACK
6
CONTINUOUS
10
5.2731629921259842
20
-2.9581476771653543
11
5.2725992125984247
21
-2.9710640157480315
0
LINE
8
BLACK
6
CONTINUOUS
10
5.2725992125984247
20
-2.9710640157480315
11
5.2709118503937002
21
-2.9838820472440943
0
LINE
8
BLACK
6
CONTINUOUS
10
5.2709118503937002
20
-2.9838820472440943
11
5.2681137795275585
21
-2.9965042519685037
0
LINE
8
BLACK
6
CONTINUOUS
10
5.2681137795275585
20
-2.9965042519685037
11
5.264226220472441
21
-3.0088345669291336
0
LINE
8
BLACK
6
CONTINUOUS
10
5.264226220472441
20
-3.0088345669291336
11
5.2592788188976378
21
-3.0207791338582677
0
LINE
8
BLACK
6
CONTINUOUS
10
5.2592788188976378
20
-3.0207791338582677
11
5.2533092125984249
21
-3.0322470078740156
0
LINE
8
BLACK
6
CONTINUOUS
10
5.2533092125984249
20
-3.0322470078740156
11
5.2463627952755907
21
-3.0431510236220474
0
LINE
8
BLACK
6
CONTINUOUS
10
5.2463627952755907
20
-3.0431510236220474
11
5.2384925196850389
21
-3.0534081102362203
0
LINE
8
BLACK
6
CONTINUOUS
10
5.2384925196850389
20
-3.0534081102362203
11
5.229758188976378
21
-3.0629401968503935
0
LINE
8
BLACK
6
CONTINUOUS
10
5.229758188976378
20
-3.0629401968503935
11
5.2297571259842517
21
-3.0629391338582677
0
LINE
8
BLACK
6
CONTINUOUS
10
5.2297571259842517
20
-3.0629391338582677
11
5.2297570078740154
21
-3.0629392125984252
0
LINE
8
BLACK
6
CONTINUOUS
10
5.2297570078740154
20
-3.0629392125984252
11
5.2297569291338579
21
-3.0629393307086614
0
LINE
8
BLACK
6
CONTINUOUS
10
5.2297569291338579
20
-3.0629393307086614
11
5.2202249606299214
21
-3.0716736614173228
0
LINE
8
BLACK
6
CONTINUOUS
10
5.2202249606299214
20
-3.0716736614173228
11
5.2099680314960626
21
-3.0795440157480316
0
LINE
8
BLACK
6
CONTINUOUS
10
5.2099680314960626
20
-3.0795440157480316
11
5.199064212598425
21
-3.086490472440945
0
LINE
8
BLACK
6
CONTINUOUS
10
5.199064212598425
20
-3.086490472440945
11
5.1875964566929129
21
-3.0924601968503937
0
LINE
8
BLACK
6
CONTINUOUS
10
5.1875964566929129
20
-3.0924601968503937
11
5.1756520472440943
21
-3.0974077559055115
0
LINE
8
BLACK
6
CONTINUOUS
10
5.1756520472440943
20
-3.0974077559055115
11
5.1633218897637798
21
-3.1012954724409449
0
LINE
8
BLACK
6
CONTINUOUS
10
5.1633218897637798
20
-3.1012954724409449
11
5.1506998425196846
21
-3.1040937401574804
0
LINE
8
BLACK
6
CONTINUOUS
10
5.1506998425196846
20
-3.1040937401574804
11
5.137881929133858
21
-3.1057813385826769
0
LINE
8
BLACK
6
CONTINUOUS
10
5.137881929133858
20
-3.1057813385826769
11
5.1249657086614171
21
-3.1063453543307085
0
LINE
8
BLACK
6
CONTINUOUS
10
5.1249657086614171
20
-3.1063453543307085
11
5.1249657086614171
21
-3.106345275590551
0
LINE
8
BLACK
6
CONTINUOUS
10
5.1249657086614171
20
-3.106345275590551
11
5.1249656692913383
21
-3.1063452362204722
0
LINE
8
BLACK
6
CONTINUOUS
10
5.1249656692913383
20
-3.1063452362204722
11
5.1249655905511808
21
-3.106345275590551
0
LINE
8
BLACK
6
CONTINUOUS
10
5.1249655905511808
20
-3.106345275590551
11
5.0495362992125985
21
-3.106345275590551
0
LINE
8
BLACK
6
CONTINUOUS
10
5.0495362992125985
20
-3.106345275590551
11
5.0495362598425197
21
-3.1063452362204722
0
LINE
8
BLACK
6
CONTINUOUS
10
5.0495362598425197
20
-3.1063452362204722
11
5.0495362598425197
21
-3.106345275590551
0
LINE
8
BLACK
6
CONTINUOUS
10
5.0495362598425197
20
-3.106345275590551
11
5.0495362598425197
21
-3.1063455118110235
0
LINE
8
BLACK
6
CONTINUOUS
10
5.0495362598425197
20
-3.1063455118110235
11
5.0419743700787398
21
-3.1063454724409447
0
LINE
8
BLACK
6
CONTINUOUS
10
5.0419743700787398
20
-3.1063454724409447
11
5.0268972047244089
21
-3.1075320078740156
0
LINE
8
BLACK
6
CONTINUOUS
10
5.0268972047244089
20
-3.1075320078740156
11
5.0119596062992127
21
-3.1098978346456692
0
LINE
8
BLACK
6
CONTINUOUS
10
5.0119596062992127
20
-3.1098978346456692
11
4.9972537007874012
21
-3.1134283858267717
0
LINE
8
BLACK
6
CONTINUOUS
10
4.9972537007874012
20
-3.1134283858267717
11
4.9828701181102364
21
-3.1181018503937006
0
LINE
8
BLACK
6
CONTINUOUS
10
4.9828701181102364
20
-3.1181018503937006
11
4.9688975590551179
21
-3.1238894488188977
0
LINE
8
BLACK
6
CONTINUOUS
10
4.9688975590551179
20
-3.1238894488188977
11
4.9554221653543307
21
-3.1307555118110235
0
LINE
8
BLACK
6
CONTINUOUS
10
4.9554221653543307
20
-3.1307555118110235
11
4.9425270078740153
21
-3.1386576377952755
0
LINE
8
BLACK
6
CONTINUOUS
10
4.9425270078740153
20
-3.1386576377952755
11
4.9302916141732283
21
-3.1475472047244093
0
LINE
8
BLACK
6
CONTINUOUS
10
4.9302916141732283
20
-3.1475472047244093
11
4.9187914173228346
21
-3.1573692913385827
0
LINE
8
BLACK
6
CONTINUOUS
10
4.9187914173228346
20
-3.1573692913385827
11
4.9134443700787402
21
-3.1627163779527558
0
LINE
8
BLACK
6
CONTINUOUS
10
4.9134443700787402
20
-3.1627163779527558
11
4.8530374015748032
21
-3.2231233070866141
0
LINE
8
BLACK
6
CONTINUOUS
10
4.8530374015748032
20
-3.2231233070866141
11
4.8530373228346457
21
-3.2231234645669291
0
LINE
8
BLACK
6
CONTINUOUS
10
4.8530373228346457
20
-3.2231234645669291
11
4.853037283464567
21
-3.2231234251968504
0
LINE
8
BLACK
6
CONTINUOUS
10
4.853037283464567
20
-3.2231234251968504
11
4.853037283464567
21
-3.2231234645669291
0
LINE
8
BLACK
6
CONTINUOUS
10
4.853037283464567
20
-3.2231234645669291
11
4.8530366141732282
21
-3.2231240157480312
0
LINE
8
BLACK
6
CONTINUOUS
10
4.8530366141732282
20
-3.2231240157480312
11
4.838760433070866
21
-3.2364951968503934
0
LINE
8
BLACK
6
CONTINUOUS
10
4.838760433070866
20
-3.2364951968503934
11
4.8236396456692914
21
-3.2489045669291339
0
LINE
8
BLACK
6
CONTINUOUS
10
4.8236396456692914
20
-3.2489045669291339
11
4.8077395669291336
21
-3.2602984251968503
0
LINE
8
BLACK
6
CONTINUOUS
10
4.8077395669291336
20
-3.2602984251968503
11
4.7911283858267719
21
-3.2706279921259842
0
LINE
8
BLACK
6
CONTINUOUS
10
4.7911283858267719
20
-3.2706279921259842
11
4.7738771653543308
21
-3.2798490157480313
0
LINE
8
BLACK
6
CONTINUOUS
10
4.7738771653543308
20
-3.2798490157480313
11
4.756059803149606
21
-3.2879220078740157
0
LINE
8
BLACK
6
CONTINUOUS
10
4.756059803149606
20
-3.2879220078740157
11
4.7377525984251969
21
-3.2948124409448818
0
LINE
8
BLACK
6
CONTINUOUS
10
4.7377525984251969
20
-3.2948124409448818
11
4.7190339370078735
21
-3.3004907480314958
0
LINE
8
BLACK
6
CONTINUOUS
10
4.7190339370078735
20
-3.3004907480314958
11
4.6999839763779523
21
-3.3049326771653544
0
LINE
8
BLACK
6
CONTINUOUS
10
4.6999839763779523
20
-3.3049326771653544
11
4.6806842913385829
21
-3.3081191732283464
0
LINE
8
BLACK
6
CONTINUOUS
10
4.6806842913385829
20
-3.3081191732283464
11
4.6612175196850396
21
-3.3100365748031497
0
LINE
8
BLACK
6
CONTINUOUS
10
4.6612175196850396
20
-3.3100365748031497
11
4.6416670078740152
21
-3.3106766929133857
0
LINE
8
BLACK
6
CONTINUOUS
10
4.6416670078740152
20
-3.3106766929133857
11
4.6416670078740152
21
-3.3106759448818899
0
LINE
8
BLACK
6
CONTINUOUS
10
4.6416670078740152
20
-3.3106759448818899
11
4.6416669291338586
21
-3.3106759842519686
0
LINE
8
BLACK
6
CONTINUOUS
10
4.6416669291338586
20
-3.3106759842519686
11
4.6140672047244093
21
-3.3106759842519686
0
LINE
8
BLACK
6
CONTINUOUS
10
4.6140672047244093
20
-3.3106759842519686
11
4.6115924015748027
21
-3.3143797244094486
0
LINE
8
BLACK
6
CONTINUOUS
10
4.6115924015748027
20
-3.3143797244094486
11
4.6077722440944884
21
-3.3181998818897638
0
LINE
8
BLACK
6
CONTINUOUS
10
4.6077722440944884
20
-3.3181998818897638
11
4.6032802362204723
21
-3.3212013779527561
0
LINE
8
BLACK
6
CONTINUOUS
10
4.6032802362204723
20
-3.3212013779527561
11
4.5982889370078741
21
-3.3232688188976378
0
LINE
8
BLACK
6
CONTINUOUS
10
4.5982889370078741
20
-3.3232688188976378
11
4.592990236220472
21
-3.3243227952755903
0
LINE
8
BLACK
6
CONTINUOUS
10
4.592990236220472
20
-3.3243227952755903
11
4.5875877165354328
21
-3.3243227952755903
0
LINE
8
BLACK
6
CONTINUOUS
10
4.5875877165354328
20
-3.3243227952755903
11
4.5822890157480316
21
-3.3232688188976378
0
LINE
8
BLACK
6
CONTINUOUS
10
4.5822890157480316
20
-3.3232688188976378
11
4.5772977165354334
21
-3.3212013779527561
0
LINE
8
BLACK
6
CONTINUOUS
10
4.5772977165354334
20
-3.3212013779527561
11
4.5728057086614173
21
-3.3181998818897638
0
LINE
8
BLACK
6
CONTINUOUS
10
4.5728057086614173
20
-3.3181998818897638
11
4.5689855511811022
21
-3.3143797244094486
0
LINE
8
BLACK
6
CONTINUOUS
10
4.5689855511811022
20
-3.3143797244094486
11
4.5659840551181103
21
-3.309887716535433
0
LINE
8
BLACK
6
CONTINUOUS
10
4.5659840551181103
20
-3.309887716535433
11
4.5639166141732286
21
-3.3048964173228348
0
LINE
8
BLACK
6
CONTINUOUS
10
4.5639166141732286
20
-3.3048964173228348
11
4.5628626377952752
21
-3.2995977165354331
0
LINE
8
BLACK
6
CONTINUOUS
10
4.5628626377952752
20
-3.2995977165354331
11
4.5628626377952752
21
-3.2941951968503935
0
LINE
8
BLACK
6
CONTINUOUS
10
4.5628626377952752
20
-3.2941951968503935
11
4.5639166141732286
21
-3.2888964960629918
0
LINE
8
BLACK
6
CONTINUOUS
10
4.5639166141732286
20
-3.2888964960629918
11
4.5659840551181103
21
-3.2839051968503936
0
LINE
8
BLACK
6
CONTINUOUS
10
4.5659840551181103
20
-3.2839051968503936
11
4.5689855511811022
21
-3.279413188976378
0
LINE
8
BLACK
6
CONTINUOUS
10
4.5689855511811022
20
-3.279413188976378
11
4.5728057086614173
21
-3.2755930314960628
0
LINE
8
BLACK
6
CONTINUOUS
10
4.5728057086614173
20
-3.2755930314960628
11
4.5772977165354334
21
-3.2725915354330706
0
LINE
8
BLACK
6
CONTINUOUS
10
4.5772977165354334
20
-3.2725915354330706
11
4.5822890157480316
21
-3.2705240944881888
0
LINE
8
BLACK
6
CONTINUOUS
10
4.5822890157480316
20
-3.2705240944881888
11
4.5875877165354328
21
-3.2694701181102364
0
LINE
8
BLACK
6
CONTINUOUS
10
4.5875877165354328
20
-3.2694701181102364
11
4.592990236220472
21
-3.2694701181102364
0
LINE
8
BLACK
6
CONTINUOUS
10
4.592990236220472
20
-3.2694701181102364
11
4.5982889370078741
21
-3.2705240944881888
0
LINE
8
BLACK
6
CONTINUOUS
10
4.5982889370078741
20
-3.2705240944881888
11
4.6032802362204723
21
-3.2725915354330706
0
LINE
8
BLACK
6
CONTINUOUS
10
4.6032802362204723
20
-3.2725915354330706
11
4.6077722440944884
21
-3.2755930314960628
0
LINE
8
BLACK
6
CONTINUOUS
10
4.6077722440944884
20
-3.2755930314960628
11
4.6115924015748027
21
-3.279413188976378
0
LINE
8
BLACK
6
CONTINUOUS
10
4.6115924015748027
20
-3.279413188976378
11
4.6140672047244093
21
-3.283116929133858
0
LINE
8
BLACK
6
CONTINUOUS
10
4.6140672047244093
20
-3.283116929133858
11
4.6416666141732286
21
-3.283116929133858
0
LINE
8
BLACK
6
CONTINUOUS
10
4.6416666141732286
20
-3.283116929133858
11
4.6416668503937011
21
-3.2831168897637792
0
LINE
8
BLACK
6
CONTINUOUS
10
4.6416668503937011
20
-3.2831168897637792
11
4.6416668503937011
21
-3.283116929133858
0
LINE
8
BLACK
6
CONTINUOUS
10
4.6416668503937011
20
-3.283116929133858
11
4.6416669291338586
21
-3.283116929133858
0
LINE
8
BLACK
6
CONTINUOUS
10
4.6416669291338586
20
-3.283116929133858
11
4.6416777165354333
21
-3.2831175984251968
0
LINE
8
BLACK
6
CONTINUOUS
10
4.6416777165354333
20
-3.2831175984251968
11
4.6513586614173228
21
-3.2831175984251968
0
LINE
8
BLACK
6
CONTINUOUS
10
4.6513586614173228
20
-3.2831175984251968
11
4.6706928346456689
21
-3.2817346850393698
0
LINE
8
BLACK
6
CONTINUOUS
10
4.6706928346456689
20
-3.2817346850393698
11
4.6898791338582679
21
-3.2789760236220471
0
LINE
8
BLACK
6
CONTINUOUS
10
4.6898791338582679
20
-3.2789760236220471
11
4.708819724409449
21
-3.2748556692913384
0
LINE
8
BLACK
6
CONTINUOUS
10
4.708819724409449
20
-3.2748556692913384
11
4.7274181102362203
21
-3.2693946062992123
0
LINE
8
BLACK
6
CONTINUOUS
10
4.7274181102362203
20
-3.2693946062992123
11
4.7455795275590553
21
-3.2626206692913384
0
LINE
8
BLACK
6
CONTINUOUS
10
4.7455795275590553
20
-3.2626206692913384
11
4.7632114566929129
21
-3.2545683858267718
0
LINE
8
BLACK
6
CONTINUOUS
10
4.7632114566929129
20
-3.2545683858267718
11
4.7802240157480318
21
-3.2452787795275588
0
LINE
8
BLACK
6
CONTINUOUS
10
4.7802240157480318
20
-3.2452787795275588
11
4.7965304724409448
21
-3.2347991732283465
0
LINE
8
BLACK
6
CONTINUOUS
10
4.7965304724409448
20
-3.2347991732283465
11
4.8120478346456688
21
-3.223182992125984
0
LINE
8
BLACK
6
CONTINUOUS
10
4.8120478346456688
20
-3.223182992125984
11
4.8266969685039367
21
-3.2104894094488188
0
LINE
8
BLACK
6
CONTINUOUS
10
4.8266969685039367
20
-3.2104894094488188
11
4.8335500787401573
21
-3.2036362598425194
0
LINE
8
BLACK
6
CONTINUOUS
10
4.8335500787401573
20
-3.2036362598425194
11
4.8335500787401573
21
-3.2036362992125982
0
LINE
8
BLACK
6
CONTINUOUS
10
4.8335500787401573
20
-3.2036362992125982
11
4.8335501968503936
21
-3.2036361811023619
0
LINE
8
BLACK
6
CONTINUOUS
10
4.8335501968503936
20
-3.2036361811023619
11
4.8939570078740156
21
-3.1432293307086612
0
LINE
8
BLACK
6
CONTINUOUS
10
4.8939570078740156
20
-3.1432293307086612
11
4.8939571259842518
21
-3.1432292125984249
0
LINE
8
BLACK
6
CONTINUOUS
10
4.8939571259842518
20
-3.1432292125984249
11
4.9066433464566925
21
-3.1315022047244092
0
LINE
8
BLACK
6
CONTINUOUS
10
4.9066433464566925
20
-3.1315022047244092
11
4.9202105118110238
21
-3.1208066929133857
0
LINE
8
BLACK
6
CONTINUOUS
10
4.9202105118110238
20
-3.1208066929133857
11
4.9345750393700785
21
-3.1112086220472439
0
LINE
8
BLACK
6
CONTINUOUS
10
4.9345750393700785
20
-3.1112086220472439
11
4.9496483464566925
21
-3.1027671653543307
0
LINE
8
BLACK
6
CONTINUOUS
10
4.9496483464566925
20
-3.1027671653543307
11
4.9653374803149601
21
-3.0955344094488186
0
LINE
8
BLACK
6
CONTINUOUS
10
4.9653374803149601
20
-3.0955344094488186
11
4.981545748031496
21
-3.0895548818897636
0
LINE
8
BLACK
6
CONTINUOUS
10
4.981545748031496
20
-3.0895548818897636
11
4.9981731889763781
21
-3.0848655118110235
0
LINE
8
BLACK
6
CONTINUOUS
10
4.9981731889763781
20
-3.0848655118110235
11
5.0151172834645665
21
-3.0814951574803149
0
LINE
8
BLACK
6
CONTINUOUS
10
5.0151172834645665
20
-3.0814951574803149
11
5.0322736220472439
21
-3.0794646456692911
0
LINE
8
BLACK
6
CONTINUOUS
10
5.0322736220472439
20
-3.0794646456692911
11
5.0495272047244093
21
-3.0787868110236221
0
LINE
8
BLACK
6
CONTINUOUS
10
5.0495272047244093
20
-3.0787868110236221
11
5.0495362992125985
21
-3.0787862204724408
0
LINE
8
BLACK
6
CONTINUOUS
10
5.0495362992125985
20
-3.0787862204724408
11
5.1249655905511808
21
-3.0787862204724408
0
LINE
8
BLACK
6
CONTINUOUS
10
5.1249655905511808
20
-3.0787862204724408
11
5.1249667716535434
21
-3.0787862598425195
0
LINE
8
BLACK
6
CONTINUOUS
10
5.1249667716535434
20
-3.0787862598425195
11
5.130892086614173
21
-3.0787862598425195
0
LINE
8
BLACK
6
CONTINUOUS
10
5.130892086614173
20
-3.0787862598425195
11
5.1426881889763782
21
-3.077624409448819
0
LINE
8
BLACK
6
CONTINUOUS
10
5.1426881889763782
20
-3.077624409448819
11
5.1543135826771653
21
-3.0753118897637797
0
LINE
8
BLACK
6
CONTINUOUS
10
5.1543135826771653
20
-3.0753118897637797
11
5.1656563779527556
21
-3.071871062992126
0
LINE
8
BLACK
6
CONTINUOUS
10
5.1656563779527556
20
-3.071871062992126
11
5.1766072834645671
21
-3.0673350393700787
0
LINE
8
BLACK
6
CONTINUOUS
10
5.1766072834645671
20
-3.0673350393700787
11
5.1870608661417323
21
-3.0617475196850394
0
LINE
8
BLACK
6
CONTINUOUS
10
5.1870608661417323
20
-3.0617475196850394
11
5.1969164173228348
21
-3.0551622834645666
0
LINE
8
BLACK
6
CONTINUOUS
10
5.1969164173228348
20
-3.0551622834645666
11
5.2060790944881887
21
-3.0476427165354329
0
LINE
8
BLACK
6
CONTINUOUS
10
5.2060790944881887
20
-3.0476427165354329
11
5.2102698425196845
21
-3.0434520078740155
0
LINE
8
BLACK
6
CONTINUOUS
10
5.2102698425196845
20
-3.0434520078740155
11
5.210277598425197
21
-3.0434463385826769
0
LINE
8
BLACK
6
CONTINUOUS
10
5.210277598425197
20
-3.0434463385826769
11
5.214461417322835
21
-3.0392624409448818
0
LINE
8
BLACK
6
CONTINUOUS
10
5.214461417322835
20
-3.0392624409448818
11
5.221980866141732
21
-3.03009968503937
0
LINE
8
BLACK
6
CONTINUOUS
10
5.221980866141732
20
-3.03009968503937
11
5.228566062992126
21
-3.0202439763779525
0
LINE
8
BLACK
6
CONTINUOUS
10
5.228566062992126
20
-3.0202439763779525
11
5.234153464566929
21
-3.009790275590551
0
LINE
8
BLACK
6
CONTINUOUS
10
5.234153464566929
20
-3.009790275590551
11
5.23868937007874
21
-2.9988392519685036
0
LINE
8
BLACK
6
CONTINUOUS
10
5.23868937007874
20
-2.9988392519685036
11
5.2421300393700783
21
-2.9874963779527559
0
LINE
8
BLACK
6
CONTINUOUS
10
5.2421300393700783
20
-2.9874963779527559
11
5.2444423228346455
21
-2.9758708661417321
0
LINE
8
BLACK
6
CONTINUOUS
10
5.2444423228346455
20
-2.9758708661417321
11
5.2456039763779527
21
-2.9640746850393702
0
LINE
8
BLACK
6
CONTINUOUS
10
5.2456039763779527
20
-2.9640746850393702
11
5.245603937007874
21
-2.9581480708661418
0
LINE
8
BLACK
6
CONTINUOUS
10
5.245603937007874
20
-2.9581480708661418
11
5.245603937007874
21
-2.9581479921259843
0
LINE
8
BLACK
6
CONTINUOUS
10
5.245603937007874
20
-2.9581479921259843
11
5.245603937007874
21
-2.9581478740157481
0
LINE
8
BLACK
6
CONTINUOUS
10
5.245603937007874
20
-2.9581478740157481
11
5.245603937007874
21
-2.7426718897637796
0
LINE
8
BLACK
6
CONTINUOUS
10
5.245603937007874
20
-2.7426718897637796
11
5.2417559055118108
21
-2.7414216141732282
0
LINE
8
BLACK
6
CONTINUOUS
10
5.2417559055118108
20
-2.7414216141732282
11
5.23531562992126
21
-2.7381401181102363
0
LINE
8
BLACK
6
CONTINUOUS
10
5.23531562992126
20
-2.7381401181102363
11
5.2294679527559058
21
-2.7338915354330706
0
LINE
8
BLACK
6
CONTINUOUS
10
5.2294679527559058
20
-2.7338915354330706
11
5.2243568897637793
21
-2.728780472440945
0
LINE
8
BLACK
6
CONTINUOUS
10
5.2243568897637793
20
-2.728780472440945
11
5.2201083070866137
21
-2.7229327952755904
0
LINE
8
BLACK
6
CONTINUOUS
10
5.2201083070866137
20
-2.7229327952755904
11
5.2168268110236218
21
-2.7164925196850391
0
LINE
8
BLACK
6
CONTINUOUS
10
5.2168268110236218
20
-2.7164925196850391
11
5.2145931889763775
21
-2.7096181496062992
0
LINE
8
BLACK
6
CONTINUOUS
10
5.2145931889763775
20
-2.7096181496062992
11
5.2134624803149601
21
-2.7024790157480316
0
LINE
8
BLACK
6
CONTINUOUS
10
5.2134624803149601
20
-2.7024790157480316
11
5.2134624803149601
21
-2.695250905511811
0
LINE
8
BLACK
6
CONTINUOUS
10
5.2134624803149601
20
-2.695250905511811
11
5.2145931889763775
21
-2.6881117716535434
0
LINE
8
BLACK
6
CONTINUOUS
10
5.2145931889763775
20
-2.6881117716535434
11
5.2168268110236218
21
-2.6812374015748031
0
LINE
8
BLACK
6
CONTINUOUS
10
5.2168268110236218
20
-2.6812374015748031
11
5.2201083070866137
21
-2.6747971259842518
0
LINE
8
BLACK
6
CONTINUOUS
10
5.2201083070866137
20
-2.6747971259842518
11
5.2243568897637793
21
-2.6689494488188976
0
LINE
8
BLACK
6
CONTINUOUS
10
5.2243568897637793
20
-2.6689494488188976
11
5.2294679527559058
21
-2.6638383858267716
0
LINE
8
BLACK
6
CONTINUOUS
10
5.2294679527559058
20
-2.6638383858267716
11
5.23531562992126
21
-2.6595898031496064
0
LINE
8
BLACK
6
CONTINUOUS
10
5.23531562992126
20
-2.6595898031496064
11
5.2417559055118108
21
-2.656308307086614
0
LINE
8
BLACK
6
CONTINUOUS
10
5.2417559055118108
20
-2.656308307086614
11
5.245603937007874
21
-2.6550579921259843
0
LINE
8
BLACK
6
CONTINUOUS
10
5.245603937007874
20
-2.6550579921259843
11
5.245603937007874
21
-2.5458214960629921
0
LINE
8
BLACK
6
CONTINUOUS
10
5.245603937007874
20
-2.5458214960629921
11
5.2417559055118108
21
-2.5445712204724411
0
LINE
8
BLACK
6
CONTINUOUS
10
5.2417559055118108
20
-2.5445712204724411
11
5.23531562992126
21
-2.5412897244094488
0
LINE
8
BLACK
6
CONTINUOUS
10
5.23531562992126
20
-2.5412897244094488
11
5.2294679527559058
21
-2.5370411417322836
0
LINE
8
BLACK
6
CONTINUOUS
10
5.2294679527559058
20
-2.5370411417322836
11
5.2243568897637793
21
-2.5319300787401575
0
LINE
8
BLACK
6
CONTINUOUS
10
5.2243568897637793
20
-2.5319300787401575
11
5.2201083070866137
21
-2.5260824015748029
0
LINE
8
BLACK
6
CONTINUOUS
10
5.2201083070866137
20
-2.5260824015748029
11
5.2168268110236218
21
-2.5196421259842521
0
LINE
8
BLACK
6
CONTINUOUS
10
5.2168268110236218
20
-2.5196421259842521
11
5.2145931889763775
21
-2.5127677559055117
0
LINE
8
BLACK
6
CONTINUOUS
10
5.2145931889763775
20
-2.5127677559055117
11
5.2134624803149601
21
-2.5056286220472441
0
LINE
8
BLACK
6
CONTINUOUS
10
5.2134624803149601
20
-2.5056286220472441
11
5.2134624803149601
21
-2.4984005118110235
0
LINE
8
BLACK
6
CONTINUOUS
10
5.2134624803149601
20
-2.4984005118110235
11
5.2145931889763775
21
-2.4912613779527559
0
LINE
8
BLACK
6
CONTINUOUS
10
5.2145931889763775
20
-2.4912613779527559
11
5.2168268110236218
21
-2.4843870078740156
0
LINE
8
BLACK
6
CONTINUOUS
10
5.2168268110236218
20
-2.4843870078740156
11
5.2201083070866137
21
-2.4779467322834643
0
LINE
8
BLACK
6
CONTINUOUS
10
5.2201083070866137
20
-2.4779467322834643
11
5.2243568897637793
21
-2.4720990551181101
0
LINE
8
BLACK
6
CONTINUOUS
10
5.2243568897637793
20
-2.4720990551181101
11
5.2294679527559058
21
-2.4669879921259841
0
LINE
8
BLACK
6
CONTINUOUS
10
5.2294679527559058
20
-2.4669879921259841
11
5.23531562992126
21
-2.4627394094488189
0
LINE
8
BLACK
6
CONTINUOUS
10
5.23531562992126
20
-2.4627394094488189
11
5.2417559055118108
21
-2.4594579133858265
0
LINE
8
BLACK
6
CONTINUOUS
10
5.2417559055118108
20
-2.4594579133858265
11
5.2486302755905507
21
-2.4572242913385827
0
LINE
8
BLACK
6
CONTINUOUS
10
5.2486302755905507
20
-2.4572242913385827
11
5.2557694094488188
21
-2.4560935826771653
0
LINE
8
BLACK
6
CONTINUOUS
10
5.2557694094488188
20
-2.4560935826771653
11
5.2629975196850394
21
-2.4560935826771653
0
LINE
8
BLACK
6
CONTINUOUS
10
5.2629975196850394
20
-2.4560935826771653
11
5.2701366535433074
21
-2.4572242913385827
0
LINE
8
BLACK
6
CONTINUOUS
10
3.7731629921259842
20
-2.4134318897637796
11
3.8026905511811022
21
-2.4134318897637796
0
LINE
8
BLACK
6
CONTINUOUS
10
3.8026905511811022
20
-2.4134318897637796
11
3.8026905511811022
21
-2.4331169291338584
0
LINE
8
BLACK
6
CONTINUOUS
10
3.8026905511811022
20
-2.4331169291338584
11
3.7731629921259842
21
-2.4331169291338584
0
LINE
8
BLACK
6
CONTINUOUS
10
3.7731629921259842
20
-2.4331169291338584
11
3.7731629921259842
21
-2.4626444881889764
0
LINE
8
BLACK
6
CONTINUOUS
10
3.7731629921259842
20
-2.4626444881889764
11
3.7534779527559055
21
-2.4626444881889764
0
LINE
8
BLACK
6
CONTINUOUS
10
3.7534779527559055
20
-2.4626444881889764
11
3.7534779527559055
21
-2.4331169291338584
0
LINE
8
BLACK
6
CONTINUOUS
10
3.7534779527559055
20
-2.4331169291338584
11
3.7239503937007874
21
-2.4331169291338584
0
LINE
8
BLACK
6
CONTINUOUS
10
3.7239503937007874
20
-2.4331169291338584
11
3.7239503937007874
21
-2.4134318897637796
0
LINE
8
BLACK
6
CONTINUOUS
10
3.7239503937007874
20
-2.4134318897637796
11
3.7534779527559055
21
-2.4134318897637796
0
LINE
8
BLACK
6
CONTINUOUS
10
3.7534779527559055
20
-2.4134318897637796
11
3.7534779527559055
21
-2.3839043307086611
0
LINE
8
BLACK
6
CONTINUOUS
10
3.7534779527559055
20
-2.3839043307086611
11
3.7731629921259842
21
-2.3839043307086611
0
LINE
8
BLACK
6
CONTINUOUS
10
3.7731629921259842
20
-2.3839043307086611
11
3.7731629921259842
21
-2.4134318897637796
0
LINE
8
BLACK
6
CONTINUOUS
10
5.7810370078740156
20
-2.1772114173228347
11
5.8105645669291341
21
-2.1772114173228347
0
LINE
8
BLACK
6
CONTINUOUS
10
5.8105645669291341
20
-2.1772114173228347
11
5.8105645669291341
21
-2.1968964566929134
0
LINE
8
BLACK
6
CONTINUOUS
10
5.8105645669291341
20
-2.1968964566929134
11
5.7810370078740156
21
-2.1968964566929134
0
LINE
8
BLACK
6
CONTINUOUS
10
5.7810370078740156
20
-2.1968964566929134
11
5.7810370078740156
21
-2.2264240157480315
0
LINE
8
BLACK
6
CONTINUOUS
10
5.7810370078740156
20
-2.2264240157480315
11
5.7613519685039369
21
-2.2264240157480315
0
LINE
8
BLACK
6
CONTINUOUS
10
5.7613519685039369
20
-2.2264240157480315
11
5.7613519685039369
21
-2.1968964566929134
0
LINE
8
BLACK
6
CONTINUOUS
10
5.7613519685039369
20
-2.1968964566929134
11
5.7318244094488184
21
-2.1968964566929134
0
LINE
8
BLACK
6
CONTINUOUS
10
5.7318244094488184
20
-2.1968964566929134
11
5.7318244094488184
21
-2.1772114173228347
0
LINE
8
BLACK
6
CONTINUOUS
10
5.7318244094488184
20
-2.1772114173228347
11
5.7613519685039369
21
-2.1772114173228347
0
LINE
8
BLACK
6
CONTINUOUS
10
5.7613519685039369
20
-2.1772114173228347
11
5.7613519685039369
21
-2.1476838582677167
0
LINE
8
BLACK
6
CONTINUOUS
10
5.7613519685039369
20
-2.1476838582677167
11
5.7810370078740156
21
-2.1476838582677167
0
LINE
8
BLACK
6
CONTINUOUS
10
5.7810370078740156
20
-2.1476838582677167
11
5.7810370078740156
21
-2.1772114173228347
0
LINE
8
BLACK
6
CONTINUOUS
10
5.8307725196850395
20
-2.0894343307086616
11
5.8319874409448822
21
-2.0903665748031495
0
LINE
8
BLACK
6
CONTINUOUS
10
5.8319874409448822
20
-2.0903665748031495
11
5.8678818503937009
21
-2.1262609842519686
0
LINE
8
BLACK
6
CONTINUOUS
10
5.8678818503937009
20
-2.1262609842519686
11
5.869400118110236
21
-2.1288907086614173
0
LINE
8
BLACK
6
CONTINUOUS
10
5.869400118110236
20
-2.1288907086614173
11
5.8696000000000002
21
-2.1304089763779528
0
LINE
8
BLACK
6
CONTINUOUS
10
5.8696000000000002
20
-2.1304089763779528
11
5.8696000000000002
21
-4.5665335433070862
0
LINE
8
BLACK
6
CONTINUOUS
10
5.8696000000000002
20
-4.5665335433070862
11
5.8688140944881892
21
-4.5694666141732281
0
LINE
8
BLACK
6
CONTINUOUS
10
5.8688140944881892
20
-4.5694666141732281
11
5.8678818503937009
21
-4.5706815354330708
0
LINE
8
BLACK
6
CONTINUOUS
10
5.8678818503937009
20
-4.5706815354330708
11
5.8319874409448822
21
-4.6065759448818895
0
LINE
8
BLACK
6
CONTINUOUS
10
5.8319874409448822
20
-4.6065759448818895
11
5.8293577165354327
21
-4.6080942125984254
0
LINE
8
BLACK
6
CONTINUOUS
10
5.8293577165354327
20
-4.6080942125984254
11
5.8278394488188976
21
-4.6082940944881887
0
LINE
8
BLACK
6
CONTINUOUS
10
5.8278394488188976
20
-4.6082940944881887
11
2.8405337795275591
21
-4.6082940944881887
0
LINE
8
BLACK
6
CONTINUOUS
10
2.8405337795275591
20
-4.6082940944881887
11
2.8376007086614172
21
-4.6075081889763778
0
LINE
8
BLACK
6
CONTINUOUS
10
2.8376007086614172
20
-4.6075081889763778
11
2.8363857874015745
21
-4.6065759448818895
0
LINE
8
BLACK
6
CONTINUOUS
10
2.8363857874015745
20
-4.6065759448818895
11
2.8004913779527558
21
-4.5706815354330708
0
LINE
8
BLACK
6
CONTINUOUS
10
2.8004913779527558
20
-4.5706815354330708
11
2.7989731102362203
21
-4.5680518110236221
0
LINE
8
BLACK
6
CONTINUOUS
10
2.7989731102362203
20
-4.5680518110236221
11
2.7987732283464566
21
-4.5665335433070862
0
LINE
8
BLACK
6
CONTINUOUS
10
2.7987732283464566
20
-4.5665335433070862
11
2.7987732283464566
21
-4.496933503937008
0
LINE
8
BLACK
6
CONTINUOUS
10
2.7987732283464566
20
-4.496933503937008
11
2.7987732283464566
21
-2.2134998818897635
0
LINE
8
BLACK
6
CONTINUOUS
10
2.7987732283464566
20
-2.2134998818897635
11
2.7987732283464566
21
-2.1304089763779528
0
LINE
8
BLACK
6
CONTINUOUS
10
2.7987732283464566
20
-2.1304089763779528
11
2.7995591338582675
21
-2.1274759055118109
0
LINE
8
BLACK
6
CONTINUOUS
10
2.7995591338582675
20
-2.1274759055118109
11
2.8004913779527558
21
-2.1262609842519686
0
LINE
8
BLACK
6
CONTINUOUS
10
2.8004913779527558
20
-2.1262609842519686
11
2.8363857874015745
21
-2.0903665748031495
0
LINE
8
BLACK
6
CONTINUOUS
10
2.8363857874015745
20
-2.0903665748031495
11
2.8390155118110236
21
-2.088848307086614
0
LINE
8
BLACK
6
CONTINUOUS
10
2.8390155118110236
20
-2.088848307086614
11
2.8405337795275591
21
-2.0886484251968502
0
LINE
8
BLACK
6
CONTINUOUS
10
2.8405337795275591
20
-2.0886484251968502
11
5.8278394488188976
21
-2.0886484251968502
0
LINE
8
BLACK
6
CONTINUOUS
10
5.8278394488188976
20
-2.0886484251968502
11
5.8307725196850395
21
-2.0894343307086616
0
LINE
8
BLACK
6
CONTINUOUS
10
2.8794065748031494
20
-2.2143817716535432
11
2.8794157086614174
21
-2.2144818503937009
0
LINE
8
BLACK
6
CONTINUOUS
10
2.8794157086614174
20
-2.2144818503937009
11
2.8794081889763778
21
-2.2145251574803151
0
LINE
8
BLACK
6
CONTINUOUS
10
2.8794081889763778
20
-2.2145251574803151
11
2.8794396062992127
21
-2.215064527559055
0
LINE
8
BLACK
6
CONTINUOUS
10
2.8794396062992127
20
-2.215064527559055
11
2.8794118110236222
21
-2.218252283464567
0
LINE
8
BLACK
6
CONTINUOUS
10
2.8794118110236222
20
-2.218252283464567
11
2.87941905511811
21
-2.2183327559055117
0
LINE
8
BLACK
6
CONTINUOUS
10
2.87941905511811
20
-2.2183327559055117
11
2.8794425196850395
21
-2.2188568110236222
0
LINE
8
BLACK
6
CONTINUOUS
10
2.8794425196850395
20
-2.2188568110236222
11
2.8794425196850395
21
-3.557697283464567
0
LINE
8
BLACK
6
CONTINUOUS
10
2.8794425196850395
20
-3.557697283464567
11
2.8794433070866141
21
-3.5577143307086612
0
LINE
8
BLACK
6
CONTINUOUS
10
2.8794433070866141
20
-3.5577143307086612
11
2.8794433070866141
21
-3.5595753149606297
0
LINE
8
BLACK
6
CONTINUOUS
10
2.8794433070866141
20
-3.5595753149606297
11
2.8794433070866141
21
-3.5596279921259844
0
LINE
8
BLACK
6
CONTINUOUS
10
2.8794433070866141
20
-3.5596279921259844
11
2.8801032283464565
21
-3.5654861023622044
0
LINE
8
BLACK
6
CONTINUOUS
10
2.8801032283464565
20
-3.5654861023622044
11
2.880762086614173
21
-3.5713352755905512
0
LINE
8
BLACK
6
CONTINUOUS
10
2.880762086614173
20
-3.5713352755905512
11
2.8833834251968504
21
-3.5828212598425195
0
LINE
8
BLACK
6
CONTINUOUS
10
2.8833834251968504
20
-3.5828212598425195
11
2.8833834645669292
21
-3.5828214566929133
0
LINE
8
BLACK
6
CONTINUOUS
10
2.8833834645669292
20
-3.5828214566929133
11
2.8833835039370079
21
-3.5828214960629921
0
LINE
8
BLACK
6
CONTINUOUS
10
2.8833835039370079
20
-3.5828214960629921
11
2.8849021653543305
21
-3.5871618503937008
0
LINE
8
BLACK
6
CONTINUOUS
10
2.8849021653543305
20
-3.5871618503937008
11
2.8872744488188977
21
-3.5939418503937008
0
LINE
8
BLACK
6
CONTINUOUS
10
2.8872744488188977
20
-3.5939418503937008
11
2.8872746062992127
21
-3.5939422834645667
0
LINE
8
BLACK
6
CONTINUOUS
10
2.8872746062992127
20
-3.5939422834645667
11
2.8923855905511808
21
-3.6045558267716533
0
LINE
8
BLACK
6
CONTINUOUS
10
2.8923855905511808
20
-3.6045558267716533
11
2.8923859448818896
21
-3.6045563779527559
0
LINE
8
BLACK
6
CONTINUOUS
10
2.8923859448818896
20
-3.6045563779527559
11
2.8923860629921259
21
-3.6045566535433071
0
LINE
8
BLACK
6
CONTINUOUS
10
2.8923860629921259
20
-3.6045566535433071
11
2.8958499212598423
21
-3.6100694881889761
0
LINE
8
BLACK
6
CONTINUOUS
10
2.8958499212598423
20
-3.6100694881889761
11
2.8986538188976376
21
-3.6145320472440945
0
LINE
8
BLACK
6
CONTINUOUS
10
2.8986538188976376
20
-3.6145320472440945
11
2.8986538976377951
21
-3.6145321653543308
0
LINE
8
BLACK
6
CONTINUOUS
10
2.8986538976377951
20
-3.6145321653543308
11
2.8986540157480314
21
-3.6145323228346458
0
LINE
8
BLACK
6
CONTINUOUS
10
2.8986540157480314
20
-3.6145323228346458
11
2.9059995275590551
21
-3.6237435039370078
0
LINE
8
BLACK
6
CONTINUOUS
10
2.9059995275590551
20
-3.6237435039370078
11
2.9059996850393701
21
-3.6237436614173228
0
LINE
8
BLACK
6
CONTINUOUS
10
2.9059996850393701
20
-3.6237436614173228
11
2.9059998425196851
21
-3.6237438582677166
0
LINE
8
BLACK
6
CONTINUOUS
10
2.9059998425196851
20
-3.6237438582677166
11
2.9143301574803151
21
-3.6320742519685036
0
LINE
8
BLACK
6
CONTINUOUS
10
2.9143301574803151
20
-3.6320742519685036
11
2.9235413385826772
21
-3.6394199999999999
0
LINE
8
BLACK
6
CONTINUOUS
10
2.9235413385826772
20
-3.6394199999999999
11
2.9263888188976379
21
-3.6412091732283463
0
LINE
8
BLACK
6
CONTINUOUS
10
2.9263888188976379
20
-3.6412091732283463
11
2.9335168897637796
21
-3.6456880314960629
0
LINE
8
BLACK
6
CONTINUOUS
10
2.9335168897637796
20
-3.6456880314960629
11
2.9441315748031496
21
-3.6507998031496061
0
LINE
8
BLACK
6
CONTINUOUS
10
2.9441315748031496
20
-3.6507998031496061
11
2.9552518897637796
21
-3.6546909055118109
0
LINE
8
BLACK
6
CONTINUOUS
10
2.9552518897637796
20
-3.6546909055118109
11
2.9619738188976377
21
-3.6562250787401576
0
LINE
8
BLACK
6
CONTINUOUS
10
2.9619738188976377
20
-3.6562250787401576
11
2.9667373622047242
21
-3.6573123228346458
0
LINE
8
BLACK
6
CONTINUOUS
10
2.9667373622047242
20
-3.6573123228346458
11
2.9667376771653542
21
-3.6573123622047241
0
LINE
8
BLACK
6
CONTINUOUS
10
2.9667376771653542
20
-3.6573123622047241
11
2.9667379527559055
21
-3.6573124409448816
0
LINE
8
BLACK
6
CONTINUOUS
10
2.9667379527559055
20
-3.6573124409448816
11
2.9784453543307086
21
-3.6586314173228347
0
LINE
8
BLACK
6
CONTINUOUS
10
2.9784453543307086
20
-3.6586314173228347
11
2.9843360629921261
21
-3.6586313385826772
0
LINE
8
BLACK
6
CONTINUOUS
10
2.9843360629921261
20
-3.6586313385826772
11
3.0164313385826773
21
-3.6586313385826772
0
LINE
8
BLACK
6
CONTINUOUS
10
3.0164313385826773
20
-3.6586313385826772
11
3.0168916535433072
21
-3.6586494094488189
0
LINE
8
BLACK
6
CONTINUOUS
10
3.0168916535433072
20
-3.6586494094488189
11
3.0236209055118111
21
-3.6591790944881888
0
LINE
8
BLACK
6
CONTINUOUS
10
3.0236209055118111
20
-3.6591790944881888
11
3.0245294881889762
21
-3.659322992125984
0
LINE
8
BLACK
6
CONTINUOUS
10
3.0245294881889762
20
-3.659322992125984
11
3.0308682677165355
21
-3.6608449212598426
0
LINE
8
BLACK
6
CONTINUOUS
10
3.0308682677165355
20
-3.6608449212598426
11
3.0317434251968503
21
-3.6611292913385824
0
LINE
8
BLACK
6
CONTINUOUS
10
3.0317434251968503
20
-3.6611292913385824
11
3.0377659448818899
21
-3.6636240944881888
0
LINE
8
BLACK
6
CONTINUOUS
10
3.0377659448818899
20
-3.6636240944881888
11
3.0385856299212599
21
-3.6640417322834646
0
LINE
8
BLACK
6
CONTINUOUS
10
3.0385856299212599
20
-3.6640417322834646
11
3.0396337007874017
21
-3.6646840157480316
0
LINE
8
BLACK
6
CONTINUOUS
10
3.0396337007874017
20
-3.6646840157480316
11
3.0417238188976379
21
-3.6668866535433069
0
LINE
8
BLACK
6
CONTINUOUS
10
3.0417238188976379
20
-3.6668866535433069
11
3.0424346456692914
21
-3.6696856299212599
0
LINE
8
BLACK
6
CONTINUOUS
10
3.0424346456692914
20
-3.6696856299212599
11
3.0424346456692914
21
-3.7667371653543307
0
LINE
8
BLACK
6
CONTINUOUS
10
3.0424346456692914
20
-3.7667371653543307
11
3.0424773622047243
21
-3.7673675590551179
0
LINE
8
BLACK
6
CONTINUOUS
10
3.0424773622047243
20
-3.7673675590551179
11
3.0425455118110234
21
-3.768372559055118
0
LINE
8
BLACK
6
CONTINUOUS
10
3.0425455118110234
20
-3.768372559055118
11
3.0443032677165354
21
-3.775440590551181
0
LINE
8
BLACK
6
CONTINUOUS
10
3.0443032677165354
20
-3.775440590551181
11
3.0475392125984251
21
-3.7819653937007871
0
LINE
8
BLACK
6
CONTINUOUS
10
3.0475392125984251
20
-3.7819653937007871
11
3.0490358661417321
21
-3.783827283464567
0
LINE
8
BLACK
6
CONTINUOUS
10
3.0490358661417321
20
-3.783827283464567
11
3.0521023622047245
21
-3.7876421259842519
0
LINE
8
BLACK
6
CONTINUOUS
10
3.0521023622047245
20
-3.7876421259842519
11
3.0561239763779526
21
-3.7908748425196848
0
LINE
8
BLACK
6
CONTINUOUS
10
3.0561239763779526
20
-3.7908748425196848
11
3.0577788976377951
21
-3.7922051181102363
0
LINE
8
BLACK
6
CONTINUOUS
10
3.0577788976377951
20
-3.7922051181102363
11
3.0577789370078738
21
-3.7922051181102363
0
LINE
8
BLACK
6
CONTINUOUS
10
3.0577789370078738
20
-3.7922051181102363
11
3.0577790157480313
21
-3.7922051968503938
0
LINE
8
BLACK
6
CONTINUOUS
10
3.0577790157480313
20
-3.7922051968503938
11
3.0608284645669293
21
-3.7937175590551182
0
LINE
8
BLACK
6
CONTINUOUS
10
3.0608284645669293
20
-3.7937175590551182
11
3.0631068503937007
21
-3.7957247244094487
0
LINE
8
BLACK
6
CONTINUOUS
10
3.0631068503937007
20
-3.7957247244094487
11
3.0640764566929133
21
-3.7986023228346455
0
LINE
8
BLACK
6
CONTINUOUS
10
3.0640764566929133
20
-3.7986023228346455
11
3.064088188976378
21
-3.798972834645669
0
LINE
8
BLACK
6
CONTINUOUS
10
3.064088188976378
20
-3.798972834645669
11
3.064088188976378
21
-3.9497952755905512
0
LINE
8
BLACK
6
CONTINUOUS
10
3.064088188976378
20
-3.9497952755905512
11
3.0640881496062993
21
-3.9497955118110237
0
LINE
8
BLACK
6
CONTINUOUS
10
3.0640881496062993
20
-3.9497955118110237
11
3.0640881496062993
21
-3.9503357480314958
0
LINE
8
BLACK
6
CONTINUOUS
10
3.0640881496062993
20
-3.9503357480314958
11
3.0640881496062993
21
-3.9510512204724408
0
LINE
8
BLACK
6
CONTINUOUS
10
3.0640881496062993
20
-3.9510512204724408
11
3.0640878346456693
21
-3.9510523622047242
0
LINE
8
BLACK
6
CONTINUOUS
10
3.0640878346456693
20
-3.9510523622047242
11
3.0640879133858268
21
-3.9586398818897637
0
LINE
8
BLACK
6
CONTINUOUS
10
3.0640879133858268
20
-3.9586398818897637
11
3.0652431889763778
21
-3.9688925196850393
0
LINE
8
BLACK
6
CONTINUOUS
10
3.0652431889763778
20
-3.9688925196850393
11
3.0675390944881888
21
-3.9789512598425194
0
LINE
8
BLACK
6
CONTINUOUS
10
3.0675390944881888
20
-3.9789512598425194
11
3.0675391732283463
21
-3.9789514566929132
0
LINE
8
BLACK
6
CONTINUOUS
10
3.0675391732283463
20
-3.9789514566929132
11
3.070946929133858
21
-3.9886899606299213
0
LINE
8
BLACK
6
CONTINUOUS
10
3.070946929133858
20
-3.9886899606299213
11
3.071436062992126
21
-3.9897056692913386
0
LINE
8
BLACK
6
CONTINUOUS
10
3.071436062992126
20
-3.9897056692913386
11
3.0717749606299214
21
-3.9904093307086614
0
LINE
8
BLACK
6
CONTINUOUS
10
3.0717749606299214
20
-3.9904093307086614
11
3.0723559055118108
21
-3.9929546062992127
0
LINE
8
BLACK
6
CONTINUOUS
10
3.0723559055118108
20
-3.9929546062992127
11
3.0723559055118108
21
-4.0383148425196849
0
LINE
8
BLACK
6
CONTINUOUS
10
3.0723559055118108
20
-4.0383148425196849
11
3.0738590157480314
21
-4.0478049606299216
0
LINE
8
BLACK
6
CONTINUOUS
10
3.0738590157480314
20
-4.0478049606299216
11
3.076828188976378
21
-4.0569431102362206
0
LINE
8
BLACK
6
CONTINUOUS
10
3.076828188976378
20
-4.0569431102362206
11
3.076828346456693
21
-4.0569434645669293
0
LINE
8
BLACK
6
CONTINUOUS
10
3.076828346456693
20
-4.0569434645669293
11
3.0768283858267718
21
-4.0569435039370081
0
LINE
8
BLACK
6
CONTINUOUS
10
3.0768283858267718
20
-4.0569435039370081
11
3.0811902362204724
21
-4.0655041338582674
0
LINE
8
BLACK
6
CONTINUOUS
10
3.0811902362204724
20
-4.0655041338582674
11
3.0811903543307086
21
-4.0655043700787399
0
LINE
8
BLACK
6
CONTINUOUS
10
3.0811903543307086
20
-4.0655043700787399
11
3.0868379527559053
21
-4.0732775984251965
0
LINE
8
BLACK
6
CONTINUOUS
10
3.0868379527559053
20
-4.0732775984251965
11
3.0868380314960628
21
-4.0732777165354328
0
LINE
8
BLACK
6
CONTINUOUS
10
3.0868380314960628
20
-4.0732777165354328
11
3.0936320866141731
21
-4.0800717716535431
0
LINE
8
BLACK
6
CONTINUOUS
10
3.0936320866141731
20
-4.0800717716535431
11
3.0938074803149607
21
-4.0802215748031498
0
LINE
8
BLACK
6
CONTINUOUS
10
3.0938074803149607
20
-4.0802215748031498
11
3.0937643700787403
21
-4.080272007874016
0
LINE
8
BLACK
6
CONTINUOUS
10
3.0937643700787403
20
-4.080272007874016
11
3.0954706692913385
21
-4.0823788582677167
0
LINE
8
BLACK
6
CONTINUOUS
10
3.0954706692913385
20
-4.0823788582677167
11
3.0959779527559053
21
-4.0847651181102362
0
LINE
8
BLACK
6
CONTINUOUS
10
3.0959779527559053
20
-4.0847651181102362
11
3.0959779527559053
21
-4.4232010236220471
0
LINE
8
BLACK
6
CONTINUOUS
10
3.0959779527559053
20
-4.4232010236220471
11
3.0951920472440944
21
-4.4261340944881891
0
LINE
8
BLACK
6
CONTINUOUS
10
3.0951920472440944
20
-4.4261340944881891
11
3.0937757480314958
21
-4.4277070078740159
0
LINE
8
BLACK
6
CONTINUOUS
10
3.0937757480314958
20
-4.4277070078740159
11
3.0938076771653544
21
-4.4277443700787398
0
LINE
8
BLACK
6
CONTINUOUS
10
3.0938076771653544
20
-4.4277443700787398
11
3.0936324015748031
21
-4.4278940551181103
0
LINE
8
BLACK
6
CONTINUOUS
10
3.0936324015748031
20
-4.4278940551181103
11
3.0868380314960628
21
-4.4346883858267718
0
LINE
8
BLACK
6
CONTINUOUS
10
3.0868380314960628
20
-4.4346883858267718
11
3.0868379527559053
21
-4.4346885039370081
0
LINE
8
BLACK
6
CONTINUOUS
10
3.0868379527559053
20
-4.4346885039370081
11
3.0811903543307086
21
-4.4424617322834647
0
LINE
8
BLACK
6
CONTINUOUS
10
3.0811903543307086
20
-4.4424617322834647
11
3.0811902362204724
21
-4.4424619685039373
0
LINE
8
BLACK
6
CONTINUOUS
10
3.0811902362204724
20
-4.4424619685039373
11
3.0768283858267718
21
-4.4510225984251965
0
LINE
8
BLACK
6
CONTINUOUS
10
3.0768283858267718
20
-4.4510225984251965
11
3.0768281102362205
21
-4.4510232677165353
0
LINE
8
BLACK
6
CONTINUOUS
10
3.0768281102362205
20
-4.4510232677165353
11
3.0752103937007873
21
-4.4560021259842522
0
LINE
8
BLACK
6
CONTINUOUS
10
3.0752103937007873
20
-4.4560021259842522
11
3.0738590157480314
21
-4.4601611811023618
0
LINE
8
BLACK
6
CONTINUOUS
10
3.0738590157480314
20
-4.4601611811023618
11
3.0723559055118108
21
-4.4696512992125985
0
LINE
8
BLACK
6
CONTINUOUS
10
3.0723559055118108
20
-4.4696512992125985
11
3.0723559055118108
21
-4.5304408267716534
0
LINE
8
BLACK
6
CONTINUOUS
10
3.0723559055118108
20
-4.5304408267716534
11
3.0738590157480314
21
-4.5399309448818901
0
LINE
8
BLACK
6
CONTINUOUS
10
3.0738590157480314
20
-4.5399309448818901
11
3.076828188976378
21
-4.5490690944881891
0
LINE
8
BLACK
6
CONTINUOUS
10
3.076828188976378
20
-4.5490690944881891
11
3.076828346456693
21
-4.5490694488188979
0
LINE
8
BLACK
6
CONTINUOUS
10
3.076828346456693
20
-4.5490694488188979
11
3.0768283858267718
21
-4.5490694881889766
0
LINE
8
BLACK
6
CONTINUOUS
10
3.0768283858267718
20
-4.5490694881889766
11
3.0811902362204724
21
-4.5576301181102359
0
LINE
8
BLACK
6
CONTINUOUS
10
3.0811902362204724
20
-4.5576301181102359
11
3.0811903543307086
21
-4.5576303543307084
0
LINE
8
BLACK
6
CONTINUOUS
10
3.0811903543307086
20
-4.5576303543307084
11
3.0817379527559052
21
-4.5583840551181103
0
LINE
8
BLACK
6
CONTINUOUS
10
3.0817379527559052
20
-4.5583840551181103
11
3.0868379921259841
21
-4.5654036614173226
0
LINE
8
BLACK
6
CONTINUOUS
10
3.0868379921259841
20
-4.5654036614173226
11
3.0936321653543306
21
-4.5721978346456691
0
LINE
8
BLACK
6
CONTINUOUS
10
3.0936321653543306
20
-4.5721978346456691
11
3.1014055511811023
21
-4.5778455118110237
0
LINE
8
BLACK
6
CONTINUOUS
10
3.1014055511811023
20
-4.5778455118110237
11
3.1099667322834645
21
-4.5822076377952756
0
LINE
8
BLACK
6
CONTINUOUS
10
3.1099667322834645
20
-4.5822076377952756
11
3.1191048818897635
21
-4.5851768110236222
0
LINE
8
BLACK
6
CONTINUOUS
10
3.1191048818897635
20
-4.5851768110236222
11
3.1285949999999998
21
-4.5866799212598428
0
LINE
8
BLACK
6
CONTINUOUS
10
3.1285949999999998
20
-4.5866799212598428
11
3.1285951968503936
21
-4.5866799212598428
0
LINE
8
BLACK
6
CONTINUOUS
10
3.1285951968503936
20
-4.5866799212598428
11
3.1382032283464567
21
-4.5866799212598428
0
LINE
8
BLACK
6
CONTINUOUS
10
3.1382032283464567
20
-4.5866799212598428
11
3.1382034251968505
21
-4.5866799212598428
0
LINE
8
BLACK
6
CONTINUOUS
10
3.1382034251968505
20
-4.5866799212598428
11
3.1476935433070867
21
-4.5851768110236222
0
LINE
8
BLACK
6
CONTINUOUS
10
3.1476935433070867
20
-4.5851768110236222
11
3.1568316929133857
21
-4.5822076377952756
0
LINE
8
BLACK
6
CONTINUOUS
10
3.1568316929133857
20
-4.5822076377952756
11
3.165392874015748
21
-4.5778455118110237
0
LINE
8
BLACK
6
CONTINUOUS
10
3.165392874015748
20
-4.5778455118110237
11
3.1731662598425197
21
-4.5721978346456691
0
LINE
8
BLACK
6
CONTINUOUS
10
3.1731662598425197
20
-4.5721978346456691
11
3.1799604330708662
21
-4.5654036614173226
0
LINE
8
BLACK
6
CONTINUOUS
10
3.1799604330708662
20
-4.5654036614173226
11
3.1856081102362204
21
-4.5576302755905509
0
LINE
8
BLACK
6
CONTINUOUS
10
3.1856081102362204
20
-4.5576302755905509
11
3.1899702362204723
21
-4.5490690944881891
0
LINE
8
BLACK
6
CONTINUOUS
10
3.1899702362204723
20
-4.5490690944881891
11
3.1929394094488188
21
-4.5399309448818901
0
LINE
8
BLACK
6
CONTINUOUS
10
3.1929394094488188
20
-4.5399309448818901
11
3.1944425196850394
21
-4.5304408267716534
0
LINE
8
BLACK
6
CONTINUOUS
10
3.1944425196850394
20
-4.5304408267716534
11
3.1944425196850394
21
-4.4696512992125985
0
LINE
8
BLACK
6
CONTINUOUS
10
3.1944425196850394
20
-4.4696512992125985
11
3.1929394094488188
21
-4.4601611811023618
0
LINE
8
BLACK
6
CONTINUOUS
10
3.1929394094488188
20
-4.4601611811023618
11
3.1899702362204723
21
-4.4510230314960628
0
LINE
8
BLACK
6
CONTINUOUS
10
3.1899702362204723
20
-4.4510230314960628
11
3.1856081102362204
21
-4.442461850393701
0
LINE
8
BLACK
6
CONTINUOUS
10
3.1856081102362204
20
-4.442461850393701
11
3.1799604330708662
21
-4.4346884645669293
0
LINE
8
BLACK
6
CONTINUOUS
10
3.1799604330708662
20
-4.4346884645669293
11
3.1731662598425197
21
-4.4278942913385828
0
LINE
8
BLACK
6
CONTINUOUS
10
3.1731662598425197
20
-4.4278942913385828
11
3.1731661023622046
21
-4.4278941732283466
0
LINE
8
BLACK
6
CONTINUOUS
10
3.1731661023622046
20
-4.4278941732283466
11
3.1731659842519684
21
-4.4278940551181103
0
LINE
8
BLACK
6
CONTINUOUS
10
3.1731659842519684
20
-4.4278940551181103
11
3.1729907480314958
21
-4.4277443700787398
0
LINE
8
BLACK
6
CONTINUOUS
10
3.1729907480314958
20
-4.4277443700787398
11
3.1730337795275592
21
-4.4276939370078736
0
LINE
8
BLACK
6
CONTINUOUS
10
3.1730337795275592
20
-4.4276939370078736
11
3.1713275984251967
21
-4.4255869685039366
0
LINE
8
BLACK
6
CONTINUOUS
10
3.1713275984251967
20
-4.4255869685039366
11
3.170820472440945
21
-4.4232010236220471
0
LINE
8
BLACK
6
CONTINUOUS
10
3.170820472440945
20
-4.4232010236220471
11
3.170820472440945
21
-4.0847651181102362
0
LINE
8
BLACK
6
CONTINUOUS
10
3.170820472440945
20
-4.0847651181102362
11
3.1716063779527559
21
-4.0818320472440943
0
LINE
8
BLACK
6
CONTINUOUS
10
3.1716063779527559
20
-4.0818320472440943
11
3.1730228740157478
21
-4.0802589370078737
0
LINE
8
BLACK
6
CONTINUOUS
10
3.1730228740157478
20
-4.0802589370078737
11
3.1729909448818896
21
-4.0802215748031498
0
LINE
8
BLACK
6
CONTINUOUS
10
3.1729909448818896
20
-4.0802215748031498
11
3.1731659055118109
21
-4.0800720866141731
0
LINE
8
BLACK
6
CONTINUOUS
10
3.1731659055118109
20
-4.0800720866141731
11
3.1731662598425197
21
-4.0800718503937006
0
LINE
8
BLACK
6
CONTINUOUS
10
3.1731662598425197
20
-4.0800718503937006
11
3.1799604330708662
21
-4.073277677165354
0
LINE
8
BLACK
6
CONTINUOUS
10
3.1799604330708662
20
-4.073277677165354
11
3.1856081102362204
21
-4.0655042913385824
0
LINE
8
BLACK
6
CONTINUOUS
10
3.1856081102362204
20
-4.0655042913385824
11
3.1899702362204723
21
-4.0569431102362206
0
LINE
8
BLACK
6
CONTINUOUS
10
3.1899702362204723
20
-4.0569431102362206
11
3.1929394094488188
21
-4.0478049606299216
0
LINE
8
BLACK
6
CONTINUOUS
10
3.1929394094488188
20
-4.0478049606299216
11
3.1944425196850394
21
-4.0383148425196849
0
LINE
8
BLACK
6
CONTINUOUS
10
3.1944425196850394
20
-4.0383148425196849
11
3.1944425196850394
21
-3.97752531496063
0
LINE
8
BLACK
6
CONTINUOUS
10
3.1944425196850394
20
-3.97752531496063
11
3.1929394094488188
21
-3.9680351968503937
0
LINE
8
BLACK
6
CONTINUOUS
10
3.1929394094488188
20
-3.9680351968503937
11
3.1899702362204723
21
-3.9588970472440943
0
LINE
8
BLACK
6
CONTINUOUS
10
3.1899702362204723
20
-3.9588970472440943
11
3.1856081102362204
21
-3.950335866141732
0
LINE
8
BLACK
6
CONTINUOUS
10
3.1856081102362204
20
-3.950335866141732
11
3.1799604330708662
21
-3.9425624803149604
0
LINE
8
BLACK
6
CONTINUOUS
10
3.1799604330708662
20
-3.9425624803149604
11
3.1731662598425197
21
-3.9357683070866143
0
LINE
8
BLACK
6
CONTINUOUS
10
3.1731662598425197
20
-3.9357683070866143
11
3.1692795669291338
21
-3.9329444488188976
0
LINE
8
BLACK
6
CONTINUOUS
10
3.1692795669291338
20
-3.9329444488188976
11
3.1653929527559055
21
-3.9301206692913384
0
LINE
8
BLACK
6
CONTINUOUS
10
3.1653929527559055
20
-3.9301206692913384
11
3.165392716535433
21
-3.9301205511811022
0
LINE
8
BLACK
6
CONTINUOUS
10
3.165392716535433
20
-3.9301205511811022
11
3.1568320866141732
21
-3.9257587007874015
0
LINE
8
BLACK
6
CONTINUOUS
10
3.1568320866141732
20
-3.9257587007874015
11
3.1568320472440945
21
-3.9257586614173228
0
LINE
8
BLACK
6
CONTINUOUS
10
3.1568320472440945
20
-3.9257586614173228
11
3.1568316929133857
21
-3.9257585039370078
0
LINE
8
BLACK
6
CONTINUOUS
10
3.1568316929133857
20
-3.9257585039370078
11
3.1476935433070867
21
-3.9227893307086612
0
LINE
8
BLACK
6
CONTINUOUS
10
3.1476935433070867
20
-3.9227893307086612
11
3.1476934645669292
21
-3.9227892913385825
0
LINE
8
BLACK
6
CONTINUOUS
10
3.1476934645669292
20
-3.9227892913385825
11
3.1476932677165355
21
-3.9227892519685037
0
LINE
8
BLACK
6
CONTINUOUS
10
3.1476932677165355
20
-3.9227892519685037
11
3.1476933070866142
21
-3.9227892519685037
0
LINE
8
BLACK
6
CONTINUOUS
10
3.1476933070866142
20
-3.9227892519685037
11
3.1438791338582677
21
-3.9221851181102361
0
LINE
8
BLACK
6
CONTINUOUS
10
3.1438791338582677
20
-3.9221851181102361
11
3.1411051181102363
21
-3.9209500393700787
0
LINE
8
BLACK
6
CONTINUOUS
10
3.1411051181102363
20
-3.9209500393700787
11
3.1393203149606297
21
-3.9184934251968504
0
LINE
8
BLACK
6
CONTINUOUS
10
3.1393203149606297
20
-3.9184934251968504
11
3.1389307086614173
21
-3.9163912204724407
0
LINE
8
BLACK
6
CONTINUOUS
10
3.1389307086614173
20
-3.9163912204724407
11
3.1389307086614173
21
-3.798972834645669
0
LINE
8
BLACK
6
CONTINUOUS
10
3.1389307086614173
20
-3.798972834645669
11
3.1397166141732282
21
-3.7960397637795276
0
LINE
8
BLACK
6
CONTINUOUS
10
3.1397166141732282
20
-3.7960397637795276
11
3.1418637795275588
21
-3.7938925984251965
0
LINE
8
BLACK
6
CONTINUOUS
10
3.1418637795275588
20
-3.7938925984251965
11
3.142189409448819
21
-3.7937180314960628
0
LINE
8
BLACK
6
CONTINUOUS
10
3.142189409448819
20
-3.7937180314960628
11
3.1452398818897636
21
-3.7922051968503938
0
LINE
8
BLACK
6
CONTINUOUS
10
3.1452398818897636
20
-3.7922051968503938
11
3.1509165354330708
21
-3.7876421259842519
0
LINE
8
BLACK
6
CONTINUOUS
10
3.1509165354330708
20
-3.7876421259842519
11
3.1554796062992123
21
-3.7819654724409446
0
LINE
8
BLACK
6
CONTINUOUS
10
3.1554796062992123
20
-3.7819654724409446
11
3.15871562992126
21
-3.775440590551181
0
LINE
8
BLACK
6
CONTINUOUS
10
3.15871562992126
20
-3.775440590551181
11
3.1604733464566928
21
-3.7683726377952755
0
LINE
8
BLACK
6
CONTINUOUS
10
3.1604733464566928
20
-3.7683726377952755
11
3.1605842519685039
21
-3.7667371653543307
0
LINE
8
BLACK
6
CONTINUOUS
10
3.1605842519685039
20
-3.7667371653543307
11
3.1605842519685039
21
-3.6388667716535434
0
LINE
8
BLACK
6
CONTINUOUS
10
3.1605842519685039
20
-3.6388667716535434
11
3.1604733464566928
21
-3.6372312992125981
0
LINE
8
BLACK
6
CONTINUOUS
10
3.1604733464566928
20
-3.6372312992125981
11
3.1587846062992124
21
-3.6304407086614172
0
LINE
8
BLACK
6
CONTINUOUS
10
3.1587846062992124
20
-3.6304407086614172
11
3.1588394488188976
21
-3.6274047244094487
0
LINE
8
BLACK
6
CONTINUOUS
10
3.1588394488188976
20
-3.6274047244094487
11
3.1604049606299212
21
-3.6248028346456693
0
LINE
8
BLACK
6
CONTINUOUS
10
3.1604049606299212
20
-3.6248028346456693
11
3.1630616535433069
21
-3.6233322834645669
0
LINE
8
BLACK
6
CONTINUOUS
10
3.1630616535433069
20
-3.6233322834645669
11
3.1644773622047242
21
-3.6231588976377953
0
LINE
8
BLACK
6
CONTINUOUS
10
3.1644773622047242
20
-3.6231588976377953
11
3.1857991732283466
21
-3.6231588976377953
0
LINE
8
BLACK
6
CONTINUOUS
10
3.1857991732283466
20
-3.6231588976377953
11
3.1863742913385824
21
-3.6231871653543308
0
LINE
8
BLACK
6
CONTINUOUS
10
3.1863742913385824
20
-3.6231871653543308
11
3.1867878346456693
21
-3.6232278740157478
0
LINE
8
BLACK
6
CONTINUOUS
10
3.1867878346456693
20
-3.6232278740157478
11
3.1909742913385828
21
-3.6236403543307087
0
LINE
8
BLACK
6
CONTINUOUS
10
3.1909742913385828
20
-3.6236403543307087
11
3.1921017322834646
21
-3.6238646456692911
0
LINE
8
BLACK
6
CONTINUOUS
10
3.1921017322834646
20
-3.6238646456692911
11
3.1962484645669291
21
-3.6251227559055117
0
LINE
8
BLACK
6
CONTINUOUS
10
3.1962484645669291
20
-3.6251227559055117
11
3.1973104724409449
21
-3.6255627559055119
0
LINE
8
BLACK
6
CONTINUOUS
10
3.1973104724409449
20
-3.6255627559055119
11
3.1996934251968505
21
-3.626836653543307
0
LINE
8
BLACK
6
CONTINUOUS
10
3.1996934251968505
20
-3.626836653543307
11
3.2019095275590552
21
-3.6289124803149604
0
LINE
8
BLACK
6
CONTINUOUS
10
3.2019095275590552
20
-3.6289124803149604
11
3.2027907874015749
21
-3.6318183070866139
0
LINE
8
BLACK
6
CONTINUOUS
10
3.2027907874015749
20
-3.6318183070866139
11
3.2021011023622048
21
-3.6347755118110237
0
LINE
8
BLACK
6
CONTINUOUS
10
3.2021011023622048
20
-3.6347755118110237
11
3.2016736220472439
21
-3.6354579133858267
0
LINE
8
BLACK
6
CONTINUOUS
10
3.2016736220472439
20
-3.6354579133858267
11
3.2009843307086614
21
-3.6364066141732283
0
LINE
8
BLACK
6
CONTINUOUS
10
3.2009843307086614
20
-3.6364066141732283
11
3.2009841732283464
21
-3.6364068897637796
0
LINE
8
BLACK
6
CONTINUOUS
10
3.2009841732283464
20
-3.6364068897637796
11
3.1967627952755904
21
-3.6446918110236219
0
LINE
8
BLACK
6
CONTINUOUS
10
3.1967627952755904
20
-3.6446918110236219
11
3.1967625984251966
21
-3.644692283464567
0
LINE
8
BLACK
6
CONTINUOUS
10
3.1967625984251966
20
-3.644692283464567
11
3.194778188976378
21
-3.6507996850393698
0
LINE
8
BLACK
6
CONTINUOUS
10
3.194778188976378
20
-3.6507996850393698
11
3.1938892519685038
21
-3.6535355118110235
0
LINE
8
BLACK
6
CONTINUOUS
10
3.1938892519685038
20
-3.6535355118110235
11
3.1924346456692914
21
-3.6627196062992127
0
LINE
8
BLACK
6
CONTINUOUS
10
3.1924346456692914
20
-3.6627196062992127
11
3.1924346456692914
21
-3.7428843307086614
0
LINE
8
BLACK
6
CONTINUOUS
10
3.1924346456692914
20
-3.7428843307086614
11
3.1938892519685038
21
-3.7520684251968501
0
LINE
8
BLACK
6
CONTINUOUS
10
3.1938892519685038
20
-3.7520684251968501
11
3.1967626771653541
21
-3.7609118897637797
0
LINE
8
BLACK
6
CONTINUOUS
10
3.1967626771653541
20
-3.7609118897637797
11
3.2009841338582676
21
-3.769196968503937
0
LINE
8
BLACK
6
CONTINUOUS
10
3.2009841338582676
20
-3.769196968503937
11
3.2064497244094485
21
-3.7767196850393701
0
LINE
8
BLACK
6
CONTINUOUS
10
3.2064497244094485
20
-3.7767196850393701
11
3.2123700787401575
21
-3.7826400393700785
0
LINE
8
BLACK
6
CONTINUOUS
10
3.2123700787401575
20
-3.7826400393700785
11
3.2138883070866142
21
-3.7852696850393701
0
LINE
8
BLACK
6
CONTINUOUS
10
3.2138883070866142
20
-3.7852696850393701
11
3.2140881889763779
21
-3.7867879527559056
0
LINE
8
BLACK
6
CONTINUOUS
10
3.2140881889763779
20
-3.7867879527559056
11
3.2140881889763779
21
-3.8774716535433069
0
LINE
8
BLACK
6
CONTINUOUS
10
3.2140881889763779
20
-3.8774716535433069
11
3.21408874015748
21
-3.8774835039370079
0
LINE
8
BLACK
6
CONTINUOUS
10
3.21408874015748
20
-3.8774835039370079
11
3.21408874015748
21
-3.8810045669291338
0
LINE
8
BLACK
6
CONTINUOUS
10
3.21408874015748
20
-3.8810045669291338
11
3.2153962992125984
21
-3.895951929133858
0
LINE
8
BLACK
6
CONTINUOUS
10
3.2153962992125984
20
-3.895951929133858
11
3.2153963779527559
21
-3.8959525984251968
0
LINE
8
BLACK
6
CONTINUOUS
10
3.2153963779527559
20
-3.8959525984251968
11
3.2180018897637797
21
-3.9107301181102363
0
LINE
8
BLACK
6
CONTINUOUS
10
3.2180018897637797
20
-3.9107301181102363
11
3.2180020472440942
21
-3.9107307874015746
0
LINE
8
BLACK
6
CONTINUOUS
10
3.2180020472440942
20
-3.9107307874015746
11
3.2218852755905512
21
-3.9252237007874013
0
LINE
8
BLACK
6
CONTINUOUS
10
3.2218852755905512
20
-3.9252237007874013
11
3.2218853149606299
21
-3.9252238976377951
0
LINE
8
BLACK
6
CONTINUOUS
10
3.2218853149606299
20
-3.9252238976377951
11
3.2218854330708662
21
-3.9252242125984251
0
LINE
8
BLACK
6
CONTINUOUS
10
3.2218854330708662
20
-3.9252242125984251
11
3.2270174803149607
21
-3.9393246456692914
0
LINE
8
BLACK
6
CONTINUOUS
10
3.2270174803149607
20
-3.9393246456692914
11
3.2324861417322834
21
-3.9510523622047242
0
LINE
8
BLACK
6
CONTINUOUS
10
3.2324861417322834
20
-3.9510523622047242
11
3.2333589763779527
21
-3.9529241338582675
0
LINE
8
BLACK
6
CONTINUOUS
10
3.2333589763779527
20
-3.9529241338582675
11
3.2333591338582677
21
-3.9529244881889762
0
LINE
8
BLACK
6
CONTINUOUS
10
3.2333591338582677
20
-3.9529244881889762
11
3.2368071259842517
21
-3.9588966141732285
0
LINE
8
BLACK
6
CONTINUOUS
10
3.2368071259842517
20
-3.9588966141732285
11
3.2408616141732285
21
-3.9659192125984251
0
LINE
8
BLACK
6
CONTINUOUS
10
3.2408616141732285
20
-3.9659192125984251
11
3.2489883464566929
21
-3.977525472440945
0
LINE
8
BLACK
6
CONTINUOUS
10
3.2489883464566929
20
-3.977525472440945
11
3.2494681496062991
21
-3.9782106692913386
0
LINE
8
BLACK
6
CONTINUOUS
10
3.2494681496062991
20
-3.9782106692913386
11
3.2494684645669292
21
-3.9782111023622044
0
LINE
8
BLACK
6
CONTINUOUS
10
3.2494684645669292
20
-3.9782111023622044
11
3.2500896850393701
21
-3.9789514566929132
0
LINE
8
BLACK
6
CONTINUOUS
10
3.2500896850393701
20
-3.9789514566929132
11
3.2591135826771653
21
-3.9897056692913386
0
LINE
8
BLACK
6
CONTINUOUS
10
3.2591135826771653
20
-3.9897056692913386
11
3.2618124015748031
21
-3.9924044881889764
0
LINE
8
BLACK
6
CONTINUOUS
10
3.2618124015748031
20
-3.9924044881889764
11
3.2618125196850394
21
-3.9924046456692914
0
LINE
8
BLACK
6
CONTINUOUS
10
3.2618125196850394
20
-3.9924046456692914
11
3.265813307086614
21
-3.996405433070866
0
LINE
8
BLACK
6
CONTINUOUS
10
3.265813307086614
20
-3.996405433070866
11
3.2674881496062991
21
-3.9980802755905511
0
LINE
8
BLACK
6
CONTINUOUS
10
3.2674881496062991
20
-3.9980802755905511
11
3.2690064173228346
21
-4.0007099999999998
0
LINE
8
BLACK
6
CONTINUOUS
10
3.2690064173228346
20
-4.0007099999999998
11
3.2692062992125983
21
-4.0022282677165357
0
LINE
8
BLACK
6
CONTINUOUS
10
3.2692062992125983
20
-4.0022282677165357
11
3.2692062992125983
21
-4.0383148425196849
0
LINE
8
BLACK
6
CONTINUOUS
10
3.2692062992125983
20
-4.0383148425196849
11
3.2707094094488189
21
-4.0478049606299216
0
LINE
8
BLACK
6
CONTINUOUS
10
3.2707094094488189
20
-4.0478049606299216
11
3.2736785826771655
21
-4.0569431102362206
0
LINE
8
BLACK
6
CONTINUOUS
10
3.2736785826771655
20
-4.0569431102362206
11
3.2736787401574801
21
-4.0569434645669293
0
LINE
8
BLACK
6
CONTINUOUS
10
3.2736787401574801
20
-4.0569434645669293
11
3.2736787795275588
21
-4.0569435039370081
0
LINE
8
BLACK
6
CONTINUOUS
10
3.2736787795275588
20
-4.0569435039370081
11
3.2780406299212599
21
-4.0655041338582674
0
LINE
8
BLACK
6
CONTINUOUS
10
3.2780406299212599
20
-4.0655041338582674
11
3.2780407480314961
21
-4.0655043700787399
0
LINE
8
BLACK
6
CONTINUOUS
10
3.2780407480314961
20
-4.0655043700787399
11
3.2836883464566928
21
-4.0732775984251965
0
LINE
8
BLACK
6
CONTINUOUS
10
3.2836883464566928
20
-4.0732775984251965
11
3.2836884251968503
21
-4.0732777165354328
0
LINE
8
BLACK
6
CONTINUOUS
10
3.2836884251968503
20
-4.0732777165354328
11
3.2904824803149606
21
-4.0800717716535431
0
LINE
8
BLACK
6
CONTINUOUS
10
3.2904824803149606
20
-4.0800717716535431
11
3.2906578740157482
21
-4.0802215748031498
0
LINE
8
BLACK
6
CONTINUOUS
10
3.2906578740157482
20
-4.0802215748031498
11
3.2906147637795273
21
-4.080272007874016
0
LINE
8
BLACK
6
CONTINUOUS
10
3.2906147637795273
20
-4.080272007874016
11
3.292321062992126
21
-4.0823788582677167
0
LINE
8
BLACK
6
CONTINUOUS
10
3.292321062992126
20
-4.0823788582677167
11
3.2928283464566928
21
-4.0847651181102362
0
LINE
8
BLACK
6
CONTINUOUS
10
3.2928283464566928
20
-4.0847651181102362
11
3.2928283464566928
21
-4.4232010236220471
0
LINE
8
BLACK
6
CONTINUOUS
10
3.2928283464566928
20
-4.4232010236220471
11
3.2920424409448819
21
-4.4261340944881891
0
LINE
8
BLACK
6
CONTINUOUS
10
3.2920424409448819
20
-4.4261340944881891
11
3.2906261417322833
21
-4.4277070078740159
0
LINE
8
BLACK
6
CONTINUOUS
10
3.2906261417322833
20
-4.4277070078740159
11
3.2906580708661415
21
-4.4277443700787398
0
LINE
8
BLACK
6
CONTINUOUS
10
3.2906580708661415
20
-4.4277443700787398
11
3.2904827952755906
21
-4.4278940551181103
0
LINE
8
BLACK
6
CONTINUOUS
10
3.2904827952755906
20
-4.4278940551181103
11
3.2836884251968503
21
-4.4346883858267718
0
LINE
8
BLACK
6
CONTINUOUS
10
3.2836884251968503
20
-4.4346883858267718
11
3.2836883464566928
21
-4.4346885039370081
0
LINE
8
BLACK
6
CONTINUOUS
10
3.2836883464566928
20
-4.4346885039370081
11
3.2780407480314961
21
-4.4424617322834647
0
LINE
8
BLACK
6
CONTINUOUS
10
3.2780407480314961
20
-4.4424617322834647
11
3.2780406299212599
21
-4.4424619685039373
0
LINE
8
BLACK
6
CONTINUOUS
10
3.2780406299212599
20
-4.4424619685039373
11
3.2736787795275588
21
-4.4510225984251965
0
LINE
8
BLACK
6
CONTINUOUS
10
3.2736787795275588
20
-4.4510225984251965
11
3.273678503937008
21
-4.4510232677165353
0
LINE
8
BLACK
6
CONTINUOUS
10
3.273678503937008
20
-4.4510232677165353
11
3.2720607874015748
21
-4.4560021259842522
0
LINE
8
BLACK
6
CONTINUOUS
10
3.2720607874015748
20
-4.4560021259842522
11
3.2707094094488189
21
-4.4601611811023618
0
LINE
8
BLACK
6
CONTINUOUS
10
3.2707094094488189
20
-4.4601611811023618
11
3.2692062992125983
21
-4.4696512992125985
0
LINE
8
BLACK
6
CONTINUOUS
10
3.2692062992125983
20
-4.4696512992125985
11
3.2692062992125983
21
-4.5304408267716534
0
LINE
8
BLACK
6
CONTINUOUS
10
3.2692062992125983
20
-4.5304408267716534
11
3.2707094094488189
21
-4.5399309448818901
0
LINE
8
BLACK
6
CONTINUOUS
10
3.2707094094488189
20
-4.5399309448818901
11
3.2736785826771655
21
-4.5490690944881891
0
LINE
8
BLACK
6
CONTINUOUS
10
3.2736785826771655
20
-4.5490690944881891
11
3.2736787401574801
21
-4.5490694488188979
0
LINE
8
BLACK
6
CONTINUOUS
10
3.2736787401574801
20
-4.5490694488188979
11
3.2736787795275588
21
-4.5490694881889766
0
LINE
8
BLACK
6
CONTINUOUS
10
3.2736787795275588
20
-4.5490694881889766
11
3.2780406299212599
21
-4.5576301181102359
0
LINE
8
BLACK
6
CONTINUOUS
10
3.2780406299212599
20
-4.5576301181102359
11
3.2780407480314961
21
-4.5576303543307084
0
LINE
8
BLACK
6
CONTINUOUS
10
3.2780407480314961
20
-4.5576303543307084
11
3.2785883464566927
21
-4.5583840551181103
0
LINE
8
BLACK
6
CONTINUOUS
10
3.2785883464566927
20
-4.5583840551181103
11
3.2836883858267716
21
-4.5654036614173226
0
LINE
8
BLACK
6
CONTINUOUS
10
3.2836883858267716
20
-4.5654036614173226
11
3.2904825590551181
21
-4.5721978346456691
0
LINE
8
BLACK
6
CONTINUOUS
10
3.2904825590551181
20
-4.5721978346456691
11
3.2982559448818898
21
-4.5778455118110237
0
LINE
8
BLACK
6
CONTINUOUS
10
3.2982559448818898
20
-4.5778455118110237
11
3.306817125984252
21
-4.5822076377952756
0
LINE
8
BLACK
6
CONTINUOUS
10
3.306817125984252
20
-4.5822076377952756
11
3.315955275590551
21
-4.5851768110236222
0
LINE
8
BLACK
6
CONTINUOUS
10
3.315955275590551
20
-4.5851768110236222
11
3.3254453937007873
21
-4.5866799212598428
0
LINE
8
BLACK
6
CONTINUOUS
10
3.3254453937007873
20
-4.5866799212598428
11
3.3254455905511811
21
-4.5866799212598428
0
LINE
8
BLACK
6
CONTINUOUS
10
3.3254455905511811
20
-4.5866799212598428
11
3.3350536220472442
21
-4.5866799212598428
0
LINE
8
BLACK
6
CONTINUOUS
10
3.3350536220472442
20
-4.5866799212598428
11
3.3350538188976375
21
-4.5866799212598428
0
LINE
8
BLACK
6
CONTINUOUS
10
3.3350538188976375
20
-4.5866799212598428
11
3.3445439370078738
21
-4.5851768110236222
0
LINE
8
BLACK
6
CONTINUOUS
10
3.3445439370078738
20
-4.5851768110236222
11
3.3536820866141732
21
-4.5822076377952756
0
LINE
8
BLACK
6
CONTINUOUS
10
3.3536820866141732
20
-4.5822076377952756
11
3.3622432677165355
21
-4.5778455118110237
0
LINE
8
BLACK
6
CONTINUOUS
10
3.3622432677165355
20
-4.5778455118110237
11
3.3700166535433072
21
-4.5721978346456691
0
LINE
8
BLACK
6
CONTINUOUS
10
3.3700166535433072
20
-4.5721978346456691
11
3.3768108267716537
21
-4.5654036614173226
0
LINE
8
BLACK
6
CONTINUOUS
10
3.3768108267716537
20
-4.5654036614173226
11
3.3824585039370079
21
-4.5576302755905509
0
LINE
8
BLACK
6
CONTINUOUS
10
3.3824585039370079
20
-4.5576302755905509
11
3.3868206299212598
21
-4.5490690944881891
0
LINE
8
BLACK
6
CONTINUOUS
10
3.3868206299212598
20
-4.5490690944881891
11
3.3897898031496063
21
-4.5399309448818901
0
LINE
8
BLACK
6
CONTINUOUS
10
3.3897898031496063
20
-4.5399309448818901
11
3.3912929133858265
21
-4.5304408267716534
0
LINE
8
BLACK
6
CONTINUOUS
10
3.3912929133858265
20
-4.5304408267716534
11
3.3912929133858265
21
-4.4696512992125985
0
LINE
8
BLACK
6
CONTINUOUS
10
3.3912929133858265
20
-4.4696512992125985
11
3.3897898031496063
21
-4.4601611811023618
0
LINE
8
BLACK
6
CONTINUOUS
10
3.3897898031496063
20
-4.4601611811023618
11
3.3868206299212598
21
-4.4510230314960628
0
LINE
8
BLACK
6
CONTINUOUS
10
3.3868206299212598
20
-4.4510230314960628
11
3.3824585039370079
21
-4.442461850393701
0
LINE
8
BLACK
6
CONTINUOUS
10
3.3824585039370079
20
-4.442461850393701
11
3.3768108267716537
21
-4.4346884645669293
0
LINE
8
BLACK
6
CONTINUOUS
10
3.3768108267716537
20
-4.4346884645669293
11
3.3700166535433072
21
-4.4278942913385828
0
LINE
8
BLACK
6
CONTINUOUS
10
3.3700166535433072
20
-4.4278942913385828
11
3.3700164960629921
21
-4.4278941732283466
0
LINE
8
BLACK
6
CONTINUOUS
10
3.3700164960629921
20
-4.4278941732283466
11
3.3700163779527559
21
-4.4278940551181103
0
LINE
8
BLACK
6
CONTINUOUS
10
3.3700163779527559
20
-4.4278940551181103
11
3.3698411417322833
21
-4.4277443700787398
0
LINE
8
BLACK
6
CONTINUOUS
10
3.3698411417322833
20
-4.4277443700787398
11
3.3698841732283462
21
-4.4276939370078736
0
LINE
8
BLACK
6
CONTINUOUS
10
3.3698841732283462
20
-4.4276939370078736
11
3.3681779921259842
21
-4.4255869685039366
0
LINE
8
BLACK
6
CONTINUOUS
10
3.3681779921259842
20
-4.4255869685039366
11
3.3676708661417321
21
-4.4232010236220471
0
LINE
8
BLACK
6
CONTINUOUS
10
3.3676708661417321
20
-4.4232010236220471
11
3.3676708661417321
21
-4.0847651181102362
0
LINE
8
BLACK
6
CONTINUOUS
10
3.3676708661417321
20
-4.0847651181102362
11
3.3684567716535434
21
-4.0818320472440943
0
LINE
8
BLACK
6
CONTINUOUS
10
3.3684567716535434
20
-4.0818320472440943
11
3.3698732677165353
21
-4.0802589370078737
0
LINE
8
BLACK
6
CONTINUOUS
10
3.3698732677165353
20
-4.0802589370078737
11
3.3698413385826771
21
-4.0802215748031498
0
LINE
8
BLACK
6
CONTINUOUS
10
3.3698413385826771
20
-4.0802215748031498
11
3.3700162992125984
21
-4.0800720866141731
0
LINE
8
BLACK
6
CONTINUOUS
10
3.3700162992125984
20
-4.0800720866141731
11
3.3700166535433072
21
-4.0800718503937006
0
LINE
8
BLACK
6
CONTINUOUS
10
3.3700166535433072
20
-4.0800718503937006
11
3.3768108267716537
21
-4.073277677165354
0
LINE
8
BLACK
6
CONTINUOUS
10
3.3768108267716537
20
-4.073277677165354
11
3.3824585039370079
21
-4.0655042913385824
0
LINE
8
BLACK
6
CONTINUOUS
10
3.3824585039370079
20
-4.0655042913385824
11
3.3868206299212598
21
-4.0569431102362206
0
LINE
8
BLACK
6
CONTINUOUS
10
3.3868206299212598
20
-4.0569431102362206
11
3.3897898031496063
21
-4.0478049606299216
0
LINE
8
BLACK
6
CONTINUOUS
10
3.3897898031496063
20
-4.0478049606299216
11
3.3912929133858265
21
-4.0383148425196849
0
LINE
8
BLACK
6
CONTINUOUS
10
3.3912929133858265
20
-4.0383148425196849
11
3.3912929133858265
21
-3.97752531496063
0
LINE
8
BLACK
6
CONTINUOUS
10
3.3912929133858265
20
-3.97752531496063
11
3.3897898031496063
21
-3.9680351968503937
0
LINE
8
BLACK
6
CONTINUOUS
10
3.3897898031496063
20
-3.9680351968503937
11
3.3868206299212598
21
-3.9588970472440943
0
LINE
8
BLACK
6
CONTINUOUS
10
3.3868206299212598
20
-3.9588970472440943
11
3.3824585039370079
21
-3.950335866141732
0
LINE
8
BLACK
6
CONTINUOUS
10
3.3824585039370079
20
-3.950335866141732
11
3.3768108267716537
21
-3.9425624803149604
0
LINE
8
BLACK
6
CONTINUOUS
10
3.3768108267716537
20
-3.9425624803149604
11
3.3700166535433072
21
-3.9357683070866143
0
LINE
8
BLACK
6
CONTINUOUS
10
3.3700166535433072
20
-3.9357683070866143
11
3.3661299606299213
21
-3.9329444488188976
0
LINE
8
BLACK
6
CONTINUOUS
10
3.3661299606299213
20
-3.9329444488188976
11
3.362243346456693
21
-3.9301206692913384
0
LINE
8
BLACK
6
CONTINUOUS
10
3.362243346456693
20
-3.9301206692913384
11
3.3622431102362205
21
-3.9301205511811022
0
LINE
8
BLACK
6
CONTINUOUS
10
3.3622431102362205
20
-3.9301205511811022
11
3.3536824803149607
21
-3.9257587007874015
0
LINE
8
BLACK
6
CONTINUOUS
10
3.3536824803149607
20
-3.9257587007874015
11
3.353682440944882
21
-3.9257586614173228
0
LINE
8
BLACK
6
CONTINUOUS
10
3.353682440944882
20
-3.9257586614173228
11
3.3536820866141732
21
-3.9257585039370078
0
LINE
8
BLACK
6
CONTINUOUS
10
3.3536820866141732
20
-3.9257585039370078
11
3.3445439370078738
21
-3.9227893307086612
0
LINE
8
BLACK
6
CONTINUOUS
10
3.3445439370078738
20
-3.9227893307086612
11
3.3350538188976375
21
-3.921286220472441
0
LINE
8
BLACK
6
CONTINUOUS
10
3.3350538188976375
20
-3.921286220472441
11
3.3254453937007873
21
-3.921286220472441
0
LINE
8
BLACK
6
CONTINUOUS
10
3.3254453937007873
20
-3.921286220472441
11
3.3197700787401576
21
-3.9221851181102361
0
LINE
8
BLACK
6
CONTINUOUS
10
3.3197700787401576
20
-3.9221851181102361
11
3.3159553937007873
21
-3.9227892913385825
0
LINE
8
BLACK
6
CONTINUOUS
10
3.3159553937007873
20
-3.9227892913385825
11
3.3091674409448819
21
-3.924994842519685
0
LINE
8
BLACK
6
CONTINUOUS
10
3.3091674409448819
20
-3.924994842519685
11
3.3081924803149607
21
-3.9250459055118108
0
LINE
8
BLACK
6
CONTINUOUS
10
3.3081924803149607
20
-3.9250459055118108
11
3.307245
21
-3.9252809055118107
0
LINE
8
BLACK
6
CONTINUOUS
10
3.307245
20
-3.9252809055118107
11
3.3067007086614173
21
-3.9251240944881891
0
LINE
8
BLACK
6
CONTINUOUS
10
3.3067007086614173
20
-3.9251240944881891
11
3.3061350787401573
21
-3.9251537401574801
0
LINE
8
BLACK
6
CONTINUOUS
10
3.3061350787401573
20
-3.9251537401574801
11
3.3052652755905512
21
-3.9247105511811022
0
LINE
8
BLACK
6
CONTINUOUS
10
3.3052652755905512
20
-3.9247105511811022
11
3.3043271259842517
21
-3.924440275590551
0
LINE
8
BLACK
6
CONTINUOUS
10
3.3043271259842517
20
-3.924440275590551
11
3.3039340944881888
21
-3.9240322834645669
0
LINE
8
BLACK
6
CONTINUOUS
10
3.3039340944881888
20
-3.9240322834645669
11
3.3034294881889763
21
-3.923775157480315
0
LINE
8
BLACK
6
CONTINUOUS
10
3.3034294881889763
20
-3.923775157480315
11
3.302220590551181
21
-3.9222533858267714
0
LINE
8
BLACK
6
CONTINUOUS
10
3.302220590551181
20
-3.9222533858267714
11
3.2986957874015745
21
-3.9158757086614173
0
LINE
8
BLACK
6
CONTINUOUS
10
3.2986957874015745
20
-3.9158757086614173
11
3.2984104330708659
21
-3.9152830708661415
0
LINE
8
BLACK
6
CONTINUOUS
10
3.2984104330708659
20
-3.9152830708661415
11
3.2945001968503935
21
-3.9058427952755905
0
LINE
8
BLACK
6
CONTINUOUS
10
3.2945001968503935
20
-3.9058427952755905
11
3.2942829133858269
21
-3.9052218897637796
0
LINE
8
BLACK
6
CONTINUOUS
10
3.2942829133858269
20
-3.9052218897637796
11
3.2914540157480312
21
-3.8954023622047242
0
LINE
8
BLACK
6
CONTINUOUS
10
3.2914540157480312
20
-3.8954023622047242
11
3.291307874015748
21
-3.8947618897637795
0
LINE
8
BLACK
6
CONTINUOUS
10
3.291307874015748
20
-3.8947618897637795
11
3.2895962992125982
21
-3.8846876377952757
0
LINE
8
BLACK
6
CONTINUOUS
10
3.2895962992125982
20
-3.8846876377952757
11
3.2895226377952755
21
-3.884033937007874
0
LINE
8
BLACK
6
CONTINUOUS
10
3.2895226377952755
20
-3.884033937007874
11
3.2893525590551183
21
-3.8810045669291338
0
LINE
8
BLACK
6
CONTINUOUS
10
3.2893525590551183
20
-3.8810045669291338
11
3.2889398818897635
21
-3.8736551968503936
0
LINE
8
BLACK
6
CONTINUOUS
10
3.2889398818897635
20
-3.8736551968503936
11
3.2889307086614172
21
-3.8733270078740158
0
LINE
8
BLACK
6
CONTINUOUS
10
3.2889307086614172
20
-3.8733270078740158
11
3.288930748031496
21
-3.8698170078740155
0
LINE
8
BLACK
6
CONTINUOUS
10
3.288930748031496
20
-3.8698170078740155
11
3.2889307086614172
21
-3.8698167716535434
0
LINE
8
BLACK
6
CONTINUOUS
10
3.2889307086614172
20
-3.8698167716535434
11
3.2889307086614172
21
-3.7867879527559056
0
LINE
8
BLACK
6
CONTINUOUS
10
3.2889307086614172
20
-3.7867879527559056
11
3.2893766141732281
21
-3.7851238188976377
0
LINE
8
BLACK
6
CONTINUOUS
10
3.2893766141732281
20
-3.7851238188976377
11
3.2897166141732281
21
-3.7838548818897637
0
LINE
8
BLACK
6
CONTINUOUS
10
3.2897166141732281
20
-3.7838548818897637
11
3.2906487007874015
21
-3.782640118110236
0
LINE
8
BLACK
6
CONTINUOUS
10
3.2906487007874015
20
-3.782640118110236
11
3.2965691732283462
21
-3.7767196850393701
0
LINE
8
BLACK
6
CONTINUOUS
10
3.2965691732283462
20
-3.7767196850393701
11
3.3020347637795275
21
-3.769196968503937
0
LINE
8
BLACK
6
CONTINUOUS
10
3.3020347637795275
20
-3.769196968503937
11
3.3062562204724411
21
-3.7609118897637797
0
LINE
8
BLACK
6
CONTINUOUS
10
3.3062562204724411
20
-3.7609118897637797
11
3.3091296456692914
21
-3.7520684251968501
0
LINE
8
BLACK
6
CONTINUOUS
10
3.3091296456692914
20
-3.7520684251968501
11
3.3105842519685038
21
-3.7428843307086614
0
LINE
8
BLACK
6
CONTINUOUS
10
3.3105842519685038
20
-3.7428843307086614
11
3.3105842519685038
21
-3.6627196062992127
0
LINE
8
BLACK
6
CONTINUOUS
10
3.3105842519685038
20
-3.6627196062992127
11
3.3091296456692914
21
-3.6535355118110235
0
LINE
8
BLACK
6
CONTINUOUS
10
3.3091296456692914
20
-3.6535355118110235
11
3.3062562204724411
21
-3.6446920472440945
0
LINE
8
BLACK
6
CONTINUOUS
10
3.3062562204724411
20
-3.6446920472440945
11
3.3020347637795275
21
-3.6364069685039371
0
LINE
8
BLACK
6
CONTINUOUS
10
3.3020347637795275
20
-3.6364069685039371
11
3.2965691732283462
21
-3.6288842519685041
0
LINE
8
BLACK
6
CONTINUOUS
10
3.2965691732283462
20
-3.6288842519685041
11
3.2899940944881889
21
-3.6223091732283463
0
LINE
8
BLACK
6
CONTINUOUS
10
3.2899940944881889
20
-3.6223091732283463
11
3.2847132677165352
21
-3.6184724015748029
0
LINE
8
BLACK
6
CONTINUOUS
10
3.2847132677165352
20
-3.6184724015748029
11
3.2828023622047242
21
-3.6161125984251967
0
LINE
8
BLACK
6
CONTINUOUS
10
3.2828023622047242
20
-3.6161125984251967
11
3.2826244488188974
21
-3.6156641338582678
0
LINE
8
BLACK
6
CONTINUOUS
10
3.2826244488188974
20
-3.6156641338582678
11
3.2822324015748032
21
-3.6145437795275588
0
LINE
8
BLACK
6
CONTINUOUS
10
3.2822324015748032
20
-3.6145437795275588
11
3.281251929133858
21
-3.6117417716535432
0
LINE
8
BLACK
6
CONTINUOUS
10
3.281251929133858
20
-3.6117417716535432
11
3.2762399212598425
21
-3.6013344488188976
0
LINE
8
BLACK
6
CONTINUOUS
10
3.2762399212598425
20
-3.6013344488188976
11
3.2756584645669289
21
-3.6004090944881888
0
LINE
8
BLACK
6
CONTINUOUS
10
3.2756584645669289
20
-3.6004090944881888
11
3.271413031496063
21
-3.5936525984251966
0
LINE
8
BLACK
6
CONTINUOUS
10
3.271413031496063
20
-3.5936525984251966
11
3.2700941732283462
21
-3.5915537007874017
0
LINE
8
BLACK
6
CONTINUOUS
10
3.2700941732283462
20
-3.5915537007874017
11
3.2700940944881891
21
-3.5915536220472442
0
LINE
8
BLACK
6
CONTINUOUS
10
3.2700940944881891
20
-3.5915536220472442
11
3.2700940157480316
21
-3.5915534645669291
0
LINE
8
BLACK
6
CONTINUOUS
10
3.2700940157480316
20
-3.5915534645669291
11
3.2700939763779528
21
-3.5915534251968504
0
LINE
8
BLACK
6
CONTINUOUS
10
3.2700939763779528
20
-3.5915534251968504
11
3.2628919685039368
21
-3.5825225984251969
0
LINE
8
BLACK
6
CONTINUOUS
10
3.2628919685039368
20
-3.5825225984251969
11
3.2588079133858265
21
-3.5784386220472442
0
LINE
8
BLACK
6
CONTINUOUS
10
3.2588079133858265
20
-3.5784386220472442
11
3.2588079133858265
21
-3.5784385826771654
0
LINE
8
BLACK
6
CONTINUOUS
10
3.2588079133858265
20
-3.5784385826771654
11
3.2560103937007874
21
-3.5756411417322833
0
LINE
8
BLACK
6
CONTINUOUS
10
3.2560103937007874
20
-3.5756411417322833
11
3.255988188976378
21
-3.5756209842519686
0
LINE
8
BLACK
6
CONTINUOUS
10
3.255988188976378
20
-3.5756209842519686
11
3.2549275984251969
21
-3.5745602755905512
0
LINE
8
BLACK
6
CONTINUOUS
10
3.2549275984251969
20
-3.5745602755905512
11
3.2547252755905509
21
-3.5743579133858265
0
LINE
8
BLACK
6
CONTINUOUS
10
3.2547252755905509
20
-3.5743579133858265
11
3.2456947637795275
21
-3.5671552755905509
0
LINE
8
BLACK
6
CONTINUOUS
10
3.2456947637795275
20
-3.5671552755905509
11
3.2456945669291337
21
-3.5671551574803151
0
LINE
8
BLACK
6
CONTINUOUS
10
3.2456945669291337
20
-3.5671551574803151
11
3.24569437007874
21
-3.5671550000000001
0
LINE
8
BLACK
6
CONTINUOUS
10
3.24569437007874
20
-3.5671550000000001
11
3.2359145275590548
21
-3.5610090944881887
0
LINE
8
BLACK
6
CONTINUOUS
10
3.2359145275590548
20
-3.5610090944881887
11
3.2255073622047243
21
-3.5559966141732282
0
LINE
8
BLACK
6
CONTINUOUS
10
3.2255073622047243
20
-3.5559966141732282
11
3.2146053937007872
21
-3.5521812598425195
0
LINE
8
BLACK
6
CONTINUOUS
10
3.2146053937007872
20
-3.5521812598425195
11
3.2146050787401572
21
-3.5521811417322833
0
LINE
8
BLACK
6
CONTINUOUS
10
3.2146050787401572
20
-3.5521811417322833
11
3.2146048818897639
21
-3.5521811023622045
0
LINE
8
BLACK
6
CONTINUOUS
10
3.2146048818897639
20
-3.5521811023622045
11
3.2041851181102361
21
-3.5498024015748029
0
LINE
8
BLACK
6
CONTINUOUS
10
3.2041851181102361
20
-3.5498024015748029
11
3.2033431889763779
21
-3.5496101968503937
0
LINE
8
BLACK
6
CONTINUOUS
10
3.2033431889763779
20
-3.5496101968503937
11
3.1918651968503937
21
-3.5483164960629923
0
LINE
8
BLACK
6
CONTINUOUS
10
3.1918651968503937
20
-3.5483164960629923
11
3.1918653543307087
21
-3.5483164960629923
0
LINE
8
BLACK
6
CONTINUOUS
10
3.1918653543307087
20
-3.5483164960629923
11
3.1900172440944883
21
-3.5483164566929135
0
LINE
8
BLACK
6
CONTINUOUS
10
3.1900172440944883
20
-3.5483164566929135
11
3.1900172440944883
21
-3.5483164173228348
0
LINE
8
BLACK
6
CONTINUOUS
10
3.1900172440944883
20
-3.5483164173228348
11
3.1897743307086612
21
-3.548316377952756
0
LINE
8
BLACK
6
CONTINUOUS
10
3.1897743307086612
20
-3.548316377952756
11
3.1897741338582675
21
-3.548316377952756
0
LINE
8
BLACK
6
CONTINUOUS
10
3.1897741338582675
20
-3.548316377952756
11
3.1860896062992126
21
-3.548316377952756
0
LINE
8
BLACK
6
CONTINUOUS
10
3.1860896062992126
20
-3.548316377952756
11
3.1860895669291338
21
-3.548316377952756
0
LINE
8
BLACK
6
CONTINUOUS
10
3.1860895669291338
20
-3.548316377952756
11
3.1860890157480313
21
-3.5483163385826773
0
LINE
8
BLACK
6
CONTINUOUS
10
3.1860890157480313
20
-3.5483163385826773
11
3.1824038582677163
21
-3.5483162598425197
0
LINE
8
BLACK
6
CONTINUOUS
10
3.1824038582677163
20
-3.5483162598425197
11
3.1824037795275588
21
-3.5483162598425197
0
LINE
8
BLACK
6
CONTINUOUS
10
3.1824037795275588
20
-3.5483162598425197
11
3.1821154724409446
21
-3.5483162598425197
0
LINE
8
BLACK
6
CONTINUOUS
10
3.1821154724409446
20
-3.5483162598425197
11
3.1821131102362203
21
-3.548316377952756
0
LINE
8
BLACK
6
CONTINUOUS
10
3.1821131102362203
20
-3.548316377952756
11
3.1152820472440945
21
-3.548316377952756
0
LINE
8
BLACK
6
CONTINUOUS
10
3.1152820472440945
20
-3.548316377952756
11
3.1123489763779526
21
-3.5475304724409447
0
LINE
8
BLACK
6
CONTINUOUS
10
3.1123489763779526
20
-3.5475304724409447
11
3.1117108267716533
21
-3.5471040551181101
0
LINE
8
BLACK
6
CONTINUOUS
10
3.1117108267716533
20
-3.5471040551181101
11
3.1113596850393699
21
-3.5468346062992127
0
LINE
8
BLACK
6
CONTINUOUS
10
3.1113596850393699
20
-3.5468346062992127
11
3.1071295669291339
21
-3.5435885039370079
0
LINE
8
BLACK
6
CONTINUOUS
10
3.1071295669291339
20
-3.5435885039370079
11
3.1051842519685038
21
-3.5420957086614173
0
LINE
8
BLACK
6
CONTINUOUS
10
3.1051842519685038
20
-3.5420957086614173
11
3.0975602362204722
21
-3.5376937401574802
0
LINE
8
BLACK
6
CONTINUOUS
10
3.0975602362204722
20
-3.5376937401574802
11
3.0948406299212596
21
-3.5365671653543305
0
LINE
8
BLACK
6
CONTINUOUS
10
3.0948406299212596
20
-3.5365671653543305
11
3.089426811023622
21
-3.5343245275590549
0
LINE
8
BLACK
6
CONTINUOUS
10
3.089426811023622
20
-3.5343245275590549
11
3.0872481102362204
21
-3.5337406692913387
0
LINE
8
BLACK
6
CONTINUOUS
10
3.0872481102362204
20
-3.5337406692913387
11
3.0846186614173225
21
-3.5322224803149607
0
LINE
8
BLACK
6
CONTINUOUS
10
3.0846186614173225
20
-3.5322224803149607
11
3.0838355511811022
21
-3.5314393700787399
0
LINE
8
BLACK
6
CONTINUOUS
10
3.0838355511811022
20
-3.5314393700787399
11
3.0838354330708659
21
-3.5314392519685041
0
LINE
8
BLACK
6
CONTINUOUS
10
3.0838354330708659
20
-3.5314392519685041
11
3.0777063779527558
21
-3.5273439370078741
0
LINE
8
BLACK
6
CONTINUOUS
10
3.0777063779527558
20
-3.5273439370078741
11
3.0777063385826771
21
-3.5273438976377953
0
LINE
8
BLACK
6
CONTINUOUS
10
3.0777063385826771
20
-3.5273438976377953
11
3.0777062598425196
21
-3.5273438582677166
0
LINE
8
BLACK
6
CONTINUOUS
10
3.0777062598425196
20
-3.5273438582677166
11
3.0723624015748032
21
-3.5251303937007874
0
LINE
8
BLACK
6
CONTINUOUS
10
3.0723624015748032
20
-3.5251303937007874
11
3.0708961811023623
21
-3.5245230708661417
0
LINE
8
BLACK
6
CONTINUOUS
10
3.0708961811023623
20
-3.5245230708661417
11
3.0672812992125982
21
-3.5238040157480315
0
LINE
8
BLACK
6
CONTINUOUS
10
3.0672812992125982
20
-3.5238040157480315
11
3.0672812598425194
21
-3.5238039763779527
0
LINE
8
BLACK
6
CONTINUOUS
10
3.0672812598425194
20
-3.5238039763779527
11
3.063666496062992
21
-3.523085
0
LINE
8
BLACK
6
CONTINUOUS
10
3.063666496062992
20
-3.523085
11
3.0636664566929133
21
-3.523085
0
LINE
8
BLACK
6
CONTINUOUS
10
3.0636664566929133
20
-3.523085
11
3.0235093307086616
21
-3.523085
0
LINE
8
BLACK
6
CONTINUOUS
10
3.0235093307086616
20
-3.523085
11
3.0205762598425197
21
-3.5222990944881887
0
LINE
8
BLACK
6
CONTINUOUS
10
3.0205762598425197
20
-3.5222990944881887
11
3.0184290944881891
21
-3.5201519291338581
0
LINE
8
BLACK
6
CONTINUOUS
10
3.0184290944881891
20
-3.5201519291338581
11
3.0176431889763777
21
-3.5172188582677166
0
LINE
8
BLACK
6
CONTINUOUS
10
3.0176431889763777
20
-3.5172188582677166
11
3.0176431889763777
21
-3.357678188976378
0
LINE
8
BLACK
6
CONTINUOUS
10
3.0176431889763777
20
-3.357678188976378
11
3.0184290944881891
21
-3.3547451181102361
0
LINE
8
BLACK
6
CONTINUOUS
10
3.0184290944881891
20
-3.3547451181102361
11
3.019361338582677
21
-3.3535301968503934
0
LINE
8
BLACK
6
CONTINUOUS
10
3.019361338582677
20
-3.3535301968503934
11
3.0514284251968502
21
-3.3214631102362202
0
LINE
8
BLACK
6
CONTINUOUS
10
3.0514284251968502
20
-3.3214631102362202
11
3.0837260629921257
21
-3.2891654724409447
0
LINE
8
BLACK
6
CONTINUOUS
10
3.0837260629921257
20
-3.2891654724409447
11
3.0878213779527557
21
-3.2830364173228346
0
LINE
8
BLACK
6
CONTINUOUS
10
3.0878213779527557
20
-3.2830364173228346
11
3.0893424409448818
21
-3.2793642125984253
0
LINE
8
BLACK
6
CONTINUOUS
10
3.0893424409448818
20
-3.2793642125984253
11
3.0903101181102364
21
-3.2770280708661415
0
LINE
8
BLACK
6
CONTINUOUS
10
3.0903101181102364
20
-3.2770280708661415
11
3.0906421653543306
21
-3.2762263779527556
0
LINE
8
BLACK
6
CONTINUOUS
10
3.0906421653543306
20
-3.2762263779527556
11
3.0906422440944881
21
-3.2762262204724411
0
LINE
8
BLACK
6
CONTINUOUS
10
3.0906422440944881
20
-3.2762262204724411
11
3.0920803149606297
21
-3.268996496062992
0
LINE
8
BLACK
6
CONTINUOUS
10
3.0920803149606297
20
-3.268996496062992
11
3.0920803149606297
21
-3.1991753937007874
0
LINE
8
BLACK
6
CONTINUOUS
10
3.0920803149606297
20
-3.1991753937007874
11
3.0928662204724411
21
-3.1962423228346455
0
LINE
8
BLACK
6
CONTINUOUS
10
3.0928662204724411
20
-3.1962423228346455
11
3.093798307086614
21
-3.1950275590551178
0
LINE
8
BLACK
6
CONTINUOUS
10
3.093798307086614
20
-3.1950275590551178
11
3.0974815748031497
21
-3.1913443307086613
0
LINE
8
BLACK
6
CONTINUOUS
10
3.0974815748031497
20
-3.1913443307086613
11
3.1026757480314959
21
-3.1841951574803149
0
LINE
8
BLACK
6
CONTINUOUS
10
3.1026757480314959
20
-3.1841951574803149
11
3.1066876377952757
21
-3.1763214173228347
0
LINE
8
BLACK
6
CONTINUOUS
10
3.1066876377952757
20
-3.1763214173228347
11
3.1094183858267717
21
-3.1679170078740158
0
LINE
8
BLACK
6
CONTINUOUS
10
3.1094183858267717
20
-3.1679170078740158
11
3.1108007874015748
21
-3.1591889370078738
0
LINE
8
BLACK
6
CONTINUOUS
10
3.1108007874015748
20
-3.1591889370078738
11
3.1108007874015748
21
-3.1503520078740155
0
LINE
8
BLACK
6
CONTINUOUS
10
3.1108007874015748
20
-3.1503520078740155
11
3.1094183858267717
21
-3.141623937007874
0
LINE
8
BLACK
6
CONTINUOUS
10
3.1094183858267717
20
-3.141623937007874
11
3.1066876377952757
21
-3.1332195275590551
0
LINE
8
BLACK
6
CONTINUOUS
10
3.1066876377952757
20
-3.1332195275590551
11
3.1026757480314959
21
-3.1253457874015749
0
LINE
8
BLACK
6
CONTINUOUS
10
3.1026757480314959
20
-3.1253457874015749
11
3.0974815748031497
21
-3.1181966141732285
0
LINE
8
BLACK
6
CONTINUOUS
10
3.0974815748031497
20
-3.1181966141732285
11
3.0912329133858267
21
-3.1119479527559055
0
LINE
8
BLACK
6
CONTINUOUS
10
3.0912329133858267
20
-3.1119479527559055
11
3.0840837401574803
21
-3.1067537795275588
0
LINE
8
BLACK
6
CONTINUOUS
10
3.0840837401574803
20
-3.1067537795275588
11
3.08393874015748
21
-3.1066798818897636
0
LINE
8
BLACK
6
CONTINUOUS
10
3.08393874015748
20
-3.1066798818897636
11
3.079821811023622
21
-3.1045821653543308
0
LINE
8
BLACK
6
CONTINUOUS
10
3.079821811023622
20
-3.1045821653543308
11
3.0783370472440943
21
-3.1035034251968505
0
LINE
8
BLACK
6
CONTINUOUS
10
3.0783370472440943
20
-3.1035034251968505
11
3.0612668503937006
21
-3.0864332283464568
0
LINE
8
BLACK
6
CONTINUOUS
10
3.0612668503937006
20
-3.0864332283464568
11
3.0578446062992124
21
-3.0871139763779527
0
LINE
8
BLACK
6
CONTINUOUS
10
3.0578446062992124
20
-3.0871139763779527
11
3.0514735039370078
21
-3.0871139763779527
0
LINE
8
BLACK
6
CONTINUOUS
10
3.0514735039370078
20
-3.0871139763779527
11
3.0480512204724408
21
-3.0864332283464568
0
LINE
8
BLACK
6
CONTINUOUS
10
3.0480512204724408
20
-3.0864332283464568
11
3.0309809842519684
21
-3.1035034251968505
0
LINE
8
BLACK
6
CONTINUOUS
10
3.0309809842519684
20
-3.1035034251968505
11
3.0294962598425195
21
-3.1045821653543308
0
LINE
8
BLACK
6
CONTINUOUS
10
3.0294962598425195
20
-3.1045821653543308
11
3.0252344488188974
21
-3.1067537007874013
0
LINE
8
BLACK
6
CONTINUOUS
10
3.0252344488188974
20
-3.1067537007874013
11
3.0180853149606297
21
-3.1119478346456693
0
LINE
8
BLACK
6
CONTINUOUS
10
3.0180853149606297
20
-3.1119478346456693
11
3.0118364173228347
21
-3.1181967322834643
0
LINE
8
BLACK
6
CONTINUOUS
10
3.0118364173228347
20
-3.1181967322834643
11
3.006642401574803
21
-3.1253457086614174
0
LINE
8
BLACK
6
CONTINUOUS
10
3.006642401574803
20
-3.1253457086614174
11
3.0026304724409449
21
-3.1332194881889763
0
LINE
8
BLACK
6
CONTINUOUS
10
3.0026304724409449
20
-3.1332194881889763
11
2.999899724409449
21
-3.1416238188976378
0
LINE
8
BLACK
6
CONTINUOUS
10
2.999899724409449
20
-3.1416238188976378
11
2.9993321653543306
21
-3.1452073622047245
0
LINE
8
BLACK
6
CONTINUOUS
10
2.9993321653543306
20
-3.1452073622047245
11
2.9985173228346458
21
-3.1503520078740155
0
LINE
8
BLACK
6
CONTINUOUS
10
2.9985173228346458
20
-3.1503520078740155
11
2.9985173228346458
21
-3.1591889370078738
0
LINE
8
BLACK
6
CONTINUOUS
10
2.9985173228346458
20
-3.1591889370078738
11
2.9992494094488187
21
-3.1638110236220474
0
LINE
8
BLACK
6
CONTINUOUS
10
2.9992494094488187
20
-3.1638110236220474
11
2.999899724409449
21
-3.1679170866141733
0
LINE
8
BLACK
6
CONTINUOUS
10
2.999899724409449
20
-3.1679170866141733
11
3.0026304724409449
21
-3.1763214173228347
0
LINE
8
BLACK
6
CONTINUOUS
10
3.0026304724409449
20
-3.1763214173228347
11
3.0066423622047243
21
-3.1841951574803149
0
LINE
8
BLACK
6
CONTINUOUS
10
3.0066423622047243
20
-3.1841951574803149
11
3.0118365354330709
21
-3.1913443307086613
0
LINE
8
BLACK
6
CONTINUOUS
10
3.0118365354330709
20
-3.1913443307086613
11
3.01551968503937
21
-3.1950274803149608
0
LINE
8
BLACK
6
CONTINUOUS
10
3.01551968503937
20
-3.1950274803149608
11
3.0170379133858267
21
-3.1976571259842519
0
LINE
8
BLACK
6
CONTINUOUS
10
3.0170379133858267
20
-3.1976571259842519
11
3.0172377952755904
21
-3.1991753937007874
0
LINE
8
BLACK
6
CONTINUOUS
10
3.0172377952755904
20
-3.1991753937007874
11
3.0172377952755904
21
-3.247380590551181
0
LINE
8
BLACK
6
CONTINUOUS
10
3.0172377952755904
20
-3.247380590551181
11
3.0164518897637795
21
-3.2503136614173229
0
LINE
8
BLACK
6
CONTINUOUS
10
3.0164518897637795
20
-3.2503136614173229
11
3.0155196456692912
21
-3.2515285826771652
0
LINE
8
BLACK
6
CONTINUOUS
10
3.0155196456692912
20
-3.2515285826771652
11
2.9642991732283464
21
-3.30274905511811
0
LINE
8
BLACK
6
CONTINUOUS
10
2.9642991732283464
20
-3.30274905511811
11
2.9616694488188977
21
-3.3042673228346455
0
LINE
8
BLACK
6
CONTINUOUS
10
2.9616694488188977
20
-3.3042673228346455
11
2.9586329133858267
21
-3.3042673228346455
0
LINE
8
BLACK
6
CONTINUOUS
10
2.9586329133858267
20
-3.3042673228346455
11
2.956003188976378
21
-3.30274905511811
0
LINE
8
BLACK
6
CONTINUOUS
10
2.956003188976378
20
-3.30274905511811
11
2.9544849212598425
21
-3.3001193307086614
0
LINE
8
BLACK
6
CONTINUOUS
10
2.9544849212598425
20
-3.3001193307086614
11
2.9542850393700788
21
-3.2986010629921259
0
LINE
8
BLACK
6
CONTINUOUS
10
2.9542850393700788
20
-3.2986010629921259
11
2.9542850393700788
21
-3.0497340157480313
0
LINE
8
BLACK
6
CONTINUOUS
10
2.9542850393700788
20
-3.0497340157480313
11
2.9542850393700788
21
-3.0047704724409448
0
LINE
8
BLACK
6
CONTINUOUS
10
2.9542850393700788
20
-3.0047704724409448
11
2.9542850393700788
21
-2.9497340157480316
0
LINE
8
BLACK
6
CONTINUOUS
10
2.9542850393700788
20
-2.9497340157480316
11
2.9542850393700788
21
-2.8987325984251968
0
LINE
8
BLACK
6
CONTINUOUS
10
2.9542850393700788
20
-2.8987325984251968
11
2.9542850393700788
21
-2.5254947637795273
0
LINE
8
BLACK
6
CONTINUOUS
10
2.9542850393700788
20
-2.5254947637795273
11
2.9550709448818897
21
-2.5225616929133858
0
LINE
8
BLACK
6
CONTINUOUS
10
2.9550709448818897
20
-2.5225616929133858
11
2.9572181102362203
21
-2.5204145275590553
0
LINE
8
BLACK
6
CONTINUOUS
10
2.9572181102362203
20
-2.5204145275590553
11
2.9601511811023622
21
-2.5196286220472439
0
LINE
8
BLACK
6
CONTINUOUS
10
2.9601511811023622
20
-2.5196286220472439
11
2.9630842519685037
21
-2.5204145275590553
0
LINE
8
BLACK
6
CONTINUOUS
10
2.9630842519685037
20
-2.5204145275590553
11
2.9652314173228347
21
-2.5225616929133858
0
LINE
8
BLACK
6
CONTINUOUS
10
2.9652314173228347
20
-2.5225616929133858
11
2.9659451181102363
21
-2.5245771259842518
0
LINE
8
BLACK
6
CONTINUOUS
10
2.9659451181102363
20
-2.5245771259842518
11
2.9664123228346457
21
-2.5275270078740157
0
LINE
8
BLACK
6
CONTINUOUS
10
2.9664123228346457
20
-2.5275270078740157
11
2.9664123228346457
21
-2.5275270472440945
0
LINE
8
BLACK
6
CONTINUOUS
10
2.9664123228346457
20
-2.5275270472440945
11
2.9706589763779525
21
-2.5452157086614173
0
LINE
8
BLACK
6
CONTINUOUS
10
2.9706589763779525
20
-2.5452157086614173
11
2.9706590944881888
21
-2.5452160236220474
0
LINE
8
BLACK
6
CONTINUOUS
10
2.9706590944881888
20
-2.5452160236220474
11
2.97628
21
-2.5625154724409449
0
LINE
8
BLACK
6
CONTINUOUS
10
2.97628
20
-2.5625154724409449
11
2.9762804724409446
21
-2.5625167716535433
0
LINE
8
BLACK
6
CONTINUOUS
10
2.9762804724409446
20
-2.5625167716535433
11
2.9832416141732283
21
-2.5793223228346456
0
LINE
8
BLACK
6
CONTINUOUS
10
2.9832416141732283
20
-2.5793223228346456
11
2.9832418897637796
21
-2.5793229133858269
0
LINE
8
BLACK
6
CONTINUOUS
10
2.9832418897637796
20
-2.5793229133858269
11
2.9914998031496061
21
-2.5955300000000001
0
LINE
8
BLACK
6
CONTINUOUS
10
2.9914998031496061
20
-2.5955300000000001
11
3.0010048031496064
21
-2.6110408661417321
0
LINE
8
BLACK
6
CONTINUOUS
10
3.0010048031496064
20
-2.6110408661417321
11
3.0116973228346455
21
-2.6257578740157479
0
LINE
8
BLACK
6
CONTINUOUS
10
3.0116973228346455
20
-2.6257578740157479
11
3.0178952362204723
21
-2.6330146850393699
0
LINE
8
BLACK
6
CONTINUOUS
10
3.0178952362204723
20
-2.6330146850393699
11
3.0403774409448818
21
-2.6105324015748033
0
LINE
8
BLACK
6
CONTINUOUS
10
3.0403774409448818
20
-2.6105324015748033
11
3.0349647637795276
21
-2.6040818110236219
0
LINE
8
BLACK
6
CONTINUOUS
10
3.0349647637795276
20
-2.6040818110236219
11
3.024957125984252
21
-2.5897894488188977
0
LINE
8
BLACK
6
CONTINUOUS
10
3.024957125984252
20
-2.5897894488188977
11
3.0162332677165353
21
-2.574679251968504
0
LINE
8
BLACK
6
CONTINUOUS
10
3.0162332677165353
20
-2.574679251968504
11
3.0088595275590548
21
-2.5588662204724408
0
LINE
8
BLACK
6
CONTINUOUS
10
3.0088595275590548
20
-2.5588662204724408
11
3.0028920472440945
21
-2.5424706692913386
0
LINE
8
BLACK
6
CONTINUOUS
10
3.0028920472440945
20
-2.5424706692913386
11
2.9983762204724407
21
-2.5256174409448819
0
LINE
8
BLACK
6
CONTINUOUS
10
2.9983762204724407
20
-2.5256174409448819
11
2.9953464566929133
21
-2.5084347637795275
0
LINE
8
BLACK
6
CONTINUOUS
10
2.9953464566929133
20
-2.5084347637795275
11
2.9938257874015748
21
-2.4910533858267714
0
LINE
8
BLACK
6
CONTINUOUS
10
2.9938257874015748
20
-2.4910533858267714
11
2.9938257874015748
21
-2.4736056692913384
0
LINE
8
BLACK
6
CONTINUOUS
10
2.9938257874015748
20
-2.4736056692913384
11
2.9953464566929133
21
-2.4562242913385828
0
LINE
8
BLACK
6
CONTINUOUS
10
2.9953464566929133
20
-2.4562242913385828
11
2.9983762204724407
21
-2.4390416141732283
0
LINE
8
BLACK
6
CONTINUOUS
10
2.9983762204724407
20
-2.4390416141732283
11
3.0028920472440945
21
-2.4221883858267717
0
LINE
8
BLACK
6
CONTINUOUS
10
3.0028920472440945
20
-2.4221883858267717
11
3.0088595275590548
21
-2.4057928346456694
0
LINE
8
BLACK
6
CONTINUOUS
10
3.0088595275590548
20
-2.4057928346456694
11
3.0162332677165353
21
-2.3899798031496062
0
LINE
8
BLACK
6
CONTINUOUS
10
3.0162332677165353
20
-2.3899798031496062
11
3.024957125984252
21
-2.3748696062992125
0
LINE
8
BLACK
6
CONTINUOUS
10
3.024957125984252
20
-2.3748696062992125
11
3.0349647637795276
21
-2.3605772440944883
0
LINE
8
BLACK
6
CONTINUOUS
10
3.0349647637795276
20
-2.3605772440944883
11
3.0403774803149606
21
-2.3541265354330707
0
LINE
8
BLACK
6
CONTINUOUS
10
3.0403774803149606
20
-2.3541265354330707
11
3.0178952362204723
21
-2.3316442913385824
0
LINE
8
BLACK
6
CONTINUOUS
10
3.0178952362204723
20
-2.3316442913385824
11
3.0116973622047243
21
-2.3389011417322836
0
LINE
8
BLACK
6
CONTINUOUS
10
3.0116973622047243
20
-2.3389011417322836
11
3.0010048031496064
21
-2.3536181496062993
0
LINE
8
BLACK
6
CONTINUOUS
10
3.0010048031496064
20
-2.3536181496062993
11
2.9914998031496061
21
-2.3691290157480314
0
LINE
8
BLACK
6
CONTINUOUS
10
2.9914998031496061
20
-2.3691290157480314
11
2.9832418897637796
21
-2.3853361023622046
0
LINE
8
BLACK
6
CONTINUOUS
10
2.9832418897637796
20
-2.3853361023622046
11
2.9832416141732283
21
-2.3853366929133859
0
LINE
8
BLACK
6
CONTINUOUS
10
2.9832416141732283
20
-2.3853366929133859
11
2.9762804724409446
21
-2.4021422440944882
0
LINE
8
BLACK
6
CONTINUOUS
10
2.9762804724409446
20
-2.4021422440944882
11
2.97628
21
-2.4021435433070866
0
LINE
8
BLACK
6
CONTINUOUS
10
2.97628
20
-2.4021435433070866
11
2.9706590944881888
21
-2.4194429921259841
0
LINE
8
BLACK
6
CONTINUOUS
10
2.9706590944881888
20
-2.4194429921259841
11
2.9706589763779525
21
-2.4194433070866141
0
LINE
8
BLACK
6
CONTINUOUS
10
2.9706589763779525
20
-2.4194433070866141
11
2.9664123228346457
21
-2.4371319291338582
0
LINE
8
BLACK
6
CONTINUOUS
10
2.9664123228346457
20
-2.4371319291338582
11
2.9659451181102363
21
-2.440081929133858
0
LINE
8
BLACK
6
CONTINUOUS
10
2.9659451181102363
20
-2.440081929133858
11
2.9647100393700785
21
-2.4428559448818898
0
LINE
8
BLACK
6
CONTINUOUS
10
2.9647100393700785
20
-2.4428559448818898
11
2.9622534251968502
21
-2.444640748031496
0
LINE
8
BLACK
6
CONTINUOUS
10
2.9622534251968502
20
-2.444640748031496
11
2.9592335039370079
21
-2.4449581889763778
0
LINE
8
BLACK
6
CONTINUOUS
10
2.9592335039370079
20
-2.4449581889763778
11
2.9564594881889765
21
-2.4437231102362205
0
LINE
8
BLACK
6
CONTINUOUS
10
2.9564594881889765
20
-2.4437231102362205
11
2.9546746850393699
21
-2.4412664960629922
0
LINE
8
BLACK
6
CONTINUOUS
10
2.9546746850393699
20
-2.4412664960629922
11
2.9542850393700788
21
-2.4391642519685037
0
LINE
8
BLACK
6
CONTINUOUS
10
2.9542850393700788
20
-2.4391642519685037
11
2.9542850393700788
21
-2.2150774803149607
0
LINE
8
BLACK
6
CONTINUOUS
10
2.9542850393700788
20
-2.2150774803149607
11
2.9542852755905513
21
-2.215026653543307
0
LINE
8
BLACK
6
CONTINUOUS
10
2.9542852755905513
20
-2.215026653543307
11
2.9542883858267714
21
-2.2146677559055119
0
LINE
8
BLACK
6
CONTINUOUS
10
2.9542883858267714
20
-2.2146677559055119
11
2.9542926377952754
21
-2.2141763385826772
0
LINE
8
BLACK
6
CONTINUOUS
10
2.9542926377952754
20
-2.2141763385826772
11
2.9543073622047245
21
-2.2138091732283462
0
LINE
8
BLACK
6
CONTINUOUS
10
2.9543073622047245
20
-2.2138091732283462
11
2.9543294881889763
21
-2.2134998818897635
0
LINE
8
BLACK
6
CONTINUOUS
10
2.9543294881889763
20
-2.2134998818897635
11
2.954442716535433
21
-2.2119169291338583
0
LINE
8
BLACK
6
CONTINUOUS
10
2.954442716535433
20
-2.2119169291338583
11
2.9544874015748031
21
-2.2115014566929134
0
LINE
8
BLACK
6
CONTINUOUS
10
2.9544874015748031
20
-2.2115014566929134
11
2.9544950000000001
21
-2.2114487795275588
0
LINE
8
BLACK
6
CONTINUOUS
10
2.9544950000000001
20
-2.2114487795275588
11
2.9546851968503938
21
-2.2101258661417322
0
LINE
8
BLACK
6
CONTINUOUS
10
2.9546851968503938
20
-2.2101258661417322
11
2.9547304724409447
21
-2.2098109448818897
0
LINE
8
BLACK
6
CONTINUOUS
10
2.9547304724409447
20
-2.2098109448818897
11
2.9548048031496061
21
-2.2093989763779529
0
LINE
8
BLACK
6
CONTINUOUS
10
2.9548048031496061
20
-2.2093989763779529
11
2.9549284645669291
21
-2.2088305905511811
0
LINE
8
BLACK
6
CONTINUOUS
10
2.9549284645669291
20
-2.2088305905511811
11
2.9551675196850393
21
-2.2077313385826769
0
LINE
8
BLACK
6
CONTINUOUS
10
2.9551675196850393
20
-2.2077313385826769
11
2.9552710629921259
21
-2.2073257086614171
0
LINE
8
BLACK
6
CONTINUOUS
10
2.9552710629921259
20
-2.2073257086614171
11
2.9552917716535432
21
-2.2072552755905512
0
LINE
8
BLACK
6
CONTINUOUS
10
2.9552917716535432
20
-2.2072552755905512
11
2.9557523622047244
21
-2.2056866141732283
0
LINE
8
BLACK
6
CONTINUOUS
10
2.9557523622047244
20
-2.2056866141732283
11
2.9558844881889761
21
-2.2052898031496064
0
LINE
8
BLACK
6
CONTINUOUS
10
2.9558844881889761
20
-2.2052898031496064
11
2.9560165748031495
21
-2.2049356299212599
0
LINE
8
BLACK
6
CONTINUOUS
10
2.9560165748031495
20
-2.2049356299212599
11
2.9564812992125984
21
-2.2036895275590549
0
LINE
8
BLACK
6
CONTINUOUS
10
2.9564812992125984
20
-2.2036895275590549
11
2.9566407086614173
21
-2.2033046456692911
0
LINE
8
BLACK
6
CONTINUOUS
10
2.9566407086614173
20
-2.2033046456692911
11
2.9573507086614175
21
-2.2017500000000001
0
LINE
8
BLACK
6
CONTINUOUS
10
2.9573507086614175
20
-2.2017500000000001
11
2.9575376377952756
21
-2.2013765748031497
0
LINE
8
BLACK
6
CONTINUOUS
10
2.9575376377952756
20
-2.2013765748031497
11
2.9583564566929135
21
-2.1998769685039368
0
LINE
8
BLACK
6
CONTINUOUS
10
2.9583564566929135
20
-2.1998769685039368
11
2.9585690551181103
21
-2.199518661417323
0
LINE
8
BLACK
6
CONTINUOUS
10
2.9585690551181103
20
-2.199518661417323
11
2.9594932283464566
21
-2.1980806692913384
0
LINE
8
BLACK
6
CONTINUOUS
10
2.9594932283464566
20
-2.1980806692913384
11
2.9597313385826771
21
-2.1977377165354328
0
LINE
8
BLACK
6
CONTINUOUS
10
2.9597313385826771
20
-2.1977377165354328
11
2.9607547244094485
21
-2.19637062992126
0
LINE
8
BLACK
6
CONTINUOUS
10
2.9607547244094485
20
-2.19637062992126
11
2.9610171653543307
21
-2.1960450393700786
0
LINE
8
BLACK
6
CONTINUOUS
10
2.9610171653543307
20
-2.1960450393700786
11
2.9622583070866142
21
-2.1946126377952755
0
LINE
8
BLACK
6
CONTINUOUS
10
2.9622583070866142
20
-2.1946126377952755
11
2.9625074803149607
21
-2.1943425984251967
0
LINE
8
BLACK
6
CONTINUOUS
10
2.9625074803149607
20
-2.1943425984251967
11
2.9629768503937006
21
-2.1938650393700785
0
LINE
8
BLACK
6
CONTINUOUS
10
2.9629768503937006
20
-2.1938650393700785
11
2.9630448425196851
21
-2.1937970472440944
0
LINE
8
BLACK
6
CONTINUOUS
10
2.9630448425196851
20
-2.1937970472440944
11
2.9635220866141734
21
-2.1933280708661416
0
LINE
8
BLACK
6
CONTINUOUS
10
2.9635220866141734
20
-2.1933280708661416
11
2.9637918503937009
21
-2.1930791338582676
0
LINE
8
BLACK
6
CONTINUOUS
10
2.9637918503937009
20
-2.1930791338582676
11
2.9642132283464568
21
-2.1927140157480314
0
LINE
8
BLACK
6
CONTINUOUS
10
2.9642132283464568
20
-2.1927140157480314
11
2.9652253149606298
21
-2.1918370078740157
0
LINE
8
BLACK
6
CONTINUOUS
10
2.9652253149606298
20
-2.1918370078740157
11
2.9655499606299212
21
-2.1915753937007874
0
LINE
8
BLACK
6
CONTINUOUS
10
2.9655499606299212
20
-2.1915753937007874
11
2.9669179133858266
21
-2.1905513385826771
0
LINE
8
BLACK
6
CONTINUOUS
10
2.9669179133858266
20
-2.1905513385826771
11
2.9672602755905513
21
-2.1903136220472441
0
LINE
8
BLACK
6
CONTINUOUS
10
2.9672602755905513
20
-2.1903136220472441
11
2.9686991732283463
21
-2.1893888976377953
0
LINE
8
BLACK
6
CONTINUOUS
10
2.9686991732283463
20
-2.1893888976377953
11
2.9690573228346455
21
-2.1891764173228347
0
LINE
8
BLACK
6
CONTINUOUS
10
2.9690573228346455
20
-2.1891764173228347
11
2.9705564173228347
21
-2.1883578740157481
0
LINE
8
BLACK
6
CONTINUOUS
10
2.9705564173228347
20
-2.1883578740157481
11
2.9709298818897638
21
-2.1881709448818896
0
LINE
8
BLACK
6
CONTINUOUS
10
2.9709298818897638
20
-2.1881709448818896
11
2.9724843700787402
21
-2.1874610236220473
0
LINE
8
BLACK
6
CONTINUOUS
10
2.9724843700787402
20
-2.1874610236220473
11
2.9728690157480315
21
-2.1873016535433072
0
LINE
8
BLACK
6
CONTINUOUS
10
2.9728690157480315
20
-2.1873016535433072
11
2.9744705511811023
21
-2.1867042913385828
0
LINE
8
BLACK
6
CONTINUOUS
10
2.9744705511811023
20
-2.1867042913385828
11
2.9748663779527558
21
-2.1865725590551182
0
LINE
8
BLACK
6
CONTINUOUS
10
2.9748663779527558
20
-2.1865725590551182
11
2.9765065354330709
21
-2.1860909842519685
0
LINE
8
BLACK
6
CONTINUOUS
10
2.9765065354330709
20
-2.1860909842519685
11
2.976910433070866
21
-2.1859879133858269
0
LINE
8
BLACK
6
CONTINUOUS
10
2.976910433070866
20
-2.1859879133858269
11
2.9785803543307088
21
-2.1856246850393699
0
LINE
8
BLACK
6
CONTINUOUS
10
2.9785803543307088
20
-2.1856246850393699
11
2.978989842519685
21
-2.1855507874015747
0
LINE
8
BLACK
6
CONTINUOUS
10
2.978989842519685
20
-2.1855507874015747
11
2.9806822834645668
21
-2.1853074803149606
0
LINE
8
BLACK
6
CONTINUOUS
10
2.9806822834645668
20
-2.1853074803149606
11
2.9810972047244095
21
-2.185262874015748
0
LINE
8
BLACK
6
CONTINUOUS
10
2.9810972047244095
20
-2.185262874015748
11
2.9829899606299213
21
-2.1851274803149607
0
LINE
8
BLACK
6
CONTINUOUS
10
2.9829899606299213
20
-2.1851274803149607
11
2.9833569291338584
21
-2.1851127952755904
0
LINE
8
BLACK
6
CONTINUOUS
10
2.9833569291338584
20
-2.1851127952755904
11
2.9841486614173229
21
-2.1851058661417322
0
LINE
8
BLACK
6
CONTINUOUS
10
2.9841486614173229
20
-2.1851058661417322
11
2.984209212598425
21
-2.1851053543307084
0
LINE
8
BLACK
6
CONTINUOUS
10
2.984209212598425
20
-2.1851053543307084
11
2.9842604330708662
21
-2.1851051181102363
0
LINE
8
BLACK
6
CONTINUOUS
10
2.9842604330708662
20
-2.1851051181102363
11
3.3827310236220471
21
-2.1851051181102363
0
LINE
8
BLACK
6
CONTINUOUS
10
3.3827310236220471
20
-2.1851051181102363
11
3.382783346456693
21
-2.1851053543307084
0
LINE
8
BLACK
6
CONTINUOUS
10
3.382783346456693
20
-2.1851053543307084
11
3.3828361811023622
21
-2.1851057874015747
0
LINE
8
BLACK
6
CONTINUOUS
10
3.3828361811023622
20
-2.1851057874015747
11
3.3835737401574804
21
-2.1851124015748029
0
LINE
8
BLACK
6
CONTINUOUS
10
3.3835737401574804
20
-2.1851124015748029
11
3.3839390551181103
21
-2.1851270866141732
0
LINE
8
BLACK
6
CONTINUOUS
10
3.3839390551181103
20
-2.1851270866141732
11
3.3857094488188975
21
-2.1852537401574801
0
LINE
8
BLACK
6
CONTINUOUS
10
3.3857094488188975
20
-2.1852537401574801
11
3.3861238976377952
21
-2.1852982677165356
0
LINE
8
BLACK
6
CONTINUOUS
10
3.3861238976377952
20
-2.1852982677165356
11
3.3876901181102363
21
-2.1855234645669293
0
LINE
8
BLACK
6
CONTINUOUS
10
3.3876901181102363
20
-2.1855234645669293
11
3.3881013385826773
21
-2.1855977165354332
0
LINE
8
BLACK
6
CONTINUOUS
10
3.3881013385826773
20
-2.1855977165354332
11
3.3896462992125982
21
-2.1859338582677164
0
LINE
8
BLACK
6
CONTINUOUS
10
3.3896462992125982
20
-2.1859338582677164
11
3.3900514960629922
21
-2.186037244094488
0
LINE
8
BLACK
6
CONTINUOUS
10
3.3900514960629922
20
-2.186037244094488
11
3.3915690551181101
21
-2.1864828346456693
0
LINE
8
BLACK
6
CONTINUOUS
10
3.3915690551181101
20
-2.1864828346456693
11
3.3919657874015745
21
-2.1866149212598422
0
LINE
8
BLACK
6
CONTINUOUS
10
3.3919657874015745
20
-2.1866149212598422
11
3.3934470866141733
21
-2.187167440944882
0
LINE
8
BLACK
6
CONTINUOUS
10
3.3934470866141733
20
-2.187167440944882
11
3.3938335433070868
21
-2.187327559055118
0
LINE
8
BLACK
6
CONTINUOUS
10
3.3938335433070868
20
-2.187327559055118
11
3.3952714960629922
21
-2.187984251968504
0
LINE
8
BLACK
6
CONTINUOUS
10
3.3952714960629922
20
-2.187984251968504
11
3.3956458661417321
21
-2.1881716141732284
0
LINE
8
BLACK
6
CONTINUOUS
10
3.3956458661417321
20
-2.1881716141732284
11
3.3970340157480314
21
-2.1889296456692913
0
LINE
8
BLACK
6
CONTINUOUS
10
3.3970340157480314
20
-2.1889296456692913
11
3.3973928346456694
21
-2.1891425196850394
0
LINE
8
BLACK
6
CONTINUOUS
10
3.3973928346456694
20
-2.1891425196850394
11
3.3987235826771651
21
-2.1899977952755907
0
LINE
8
BLACK
6
CONTINUOUS
10
3.3987235826771651
20
-2.1899977952755907
11
3.3990661811023619
21
-2.1902356692913387
0
LINE
8
BLACK
6
CONTINUOUS
10
3.3990661811023619
20
-2.1902356692913387
11
3.4003329527559054
21
-2.1911839370078741
0
LINE
8
BLACK
6
CONTINUOUS
10
3.4003329527559054
20
-2.1911839370078741
11
3.4006581889763781
21
-2.1914461023622045
0
LINE
8
BLACK
6
CONTINUOUS
10
3.4006581889763781
20
-2.1914461023622045
11
3.402003622047244
21
-2.1926118897637794
0
LINE
8
BLACK
6
CONTINUOUS
10
3.402003622047244
20
-2.1926118897637794
11
3.4022710236220473
21
-2.1928585433070866
0
LINE
8
BLACK
6
CONTINUOUS
10
3.4022710236220473
20
-2.1928585433070866
11
3.4027001181102361
21
-2.1932798031496064
0
LINE
8
BLACK
6
CONTINUOUS
10
3.4027001181102361
20
-2.1932798031496064
11
3.402771811023622
21
-2.1933514566929135
0
LINE
8
BLACK
6
CONTINUOUS
10
3.402771811023622
20
-2.1933514566929135
11
3.4031883464566928
21
-2.1937755118110234
0
LINE
8
BLACK
6
CONTINUOUS
10
3.4031883464566928
20
-2.1937755118110234
11
3.4034361811023621
21
-2.1940440944881887
0
LINE
8
BLACK
6
CONTINUOUS
10
3.4034361811023621
20
-2.1940440944881887
11
3.4045977165354331
21
-2.1953845669291336
0
LINE
8
BLACK
6
CONTINUOUS
10
3.4045977165354331
20
-2.1953845669291336
11
3.4048604724409448
21
-2.1957106299212596
0
LINE
8
BLACK
6
CONTINUOUS
10
3.4048604724409448
20
-2.1957106299212596
11
3.405807874015748
21
-2.196976220472441
0
LINE
8
BLACK
6
CONTINUOUS
10
3.405807874015748
20
-2.196976220472441
11
3.4060466141732282
21
-2.1973200787401574
0
LINE
8
BLACK
6
CONTINUOUS
10
3.4060466141732282
20
-2.1973200787401574
11
3.4069015748031495
21
-2.1986503543307085
0
LINE
8
BLACK
6
CONTINUOUS
10
3.4069015748031495
20
-2.1986503543307085
11
3.4071151574803147
21
-2.1990103543307087
0
LINE
8
BLACK
6
CONTINUOUS
10
3.4071151574803147
20
-2.1990103543307087
11
3.4073921259842517
21
-2.1995175196850392
0
LINE
8
BLACK
6
CONTINUOUS
10
3.4073921259842517
20
-2.1995175196850392
11
3.4078724803149605
21
-2.2003972440944883
0
LINE
8
BLACK
6
CONTINUOUS
10
3.4078724803149605
20
-2.2003972440944883
11
3.4080598818897636
21
-2.2007716141732283
0
LINE
8
BLACK
6
CONTINUOUS
10
3.4080598818897636
20
-2.2007716141732283
11
3.4087166535433071
21
-2.20220968503937
0
LINE
8
BLACK
6
CONTINUOUS
10
3.4087166535433071
20
-2.20220968503937
11
3.4088768110236218
21
-2.2025962992125985
0
LINE
8
BLACK
6
CONTINUOUS
10
3.4088768110236218
20
-2.2025962992125985
11
3.4094294488188974
21
-2.2040779921259843
0
LINE
8
BLACK
6
CONTINUOUS
10
3.4094294488188974
20
-2.2040779921259843
11
3.4095615354330708
21
-2.2044748031496062
0
LINE
8
BLACK
6
CONTINUOUS
10
3.4095615354330708
20
-2.2044748031496062
11
3.4100068503937009
21
-2.2059913779527558
0
LINE
8
BLACK
6
CONTINUOUS
10
3.4100068503937009
20
-2.2059913779527558
11
3.4101103937007875
21
-2.2063970078740156
0
LINE
8
BLACK
6
CONTINUOUS
10
3.4101103937007875
20
-2.2063970078740156
11
3.4104465354330706
21
-2.2079420472440945
0
LINE
8
BLACK
6
CONTINUOUS
10
3.4104465354330706
20
-2.2079420472440945
11
3.4105209055118109
21
-2.208354212598425
0
LINE
8
BLACK
6
CONTINUOUS
10
3.4105209055118109
20
-2.208354212598425
11
3.4107458267716533
21
-2.2099183858267715
0
LINE
8
BLACK
6
CONTINUOUS
10
3.4107458267716533
20
-2.2099183858267715
11
3.4107905905511808
21
-2.2103347244094489
0
LINE
8
BLACK
6
CONTINUOUS
10
3.4107905905511808
20
-2.2103347244094489
11
3.4109167322834644
21
-2.212097992125984
0
LINE
8
BLACK
6
CONTINUOUS
10
3.4109167322834644
20
-2.212097992125984
11
3.4109314566929134
21
-2.2124653937007874
0
LINE
8
BLACK
6
CONTINUOUS
10
3.4109314566929134
20
-2.2124653937007874
11
3.4109383464566929
21
-2.2132549212598427
0
LINE
8
BLACK
6
CONTINUOUS
10
3.4109383464566929
20
-2.2132549212598427
11
3.4109385826771654
21
-2.2133061023622047
0
LINE
8
BLACK
6
CONTINUOUS
10
3.4109385826771654
20
-2.2133061023622047
11
3.4109385826771654
21
-2.3744627952755906
0
LINE
8
BLACK
6
CONTINUOUS
10
3.4109385826771654
20
-2.3744627952755906
11
3.4101526771653541
21
-2.377395866141732
0
LINE
8
BLACK
6
CONTINUOUS
10
3.4101526771653541
20
-2.377395866141732
11
3.4080055118110235
21
-2.3795430314960631
0
LINE
8
BLACK
6
CONTINUOUS
10
3.4080055118110235
20
-2.3795430314960631
11
3.4050724409448816
21
-2.380328937007874
0
LINE
8
BLACK
6
CONTINUOUS
10
3.4050724409448816
20
-2.380328937007874
11
3.4021393700787401
21
-2.3795430314960631
0
LINE
8
BLACK
6
CONTINUOUS
10
3.4021393700787401
20
-2.3795430314960631
11
3.3999922047244096
21
-2.377395866141732
0
LINE
8
BLACK
6
CONTINUOUS
10
3.3999922047244096
20
-2.377395866141732
11
3.3998456692913384
21
-2.3771259448818896
0
LINE
8
BLACK
6
CONTINUOUS
10
3.3998456692913384
20
-2.3771259448818896
11
3.3957710236220473
21
-2.3691290157480314
0
LINE
8
BLACK
6
CONTINUOUS
10
3.3957710236220473
20
-2.3691290157480314
11
3.386266023622047
21
-2.3536181496062993
0
LINE
8
BLACK
6
CONTINUOUS
10
3.386266023622047
20
-2.3536181496062993
11
3.3755735039370078
21
-2.3389011417322836
0
LINE
8
BLACK
6
CONTINUOUS
10
3.3755735039370078
20
-2.3389011417322836
11
3.3693755511811023
21
-2.3316442913385824
0
LINE
8
BLACK
6
CONTINUOUS
10
3.3693755511811023
20
-2.3316442913385824
11
3.346893307086614
21
-2.354126496062992
0
LINE
8
BLACK
6
CONTINUOUS
10
3.346893307086614
20
-2.354126496062992
11
3.3523061023622045
21
-2.3605772440944883
0
LINE
8
BLACK
6
CONTINUOUS
10
3.3523061023622045
20
-2.3605772440944883
11
3.3623137401574801
21
-2.3748696062992125
0
LINE
8
BLACK
6
CONTINUOUS
10
3.3623137401574801
20
-2.3748696062992125
11
3.3710375984251968
21
-2.3899798031496062
0
LINE
8
BLACK
6
CONTINUOUS
10
3.3710375984251968
20
-2.3899798031496062
11
3.3784113385826773
21
-2.4057928346456694
0
LINE
8
BLACK
6
CONTINUOUS
10
3.3784113385826773
20
-2.4057928346456694
11
3.3843788188976376
21
-2.4221883858267717
0
LINE
8
BLACK
6
CONTINUOUS
10
3.3843788188976376
20
-2.4221883858267717
11
3.3888946456692914
21
-2.4390416141732283
0
LINE
8
BLACK
6
CONTINUOUS
10
3.3888946456692914
20
-2.4390416141732283
11
3.3919244094488188
21
-2.4562242913385828
0
LINE
8
BLACK
6
CONTINUOUS
10
3.3919244094488188
20
-2.4562242913385828
11
3.3934450787401573
21
-2.4736056692913384
0
LINE
8
BLACK
6
CONTINUOUS
10
3.3934450787401573
20
-2.4736056692913384
11
3.3934450787401573
21
-2.4910533858267714
0
LINE
8
BLACK
6
CONTINUOUS
10
3.3934450787401573
20
-2.4910533858267714
11
3.3919244094488188
21
-2.5084347637795275
0
LINE
8
BLACK
6
CONTINUOUS
10
3.3919244094488188
20
-2.5084347637795275
11
3.3888946456692914
21
-2.5256174409448819
0
LINE
8
BLACK
6
CONTINUOUS
10
3.3888946456692914
20
-2.5256174409448819
11
3.3843788188976376
21
-2.5424706692913386
0
LINE
8
BLACK
6
CONTINUOUS
10
3.3843788188976376
20
-2.5424706692913386
11
3.3784113385826773
21
-2.5588662204724408
0
LINE
8
BLACK
6
CONTINUOUS
10
3.3784113385826773
20
-2.5588662204724408
11
3.3710375984251968
21
-2.574679251968504
0
LINE
8
BLACK
6
CONTINUOUS
10
3.3710375984251968
20
-2.574679251968504
11
3.3623137401574801
21
-2.5897894488188977
0
LINE
8
BLACK
6
CONTINUOUS
10
3.3623137401574801
20
-2.5897894488188977
11
3.3523061023622045
21
-2.6040818110236219
0
LINE
8
BLACK
6
CONTINUOUS
10
3.3523061023622045
20
-2.6040818110236219
11
3.3479054330708662
21
-2.6093262598425198
0
LINE
8
BLACK
6
CONTINUOUS
10
3.3479054330708662
20
-2.6093262598425198
11
3.3506392913385827
21
-2.6138871653543307
0
LINE
8
BLACK
6
CONTINUOUS
10
3.3506392913385827
20
-2.6138871653543307
11
3.3509904330708662
21
-2.6146295669291337
0
LINE
8
BLACK
6
CONTINUOUS
10
3.3509904330708662
20
-2.6146295669291337
11
3.3693755511811023
21
-2.6330146850393699
0
LINE
8
BLACK
6
CONTINUOUS
10
3.3693755511811023
20
-2.6330146850393699
11
3.3755731102362203
21
-2.6257583858267717
0
LINE
8
BLACK
6
CONTINUOUS
10
3.3755731102362203
20
-2.6257583858267717
11
3.3755734251968503
21
-2.6257579921259842
0
LINE
8
BLACK
6
CONTINUOUS
10
3.3755734251968503
20
-2.6257579921259842
11
3.386266023622047
21
-2.6110408661417321
0
LINE
8
BLACK
6
CONTINUOUS
10
3.386266023622047
20
-2.6110408661417321
11
3.3957710236220473
21
-2.5955300000000001
0
LINE
8
BLACK
6
CONTINUOUS
10
3.3957710236220473
20
-2.5955300000000001
11
3.3998456692913384
21
-2.5875330708661415
0
LINE
8
BLACK
6
CONTINUOUS
10
3.3998456692913384
20
-2.5875330708661415
11
3.4018774803149605
21
-2.5852764566929132
0
LINE
8
BLACK
6
CONTINUOUS
10
3.4018774803149605
20
-2.5852764566929132
11
3.4047653937007873
21
-2.5843381102362204
0
LINE
8
BLACK
6
CONTINUOUS
10
3.4047653937007873
20
-2.5843381102362204
11
3.407735590551181
21
-2.5849694488188977
0
LINE
8
BLACK
6
CONTINUOUS
10
3.407735590551181
20
-2.5849694488188977
11
3.4099922047244093
21
-2.5870012598425198
0
LINE
8
BLACK
6
CONTINUOUS
10
3.4099922047244093
20
-2.5870012598425198
11
3.4109305511811021
21
-2.5898891732283462
0
LINE
8
BLACK
6
CONTINUOUS
10
3.4109305511811021
20
-2.5898891732283462
11
3.4109385826771654
21
-2.5901962204724409
0
LINE
8
BLACK
6
CONTINUOUS
10
3.4109385826771654
20
-2.5901962204724409
11
3.4109385826771654
21
-2.793334251968504
0
LINE
8
BLACK
6
CONTINUOUS
10
3.4109385826771654
20
-2.793334251968504
11
3.4109375984251966
21
-2.7938153543307087
0
LINE
8
BLACK
6
CONTINUOUS
10
3.4109375984251966
20
-2.7938153543307087
11
3.4109005905511811
21
-2.7940128346456694
0
LINE
8
BLACK
6
CONTINUOUS
10
3.4109005905511811
20
-2.7940128346456694
11
3.4109315354330709
21
-2.7968543700787403
0
LINE
8
BLACK
6
CONTINUOUS
10
3.4109315354330709
20
-2.7968543700787403
11
3.4109314960629922
21
-2.7968921259842521
0
LINE
8
BLACK
6
CONTINUOUS
10
3.4109314960629922
20
-2.7968921259842521
11
3.4109264960629919
21
-2.7969105118110233
0
LINE
8
BLACK
6
CONTINUOUS
10
3.4109264960629919
20
-2.7969105118110233
11
3.4108966535433072
21
-2.7975187401574804
0
LINE
8
BLACK
6
CONTINUOUS
10
3.4108966535433072
20
-2.7975187401574804
11
3.4107785039370078
21
-2.7985980314960628
0
LINE
8
BLACK
6
CONTINUOUS
10
3.4107785039370078
20
-2.7985980314960628
11
3.4107785039370078
21
-2.7985981102362203
0
LINE
8
BLACK
6
CONTINUOUS
10
3.4107785039370078
20
-2.7985981102362203
11
3.4109162598425198
21
-2.8001726377952756
0
LINE
8
BLACK
6
CONTINUOUS
10
3.4109162598425198
20
-2.8001726377952756
11
3.4109329527559056
21
-2.8004270866141732
0
LINE
8
BLACK
6
CONTINUOUS
10
3.4109329527559056
20
-2.8004270866141732
11
3.4109385826771654
21
-2.8005555118110235
0
LINE
8
BLACK
6
CONTINUOUS
10
3.4109385826771654
20
-2.8005555118110235
11
3.4109385826771654
21
-2.8009758267716536
0
LINE
8
BLACK
6
CONTINUOUS
10
3.4109385826771654
20
-2.8009758267716536
11
3.4109622047244095
21
-2.8010946456692913
0
LINE
8
BLACK
6
CONTINUOUS
10
3.4109622047244095
20
-2.8010946456692913
11
3.410978779527559
21
-2.8014727559055119
0
LINE
8
BLACK
6
CONTINUOUS
10
3.410978779527559
20
-2.8014727559055119
11
3.4109745669291338
21
-2.8014916929133857
0
LINE
8
BLACK
6
CONTINUOUS
10
3.4109745669291338
20
-2.8014916929133857
11
3.4109840551181101
21
-2.8016654724409449
0
LINE
8
BLACK
6
CONTINUOUS
10
3.4109840551181101
20
-2.8016654724409449
11
3.4109997244094488
21
-2.8031018897637794
0
LINE
8
BLACK
6
CONTINUOUS
10
3.4109997244094488
20
-2.8031018897637794
11
3.4109997637795275
21
-2.8031020078740156
0
LINE
8
BLACK
6
CONTINUOUS
10
3.4109997637795275
20
-2.8031020078740156
11
3.4110724803149606
21
-2.803447874015748
0
LINE
8
BLACK
6
CONTINUOUS
10
3.4110724803149606
20
-2.803447874015748
11
3.4111965748031494
21
-2.8047822834645668
0
LINE
8
BLACK
6
CONTINUOUS
10
3.4111965748031494
20
-2.8047822834645668
11
3.4111853149606297
21
-2.8052995275590549
0
LINE
8
BLACK
6
CONTINUOUS
10
3.4111853149606297
20
-2.8052995275590549
11
3.4111853149606297
21
-2.8052999212598424
0
LINE
8
BLACK
6
CONTINUOUS
10
3.4111853149606297
20
-2.8052999212598424
11
3.4114971259842517
21
-2.8070683464566928
0
LINE
8
BLACK
6
CONTINUOUS
10
3.4114971259842517
20
-2.8070683464566928
11
3.4115638976377953
21
-2.8075755118110237
0
LINE
8
BLACK
6
CONTINUOUS
10
3.4115638976377953
20
-2.8075755118110237
11
3.4117204330708661
21
-2.8093645275590551
0
LINE
8
BLACK
6
CONTINUOUS
10
3.4117204330708661
20
-2.8093645275590551
11
3.4119088582677164
21
-2.810011062992126
0
LINE
8
BLACK
6
CONTINUOUS
10
3.4119088582677164
20
-2.810011062992126
11
3.4121305905511812
21
-2.811268464566929
0
LINE
8
BLACK
6
CONTINUOUS
10
3.4121305905511812
20
-2.811268464566929
11
3.4121746850393699
21
-2.8119407480314962
0
LINE
8
BLACK
6
CONTINUOUS
10
3.4121746850393699
20
-2.8119407480314962
11
3.4121746850393699
21
-2.8119409055118108
0
LINE
8
BLACK
6
CONTINUOUS
10
3.4121746850393699
20
-2.8119409055118108
11
3.4126394881889763
21
-2.8136755511811025
0
LINE
8
BLACK
6
CONTINUOUS
10
3.4126394881889763
20
-2.8136755511811025
11
3.4126681102362202
21
-2.8137867322834644
0
LINE
8
BLACK
6
CONTINUOUS
10
3.4126681102362202
20
-2.8137867322834644
11
3.4127157480314958
21
-2.8139796062992124
0
LINE
8
BLACK
6
CONTINUOUS
10
3.4127157480314958
20
-2.8139796062992124
11
3.4130620078740157
21
-2.815943188976378
0
LINE
8
BLACK
6
CONTINUOUS
10
3.4130620078740157
20
-2.815943188976378
11
3.4134429921259843
21
-2.8169229527559057
0
LINE
8
BLACK
6
CONTINUOUS
10
3.4134429921259843
20
-2.8169229527559057
11
3.4135336220472441
21
-2.8172897637795273
0
LINE
8
BLACK
6
CONTINUOUS
10
3.4135336220472441
20
-2.8172897637795273
11
3.4135312204724411
21
-2.8174111417322836
0
LINE
8
BLACK
6
CONTINUOUS
10
3.4135312204724411
20
-2.8174111417322836
11
3.4136365354330707
21
-2.8178041338582678
0
LINE
8
BLACK
6
CONTINUOUS
10
3.4136365354330707
20
-2.8178041338582678
11
3.4137032677165355
21
-2.8182375984251968
0
LINE
8
BLACK
6
CONTINUOUS
10
3.4137032677165355
20
-2.8182375984251968
11
3.4137390157480314
21
-2.8184698031496063
0
LINE
8
BLACK
6
CONTINUOUS
10
3.4137390157480314
20
-2.8184698031496063
11
3.4143531889763779
21
-2.820157283464567
0
LINE
8
BLACK
6
CONTINUOUS
10
3.4143531889763779
20
-2.820157283464567
11
3.4145068503937006
21
-2.8206446062992123
0
LINE
8
BLACK
6
CONTINUOUS
10
3.4145068503937006
20
-2.8206446062992123
11
3.4146863779527559
21
-2.8213144881889765
0
LINE
8
BLACK
6
CONTINUOUS
10
3.4146863779527559
20
-2.8213144881889765
11
3.4149719291338583
21
-2.8223801574803149
0
LINE
8
BLACK
6
CONTINUOUS
10
3.4149719291338583
20
-2.8223801574803149
11
3.4152696456692913
21
-2.8229838582677163
0
LINE
8
BLACK
6
CONTINUOUS
10
3.4152696456692913
20
-2.8229838582677163
11
3.4157063385826771
21
-2.8241837007874016
0
LINE
8
BLACK
6
CONTINUOUS
10
3.4157063385826771
20
-2.8241837007874016
11
3.4158664566929131
21
-2.8248379527559053
0
LINE
8
BLACK
6
CONTINUOUS
10
3.4158664566929131
20
-2.8248379527559053
11
3.4158665354330706
21
-2.8248382283464566
0
LINE
8
BLACK
6
CONTINUOUS
10
3.4158665354330706
20
-2.8248382283464566
11
3.4166254330708661
21
-2.8264656692913386
0
LINE
8
BLACK
6
CONTINUOUS
10
3.4166254330708661
20
-2.8264656692913386
11
3.4166729527559054
21
-2.8265701574803148
0
LINE
8
BLACK
6
CONTINUOUS
10
3.4166729527559054
20
-2.8265701574803148
11
3.4167532677165355
21
-2.8267516141732281
0
LINE
8
BLACK
6
CONTINUOUS
10
3.4167532677165355
20
-2.8267516141732281
11
3.4174353149606298
21
-2.8286255511811023
0
LINE
8
BLACK
6
CONTINUOUS
10
3.4174353149606298
20
-2.8286255511811023
11
3.4179808267716534
21
-2.829524566929134
0
LINE
8
BLACK
6
CONTINUOUS
10
3.4179808267716534
20
-2.829524566929134
11
3.4181336614173228
21
-2.8298698031496063
0
LINE
8
BLACK
6
CONTINUOUS
10
3.4181336614173228
20
-2.8298698031496063
11
3.4181524015748033
21
-2.829989842519685
0
LINE
8
BLACK
6
CONTINUOUS
10
3.4181524015748033
20
-2.829989842519685
11
3.418324409448819
21
-2.8303587007874014
0
LINE
8
BLACK
6
CONTINUOUS
10
3.418324409448819
20
-2.8303587007874014
11
3.4185409448818898
21
-2.8309965748031494
0
LINE
8
BLACK
6
CONTINUOUS
10
3.4185409448818898
20
-2.8309965748031494
11
3.4194388582677164
21
-2.8325518897637796
0
LINE
8
BLACK
6
CONTINUOUS
10
3.4194388582677164
20
-2.8325518897637796
11
3.4194952362204725
21
-2.8326517716535431
0
LINE
8
BLACK
6
CONTINUOUS
10
3.4194952362204725
20
-2.8326517716535431
11
3.4195914960629921
21
-2.8328262992125985
0
LINE
8
BLACK
6
CONTINUOUS
10
3.4195914960629921
20
-2.8328262992125985
11
3.4204340551181103
21
-2.8346331496062991
0
LINE
8
BLACK
6
CONTINUOUS
10
3.4204340551181103
20
-2.8346331496062991
11
3.4210555118110237
21
-2.8354807086614171
0
LINE
8
BLACK
6
CONTINUOUS
10
3.4210555118110237
20
-2.8354807086614171
11
3.4212380708661416
21
-2.8358117322834646
0
LINE
8
BLACK
6
CONTINUOUS
10
3.4212380708661416
20
-2.8358117322834646
11
3.4212671653543305
21
-2.835929566929134
0
LINE
8
BLACK
6
CONTINUOUS
10
3.4212671653543305
20
-2.835929566929134
11
3.4214706692913386
21
-2.8362820078740159
0
LINE
8
BLACK
6
CONTINUOUS
10
3.4214706692913386
20
-2.8362820078740159
11
3.421741968503937
21
-2.8368985826771653
0
LINE
8
BLACK
6
CONTINUOUS
10
3.421741968503937
20
-2.8368985826771653
11
3.4217420866141732
21
-2.8368987795275591
0
LINE
8
BLACK
6
CONTINUOUS
10
3.4217420866141732
20
-2.8368987795275591
11
3.4227717322834645
21
-2.8383691732283465
0
LINE
8
BLACK
6
CONTINUOUS
10
3.4227717322834645
20
-2.8383691732283465
11
3.4230467322834643
21
-2.8388008267716534
0
LINE
8
BLACK
6
CONTINUOUS
10
3.4230467322834643
20
-2.8388008267716534
11
3.4239447244094485
21
-2.8403561811023623
0
LINE
8
BLACK
6
CONTINUOUS
10
3.4239447244094485
20
-2.8403561811023623
11
3.4243887795275589
21
-2.8408625196850394
0
LINE
8
BLACK
6
CONTINUOUS
10
3.4243887795275589
20
-2.8408625196850394
11
3.4251209842519685
21
-2.8419081889763778
0
LINE
8
BLACK
6
CONTINUOUS
10
3.4251209842519685
20
-2.8419081889763778
11
3.4254451574803149
21
-2.8424990551181102
0
LINE
8
BLACK
6
CONTINUOUS
10
3.4254451574803149
20
-2.8424990551181102
11
3.4254452362204724
21
-2.8424991732283464
0
LINE
8
BLACK
6
CONTINUOUS
10
3.4254452362204724
20
-2.8424991732283464
11
3.4265995669291338
21
-2.8438748818897639
0
LINE
8
BLACK
6
CONTINUOUS
10
3.4265995669291338
20
-2.8438748818897639
11
3.4266724409448819
21
-2.8439634645669289
0
LINE
8
BLACK
6
CONTINUOUS
10
3.4266724409448819
20
-2.8439634645669289
11
3.4267971653543308
21
-2.8441181496062993
0
LINE
8
BLACK
6
CONTINUOUS
10
3.4267971653543308
20
-2.8441181496062993
11
3.4279409055118109
21
-2.8457515748031494
0
LINE
8
BLACK
6
CONTINUOUS
10
3.4279409055118109
20
-2.8457515748031494
11
3.4287002755905509
21
-2.846478503937008
0
LINE
8
BLACK
6
CONTINUOUS
10
3.4287002755905509
20
-2.846478503937008
11
3.4289373622047243
21
-2.8467725590551178
0
LINE
8
BLACK
6
CONTINUOUS
10
3.4289373622047243
20
-2.8467725590551178
11
3.4289865354330709
21
-2.8468837007874015
0
LINE
8
BLACK
6
CONTINUOUS
10
3.4289865354330709
20
-2.8468837007874015
11
3.4292482677165355
21
-2.847195590551181
0
LINE
8
BLACK
6
CONTINUOUS
10
3.4292482677165355
20
-2.847195590551181
11
3.4296222440944879
21
-2.8477553149606298
0
LINE
8
BLACK
6
CONTINUOUS
10
3.4296222440944879
20
-2.8477553149606298
11
3.4296224409448817
21
-2.8477555511811024
0
LINE
8
BLACK
6
CONTINUOUS
10
3.4296224409448817
20
-2.8477555511811024
11
3.430892125984252
21
-2.8490252362204722
0
LINE
8
BLACK
6
CONTINUOUS
10
3.430892125984252
20
-2.8490252362204722
11
3.4309725196850391
21
-2.8491072440944882
0
LINE
8
BLACK
6
CONTINUOUS
10
3.4309725196850391
20
-2.8491072440944882
11
3.4311102755905512
21
-2.8492505118110234
0
LINE
8
BLACK
6
CONTINUOUS
10
3.4311102755905512
20
-2.8492505118110234
11
3.4323921653543308
21
-2.8507781889763777
0
LINE
8
BLACK
6
CONTINUOUS
10
3.4323921653543308
20
-2.8507781889763777
11
3.4332120472440946
21
-2.8514362204724408
0
LINE
8
BLACK
6
CONTINUOUS
10
3.4332120472440946
20
-2.8514362204724408
11
3.433473897637795
21
-2.8517085433070863
0
LINE
8
BLACK
6
CONTINUOUS
10
3.433473897637795
20
-2.8517085433070863
11
3.4335324803149607
21
-2.8518148031496064
0
LINE
8
BLACK
6
CONTINUOUS
10
3.4335324803149607
20
-2.8518148031496064
11
3.4338201574803149
21
-2.8521024409448819
0
LINE
8
BLACK
6
CONTINUOUS
10
3.4338201574803149
20
-2.8521024409448819
11
3.4342418897637796
21
-2.8526278740157478
0
LINE
8
BLACK
6
CONTINUOUS
10
3.4342418897637796
20
-2.8526278740157478
11
3.4345603937007874
21
-2.852895118110236
0
LINE
8
BLACK
6
CONTINUOUS
10
3.4345603937007874
20
-2.852895118110236
11
3.4356172440944883
21
-2.8537819291338584
0
LINE
8
BLACK
6
CONTINUOUS
10
3.4356172440944883
20
-2.8537819291338584
11
3.4359945669291339
21
-2.8541276771653541
0
LINE
8
BLACK
6
CONTINUOUS
10
3.4359945669291339
20
-2.8541276771653541
11
3.437264527559055
21
-2.8553976377952757
0
LINE
8
BLACK
6
CONTINUOUS
10
3.437264527559055
20
-2.8553976377952757
11
3.4378246456692914
21
-2.8557718897637794
0
LINE
8
BLACK
6
CONTINUOUS
10
3.4378246456692914
20
-2.8557718897637794
11
3.4382473622047245
21
-2.856082559055118
0
LINE
8
BLACK
6
CONTINUOUS
10
3.4382473622047245
20
-2.856082559055118
11
3.4385413779527556
21
-2.8563196062992127
0
LINE
8
BLACK
6
CONTINUOUS
10
3.4385413779527556
20
-2.8563196062992127
11
3.4392684251968504
21
-2.857079094488189
0
LINE
8
BLACK
6
CONTINUOUS
10
3.4392684251968504
20
-2.857079094488189
11
3.4409022834645668
21
-2.8582231496062991
0
LINE
8
BLACK
6
CONTINUOUS
10
3.4409022834645668
20
-2.8582231496062991
11
3.4410564566929134
21
-2.8583474409448817
0
LINE
8
BLACK
6
CONTINUOUS
10
3.4410564566929134
20
-2.8583474409448817
11
3.4410645669291338
21
-2.8583585433070864
0
LINE
8
BLACK
6
CONTINUOUS
10
3.4410645669291338
20
-2.8583585433070864
11
3.4411448031496064
21
-2.858420118110236
0
LINE
8
BLACK
6
CONTINUOUS
10
3.4411448031496064
20
-2.858420118110236
11
3.4418739763779529
21
-2.8590319685039369
0
LINE
8
BLACK
6
CONTINUOUS
10
3.4418739763779529
20
-2.8590319685039369
11
3.4425209448818896
21
-2.859574842519685
0
LINE
8
BLACK
6
CONTINUOUS
10
3.4425209448818896
20
-2.859574842519685
11
3.4425212204724409
21
-2.8595750393700787
0
LINE
8
BLACK
6
CONTINUOUS
10
3.4425212204724409
20
-2.8595750393700787
11
3.442906062992126
21
-2.8597861417322834
0
LINE
8
BLACK
6
CONTINUOUS
10
3.442906062992126
20
-2.8597861417322834
11
3.4431112992125983
21
-2.8598987007874017
0
LINE
8
BLACK
6
CONTINUOUS
10
3.4431112992125983
20
-2.8598987007874017
11
3.4435597637795277
21
-2.860171535433071
0
LINE
8
BLACK
6
CONTINUOUS
10
3.4435597637795277
20
-2.860171535433071
11
3.4438735039370076
21
-2.8603821653543307
0
LINE
8
BLACK
6
CONTINUOUS
10
3.4438735039370076
20
-2.8603821653543307
11
3.4446638582677163
21
-2.8610753149606301
0
LINE
8
BLACK
6
CONTINUOUS
10
3.4446638582677163
20
-2.8610753149606301
11
3.4463907086614172
21
-2.8620723228346456
0
LINE
8
BLACK
6
CONTINUOUS
10
3.4463907086614172
20
-2.8620723228346456
11
3.4465555118110234
21
-2.8621829527559055
0
LINE
8
BLACK
6
CONTINUOUS
10
3.4465555118110234
20
-2.8621829527559055
11
3.4465645275590551
21
-2.8621932677165351
0
LINE
8
BLACK
6
CONTINUOUS
10
3.4465645275590551
20
-2.8621932677165351
11
3.4466500393700787
21
-2.8622477559055119
0
LINE
8
BLACK
6
CONTINUOUS
10
3.4466500393700787
20
-2.8622477559055119
11
3.4481214566929133
21
-2.8632780708661416
0
LINE
8
BLACK
6
CONTINUOUS
10
3.4481214566929133
20
-2.8632780708661416
11
3.4486150787401573
21
-2.8634952755905512
0
LINE
8
BLACK
6
CONTINUOUS
10
3.4486150787401573
20
-2.8634952755905512
11
3.4487378346456694
21
-2.8635492913385825
0
LINE
8
BLACK
6
CONTINUOUS
10
3.4487378346456694
20
-2.8635492913385825
11
3.4492082283464565
21
-2.8637819291338582
0
LINE
8
BLACK
6
CONTINUOUS
10
3.4492082283464565
20
-2.8637819291338582
11
3.4495392913385827
21
-2.8639644881889765
0
LINE
8
BLACK
6
CONTINUOUS
10
3.4495392913385827
20
-2.8639644881889765
11
3.4503870078740158
21
-2.8645860629921258
0
LINE
8
BLACK
6
CONTINUOUS
10
3.4503870078740158
20
-2.8645860629921258
11
3.4521941338582676
21
-2.8654287007874015
0
LINE
8
BLACK
6
CONTINUOUS
10
3.4521941338582676
20
-2.8654287007874015
11
3.4523682283464567
21
-2.8655247244094486
0
LINE
8
BLACK
6
CONTINUOUS
10
3.4523682283464567
20
-2.8655247244094486
11
3.4523781496062993
21
-2.8655342519685041
0
LINE
8
BLACK
6
CONTINUOUS
10
3.4523781496062993
20
-2.8655342519685041
11
3.4524681889763777
21
-2.8655811417322834
0
LINE
8
BLACK
6
CONTINUOUS
10
3.4524681889763777
20
-2.8655811417322834
11
3.4540234645669292
21
-2.8664790944881888
0
LINE
8
BLACK
6
CONTINUOUS
10
3.4540234645669292
20
-2.8664790944881888
11
3.4546611811023622
21
-2.8666955511811021
0
LINE
8
BLACK
6
CONTINUOUS
10
3.4546611811023622
20
-2.8666955511811021
11
3.4558186220472442
21
-2.86723531496063
0
LINE
8
BLACK
6
CONTINUOUS
10
3.4558186220472442
20
-2.86723531496063
11
3.4563940157480313
21
-2.8675844881889763
0
LINE
8
BLACK
6
CONTINUOUS
10
3.4563940157480313
20
-2.8675844881889763
11
3.4580818503937008
21
-2.8681988188976377
0
LINE
8
BLACK
6
CONTINUOUS
10
3.4580818503937008
20
-2.8681988188976377
11
3.4581894488188976
21
-2.8682391732283463
0
LINE
8
BLACK
6
CONTINUOUS
10
3.4581894488188976
20
-2.8682391732283463
11
3.4583745275590552
21
-2.8683106692913385
0
LINE
8
BLACK
6
CONTINUOUS
10
3.4583745275590552
20
-2.8683106692913385
11
3.4601820078740158
21
-2.869153503937008
0
LINE
8
BLACK
6
CONTINUOUS
10
3.4601820078740158
20
-2.869153503937008
11
3.4612027165354329
21
-2.8694032283464566
0
LINE
8
BLACK
6
CONTINUOUS
10
3.4612027165354329
20
-2.8694032283464566
11
3.4615553937007872
21
-2.8695394881889764
0
LINE
8
BLACK
6
CONTINUOUS
10
3.4615553937007872
20
-2.8695394881889764
11
3.4616535039370078
21
-2.8696110629921261
0
LINE
8
BLACK
6
CONTINUOUS
10
3.4616535039370078
20
-2.8696110629921261
11
3.4620358661417323
21
-2.8697502362204723
0
LINE
8
BLACK
6
CONTINUOUS
10
3.4620358661417323
20
-2.8697502362204723
11
3.4626399212598424
21
-2.8700481496062991
0
LINE
8
BLACK
6
CONTINUOUS
10
3.4626399212598424
20
-2.8700481496062991
11
3.4626399999999999
21
-2.8700481496062991
0
LINE
8
BLACK
6
CONTINUOUS
10
3.4626399999999999
20
-2.8700481496062991
11
3.4626400393700787
21
-2.8700481889763778
0
LINE
8
BLACK
6
CONTINUOUS
10
3.4626400393700787
20
-2.8700481889763778
11
3.4629530314960628
21
-2.8701320472440943
0
LINE
8
BLACK
6
CONTINUOUS
10
3.4629530314960628
20
-2.8701320472440943
11
3.4643746456692912
21
-2.8705129133858267
0
LINE
8
BLACK
6
CONTINUOUS
10
3.4643746456692912
20
-2.8705129133858267
11
3.4648620078740158
21
-2.8706665748031495
0
LINE
8
BLACK
6
CONTINUOUS
10
3.4648620078740158
20
-2.8706665748031495
11
3.4665497637795273
21
-2.8712809448818897
0
LINE
8
BLACK
6
CONTINUOUS
10
3.4665497637795273
20
-2.8712809448818897
11
3.4672157874015745
21
-2.8713834251968504
0
LINE
8
BLACK
6
CONTINUOUS
10
3.4672157874015745
20
-2.8713834251968504
11
3.467730157480315
21
-2.8714863779527557
0
LINE
8
BLACK
6
CONTINUOUS
10
3.467730157480315
20
-2.8714863779527557
11
3.4680968897637796
21
-2.8715769685039367
0
LINE
8
BLACK
6
CONTINUOUS
10
3.4680968897637796
20
-2.8715769685039367
11
3.4690768503937006
21
-2.8719580708661416
0
LINE
8
BLACK
6
CONTINUOUS
10
3.4690768503937006
20
-2.8719580708661416
11
3.4710407480314962
21
-2.8723043307086615
0
LINE
8
BLACK
6
CONTINUOUS
10
3.4710407480314962
20
-2.8723043307086615
11
3.4712337007874017
21
-2.8723520078740159
0
LINE
8
BLACK
6
CONTINUOUS
10
3.4712337007874017
20
-2.8723520078740159
11
3.4712457086614172
21
-2.8723586220472441
0
LINE
8
BLACK
6
CONTINUOUS
10
3.4712457086614172
20
-2.8723586220472441
11
3.4713441338582678
21
-2.872380433070866
0
LINE
8
BLACK
6
CONTINUOUS
10
3.4713441338582678
20
-2.872380433070866
11
3.4730792125984253
21
-2.8728453937007874
0
LINE
8
BLACK
6
CONTINUOUS
10
3.4730792125984253
20
-2.8728453937007874
11
3.4737512204724408
21
-2.8728894094488187
0
LINE
8
BLACK
6
CONTINUOUS
10
3.4737512204724408
20
-2.8728894094488187
11
3.4750090551181101
21
-2.8731112204724409
0
LINE
8
BLACK
6
CONTINUOUS
10
3.4750090551181101
20
-2.8731112204724409
11
3.4756554724409447
21
-2.8732996456692912
0
LINE
8
BLACK
6
CONTINUOUS
10
3.4756554724409447
20
-2.8732996456692912
11
3.4773850787401575
21
-2.8734509448818897
0
LINE
8
BLACK
6
CONTINUOUS
10
3.4773850787401575
20
-2.8734509448818897
11
3.4774444488188974
21
-2.8734561417322833
0
LINE
8
BLACK
6
CONTINUOUS
10
3.4774444488188974
20
-2.8734561417322833
11
3.477592598425197
21
-2.8734709842519686
0
LINE
8
BLACK
6
CONTINUOUS
10
3.477592598425197
20
-2.8734709842519686
11
3.4777728346456693
21
-2.873491338582677
0
LINE
8
BLACK
6
CONTINUOUS
10
3.4777728346456693
20
-2.873491338582677
11
3.4797202362204724
21
-2.8738347637795276
0
LINE
8
BLACK
6
CONTINUOUS
10
3.4797202362204724
20
-2.8738347637795276
11
3.4806324409448819
21
-2.873814842519685
0
LINE
8
BLACK
6
CONTINUOUS
10
3.4806324409448819
20
-2.873814842519685
11
3.4810246850393698
21
-2.873859212598425
0
LINE
8
BLACK
6
CONTINUOUS
10
3.4810246850393698
20
-2.873859212598425
11
3.4811495275590549
21
-2.8739082677165353
0
LINE
8
BLACK
6
CONTINUOUS
10
3.4811495275590549
20
-2.8739082677165353
11
3.4815722834645668
21
-2.873947559055118
0
LINE
8
BLACK
6
CONTINUOUS
10
3.4815722834645668
20
-2.873947559055118
11
3.4819181889763779
21
-2.8740203149606298
0
LINE
8
BLACK
6
CONTINUOUS
10
3.4819181889763779
20
-2.8740203149606298
11
3.4833558267716533
21
-2.8740359842519685
0
LINE
8
BLACK
6
CONTINUOUS
10
3.4833558267716533
20
-2.8740359842519685
11
3.4835473228346454
21
-2.8740412204724408
0
LINE
8
BLACK
6
CONTINUOUS
10
3.4835473228346454
20
-2.8740412204724408
11
3.4839250787401572
21
-2.8740577952755904
0
LINE
8
BLACK
6
CONTINUOUS
10
3.4839250787401572
20
-2.8740577952755904
11
3.484044212598425
21
-2.8740814960629919
0
LINE
8
BLACK
6
CONTINUOUS
10
3.484044212598425
20
-2.8740814960629919
11
3.4844650393700785
21
-2.8740814960629919
0
LINE
8
BLACK
6
CONTINUOUS
10
3.4844650393700785
20
-2.8740814960629919
11
3.4845933070866142
21
-2.8740871259842518
0
LINE
8
BLACK
6
CONTINUOUS
10
3.4845933070866142
20
-2.8740871259842518
11
3.4846138976377952
21
-2.8740936220472442
0
LINE
8
BLACK
6
CONTINUOUS
10
3.4846138976377952
20
-2.8740936220472442
11
3.4848473228346455
21
-2.8741037795275588
0
LINE
8
BLACK
6
CONTINUOUS
10
3.4848473228346455
20
-2.8741037795275588
11
3.4864219291338583
21
-2.8742415748031496
0
LINE
8
BLACK
6
CONTINUOUS
10
3.4864219291338583
20
-2.8742415748031496
11
3.4875014566929132
21
-2.8741233070866139
0
LINE
8
BLACK
6
CONTINUOUS
10
3.4875014566929132
20
-2.8741233070866139
11
3.4881278740157478
21
-2.8740885039370077
0
LINE
8
BLACK
6
CONTINUOUS
10
3.4881278740157478
20
-2.8740885039370077
11
3.4881623228346457
21
-2.8740884251968501
0
LINE
8
BLACK
6
CONTINUOUS
10
3.4881623228346457
20
-2.8740884251968501
11
3.4910072047244092
21
-2.8741194881889762
0
LINE
8
BLACK
6
CONTINUOUS
10
3.4910072047244092
20
-2.8741194881889762
11
3.4912046456692911
21
-2.874082440944882
0
LINE
8
BLACK
6
CONTINUOUS
10
3.4912046456692911
20
-2.874082440944882
11
3.4916860236220471
21
-2.8740814960629919
0
LINE
8
BLACK
6
CONTINUOUS
10
3.4916860236220471
20
-2.8740814960629919
11
3.4916876377952755
21
-2.8740818897637794
0
LINE
8
BLACK
6
CONTINUOUS
10
3.4916876377952755
20
-2.8740818897637794
11
3.491697559055118
21
-2.8740814960629919
0
LINE
8
BLACK
6
CONTINUOUS
10
3.491697559055118
20
-2.8740814960629919
11
3.6274778346456693
21
-2.8740814960629919
0
LINE
8
BLACK
6
CONTINUOUS
10
3.6274778346456693
20
-2.8740814960629919
11
3.6304109055118108
21
-2.8748674015748032
0
LINE
8
BLACK
6
CONTINUOUS
10
3.6304109055118108
20
-2.8748674015748032
11
3.6313468503937005
21
-2.8755855905511809
0
LINE
8
BLACK
6
CONTINUOUS
10
3.6313468503937005
20
-2.8755855905511809
11
3.6313649999999997
21
-2.8755643700787399
0
LINE
8
BLACK
6
CONTINUOUS
10
3.6313649999999997
20
-2.8755643700787399
11
3.631540433070866
21
-2.875714212598425
0
LINE
8
BLACK
6
CONTINUOUS
10
3.631540433070866
20
-2.875714212598425
11
3.6380601181102361
21
-2.8804509842519685
0
LINE
8
BLACK
6
CONTINUOUS
10
3.6380601181102361
20
-2.8804509842519685
11
3.6380602362204724
21
-2.8804510629921261
0
LINE
8
BLACK
6
CONTINUOUS
10
3.6380602362204724
20
-2.8804510629921261
11
3.6452409842519686
21
-2.8841098425196852
0
LINE
8
BLACK
6
CONTINUOUS
10
3.6452409842519686
20
-2.8841098425196852
11
3.6529057480314959
21
-2.8866002755905513
0
LINE
8
BLACK
6
CONTINUOUS
10
3.6529057480314959
20
-2.8866002755905513
11
3.6608656692913386
21
-2.887861023622047
0
LINE
8
BLACK
6
CONTINUOUS
10
3.6608656692913386
20
-2.887861023622047
11
3.6608658661417324
21
-2.887861023622047
0
LINE
8
BLACK
6
CONTINUOUS
10
3.6608658661417324
20
-2.887861023622047
11
3.6689246850393702
21
-2.887861023622047
0
LINE
8
BLACK
6
CONTINUOUS
10
3.6689246850393702
20
-2.887861023622047
11
3.6689248818897635
21
-2.887861023622047
0
LINE
8
BLACK
6
CONTINUOUS
10
3.6689248818897635
20
-2.887861023622047
11
3.6768848031496062
21
-2.8866002755905513
0
LINE
8
BLACK
6
CONTINUOUS
10
3.6768848031496062
20
-2.8866002755905513
11
3.6845495669291339
21
-2.8841098425196852
0
LINE
8
BLACK
6
CONTINUOUS
10
3.6845495669291339
20
-2.8841098425196852
11
3.6917303149606298
21
-2.8804510629921261
0
LINE
8
BLACK
6
CONTINUOUS
10
3.6917303149606298
20
-2.8804510629921261
11
3.6982503543307086
21
-2.8757140157480316
0
LINE
8
BLACK
6
CONTINUOUS
10
3.6982503543307086
20
-2.8757140157480316
11
3.7039490551181102
21
-2.87001531496063
0
LINE
8
BLACK
6
CONTINUOUS
10
3.7039490551181102
20
-2.87001531496063
11
3.7086861023622046
21
-2.8634952755905512
0
LINE
8
BLACK
6
CONTINUOUS
10
3.7086861023622046
20
-2.8634952755905512
11
3.7123448818897637
21
-2.8563145275590549
0
LINE
8
BLACK
6
CONTINUOUS
10
3.7123448818897637
20
-2.8563145275590549
11
3.7148353149606299
21
-2.8486497637795276
0
LINE
8
BLACK
6
CONTINUOUS
10
3.7148353149606299
20
-2.8486497637795276
11
3.716096062992126
21
-2.8406898425196849
0
LINE
8
BLACK
6
CONTINUOUS
10
3.716096062992126
20
-2.8406898425196849
11
3.716096062992126
21
-2.8406895669291337
0
LINE
8
BLACK
6
CONTINUOUS
10
3.716096062992126
20
-2.8406895669291337
11
3.7160961023622048
21
-2.8406893307086611
0
LINE
8
BLACK
6
CONTINUOUS
10
3.7160961023622048
20
-2.8406893307086611
11
3.7161141732283465
21
-2.8404599212598423
0
LINE
8
BLACK
6
CONTINUOUS
10
3.7161141732283465
20
-2.8404599212598423
11
3.7161885039370079
21
-2.8404657480314959
0
LINE
8
BLACK
6
CONTINUOUS
10
3.7161885039370079
20
-2.8404657480314959
11
3.7168819685039369
21
-2.8378778346456692
0
LINE
8
BLACK
6
CONTINUOUS
10
3.7168819685039369
20
-2.8378778346456692
11
3.7178142125984253
21
-2.8366629133858265
0
LINE
8
BLACK
6
CONTINUOUS
10
3.7178142125984253
20
-2.8366629133858265
11
3.7340792913385825
21
-2.8203978346456693
0
LINE
8
BLACK
6
CONTINUOUS
10
3.7340792913385825
20
-2.8203978346456693
11
3.750424094488189
21
-2.804052992125984
0
LINE
8
BLACK
6
CONTINUOUS
10
3.750424094488189
20
-2.804052992125984
11
3.7507037007874016
21
-2.8037911811023624
0
LINE
8
BLACK
6
CONTINUOUS
10
3.7507037007874016
20
-2.8037911811023624
11
3.7507096062992127
21
-2.8037860236220471
0
LINE
8
BLACK
6
CONTINUOUS
10
3.7507096062992127
20
-2.8037860236220471
11
3.7571248425196848
21
-2.7981599999999998
0
LINE
8
BLACK
6
CONTINUOUS
10
3.7571248425196848
20
-2.7981599999999998
11
3.7577332677165352
21
-2.7976930708661416
0
LINE
8
BLACK
6
CONTINUOUS
10
3.7577332677165352
20
-2.7976930708661416
11
3.7646746456692912
21
-2.7930549999999998
0
LINE
8
BLACK
6
CONTINUOUS
10
3.7646746456692912
20
-2.7930549999999998
11
3.7653386614173225
21
-2.7926716141732282
0
LINE
8
BLACK
6
CONTINUOUS
10
3.7653386614173225
20
-2.7926716141732282
11
3.7728260236220472
21
-2.7889792913385825
0
LINE
8
BLACK
6
CONTINUOUS
10
3.7728260236220472
20
-2.7889792913385825
11
3.7735342913385828
21
-2.7886859055118109
0
LINE
8
BLACK
6
CONTINUOUS
10
3.7735342913385828
20
-2.7886859055118109
11
3.7814395669291336
21
-2.7860024409448818
0
LINE
8
BLACK
6
CONTINUOUS
10
3.7814395669291336
20
-2.7860024409448818
11
3.7821805905511812
21
-2.7858038582677165
0
LINE
8
BLACK
6
CONTINUOUS
10
3.7821805905511812
20
-2.7858038582677165
11
3.7903681102362206
21
-2.7841752362204724
0
LINE
8
BLACK
6
CONTINUOUS
10
3.7903681102362206
20
-2.7841752362204724
11
3.7911285039370077
21
-2.7840751181102363
0
LINE
8
BLACK
6
CONTINUOUS
10
3.7911285039370077
20
-2.7840751181102363
11
3.7982864566929133
21
-2.7836059448818897
0
LINE
8
BLACK
6
CONTINUOUS
10
3.7982864566929133
20
-2.7836059448818897
11
3.7996488188976376
21
-2.7835166535433071
0
LINE
8
BLACK
6
CONTINUOUS
10
3.7996488188976376
20
-2.7835166535433071
11
3.8000324803149605
21
-2.783504094488189
0
LINE
8
BLACK
6
CONTINUOUS
10
3.8000324803149605
20
-2.783504094488189
11
3.932896338582677
21
-2.783504094488189
0
LINE
8
BLACK
6
CONTINUOUS
10
3.932896338582677
20
-2.783504094488189
11
3.9358294094488189
21
-2.7842899999999999
0
LINE
8
BLACK
6
CONTINUOUS
10
3.9358294094488189
20
-2.7842899999999999
11
3.9379765748031494
21
-2.7864371653543305
0
LINE
8
BLACK
6
CONTINUOUS
10
3.9379765748031494
20
-2.7864371653543305
11
3.9387624803149603
21
-2.7893702362204724
0
LINE
8
BLACK
6
CONTINUOUS
10
3.9387624803149603
20
-2.7893702362204724
11
3.9379765748031494
21
-2.7923033070866139
0
LINE
8
BLACK
6
CONTINUOUS
10
3.9379765748031494
20
-2.7923033070866139
11
3.9363443307086614
21
-2.794116062992126
0
LINE
8
BLACK
6
CONTINUOUS
10
3.9363443307086614
20
-2.794116062992126
11
3.9315404330708659
21
-2.7976062204724408
0
LINE
8
BLACK
6
CONTINUOUS
10
3.9315404330708659
20
-2.7976062204724408
11
3.9315401181102363
21
-2.7976064960629921
0
LINE
8
BLACK
6
CONTINUOUS
10
3.9315401181102363
20
-2.7976064960629921
11
3.9258415354330709
21
-2.8033050787401574
0
LINE
8
BLACK
6
CONTINUOUS
10
3.9258415354330709
20
-2.8033050787401574
11
3.9258412598425196
21
-2.8033053937007875
0
LINE
8
BLACK
6
CONTINUOUS
10
3.9258412598425196
20
-2.8033053937007875
11
3.9211044881889765
21
-2.8098250787401575
0
LINE
8
BLACK
6
CONTINUOUS
10
3.9211044881889765
20
-2.8098250787401575
11
3.9174457480314961
21
-2.8170057086614171
0
LINE
8
BLACK
6
CONTINUOUS
10
3.9174457480314961
20
-2.8170057086614171
11
3.9174455905511811
21
-2.8170061811023621
0
LINE
8
BLACK
6
CONTINUOUS
10
3.9174455905511811
20
-2.8170061811023621
11
3.9153161417322835
21
-2.8235600000000001
0
LINE
8
BLACK
6
CONTINUOUS
10
3.9153161417322835
20
-2.8235600000000001
11
3.9149552362204725
21
-2.8246707086614173
0
LINE
8
BLACK
6
CONTINUOUS
10
3.9149552362204725
20
-2.8246707086614173
11
3.9136944881889764
21
-2.8326306299212596
0
LINE
8
BLACK
6
CONTINUOUS
10
3.9136944881889764
20
-2.8326306299212596
11
3.9136944881889764
21
-2.8406898425196849
0
LINE
8
BLACK
6
CONTINUOUS
10
3.9136944881889764
20
-2.8406898425196849
11
3.9149552362204725
21
-2.8486497637795276
0
LINE
8
BLACK
6
CONTINUOUS
10
3.9149552362204725
20
-2.8486497637795276
11
3.9171477559055119
21
-2.8553976771653544
0
LINE
8
BLACK
6
CONTINUOUS
10
3.9171477559055119
20
-2.8553976771653544
11
3.9174455905511811
21
-2.8563142519685041
0
LINE
8
BLACK
6
CONTINUOUS
10
3.9174455905511811
20
-2.8563142519685041
11
3.9174457480314961
21
-2.8563147244094487
0
LINE
8
BLACK
6
CONTINUOUS
10
3.9174457480314961
20
-2.8563147244094487
11
3.9211044881889765
21
-2.8634953543307087
0
LINE
8
BLACK
6
CONTINUOUS
10
3.9211044881889765
20
-2.8634953543307087
11
3.9258412598425196
21
-2.8700150393700787
0
LINE
8
BLACK
6
CONTINUOUS
10
3.9258412598425196
20
-2.8700150393700787
11
3.9258415354330709
21
-2.8700153543307088
0
LINE
8
BLACK
6
CONTINUOUS
10
3.9258415354330709
20
-2.8700153543307088
11
3.9315401181102363
21
-2.8757139370078741
0
LINE
8
BLACK
6
CONTINUOUS
10
3.9315401181102363
20
-2.8757139370078741
11
3.9315404330708659
21
-2.875714212598425
0
LINE
8
BLACK
6
CONTINUOUS
10
3.9315404330708659
20
-2.875714212598425
11
3.9380601181102359
21
-2.8804509842519685
0
LINE
8
BLACK
6
CONTINUOUS
10
3.9380601181102359
20
-2.8804509842519685
11
3.9380602362204722
21
-2.8804510629921261
0
LINE
8
BLACK
6
CONTINUOUS
10
3.9380602362204722
20
-2.8804510629921261
11
3.9452409842519685
21
-2.8841098425196852
0
LINE
8
BLACK
6
CONTINUOUS
10
3.9452409842519685
20
-2.8841098425196852
11
3.9529057480314962
21
-2.8866002755905513
0
LINE
8
BLACK
6
CONTINUOUS
10
3.9529057480314962
20
-2.8866002755905513
11
3.9608656692913384
21
-2.887861023622047
0
LINE
8
BLACK
6
CONTINUOUS
10
3.9608656692913384
20
-2.887861023622047
11
3.9608659055118109
21
-2.887861023622047
0
LINE
8
BLACK
6
CONTINUOUS
10
3.9608659055118109
20
-2.887861023622047
11
3.9608661417322835
21
-2.8878610629921257
0
LINE
8
BLACK
6
CONTINUOUS
10
3.9608661417322835
20
-2.8878610629921257
11
3.9610955905511811
21
-2.8878791338582674
0
LINE
8
BLACK
6
CONTINUOUS
10
3.9610955905511811
20
-2.8878791338582674
11
3.9610897244094487
21
-2.8879535039370077
0
LINE
8
BLACK
6
CONTINUOUS
10
3.9610897244094487
20
-2.8879535039370077
11
3.9614905511811025
21
-2.8880609055118112
0
LINE
8
BLACK
6
CONTINUOUS
10
3.9614905511811025
20
-2.8880609055118112
11
3.9622628346456694
21
-2.8880609055118112
0
LINE
8
BLACK
6
CONTINUOUS
10
3.9622628346456694
20
-2.8880609055118112
11
3.962931614173228
21
-2.8884470078740159
0
LINE
8
BLACK
6
CONTINUOUS
10
3.962931614173228
20
-2.8884470078740159
11
3.9636776377952754
21
-2.8886469291338583
0
LINE
8
BLACK
6
CONTINUOUS
10
3.9636776377952754
20
-2.8886469291338583
11
3.9648925590551181
21
-2.8895791732283462
0
LINE
8
BLACK
6
CONTINUOUS
10
3.9648925590551181
20
-2.8895791732283462
11
3.9679321259842517
21
-2.8926187401574803
0
LINE
8
BLACK
6
CONTINUOUS
10
3.9679321259842517
20
-2.8926187401574803
11
3.9679331102362205
21
-2.892620472440945
0
LINE
8
BLACK
6
CONTINUOUS
10
3.9679331102362205
20
-2.892620472440945
11
3.9696502755905509
21
-2.8943376377952754
0
LINE
8
BLACK
6
CONTINUOUS
10
3.9696502755905509
20
-2.8943376377952754
11
3.9696502755905509
21
-2.8943376771653542
0
LINE
8
BLACK
6
CONTINUOUS
10
3.9696502755905509
20
-2.8943376771653542
11
3.9742520078740156
21
-2.8989394488188975
0
LINE
8
BLACK
6
CONTINUOUS
10
3.9742520078740156
20
-2.8989394488188975
11
3.9843132677165354
21
-2.9071964960629919
0
LINE
8
BLACK
6
CONTINUOUS
10
3.9843132677165354
20
-2.9071964960629919
11
3.9951354724409449
21
-2.9144275984251968
0
LINE
8
BLACK
6
CONTINUOUS
10
3.9951354724409449
20
-2.9144275984251968
11
3.9956049606299211
21
-2.9146785433070868
0
LINE
8
BLACK
6
CONTINUOUS
10
3.9956049606299211
20
-2.9146785433070868
11
3.9978211417322833
21
-2.9167540551181101
0
LINE
8
BLACK
6
CONTINUOUS
10
3.9978211417322833
20
-2.9167540551181101
11
3.9987027559055117
21
-2.9196598031496062
0
LINE
8
BLACK
6
CONTINUOUS
10
3.9987027559055117
20
-2.9196598031496062
11
3.9980133858267717
21
-2.9226170472440942
0
LINE
8
BLACK
6
CONTINUOUS
10
3.9980133858267717
20
-2.9226170472440942
11
3.9962044881889764
21
-2.924657244094488
0
LINE
8
BLACK
6
CONTINUOUS
10
3.9962044881889764
20
-2.924657244094488
11
3.9922544881889763
21
-2.9274230708661415
0
LINE
8
BLACK
6
CONTINUOUS
10
3.9922544881889763
20
-2.9274230708661415
11
3.9922544881889763
21
-2.9274231102362203
0
LINE
8
BLACK
6
CONTINUOUS
10
3.9922544881889763
20
-2.9274231102362203
11
3.9825858267716536
21
-2.9355361417322836
0
LINE
8
BLACK
6
CONTINUOUS
10
3.9825858267716536
20
-2.9355361417322836
11
3.9825852755905511
21
-2.935536653543307
0
LINE
8
BLACK
6
CONTINUOUS
10
3.9825852755905511
20
-2.935536653543307
11
3.9793509448818898
21
-2.9387710629921258
0
LINE
8
BLACK
6
CONTINUOUS
10
3.9793509448818898
20
-2.9387710629921258
11
3.979350905511811
21
-2.9387711023622045
0
LINE
8
BLACK
6
CONTINUOUS
10
3.979350905511811
20
-2.9387711023622045
11
3.9221968110236221
21
-2.9959251574803147
0
LINE
8
BLACK
6
CONTINUOUS
10
3.9221968110236221
20
-2.9959251574803147
11
3.919567086614173
21
-2.9974434251968503
0
LINE
8
BLACK
6
CONTINUOUS
10
3.919567086614173
20
-2.9974434251968503
11
3.9165305511811024
21
-2.9974434251968503
0
LINE
8
BLACK
6
CONTINUOUS
10
3.9165305511811024
20
-2.9974434251968503
11
3.9139008267716533
21
-2.9959251574803147
0
LINE
8
BLACK
6
CONTINUOUS
10
3.9139008267716533
20
-2.9959251574803147
11
3.9123825590551182
21
-2.9932954330708661
0
LINE
8
BLACK
6
CONTINUOUS
10
3.9123825590551182
20
-2.9932954330708661
11
3.9122109055118108
21
-2.9923520078740156
0
LINE
8
BLACK
6
CONTINUOUS
10
3.9122109055118108
20
-2.9923520078740156
11
3.9121317716535433
21
-2.9915484645669292
0
LINE
8
BLACK
6
CONTINUOUS
10
3.9121317716535433
20
-2.9915484645669292
11
3.909767992125984
21
-2.9837562204724408
0
LINE
8
BLACK
6
CONTINUOUS
10
3.909767992125984
20
-2.9837562204724408
11
3.9097679133858265
21
-2.9837560236220471
0
LINE
8
BLACK
6
CONTINUOUS
10
3.9097679133858265
20
-2.9837560236220471
11
3.9059296850393701
21
-2.9765751181102362
0
LINE
8
BLACK
6
CONTINUOUS
10
3.9059296850393701
20
-2.9765751181102362
11
3.9059294881889763
21
-2.976574842519685
0
LINE
8
BLACK
6
CONTINUOUS
10
3.9059294881889763
20
-2.976574842519685
11
3.9007635433070864
21
-2.9702801181102361
0
LINE
8
BLACK
6
CONTINUOUS
10
3.9007635433070864
20
-2.9702801181102361
11
3.8944688188976375
21
-2.9651141732283466
0
LINE
8
BLACK
6
CONTINUOUS
10
3.8944688188976375
20
-2.9651141732283466
11
3.8944685433070867
21
-2.9651139763779528
0
LINE
8
BLACK
6
CONTINUOUS
10
3.8944685433070867
20
-2.9651139763779528
11
3.8872876377952754
21
-2.961275748031496
0
LINE
8
BLACK
6
CONTINUOUS
10
3.8872876377952754
20
-2.961275748031496
11
3.8872874409448817
21
-2.9612756692913385
0
LINE
8
BLACK
6
CONTINUOUS
10
3.8872874409448817
20
-2.9612756692913385
11
3.8794951968503937
21
-2.9589118897637796
0
LINE
8
BLACK
6
CONTINUOUS
10
3.8794951968503937
20
-2.9589118897637796
11
3.8734221653543308
21
-2.9583137795275589
0
LINE
8
BLACK
6
CONTINUOUS
10
3.8734221653543308
20
-2.9583137795275589
11
3.8674543307086613
21
-2.9583137795275589
0
LINE
8
BLACK
6
CONTINUOUS
10
3.8674543307086613
20
-2.9583137795275589
11
3.8674543307086613
21
-2.9898098425196848
0
LINE
8
BLACK
6
CONTINUOUS
10
3.8674543307086613
20
-2.9898098425196848
11
3.871391338582677
21
-2.9898098425196848
0
LINE
8
BLACK
6
CONTINUOUS
10
3.871391338582677
20
-2.9898098425196848
11
3.8751579133858267
21
-2.9905590551181103
0
LINE
8
BLACK
6
CONTINUOUS
10
3.8751579133858267
20
-2.9905590551181103
11
3.8783510629921261
21
-2.9926926377952756
0
LINE
8
BLACK
6
CONTINUOUS
10
3.8783510629921261
20
-2.9926926377952756
11
3.8804846456692914
21
-2.9958857874015745
0
LINE
8
BLACK
6
CONTINUOUS
10
3.8804846456692914
20
-2.9958857874015745
11
3.8812338582677164
21
-2.9996523622047242
0
LINE
8
BLACK
6
CONTINUOUS
10
3.8812338582677164
20
-2.9996523622047242
11
3.8812338582677164
21
-3.0429594488188974
0
LINE
8
BLACK
6
CONTINUOUS
10
3.8812338582677164
20
-3.0429594488188974
11
3.8804846456692914
21
-3.046726023622047
0
LINE
8
BLACK
6
CONTINUOUS
10
3.8804846456692914
20
-3.046726023622047
11
3.8783510629921261
21
-3.0499191732283464
0
LINE
8
BLACK
6
CONTINUOUS
10
3.8783510629921261
20
-3.0499191732283464
11
3.8751579133858267
21
-3.0520527559055117
0
LINE
8
BLACK
6
CONTINUOUS
10
3.8751579133858267
20
-3.0520527559055117
11
3.871391338582677
21
-3.0528019685039371
0
LINE
8
BLACK
6
CONTINUOUS
10
3.871391338582677
20
-3.0528019685039371
11
3.8280842519685039
21
-3.0528019685039371
0
LINE
8
BLACK
6
CONTINUOUS
10
3.8280842519685039
20
-3.0528019685039371
11
3.8243176771653542
21
-3.0520527559055117
0
LINE
8
BLACK
6
CONTINUOUS
10
3.8243176771653542
20
-3.0520527559055117
11
3.8211245275590549
21
-3.0499191732283464
0
LINE
8
BLACK
6
CONTINUOUS
10
3.8211245275590549
20
-3.0499191732283464
11
3.8189909448818895
21
-3.046726023622047
0
LINE
8
BLACK
6
CONTINUOUS
10
3.8189909448818895
20
-3.046726023622047
11
3.8182417322834645
21
-3.0429594488188974
0
LINE
8
BLACK
6
CONTINUOUS
10
3.8182417322834645
20
-3.0429594488188974
11
3.8182417322834645
21
-3.0390224409448816
0
LINE
8
BLACK
6
CONTINUOUS
10
3.8182417322834645
20
-3.0390224409448816
11
3.7867456692913386
21
-3.0390224409448816
0
LINE
8
BLACK
6
CONTINUOUS
10
3.7867456692913386
20
-3.0390224409448816
11
3.7867456692913386
21
-3.0449902362204724
0
LINE
8
BLACK
6
CONTINUOUS
10
3.7867456692913386
20
-3.0449902362204724
11
3.7873437795275589
21
-3.051063307086614
0
LINE
8
BLACK
6
CONTINUOUS
10
3.7873437795275589
20
-3.051063307086614
11
3.7897075590551181
21
-3.0588555511811024
0
LINE
8
BLACK
6
CONTINUOUS
10
3.7897075590551181
20
-3.0588555511811024
11
3.7897076377952756
21
-3.0588557480314962
0
LINE
8
BLACK
6
CONTINUOUS
10
3.7897076377952756
20
-3.0588557480314962
11
3.7935458661417321
21
-3.066036653543307
0
LINE
8
BLACK
6
CONTINUOUS
10
3.7935458661417321
20
-3.066036653543307
11
3.7935460629921258
21
-3.0660369291338583
0
LINE
8
BLACK
6
CONTINUOUS
10
3.7935460629921258
20
-3.0660369291338583
11
3.7987120078740158
21
-3.0723316535433072
0
LINE
8
BLACK
6
CONTINUOUS
10
3.7987120078740158
20
-3.0723316535433072
11
3.8050067322834646
21
-3.0774975984251967
0
LINE
8
BLACK
6
CONTINUOUS
10
3.8050067322834646
20
-3.0774975984251967
11
3.8051227165354331
21
-3.0775596062992125
0
LINE
8
BLACK
6
CONTINUOUS
10
3.8051227165354331
20
-3.0775596062992125
11
3.8051804724409446
21
-3.0776137007874014
0
LINE
8
BLACK
6
CONTINUOUS
10
3.8051804724409446
20
-3.0776137007874014
11
3.8052463385826769
21
-3.0776577165354331
0
LINE
8
BLACK
6
CONTINUOUS
10
3.8052463385826769
20
-3.0776577165354331
11
3.8052390551181103
21
-3.0776685826771653
0
LINE
8
BLACK
6
CONTINUOUS
10
3.8052390551181103
20
-3.0776685826771653
11
3.8073390157480316
21
-3.0796353543307085
0
LINE
8
BLACK
6
CONTINUOUS
10
3.8073390157480316
20
-3.0796353543307085
11
3.808220472440945
21
-3.0825411417322832
0
LINE
8
BLACK
6
CONTINUOUS
10
3.808220472440945
20
-3.0825411417322832
11
3.8075309842519682
21
-3.085498346456693
0
LINE
8
BLACK
6
CONTINUOUS
10
3.8075309842519682
20
-3.085498346456693
11
3.807103307086614
21
-3.0861811023622048
0
LINE
8
BLACK
6
CONTINUOUS
10
3.807103307086614
20
-3.0861811023622048
11
3.8025799212598423
21
-3.0924070472440945
0
LINE
8
BLACK
6
CONTINUOUS
10
3.8025799212598423
20
-3.0924070472440945
11
3.8025797244094486
21
-3.0924073228346458
0
LINE
8
BLACK
6
CONTINUOUS
10
3.8025797244094486
20
-3.0924073228346458
11
3.798639566929134
21
-3.1001402755905509
0
LINE
8
BLACK
6
CONTINUOUS
10
3.798639566929134
20
-3.1001402755905509
11
3.795957677165354
21
-3.1083942125984252
0
LINE
8
BLACK
6
CONTINUOUS
10
3.795957677165354
20
-3.1083942125984252
11
3.7953948425196851
21
-3.1119479527559055
0
LINE
8
BLACK
6
CONTINUOUS
10
3.7953948425196851
20
-3.1119479527559055
11
3.7946
21
-3.1169664566929134
0
LINE
8
BLACK
6
CONTINUOUS
10
3.7946
20
-3.1169664566929134
11
3.7946
21
-3.1256453543307088
0
LINE
8
BLACK
6
CONTINUOUS
10
3.7946
20
-3.1256453543307088
11
3.794667834645669
21
-3.1260735433070868
0
LINE
8
BLACK
6
CONTINUOUS
10
3.794667834645669
20
-3.1260735433070868
11
3.795957677165354
21
-3.1342175590551182
0
LINE
8
BLACK
6
CONTINUOUS
10
3.795957677165354
20
-3.1342175590551182
11
3.798639566929134
21
-3.142471496062992
0
LINE
8
BLACK
6
CONTINUOUS
10
3.798639566929134
20
-3.142471496062992
11
3.8025797244094486
21
-3.1502044488188976
0
LINE
8
BLACK
6
CONTINUOUS
10
3.8025797244094486
20
-3.1502044488188976
11
3.8025797637795273
21
-3.1502044881889764
0
LINE
8
BLACK
6
CONTINUOUS
10
3.8025797637795273
20
-3.1502044881889764
11
3.8042378346456691
21
-3.1524866141732284
0
LINE
8
BLACK
6
CONTINUOUS
10
3.8042378346456691
20
-3.1524866141732284
11
3.8076810236220471
21
-3.1572257874015746
0
LINE
8
BLACK
6
CONTINUOUS
10
3.8076810236220471
20
-3.1572257874015746
11
3.8138179133858268
21
-3.1633626771653542
0
LINE
8
BLACK
6
CONTINUOUS
10
3.8138179133858268
20
-3.1633626771653542
11
3.817647834645669
21
-3.1661452362204723
0
LINE
8
BLACK
6
CONTINUOUS
10
3.817647834645669
20
-3.1661452362204723
11
3.8182187795275588
21
-3.1665600787401575
0
LINE
8
BLACK
6
CONTINUOUS
10
3.8182187795275588
20
-3.1665600787401575
11
3.8186751574803148
21
-3.1671237007874016
0
LINE
8
BLACK
6
CONTINUOUS
10
3.8186751574803148
20
-3.1671237007874016
11
3.8192687401574803
21
-3.1675403149606298
0
LINE
8
BLACK
6
CONTINUOUS
10
3.8192687401574803
20
-3.1675403149606298
11
3.8196141338582676
21
-3.1682832283464566
0
LINE
8
BLACK
6
CONTINUOUS
10
3.8196141338582676
20
-3.1682832283464566
11
3.8201297244094485
21
-3.1689199212598425
0
LINE
8
BLACK
6
CONTINUOUS
10
3.8201297244094485
20
-3.1689199212598425
11
3.820243149606299
21
-3.1696361417322834
0
LINE
8
BLACK
6
CONTINUOUS
10
3.820243149606299
20
-3.1696361417322834
11
3.820548937007874
21
-3.1702938188976377
0
LINE
8
BLACK
6
CONTINUOUS
10
3.820548937007874
20
-3.1702938188976377
11
3.8204765748031497
21
-3.1711098818897638
0
LINE
8
BLACK
6
CONTINUOUS
10
3.8204765748031497
20
-3.1711098818897638
11
3.8206047637795275
21
-3.1719190944881888
0
LINE
8
BLACK
6
CONTINUOUS
10
3.8206047637795275
20
-3.1719190944881888
11
3.8203448425196851
21
-3.172596181102362
0
LINE
8
BLACK
6
CONTINUOUS
10
3.8203448425196851
20
-3.172596181102362
11
3.8202808267716533
21
-3.1733185039370078
0
LINE
8
BLACK
6
CONTINUOUS
10
3.8202808267716533
20
-3.1733185039370078
11
3.8198466929133859
21
-3.173893937007874
0
LINE
8
BLACK
6
CONTINUOUS
10
3.8198466929133859
20
-3.173893937007874
11
3.8195165748031497
21
-3.1747539370078739
0
LINE
8
BLACK
6
CONTINUOUS
10
3.8195165748031497
20
-3.1747539370078739
11
3.8185363385826769
21
-3.1758038976377954
0
LINE
8
BLACK
6
CONTINUOUS
10
3.8185363385826769
20
-3.1758038976377954
11
3.8183815748031495
21
-3.1759334251968503
0
LINE
8
BLACK
6
CONTINUOUS
10
3.8183815748031495
20
-3.1759334251968503
11
3.8138179133858268
21
-3.1792491338582676
0
LINE
8
BLACK
6
CONTINUOUS
10
3.8138179133858268
20
-3.1792491338582676
11
3.8107171259842518
21
-3.1823498818897638
0
LINE
8
BLACK
6
CONTINUOUS
10
3.8107171259842518
20
-3.1823498818897638
11
3.810518149606299
21
-3.1825164960629921
0
LINE
8
BLACK
6
CONTINUOUS
10
3.810518149606299
20
-3.1825164960629921
11
3.809368622047244
21
-3.183050905511811
0
LINE
8
BLACK
6
CONTINUOUS
10
3.809368622047244
20
-3.183050905511811
11
3.8082708267716536
21
-3.1836847637795276
0
LINE
8
BLACK
6
CONTINUOUS
10
3.8082708267716536
20
-3.1836847637795276
11
3.8079005118110234
21
-3.1837335039370078
0
LINE
8
BLACK
6
CONTINUOUS
10
3.8079005118110234
20
-3.1837335039370078
11
3.8077646456692911
21
-3.1837966929133859
0
LINE
8
BLACK
6
CONTINUOUS
10
3.8077646456692911
20
-3.1837966929133859
11
3.80755905511811
21
-3.1837784645669291
0
LINE
8
BLACK
6
CONTINUOUS
10
3.80755905511811
20
-3.1837784645669291
11
3.8067525590551181
21
-3.1838846456692913
0
LINE
8
BLACK
6
CONTINUOUS
10
3.8067525590551181
20
-3.1838846456692913
11
3.7812637007874015
21
-3.1838846456692913
0
LINE
8
BLACK
6
CONTINUOUS
10
3.7812637007874015
20
-3.1838846456692913
11
3.7812390157480316
21
-3.1838858267716534
0
LINE
8
BLACK
6
CONTINUOUS
10
3.7812390157480316
20
-3.1838858267716534
11
3.7803616929133859
21
-3.1838858267716534
0
LINE
8
BLACK
6
CONTINUOUS
10
3.7803616929133859
20
-3.1838858267716534
11
3.7754928346456693
21
-3.1844342913385826
0
LINE
8
BLACK
6
CONTINUOUS
10
3.7754928346456693
20
-3.1844342913385826
11
3.7707093307086614
21
-3.1849731496062992
0
LINE
8
BLACK
6
CONTINUOUS
10
3.7707093307086614
20
-3.1849731496062992
11
3.7612391338582678
21
-3.18713437007874
0
LINE
8
BLACK
6
CONTINUOUS
10
3.7612391338582678
20
-3.18713437007874
11
3.7520712204724407
21
-3.1903420472440942
0
LINE
8
BLACK
6
CONTINUOUS
10
3.7520712204724407
20
-3.1903420472440942
11
3.7520703937007873
21
-3.190342401574803
0
LINE
8
BLACK
6
CONTINUOUS
10
3.7520703937007873
20
-3.190342401574803
11
3.7433192913385827
21
-3.1945563779527557
0
LINE
8
BLACK
6
CONTINUOUS
10
3.7433192913385827
20
-3.1945563779527557
11
3.7433192125984251
21
-3.1945564173228345
0
LINE
8
BLACK
6
CONTINUOUS
10
3.7433192125984251
20
-3.1945564173228345
11
3.7379238976377951
21
-3.1979462598425195
0
LINE
8
BLACK
6
CONTINUOUS
10
3.7379238976377951
20
-3.1979462598425195
11
3.735022244094488
21
-3.1988411811023623
0
LINE
8
BLACK
6
CONTINUOUS
10
3.735022244094488
20
-3.1988411811023623
11
3.7348031102362205
21
-3.1988452755905512
0
LINE
8
BLACK
6
CONTINUOUS
10
3.7348031102362205
20
-3.1988452755905512
11
3.7321255118110237
21
-3.1988452755905512
0
LINE
8
BLACK
6
CONTINUOUS
10
3.7321255118110237
20
-3.1988452755905512
11
3.7254922440944882
21
-3.1998958661417323
0
LINE
8
BLACK
6
CONTINUOUS
10
3.7254922440944882
20
-3.1998958661417323
11
3.7241655511811023
21
-3.2001060236220473
0
LINE
8
BLACK
6
CONTINUOUS
10
3.7241655511811023
20
-3.2001060236220473
11
3.7165010629921258
21
-3.202596377952756
0
LINE
8
BLACK
6
CONTINUOUS
10
3.7165010629921258
20
-3.202596377952756
11
3.7165005905511812
21
-3.202596535433071
0
LINE
8
BLACK
6
CONTINUOUS
10
3.7165005905511812
20
-3.202596535433071
11
3.7093199606299212
21
-3.2062552755905509
0
LINE
8
BLACK
6
CONTINUOUS
10
3.7093199606299212
20
-3.2062552755905509
11
3.7028002755905511
21
-3.2109920472440945
0
LINE
8
BLACK
6
CONTINUOUS
10
3.7028002755905511
20
-3.2109920472440945
11
3.7027999606299211
21
-3.2109923228346458
0
LINE
8
BLACK
6
CONTINUOUS
10
3.7027999606299211
20
-3.2109923228346458
11
3.6971013779527557
21
-3.2166909055118111
0
LINE
8
BLACK
6
CONTINUOUS
10
3.6971013779527557
20
-3.2166909055118111
11
3.6971011023622045
21
-3.2166912204724407
0
LINE
8
BLACK
6
CONTINUOUS
10
3.6971011023622045
20
-3.2166912204724407
11
3.6923643307086613
21
-3.2232109055118108
0
LINE
8
BLACK
6
CONTINUOUS
10
3.6923643307086613
20
-3.2232109055118108
11
3.688705590551181
21
-3.2303915354330708
0
LINE
8
BLACK
6
CONTINUOUS
10
3.688705590551181
20
-3.2303915354330708
11
3.688705433070866
21
-3.2303920078740158
0
LINE
8
BLACK
6
CONTINUOUS
10
3.688705433070866
20
-3.2303920078740158
11
3.6862208661417322
21
-3.2380387795275589
0
LINE
8
BLACK
6
CONTINUOUS
10
3.6862208661417322
20
-3.2380387795275589
11
3.6862150787401573
21
-3.2380565354330706
0
LINE
8
BLACK
6
CONTINUOUS
10
3.6862150787401573
20
-3.2380565354330706
11
3.6849543307086612
21
-3.2460164566929133
0
LINE
8
BLACK
6
CONTINUOUS
10
3.6849543307086612
20
-3.2460164566929133
11
3.6849543307086612
21
-3.2540756692913386
0
LINE
8
BLACK
6
CONTINUOUS
10
3.6849543307086612
20
-3.2540756692913386
11
3.6862150787401573
21
-3.2620355905511809
0
LINE
8
BLACK
6
CONTINUOUS
10
3.6862150787401573
20
-3.2620355905511809
11
3.6881068503937007
21
-3.2678579133858268
0
LINE
8
BLACK
6
CONTINUOUS
10
3.6881068503937007
20
-3.2678579133858268
11
3.688705433070866
21
-3.2697000787401573
0
LINE
8
BLACK
6
CONTINUOUS
10
3.688705433070866
20
-3.2697000787401573
11
3.688705590551181
21
-3.2697005511811024
0
LINE
8
BLACK
6
CONTINUOUS
10
3.688705590551181
20
-3.2697005511811024
11
3.6923643307086613
21
-3.2768811811023619
0
LINE
8
BLACK
6
CONTINUOUS
10
3.6923643307086613
20
-3.2768811811023619
11
3.6971011023622045
21
-3.283400866141732
0
LINE
8
BLACK
6
CONTINUOUS
10
3.6971011023622045
20
-3.283400866141732
11
3.6971013779527557
21
-3.283401181102362
0
LINE
8
BLACK
6
CONTINUOUS
10
3.6971013779527557
20
-3.283401181102362
11
3.7027999606299211
21
-3.2890997637795274
0
LINE
8
BLACK
6
CONTINUOUS
10
3.7027999606299211
20
-3.2890997637795274
11
3.7028002755905511
21
-3.2891000393700787
0
LINE
8
BLACK
6
CONTINUOUS
10
3.7028002755905511
20
-3.2891000393700787
11
3.7093199606299212
21
-3.2938368110236218
0
LINE
8
BLACK
6
CONTINUOUS
10
3.7093199606299212
20
-3.2938368110236218
11
3.7093200787401575
21
-3.2938368897637793
0
LINE
8
BLACK
6
CONTINUOUS
10
3.7093200787401575
20
-3.2938368897637793
11
3.7165008267716533
21
-3.2974956692913384
0
LINE
8
BLACK
6
CONTINUOUS
10
3.7165008267716533
20
-3.2974956692913384
11
3.724165590551181
21
-3.2999861023622046
0
LINE
8
BLACK
6
CONTINUOUS
10
3.724165590551181
20
-3.2999861023622046
11
3.7321255118110237
21
-3.3012468503937007
0
LINE
8
BLACK
6
CONTINUOUS
10
3.7321255118110237
20
-3.3012468503937007
11
3.732125708661417
21
-3.3012468503937007
0
LINE
8
BLACK
6
CONTINUOUS
10
3.732125708661417
20
-3.3012468503937007
11
3.7401845275590548
21
-3.3012468503937007
0
LINE
8
BLACK
6
CONTINUOUS
10
3.7401845275590548
20
-3.3012468503937007
11
3.7401847244094486
21
-3.3012468503937007
0
LINE
8
BLACK
6
CONTINUOUS
10
3.7401847244094486
20
-3.3012468503937007
11
3.7481446456692913
21
-3.2999861023622046
0
LINE
8
BLACK
6
CONTINUOUS
10
3.7481446456692913
20
-3.2999861023622046
11
3.755809409448819
21
-3.2974956692913384
0
LINE
8
BLACK
6
CONTINUOUS
10
3.755809409448819
20
-3.2974956692913384
11
3.7629901574803148
21
-3.2938368897637793
0
LINE
8
BLACK
6
CONTINUOUS
10
3.7629901574803148
20
-3.2938368897637793
11
3.7695101968503937
21
-3.2890998425196849
0
LINE
8
BLACK
6
CONTINUOUS
10
3.7695101968503937
20
-3.2890998425196849
11
3.7752088976377953
21
-3.2834011417322833
0
LINE
8
BLACK
6
CONTINUOUS
10
3.7752088976377953
20
-3.2834011417322833
11
3.7799459448818897
21
-3.2768811023622049
0
LINE
8
BLACK
6
CONTINUOUS
10
3.7799459448818897
20
-3.2768811023622049
11
3.7836047244094488
21
-3.2697003543307086
0
LINE
8
BLACK
6
CONTINUOUS
10
3.7836047244094488
20
-3.2697003543307086
11
3.7842033858267716
21
-3.2678579133858268
0
LINE
8
BLACK
6
CONTINUOUS
10
3.7842033858267716
20
-3.2678579133858268
11
3.7858531496062993
21
-3.2627805511811023
0
LINE
8
BLACK
6
CONTINUOUS
10
3.7858531496062993
20
-3.2627805511811023
11
3.7875069685039371
21
-3.2602338976377951
0
LINE
8
BLACK
6
CONTINUOUS
10
3.7875069685039371
20
-3.2602338976377951
11
3.7902125590551181
21
-3.2588553543307084
0
LINE
8
BLACK
6
CONTINUOUS
10
3.7902125590551181
20
-3.2588553543307084
11
3.7914321653543306
21
-3.2587271653543306
0
LINE
8
BLACK
6
CONTINUOUS
10
3.7914321653543306
20
-3.2587271653543306
11
3.8067525590551181
21
-3.2587271653543306
0
LINE
8
BLACK
6
CONTINUOUS
10
3.8067525590551181
20
-3.2587271653543306
11
3.8072507874015749
21
-3.2588606299212599
0
LINE
8
BLACK
6
CONTINUOUS
10
3.8072507874015749
20
-3.2588606299212599
11
3.8077646456692911
21
-3.2588151181102361
0
LINE
8
BLACK
6
CONTINUOUS
10
3.8077646456692911
20
-3.2588151181102361
11
3.8084920078740159
21
-3.2591932283464566
0
LINE
8
BLACK
6
CONTINUOUS
10
3.8084920078740159
20
-3.2591932283464566
11
3.8096856299212596
21
-3.2595130708661415
0
LINE
8
BLACK
6
CONTINUOUS
10
3.8096856299212596
20
-3.2595130708661415
11
3.810518149606299
21
-3.2600953149606298
0
LINE
8
BLACK
6
CONTINUOUS
10
3.810518149606299
20
-3.2600953149606298
11
3.8107171259842518
21
-3.2602618897637794
0
LINE
8
BLACK
6
CONTINUOUS
10
3.8107171259842518
20
-3.2602618897637794
11
3.8138179133858268
21
-3.2633626771653543
0
LINE
8
BLACK
6
CONTINUOUS
10
3.8138179133858268
20
-3.2633626771653543
11
3.8183815748031495
21
-3.2666783464566929
0
LINE
8
BLACK
6
CONTINUOUS
10
3.8183815748031495
20
-3.2666783464566929
11
3.8185363385826769
21
-3.2668079133858265
0
LINE
8
BLACK
6
CONTINUOUS
10
3.8185363385826769
20
-3.2668079133858265
11
3.8192966929133858
21
-3.2678912204724408
0
LINE
8
BLACK
6
CONTINUOUS
10
3.8192966929133858
20
-3.2678912204724408
11
3.8201297244094485
21
-3.2689199212598425
0
LINE
8
BLACK
6
CONTINUOUS
10
3.8201297244094485
20
-3.2689199212598425
11
3.8201620472440942
21
-3.269124094488189
0
LINE
8
BLACK
6
CONTINUOUS
10
3.8201620472440942
20
-3.269124094488189
11
3.8202808267716533
21
-3.2692933070866141
0
LINE
8
BLACK
6
CONTINUOUS
10
3.8202808267716533
20
-3.2692933070866141
11
3.8203976771653543
21
-3.2706117322834647
0
LINE
8
BLACK
6
CONTINUOUS
10
3.8203976771653543
20
-3.2706117322834647
11
3.8206047637795275
21
-3.2719190944881889
0
LINE
8
BLACK
6
CONTINUOUS
10
3.8206047637795275
20
-3.2719190944881889
11
3.8205306692913386
21
-3.2721120472440943
0
LINE
8
BLACK
6
CONTINUOUS
10
3.8205306692913386
20
-3.2721120472440943
11
3.820548937007874
21
-3.2723179921259842
0
LINE
8
BLACK
6
CONTINUOUS
10
3.820548937007874
20
-3.2723179921259842
11
3.8199909448818898
21
-3.2735180708661415
0
LINE
8
BLACK
6
CONTINUOUS
10
3.8199909448818898
20
-3.2735180708661415
11
3.8195165748031497
21
-3.274753937007874
0
LINE
8
BLACK
6
CONTINUOUS
10
3.8195165748031497
20
-3.274753937007874
11
3.8193292913385828
21
-3.2749411811023621
0
LINE
8
BLACK
6
CONTINUOUS
10
3.8193292913385828
20
-3.2749411811023621
11
3.8192687401574803
21
-3.2750714960629921
0
LINE
8
BLACK
6
CONTINUOUS
10
3.8192687401574803
20
-3.2750714960629921
11
3.8190348425196849
21
-3.2752356299212599
0
LINE
8
BLACK
6
CONTINUOUS
10
3.8190348425196849
20
-3.2752356299212599
11
3.8182187795275588
21
-3.2760517322834644
0
LINE
8
BLACK
6
CONTINUOUS
10
3.8182187795275588
20
-3.2760517322834644
11
3.8138179527559055
21
-3.2792490944881889
0
LINE
8
BLACK
6
CONTINUOUS
10
3.8138179527559055
20
-3.2792490944881889
11
3.8138178346456693
21
-3.2792491732283464
0
LINE
8
BLACK
6
CONTINUOUS
10
3.8138178346456693
20
-3.2792491732283464
11
3.8076810629921258
21
-3.2853859448818898
0
LINE
8
BLACK
6
CONTINUOUS
10
3.8076810629921258
20
-3.2853859448818898
11
3.8076809842519683
21
-3.2853860629921261
0
LINE
8
BLACK
6
CONTINUOUS
10
3.8076809842519683
20
-3.2853860629921261
11
3.8025797637795273
21
-3.2924072834645668
0
LINE
8
BLACK
6
CONTINUOUS
10
3.8025797637795273
20
-3.2924072834645668
11
3.8025797244094486
21
-3.2924073228346455
0
LINE
8
BLACK
6
CONTINUOUS
10
3.8025797244094486
20
-3.2924073228346455
11
3.798639566929134
21
-3.3001402755905511
0
LINE
8
BLACK
6
CONTINUOUS
10
3.798639566929134
20
-3.3001402755905511
11
3.795957677165354
21
-3.3083942125984249
0
LINE
8
BLACK
6
CONTINUOUS
10
3.795957677165354
20
-3.3083942125984249
11
3.7951007086614172
21
-3.3138051181102361
0
LINE
8
BLACK
6
CONTINUOUS
10
3.7951007086614172
20
-3.3138051181102361
11
3.7946
21
-3.3169664566929131
0
LINE
8
BLACK
6
CONTINUOUS
10
3.7946
20
-3.3169664566929131
11
3.7946
21
-3.3256453543307085
0
LINE
8
BLACK
6
CONTINUOUS
10
3.7946
20
-3.3256453543307085
11
3.7949918897637795
21
-3.3281195275590552
0
LINE
8
BLACK
6
CONTINUOUS
10
3.7949918897637795
20
-3.3281195275590552
11
3.795957677165354
21
-3.334217559055118
0
LINE
8
BLACK
6
CONTINUOUS
10
3.795957677165354
20
-3.334217559055118
11
3.798639566929134
21
-3.3424714960629922
0
LINE
8
BLACK
6
CONTINUOUS
10
3.798639566929134
20
-3.3424714960629922
11
3.8025797244094486
21
-3.3502044488188973
0
LINE
8
BLACK
6
CONTINUOUS
10
3.8025797244094486
20
-3.3502044488188973
11
3.8025797637795273
21
-3.3502044881889761
0
LINE
8
BLACK
6
CONTINUOUS
10
3.8025797637795273
20
-3.3502044881889761
11
3.8027797637795273
21
-3.3504797637795276
0
LINE
8
BLACK
6
CONTINUOUS
10
3.8027797637795273
20
-3.3504797637795276
11
3.8076810236220471
21
-3.3572257874015747
0
LINE
8
BLACK
6
CONTINUOUS
10
3.8076810236220471
20
-3.3572257874015747
11
3.8138179133858268
21
-3.3633626771653544
0
LINE
8
BLACK
6
CONTINUOUS
10
3.8138179133858268
20
-3.3633626771653544
11
3.818166771653543
21
-3.3665222834645667
0
LINE
8
BLACK
6
CONTINUOUS
10
3.818166771653543
20
-3.3665222834645667
11
3.8208391732283462
21
-3.3684638976377954
0
LINE
8
BLACK
6
CONTINUOUS
10
3.8208391732283462
20
-3.3684638976377954
11
3.820839212598425
21
-3.3684639370078737
0
LINE
8
BLACK
6
CONTINUOUS
10
3.820839212598425
20
-3.3684639370078737
11
3.8208392913385825
21
-3.3684639763779525
0
LINE
8
BLACK
6
CONTINUOUS
10
3.8208392913385825
20
-3.3684639763779525
11
3.8285722047244093
21
-3.3724041338582675
0
LINE
8
BLACK
6
CONTINUOUS
10
3.8285722047244093
20
-3.3724041338582675
11
3.8313790157480314
21
-3.3733161023622045
0
LINE
8
BLACK
6
CONTINUOUS
10
3.8313790157480314
20
-3.3733161023622045
11
3.8368261023622048
21
-3.3750859842519683
0
LINE
8
BLACK
6
CONTINUOUS
10
3.8368261023622048
20
-3.3750859842519683
11
3.8368262992125985
21
-3.3750859842519683
0
LINE
8
BLACK
6
CONTINUOUS
10
3.8368262992125985
20
-3.3750859842519683
11
3.8368263385826773
21
-3.375086023622047
0
LINE
8
BLACK
6
CONTINUOUS
10
3.8368263385826773
20
-3.375086023622047
11
3.845398346456693
21
-3.3764437007874015
0
LINE
8
BLACK
6
CONTINUOUS
10
3.845398346456693
20
-3.3764437007874015
11
3.845398503937008
21
-3.3764437007874015
0
LINE
8
BLACK
6
CONTINUOUS
10
3.845398503937008
20
-3.3764437007874015
11
3.8540770866141729
21
-3.3764437007874015
0
LINE
8
BLACK
6
CONTINUOUS
10
3.8540770866141729
20
-3.3764437007874015
11
3.8540772440944879
21
-3.3764437007874015
0
LINE
8
BLACK
6
CONTINUOUS
10
3.8540772440944879
20
-3.3764437007874015
11
3.8626492519685041
21
-3.375086023622047
0
LINE
8
BLACK
6
CONTINUOUS
10
3.8626492519685041
20
-3.375086023622047
11
3.8626492913385824
21
-3.3750859842519683
0
LINE
8
BLACK
6
CONTINUOUS
10
3.8626492913385824
20
-3.3750859842519683
11
3.8626494488188974
21
-3.3750859842519683
0
LINE
8
BLACK
6
CONTINUOUS
10
3.8626494488188974
20
-3.3750859842519683
11
3.8658226771653541
21
-3.3740549212598423
0
LINE
8
BLACK
6
CONTINUOUS
10
3.8658226771653541
20
-3.3740549212598423
11
3.8709033858267716
21
-3.3724041338582675
0
LINE
8
BLACK
6
CONTINUOUS
10
3.8709033858267716
20
-3.3724041338582675
11
3.8786362992125984
21
-3.3684639763779525
0
LINE
8
BLACK
6
CONTINUOUS
10
3.8786362992125984
20
-3.3684639763779525
11
3.8856576771653542
21
-3.3633626771653544
0
LINE
8
BLACK
6
CONTINUOUS
10
3.8856576771653542
20
-3.3633626771653544
11
3.8917945669291338
21
-3.3572257874015747
0
LINE
8
BLACK
6
CONTINUOUS
10
3.8917945669291338
20
-3.3572257874015747
11
3.8968958661417323
21
-3.350204409448819
0
LINE
8
BLACK
6
CONTINUOUS
10
3.8968958661417323
20
-3.350204409448819
11
3.900836023622047
21
-3.3424714960629922
0
LINE
8
BLACK
6
CONTINUOUS
10
3.900836023622047
20
-3.3424714960629922
11
3.9027484645669293
21
-3.3365855511811024
0
LINE
8
BLACK
6
CONTINUOUS
10
3.9027484645669293
20
-3.3365855511811024
11
3.9035178740157481
21
-3.334217559055118
0
LINE
8
BLACK
6
CONTINUOUS
10
3.9035178740157481
20
-3.334217559055118
11
3.9035736614173229
21
-3.3338653149606299
0
LINE
8
BLACK
6
CONTINUOUS
10
3.9035736614173229
20
-3.3338653149606299
11
3.9048755905511809
21
-3.3256453543307085
0
LINE
8
BLACK
6
CONTINUOUS
10
3.9048755905511809
20
-3.3256453543307085
11
3.9048755905511809
21
-3.321519527559055
0
LINE
8
BLACK
6
CONTINUOUS
10
3.9048755905511809
20
-3.321519527559055
11
3.9056614960629918
21
-3.3185864566929135
0
LINE
8
BLACK
6
CONTINUOUS
10
3.9056614960629918
20
-3.3185864566929135
11
3.9065935826771652
21
-3.3173716929133858
0
LINE
8
BLACK
6
CONTINUOUS
10
3.9065935826771652
20
-3.3173716929133858
11
3.9457545669291338
21
-3.2782107086614172
0
LINE
8
BLACK
6
CONTINUOUS
10
3.9457545669291338
20
-3.2782107086614172
11
3.9457546850393701
21
-3.2782106692913384
0
LINE
8
BLACK
6
CONTINUOUS
10
3.9457546850393701
20
-3.2782106692913384
11
3.9462440551181102
21
-3.2777212204724409
0
LINE
8
BLACK
6
CONTINUOUS
10
3.9462440551181102
20
-3.2777212204724409
11
3.9466414960629921
21
-3.2773237401574802
0
LINE
8
BLACK
6
CONTINUOUS
10
3.9466414960629921
20
-3.2773237401574802
11
3.9466475196850395
21
-3.2773202755905513
0
LINE
8
BLACK
6
CONTINUOUS
10
3.9466475196850395
20
-3.2773202755905513
11
3.9483619685039368
21
-3.2756056299212597
0
LINE
8
BLACK
6
CONTINUOUS
10
3.9483619685039368
20
-3.2756056299212597
11
3.9483620078740156
21
-3.2756056692913385
0
LINE
8
BLACK
6
CONTINUOUS
10
3.9483620078740156
20
-3.2756056692913385
11
3.9519208267716532
21
-3.2720465354330708
0
LINE
8
BLACK
6
CONTINUOUS
10
3.9519208267716532
20
-3.2720465354330708
11
3.9580485039370079
21
-3.2640601968503935
0
LINE
8
BLACK
6
CONTINUOUS
10
3.9580485039370079
20
-3.2640601968503935
11
3.9580486614173229
21
-3.2640598818897639
0
LINE
8
BLACK
6
CONTINUOUS
10
3.9580486614173229
20
-3.2640598818897639
11
3.9580487401574804
21
-3.2640598425196852
0
LINE
8
BLACK
6
CONTINUOUS
10
3.9580487401574804
20
-3.2640598425196852
11
3.9621507874015749
21
-3.2569542519685037
0
LINE
8
BLACK
6
CONTINUOUS
10
3.9621507874015749
20
-3.2569542519685037
11
3.9630813779527556
21
-3.2553423228346454
0
LINE
8
BLACK
6
CONTINUOUS
10
3.9630813779527556
20
-3.2553423228346454
11
3.966933307086614
21
-3.2460421653543308
0
LINE
8
BLACK
6
CONTINUOUS
10
3.966933307086614
20
-3.2460421653543308
11
3.9695383858267714
21
-3.2363187795275592
0
LINE
8
BLACK
6
CONTINUOUS
10
3.9695383858267714
20
-3.2363187795275592
11
3.9708520472440942
21
-3.2263385826771653
0
LINE
8
BLACK
6
CONTINUOUS
10
3.9708520472440942
20
-3.2263385826771653
11
3.9708518110236222
21
-3.216272283464567
0
LINE
8
BLACK
6
CONTINUOUS
10
3.9708518110236222
20
-3.216272283464567
11
3.9695377165354331
21
-3.2062921259842518
0
LINE
8
BLACK
6
CONTINUOUS
10
3.9695377165354331
20
-3.2062921259842518
11
3.9695375984251968
21
-3.2062917322834643
0
LINE
8
BLACK
6
CONTINUOUS
10
3.9695375984251968
20
-3.2062917322834643
11
3.9695375590551181
21
-3.2062914566929135
0
LINE
8
BLACK
6
CONTINUOUS
10
3.9695375590551181
20
-3.2062914566929135
11
3.9669322440944881
21
-3.196568937007874
0
LINE
8
BLACK
6
CONTINUOUS
10
3.9669322440944881
20
-3.196568937007874
11
3.9669322047244093
21
-3.1965688188976378
0
LINE
8
BLACK
6
CONTINUOUS
10
3.9669322047244093
20
-3.1965688188976378
11
3.9630800393700785
21
-3.1872691732283465
0
LINE
8
BLACK
6
CONTINUOUS
10
3.9630800393700785
20
-3.1872691732283465
11
3.9630798818897639
21
-3.1872688582677164
0
LINE
8
BLACK
6
CONTINUOUS
10
3.9630798818897639
20
-3.1872688582677164
11
3.9616594881889764
21
-3.1848087401574801
0
LINE
8
BLACK
6
CONTINUOUS
10
3.9616594881889764
20
-3.1848087401574801
11
3.958046653543307
21
-3.1785512204724409
0
LINE
8
BLACK
6
CONTINUOUS
10
3.958046653543307
20
-3.1785512204724409
11
3.9546677952755904
21
-3.1741478346456691
0
LINE
8
BLACK
6
CONTINUOUS
10
3.9546677952755904
20
-3.1741478346456691
11
3.9519187401574802
21
-3.1705651968503936
0
LINE
8
BLACK
6
CONTINUOUS
10
3.9519187401574802
20
-3.1705651968503936
11
3.9068074015748029
21
-3.1254538582677163
0
LINE
8
BLACK
6
CONTINUOUS
10
3.9068074015748029
20
-3.1254538582677163
11
3.9052891338582678
21
-3.1228241338582676
0
LINE
8
BLACK
6
CONTINUOUS
10
3.9052891338582678
20
-3.1228241338582676
11
3.9052891338582678
21
-3.1197875984251966
0
LINE
8
BLACK
6
CONTINUOUS
10
3.9052891338582678
20
-3.1197875984251966
11
3.9068073228346454
21
-3.1171579527559055
0
LINE
8
BLACK
6
CONTINUOUS
10
3.9068073228346454
20
-3.1171579527559055
11
4.0284390944881885
21
-2.9955261811023624
0
LINE
8
BLACK
6
CONTINUOUS
10
4.0284390944881885
20
-2.9955261811023624
11
4.0284392125984247
21
-2.9955261417322836
0
LINE
8
BLACK
6
CONTINUOUS
10
4.0284392125984247
20
-2.9955261417322836
11
4.0309108267716534
21
-2.9930544488188975
0
LINE
8
BLACK
6
CONTINUOUS
10
4.0309108267716534
20
-2.9930544488188975
11
4.0311890157480317
21
-2.9927939370078738
0
LINE
8
BLACK
6
CONTINUOUS
10
4.0311890157480317
20
-2.9927939370078738
11
4.0376107480314962
21
-2.9871622047244095
0
LINE
8
BLACK
6
CONTINUOUS
10
4.0376107480314962
20
-2.9871622047244095
11
4.0382189370078736
21
-2.9866955118110234
0
LINE
8
BLACK
6
CONTINUOUS
10
4.0382189370078736
20
-2.9866955118110234
11
4.0451602362204726
21
-2.9820574409448817
0
LINE
8
BLACK
6
CONTINUOUS
10
4.0451602362204726
20
-2.9820574409448817
11
4.0458242519685035
21
-2.9816740944881888
0
LINE
8
BLACK
6
CONTINUOUS
10
4.0458242519685035
20
-2.9816740944881888
11
4.0533113385826773
21
-2.9779818503937006
0
LINE
8
BLACK
6
CONTINUOUS
10
4.0533113385826773
20
-2.9779818503937006
11
4.0540198031496066
21
-2.9776883858267715
0
LINE
8
BLACK
6
CONTINUOUS
10
4.0540198031496066
20
-2.9776883858267715
11
4.0619251181102358
21
-2.9750049212598424
0
LINE
8
BLACK
6
CONTINUOUS
10
4.0619251181102358
20
-2.9750049212598424
11
4.0626657480314963
21
-2.9748064960629921
0
LINE
8
BLACK
6
CONTINUOUS
10
4.0626657480314963
20
-2.9748064960629921
11
4.0708533858267719
21
-2.973177874015748
0
LINE
8
BLACK
6
CONTINUOUS
10
4.0708533858267719
20
-2.973177874015748
11
4.0716136614173228
21
-2.9730777952755907
0
LINE
8
BLACK
6
CONTINUOUS
10
4.0716136614173228
20
-2.9730777952755907
11
4.0756449999999997
21
-2.9728136220472439
0
LINE
8
BLACK
6
CONTINUOUS
10
4.0756449999999997
20
-2.9728136220472439
11
4.080137125984252
21
-2.972519251968504
0
LINE
8
BLACK
6
CONTINUOUS
10
4.080137125984252
20
-2.972519251968504
11
4.0805207086614175
21
-2.9725066929133859
0
LINE
8
BLACK
6
CONTINUOUS
10
4.0805207086614175
20
-2.9725066929133859
11
4.0840129921259845
21
-2.9725067322834646
0
LINE
8
BLACK
6
CONTINUOUS
10
4.0840129921259845
20
-2.9725067322834646
11
4.0840131889763782
21
-2.9725066929133859
0
LINE
8
BLACK
6
CONTINUOUS
10
4.0840131889763782
20
-2.9725066929133859
11
4.1063982283464568
21
-2.9725066929133859
0
LINE
8
BLACK
6
CONTINUOUS
10
4.1063982283464568
20
-2.9725066929133859
11
4.1093312992125988
21
-2.9732925984251968
0
LINE
8
BLACK
6
CONTINUOUS
10
4.1093312992125988
20
-2.9732925984251968
11
4.1114784645669289
21
-2.9754397637795273
0
LINE
8
BLACK
6
CONTINUOUS
10
4.1114784645669289
20
-2.9754397637795273
11
4.1122643700787398
21
-2.9783728346456693
0
LINE
8
BLACK
6
CONTINUOUS
10
4.1122643700787398
20
-2.9783728346456693
11
4.1114784645669289
21
-2.9813059055118107
0
LINE
8
BLACK
6
CONTINUOUS
10
4.1114784645669289
20
-2.9813059055118107
11
4.1105462204724406
21
-2.9825208267716534
0
LINE
8
BLACK
6
CONTINUOUS
10
4.1105462204724406
20
-2.9825208267716534
11
4.1076810629921257
21
-2.9853859448818896
0
LINE
8
BLACK
6
CONTINUOUS
10
4.1076810629921257
20
-2.9853859448818896
11
4.1076809842519681
21
-2.9853860629921258
0
LINE
8
BLACK
6
CONTINUOUS
10
4.1076809842519681
20
-2.9853860629921258
11
4.1025797637795272
21
-2.992407283464567
0
LINE
8
BLACK
6
CONTINUOUS
10
4.1025797637795272
20
-2.992407283464567
11
4.1025797244094484
21
-2.9924073228346457
0
LINE
8
BLACK
6
CONTINUOUS
10
4.1025797244094484
20
-2.9924073228346457
11
4.0986395669291333
21
-3.0001402755905513
0
LINE
8
BLACK
6
CONTINUOUS
10
4.0986395669291333
20
-3.0001402755905513
11
4.0959576771653543
21
-3.0083942125984251
0
LINE
8
BLACK
6
CONTINUOUS
10
4.0959576771653543
20
-3.0083942125984251
11
4.0950525590551177
21
-3.0141090944881888
0
LINE
8
BLACK
6
CONTINUOUS
10
4.0950525590551177
20
-3.0141090944881888
11
4.0945999999999998
21
-3.0169664566929133
0
LINE
8
BLACK
6
CONTINUOUS
10
4.0945999999999998
20
-3.0169664566929133
11
4.0945999999999998
21
-3.0256453543307087
0
LINE
8
BLACK
6
CONTINUOUS
10
4.0945999999999998
20
-3.0256453543307087
11
4.0951315354330706
21
-3.0290013779527558
0
LINE
8
BLACK
6
CONTINUOUS
10
4.0951315354330706
20
-3.0290013779527558
11
4.0959576771653543
21
-3.0342175590551181
0
LINE
8
BLACK
6
CONTINUOUS
10
4.0959576771653543
20
-3.0342175590551181
11
4.0986395669291333
21
-3.0424714960629919
0
LINE
8
BLACK
6
CONTINUOUS
10
4.0986395669291333
20
-3.0424714960629919
11
4.1025797244094484
21
-3.0502044488188975
0
LINE
8
BLACK
6
CONTINUOUS
10
4.1025797244094484
20
-3.0502044488188975
11
4.1025797637795272
21
-3.0502044881889763
0
LINE
8
BLACK
6
CONTINUOUS
10
4.1025797637795272
20
-3.0502044881889763
11
4.1028418110236222
21
-3.0505651574803148
0
LINE
8
BLACK
6
CONTINUOUS
10
4.1028418110236222
20
-3.0505651574803148
11
4.1076810236220469
21
-3.0572257874015749
0
LINE
8
BLACK
6
CONTINUOUS
10
4.1076810236220469
20
-3.0572257874015749
11
4.1138179133858266
21
-3.0633626771653542
0
LINE
8
BLACK
6
CONTINUOUS
10
4.1138179133858266
20
-3.0633626771653542
11
4.1167813779527558
21
-3.0655157480314958
0
LINE
8
BLACK
6
CONTINUOUS
10
4.1167813779527558
20
-3.0655157480314958
11
4.1182187795275587
21
-3.0665600787401575
0
LINE
8
BLACK
6
CONTINUOUS
10
4.1182187795275587
20
-3.0665600787401575
11
4.1201297244094484
21
-3.0689199212598424
0
LINE
8
BLACK
6
CONTINUOUS
10
4.1201297244094484
20
-3.0689199212598424
11
4.1206047637795278
21
-3.0719190944881891
0
LINE
8
BLACK
6
CONTINUOUS
10
4.1206047637795278
20
-3.0719190944881891
11
4.1195165748031499
21
-3.0747539370078738
0
LINE
8
BLACK
6
CONTINUOUS
10
4.1195165748031499
20
-3.0747539370078738
11
4.1182187795275587
21
-3.0760517322834646
0
LINE
8
BLACK
6
CONTINUOUS
10
4.1182187795275587
20
-3.0760517322834646
11
4.1138179527559053
21
-3.0792490944881887
0
LINE
8
BLACK
6
CONTINUOUS
10
4.1138179527559053
20
-3.0792490944881887
11
4.1138178346456691
21
-3.0792491732283462
0
LINE
8
BLACK
6
CONTINUOUS
10
4.1138178346456691
20
-3.0792491732283462
11
4.1076810629921257
21
-3.0853859448818897
0
LINE
8
BLACK
6
CONTINUOUS
10
4.1076810629921257
20
-3.0853859448818897
11
4.1076809842519681
21
-3.0853860629921259
0
LINE
8
BLACK
6
CONTINUOUS
10
4.1076809842519681
20
-3.0853860629921259
11
4.1025797637795272
21
-3.0924072834645671
0
LINE
8
BLACK
6
CONTINUOUS
10
4.1025797637795272
20
-3.0924072834645671
11
4.1025797244094484
21
-3.0924073228346458
0
LINE
8
BLACK
6
CONTINUOUS
10
4.1025797244094484
20
-3.0924073228346458
11
4.0986395669291333
21
-3.1001402755905509
0
LINE
8
BLACK
6
CONTINUOUS
10
4.0986395669291333
20
-3.1001402755905509
11
4.0959576771653543
21
-3.1083942125984252
0
LINE
8
BLACK
6
CONTINUOUS
10
4.0959576771653543
20
-3.1083942125984252
11
4.0953948425196849
21
-3.1119479527559055
0
LINE
8
BLACK
6
CONTINUOUS
10
4.0953948425196849
20
-3.1119479527559055
11
4.0945999999999998
21
-3.1169664566929134
0
LINE
8
BLACK
6
CONTINUOUS
10
4.0945999999999998
20
-3.1169664566929134
11
4.0945999999999998
21
-3.1256453543307088
0
LINE
8
BLACK
6
CONTINUOUS
10
4.0945999999999998
20
-3.1256453543307088
11
4.0946678346456693
21
-3.1260735433070868
0
LINE
8
BLACK
6
CONTINUOUS
10
4.0946678346456693
20
-3.1260735433070868
11
4.0959576771653543
21
-3.1342175590551182
0
LINE
8
BLACK
6
CONTINUOUS
10
4.0959576771653543
20
-3.1342175590551182
11
4.0986395669291333
21
-3.142471496062992
0
LINE
8
BLACK
6
CONTINUOUS
10
4.0986395669291333
20
-3.142471496062992
11
4.1025797244094484
21
-3.1502044488188976
0
LINE
8
BLACK
6
CONTINUOUS
10
4.1025797244094484
20
-3.1502044488188976
11
4.1025797637795272
21
-3.1502044881889764
0
LINE
8
BLACK
6
CONTINUOUS
10
4.1025797637795272
20
-3.1502044881889764
11
4.1042378346456694
21
-3.1524866141732284
0
LINE
8
BLACK
6
CONTINUOUS
10
4.1042378346456694
20
-3.1524866141732284
11
4.1076394881889762
21
-3.1571686220472439
0
LINE
8
BLACK
6
CONTINUOUS
10
4.1076394881889762
20
-3.1571686220472439
11
4.1076809842519681
21
-3.1572257086614171
0
LINE
8
BLACK
6
CONTINUOUS
10
4.1076809842519681
20
-3.1572257086614171
11
4.1076810629921257
21
-3.1572258267716533
0
LINE
8
BLACK
6
CONTINUOUS
10
4.1076810629921257
20
-3.1572258267716533
11
4.1105983858267718
21
-3.1601431496062991
0
LINE
8
BLACK
6
CONTINUOUS
10
4.1105983858267718
20
-3.1601431496062991
11
4.1121166535433069
21
-3.1627728740157481
0
LINE
8
BLACK
6
CONTINUOUS
10
4.1121166535433069
20
-3.1627728740157481
11
4.1123165354330711
21
-3.1642911417322832
0
LINE
8
BLACK
6
CONTINUOUS
10
4.1123165354330711
20
-3.1642911417322832
11
4.1123165354330711
21
-3.1783206692913386
0
LINE
8
BLACK
6
CONTINUOUS
10
4.1123165354330711
20
-3.1783206692913386
11
4.1115306299212602
21
-3.1812537401574801
0
LINE
8
BLACK
6
CONTINUOUS
10
4.1115306299212602
20
-3.1812537401574801
11
4.1105983858267718
21
-3.1824686614173228
0
LINE
8
BLACK
6
CONTINUOUS
10
4.1105983858267718
20
-3.1824686614173228
11
4.1076810629921257
21
-3.1853859448818898
0
LINE
8
BLACK
6
CONTINUOUS
10
4.1076810629921257
20
-3.1853859448818898
11
4.1076809842519681
21
-3.185386062992126
0
LINE
8
BLACK
6
CONTINUOUS
10
4.1076809842519681
20
-3.185386062992126
11
4.1025797637795272
21
-3.1924072834645667
0
LINE
8
BLACK
6
CONTINUOUS
10
4.1025797637795272
20
-3.1924072834645667
11
4.1025797244094484
21
-3.1924073228346455
0
LINE
8
BLACK
6
CONTINUOUS
10
4.1025797244094484
20
-3.1924073228346455
11
4.0986395669291333
21
-3.200140275590551
0
LINE
8
BLACK
6
CONTINUOUS
10
4.0986395669291333
20
-3.200140275590551
11
4.0959576771653543
21
-3.2083942125984253
0
LINE
8
BLACK
6
CONTINUOUS
10
4.0959576771653543
20
-3.2083942125984253
11
4.0950525590551177
21
-3.2141090944881889
0
LINE
8
BLACK
6
CONTINUOUS
10
4.0950525590551177
20
-3.2141090944881889
11
4.0945999999999998
21
-3.2169664566929135
0
LINE
8
BLACK
6
CONTINUOUS
10
4.0945999999999998
20
-3.2169664566929135
11
4.0945999999999998
21
-3.2256453543307084
0
LINE
8
BLACK
6
CONTINUOUS
10
4.0945999999999998
20
-3.2256453543307084
11
4.0947098031496063
21
-3.2263385826771653
0
LINE
8
BLACK
6
CONTINUOUS
10
4.0947098031496063
20
-3.2263385826771653
11
4.0959576771653543
21
-3.2342175590551179
0
LINE
8
BLACK
6
CONTINUOUS
10
4.0959576771653543
20
-3.2342175590551179
11
4.0986395669291333
21
-3.2424714960629921
0
LINE
8
BLACK
6
CONTINUOUS
10
4.0986395669291333
20
-3.2424714960629921
11
4.1025797244094484
21
-3.2502044488188977
0
LINE
8
BLACK
6
CONTINUOUS
10
4.1025797244094484
20
-3.2502044488188977
11
4.1025797637795272
21
-3.2502044881889764
0
LINE
8
BLACK
6
CONTINUOUS
10
4.1025797637795272
20
-3.2502044881889764
11
4.1076810236220469
21
-3.2572257874015746
0
LINE
8
BLACK
6
CONTINUOUS
10
4.1076810236220469
20
-3.2572257874015746
11
4.1138179133858266
21
-3.2633626771653543
0
LINE
8
BLACK
6
CONTINUOUS
10
4.1138179133858266
20
-3.2633626771653543
11
4.1147779921259842
21
-3.2640601968503935
0
LINE
8
BLACK
6
CONTINUOUS
10
4.1147779921259842
20
-3.2640601968503935
11
4.1182187795275587
21
-3.2665600787401572
0
LINE
8
BLACK
6
CONTINUOUS
10
4.1182187795275587
20
-3.2665600787401572
11
4.1201297244094484
21
-3.2689199212598425
0
LINE
8
BLACK
6
CONTINUOUS
10
4.1201297244094484
20
-3.2689199212598425
11
4.1206047637795278
21
-3.2719190944881889
0
LINE
8
BLACK
6
CONTINUOUS
10
4.1206047637795278
20
-3.2719190944881889
11
4.1195165748031499
21
-3.274753937007874
0
LINE
8
BLACK
6
CONTINUOUS
10
4.1195165748031499
20
-3.274753937007874
11
4.1182187795275587
21
-3.2760517322834644
0
LINE
8
BLACK
6
CONTINUOUS
10
4.1182187795275587
20
-3.2760517322834644
11
4.1138179527559053
21
-3.2792490944881889
0
LINE
8
BLACK
6
CONTINUOUS
10
4.1138179527559053
20
-3.2792490944881889
11
4.1138178346456691
21
-3.2792491732283464
0
LINE
8
BLACK
6
CONTINUOUS
10
4.1138178346456691
20
-3.2792491732283464
11
4.1076810629921257
21
-3.2853859448818898
0
LINE
8
BLACK
6
CONTINUOUS
10
4.1076810629921257
20
-3.2853859448818898
11
4.1076809842519681
21
-3.2853860629921261
0
LINE
8
BLACK
6
CONTINUOUS
10
4.1076809842519681
20
-3.2853860629921261
11
4.1025797637795272
21
-3.2924072834645668
0
LINE
8
BLACK
6
CONTINUOUS
10
4.1025797637795272
20
-3.2924072834645668
11
4.1025797244094484
21
-3.2924073228346455
0
LINE
8
BLACK
6
CONTINUOUS
10
4.1025797244094484
20
-3.2924073228346455
11
4.0986395669291333
21
-3.3001402755905511
0
LINE
8
BLACK
6
CONTINUOUS
10
4.0986395669291333
20
-3.3001402755905511
11
4.0959576771653543
21
-3.3083942125984249
0
LINE
8
BLACK
6
CONTINUOUS
10
4.0959576771653543
20
-3.3083942125984249
11
4.0951007086614171
21
-3.3138051181102361
0
LINE
8
BLACK
6
CONTINUOUS
10
4.0951007086614171
20
-3.3138051181102361
11
4.0946658661417326
21
-3.3165507480314962
0
LINE
8
BLACK
6
CONTINUOUS
10
4.0946658661417326
20
-3.3165507480314962
11
4.0945999999999998
21
-3.3169665748031494
0
LINE
8
BLACK
6
CONTINUOUS
10
4.0945999999999998
20
-3.3169665748031494
11
4.0945999999999998
21
-3.3233315354330708
0
LINE
8
BLACK
6
CONTINUOUS
10
4.0945999999999998
20
-3.3233315354330708
11
4.0938140944881889
21
-3.3262646062992127
0
LINE
8
BLACK
6
CONTINUOUS
10
4.0938140944881889
20
-3.3262646062992127
11
4.0936112992125979
21
-3.3265906692913383
0
LINE
8
BLACK
6
CONTINUOUS
10
4.0936112992125979
20
-3.3265906692913383
11
4.0869325984251965
21
-3.3365855511811024
0
LINE
8
BLACK
6
CONTINUOUS
10
4.0869325984251965
20
-3.3365855511811024
11
4.0869322834645665
21
-3.3365861023622045
0
LINE
8
BLACK
6
CONTINUOUS
10
4.0869322834645665
20
-3.3365861023622045
11
4.0807968897637794
21
-3.3480640944881888
0
LINE
8
BLACK
6
CONTINUOUS
10
4.0807968897637794
20
-3.3480640944881888
11
4.0758160236220471
21
-3.3600883858267716
0
LINE
8
BLACK
6
CONTINUOUS
10
4.0758160236220471
20
-3.3600883858267716
11
4.0758158267716533
21
-3.3600889370078741
0
LINE
8
BLACK
6
CONTINUOUS
10
4.0758158267716533
20
-3.3600889370078741
11
4.0720374409448814
21
-3.3725437007874013
0
LINE
8
BLACK
6
CONTINUOUS
10
4.0720374409448814
20
-3.3725437007874013
11
4.0720374015748027
21
-3.3725438582677163
0
LINE
8
BLACK
6
CONTINUOUS
10
4.0720374015748027
20
-3.3725438582677163
11
4.0720374015748027
21
-3.3725438976377951
0
LINE
8
BLACK
6
CONTINUOUS
10
4.0720374015748027
20
-3.3725438976377951
11
4.0695999606299216
21
-3.3847970472440942
0
LINE
8
BLACK
6
CONTINUOUS
10
4.0695999606299216
20
-3.3847970472440942
11
4.0694979527559054
21
-3.3853097637795275
0
LINE
8
BLACK
6
CONTINUOUS
10
4.0694979527559054
20
-3.3853097637795275
11
4.0682220472440944
21
-3.3982620472440943
0
LINE
8
BLACK
6
CONTINUOUS
10
4.0682220472440944
20
-3.3982620472440943
11
4.0682220078740157
21
-3.4047700000000001
0
LINE
8
BLACK
6
CONTINUOUS
10
4.0682220078740157
20
-3.4047700000000001
11
4.0682219685039369
21
-3.4087445275590551
0
LINE
8
BLACK
6
CONTINUOUS
10
4.0682219685039369
20
-3.4087445275590551
11
4.0682220472440944
21
-3.4087461417322835
0
LINE
8
BLACK
6
CONTINUOUS
10
4.0682220472440944
20
-3.4087461417322835
11
4.0682220472440944
21
-3.5295017716535431
0
LINE
8
BLACK
6
CONTINUOUS
10
4.0682220472440944
20
-3.5295017716535431
11
4.0674361417322835
21
-3.532434842519685
0
LINE
8
BLACK
6
CONTINUOUS
10
4.0674361417322835
20
-3.532434842519685
11
4.0665038976377952
21
-3.5336497637795277
0
LINE
8
BLACK
6
CONTINUOUS
10
4.0665038976377952
20
-3.5336497637795277
11
4.0635865748031499
21
-3.5365670472440942
0
LINE
8
BLACK
6
CONTINUOUS
10
4.0635865748031499
20
-3.5365670472440942
11
4.0635864960629924
21
-3.5365671653543305
0
LINE
8
BLACK
6
CONTINUOUS
10
4.0635864960629924
20
-3.5365671653543305
11
4.0584852755905514
21
-3.5435883858267716
0
LINE
8
BLACK
6
CONTINUOUS
10
4.0584852755905514
20
-3.5435883858267716
11
4.0584852362204726
21
-3.5435884251968504
0
LINE
8
BLACK
6
CONTINUOUS
10
4.0584852362204726
20
-3.5435884251968504
11
4.0545450787401576
21
-3.5513213779527559
0
LINE
8
BLACK
6
CONTINUOUS
10
4.0545450787401576
20
-3.5513213779527559
11
4.0518631889763776
21
-3.5595753149606297
0
LINE
8
BLACK
6
CONTINUOUS
10
4.0518631889763776
20
-3.5595753149606297
11
4.0509580708661419
21
-3.5652901968503938
0
LINE
8
BLACK
6
CONTINUOUS
10
4.0509580708661419
20
-3.5652901968503938
11
4.0505055118110231
21
-3.5681475590551179
0
LINE
8
BLACK
6
CONTINUOUS
10
4.0505055118110231
20
-3.5681475590551179
11
4.0505055118110231
21
-3.5768264566929133
0
LINE
8
BLACK
6
CONTINUOUS
10
4.0505055118110231
20
-3.5768264566929133
11
4.0511088976377954
21
-3.5806362204724409
0
LINE
8
BLACK
6
CONTINUOUS
10
4.0511088976377954
20
-3.5806362204724409
11
4.0518631889763776
21
-3.5853986614173228
0
LINE
8
BLACK
6
CONTINUOUS
10
4.0518631889763776
20
-3.5853986614173228
11
4.0545450787401576
21
-3.5936525984251966
0
LINE
8
BLACK
6
CONTINUOUS
10
4.0545450787401576
20
-3.5936525984251966
11
4.0584852362204726
21
-3.6013855511811022
0
LINE
8
BLACK
6
CONTINUOUS
10
4.0584852362204726
20
-3.6013855511811022
11
4.0584852755905514
21
-3.6013855905511809
0
LINE
8
BLACK
6
CONTINUOUS
10
4.0584852755905514
20
-3.6013855905511809
11
4.0597935039370077
21
-3.6031862204724407
0
LINE
8
BLACK
6
CONTINUOUS
10
4.0597935039370077
20
-3.6031862204724407
11
4.0635865354330711
21
-3.6084068897637795
0
LINE
8
BLACK
6
CONTINUOUS
10
4.0635865354330711
20
-3.6084068897637795
11
4.0697234251968499
21
-3.6145437795275588
0
LINE
8
BLACK
6
CONTINUOUS
10
4.0697234251968499
20
-3.6145437795275588
11
4.0751307874015748
21
-3.6184724409448816
0
LINE
8
BLACK
6
CONTINUOUS
10
4.0751307874015748
20
-3.6184724409448816
11
4.0767446850393698
21
-3.6196449999999998
0
LINE
8
BLACK
6
CONTINUOUS
10
4.0767446850393698
20
-3.6196449999999998
11
4.0767447244094486
21
-3.6196450393700785
0
LINE
8
BLACK
6
CONTINUOUS
10
4.0767447244094486
20
-3.6196450393700785
11
4.0767448031496061
21
-3.6196450787401573
0
LINE
8
BLACK
6
CONTINUOUS
10
4.0767448031496061
20
-3.6196450787401573
11
4.0844777165354333
21
-3.6235852362204723
0
LINE
8
BLACK
6
CONTINUOUS
10
4.0844777165354333
20
-3.6235852362204723
11
4.0879075590551182
21
-3.624699645669291
0
LINE
8
BLACK
6
CONTINUOUS
10
4.0879075590551182
20
-3.624699645669291
11
4.0927316141732284
21
-3.6262670866141731
0
LINE
8
BLACK
6
CONTINUOUS
10
4.0927316141732284
20
-3.6262670866141731
11
4.0927318110236222
21
-3.6262670866141731
0
LINE
8
BLACK
6
CONTINUOUS
10
4.0927318110236222
20
-3.6262670866141731
11
4.0927318503937009
21
-3.6262671259842518
0
LINE
8
BLACK
6
CONTINUOUS
10
4.0927318503937009
20
-3.6262671259842518
11
4.1013038582677162
21
-3.6276248031496063
0
LINE
8
BLACK
6
CONTINUOUS
10
4.1013038582677162
20
-3.6276248031496063
11
4.1013040157480312
21
-3.6276248031496063
0
LINE
8
BLACK
6
CONTINUOUS
10
4.1013040157480312
20
-3.6276248031496063
11
4.109982598425197
21
-3.6276248031496063
0
LINE
8
BLACK
6
CONTINUOUS
10
4.109982598425197
20
-3.6276248031496063
11
4.109982755905512
21
-3.6276248031496063
0
LINE
8
BLACK
6
CONTINUOUS
10
4.109982755905512
20
-3.6276248031496063
11
4.1185547637795272
21
-3.6262671259842518
0
LINE
8
BLACK
6
CONTINUOUS
10
4.1185547637795272
20
-3.6262671259842518
11
4.118554803149606
21
-3.6262670866141731
0
LINE
8
BLACK
6
CONTINUOUS
10
4.118554803149606
20
-3.6262670866141731
11
4.118554960629921
21
-3.6262670866141731
0
LINE
8
BLACK
6
CONTINUOUS
10
4.118554960629921
20
-3.6262670866141731
11
4.1220769291338586
21
-3.6251227165354329
0
LINE
8
BLACK
6
CONTINUOUS
10
4.1220769291338586
20
-3.6251227165354329
11
4.1268088976377948
21
-3.6235852362204723
0
LINE
8
BLACK
6
CONTINUOUS
10
4.1268088976377948
20
-3.6235852362204723
11
4.1345418110236221
21
-3.6196450787401573
0
LINE
8
BLACK
6
CONTINUOUS
10
4.1345418110236221
20
-3.6196450787401573
11
4.1415631889763782
21
-3.6145437795275588
0
LINE
8
BLACK
6
CONTINUOUS
10
4.1415631889763782
20
-3.6145437795275588
11
4.147700078740157
21
-3.6084068897637795
0
LINE
8
BLACK
6
CONTINUOUS
10
4.147700078740157
20
-3.6084068897637795
11
4.1528013779527555
21
-3.6013855118110234
0
LINE
8
BLACK
6
CONTINUOUS
10
4.1528013779527555
20
-3.6013855118110234
11
4.1567415354330706
21
-3.5936525984251966
0
LINE
8
BLACK
6
CONTINUOUS
10
4.1567415354330706
20
-3.5936525984251966
11
4.1585017716535431
21
-3.5882350393700788
0
LINE
8
BLACK
6
CONTINUOUS
10
4.1585017716535431
20
-3.5882350393700788
11
4.1594233858267717
21
-3.5853986614173228
0
LINE
8
BLACK
6
CONTINUOUS
10
4.1594233858267717
20
-3.5853986614173228
11
4.1594234251968505
21
-3.585398464566929
0
LINE
8
BLACK
6
CONTINUOUS
10
4.1594234251968505
20
-3.585398464566929
11
4.160781102362205
21
-3.5768264566929133
0
LINE
8
BLACK
6
CONTINUOUS
10
4.160781102362205
20
-3.5768264566929133
11
4.160781102362205
21
-3.5681475590551179
0
LINE
8
BLACK
6
CONTINUOUS
10
4.160781102362205
20
-3.5681475590551179
11
4.1594234251968505
21
-3.5595755511811022
0
LINE
8
BLACK
6
CONTINUOUS
10
4.1594234251968505
20
-3.5595755511811022
11
4.1594233858267717
21
-3.5595755118110235
0
LINE
8
BLACK
6
CONTINUOUS
10
4.1594233858267717
20
-3.5595755118110235
11
4.1594233858267717
21
-3.5595753149606297
0
LINE
8
BLACK
6
CONTINUOUS
10
4.1594233858267717
20
-3.5595753149606297
11
4.1576529527559059
21
-3.5541265354330709
0
LINE
8
BLACK
6
CONTINUOUS
10
4.1576529527559059
20
-3.5541265354330709
11
4.1567415354330706
21
-3.5513214173228347
0
LINE
8
BLACK
6
CONTINUOUS
10
4.1567415354330706
20
-3.5513214173228347
11
4.1528013779527555
21
-3.5435885039370079
0
LINE
8
BLACK
6
CONTINUOUS
10
4.1528013779527555
20
-3.5435885039370079
11
4.147700078740157
21
-3.5365671259842517
0
LINE
8
BLACK
6
CONTINUOUS
10
4.147700078740157
20
-3.5365671259842517
11
4.144782716535433
21
-3.5336497637795277
0
LINE
8
BLACK
6
CONTINUOUS
10
4.144782716535433
20
-3.5336497637795277
11
4.1432644488188979
21
-3.5310200393700786
0
LINE
8
BLACK
6
CONTINUOUS
10
4.1432644488188979
20
-3.5310200393700786
11
4.1430645669291337
21
-3.5295017716535431
0
LINE
8
BLACK
6
CONTINUOUS
10
4.1430645669291337
20
-3.5295017716535431
11
4.1430645669291337
21
-3.4049624803149605
0
LINE
8
BLACK
6
CONTINUOUS
10
4.1430645669291337
20
-3.4049624803149605
11
4.1430771259842523
21
-3.4045787401574801
0
LINE
8
BLACK
6
CONTINUOUS
10
4.1430771259842523
20
-3.4045787401574801
11
4.1435324803149607
21
-3.397633031496063
0
LINE
8
BLACK
6
CONTINUOUS
10
4.1435324803149607
20
-3.397633031496063
11
4.1436326377952755
21
-3.396872283464567
0
LINE
8
BLACK
6
CONTINUOUS
10
4.1436326377952755
20
-3.396872283464567
11
4.144953307086614
21
-3.3902330708661417
0
LINE
8
BLACK
6
CONTINUOUS
10
4.144953307086614
20
-3.3902330708661417
11
4.1451516929133856
21
-3.3894927165354329
0
LINE
8
BLACK
6
CONTINUOUS
10
4.1451516929133856
20
-3.3894927165354329
11
4.1473278740157475
21
-3.3830824015748031
0
LINE
8
BLACK
6
CONTINUOUS
10
4.1473278740157475
20
-3.3830824015748031
11
4.1476211811023624
21
-3.3823743307086613
0
LINE
8
BLACK
6
CONTINUOUS
10
4.1476211811023624
20
-3.3823743307086613
11
4.1489325984251968
21
-3.3797151181102363
0
LINE
8
BLACK
6
CONTINUOUS
10
4.1489325984251968
20
-3.3797151181102363
11
4.1509347637795271
21
-3.3774322440944879
0
LINE
8
BLACK
6
CONTINUOUS
10
4.1509347637795271
20
-3.3774322440944879
11
4.153810157480315
21
-3.3764562598425196
0
LINE
8
BLACK
6
CONTINUOUS
10
4.153810157480315
20
-3.3764562598425196
11
4.1539944881889763
21
-3.3764501968503935
0
LINE
8
BLACK
6
CONTINUOUS
10
4.1539944881889763
20
-3.3764501968503935
11
4.1540768110236224
21
-3.3764437401574803
0
LINE
8
BLACK
6
CONTINUOUS
10
4.1540768110236224
20
-3.3764437401574803
11
4.154077047244094
21
-3.3764437007874015
0
LINE
8
BLACK
6
CONTINUOUS
10
4.154077047244094
20
-3.3764437007874015
11
4.1540772440944878
21
-3.3764437007874015
0
LINE
8
BLACK
6
CONTINUOUS
10
4.1540772440944878
20
-3.3764437007874015
11
4.1626492519685039
21
-3.375086023622047
0
LINE
8
BLACK
6
CONTINUOUS
10
4.1626492519685039
20
-3.375086023622047
11
4.1626492913385826
21
-3.3750859842519683
0
LINE
8
BLACK
6
CONTINUOUS
10
4.1626492913385826
20
-3.3750859842519683
11
4.1626494488188976
21
-3.3750859842519683
0
LINE
8
BLACK
6
CONTINUOUS
10
4.1626494488188976
20
-3.3750859842519683
11
4.1658226771653544
21
-3.3740549212598423
0
LINE
8
BLACK
6
CONTINUOUS
10
4.1658226771653544
20
-3.3740549212598423
11
4.1709033858267714
21
-3.3724041338582675
0
LINE
8
BLACK
6
CONTINUOUS
10
4.1709033858267714
20
-3.3724041338582675
11
4.1786362992125987
21
-3.3684639763779525
0
LINE
8
BLACK
6
CONTINUOUS
10
4.1786362992125987
20
-3.3684639763779525
11
4.185657677165354
21
-3.3633626771653544
0
LINE
8
BLACK
6
CONTINUOUS
10
4.185657677165354
20
-3.3633626771653544
11
4.1917945669291337
21
-3.3572257874015747
0
LINE
8
BLACK
6
CONTINUOUS
10
4.1917945669291337
20
-3.3572257874015747
11
4.1968958661417322
21
-3.350204409448819
0
LINE
8
BLACK
6
CONTINUOUS
10
4.1968958661417322
20
-3.350204409448819
11
4.2008360236220472
21
-3.3424714960629922
0
LINE
8
BLACK
6
CONTINUOUS
10
4.2008360236220472
20
-3.3424714960629922
11
4.2027484645669286
21
-3.3365855511811024
0
LINE
8
BLACK
6
CONTINUOUS
10
4.2027484645669286
20
-3.3365855511811024
11
4.2035178740157475
21
-3.334217559055118
0
LINE
8
BLACK
6
CONTINUOUS
10
4.2035178740157475
20
-3.334217559055118
11
4.2035736614173231
21
-3.3338653149606299
0
LINE
8
BLACK
6
CONTINUOUS
10
4.2035736614173231
20
-3.3338653149606299
11
4.2048755905511808
21
-3.3256453543307085
0
LINE
8
BLACK
6
CONTINUOUS
10
4.2048755905511808
20
-3.3256453543307085
11
4.2048755905511808
21
-3.3169664566929131
0
LINE
8
BLACK
6
CONTINUOUS
10
4.2048755905511808
20
-3.3169664566929131
11
4.2035179133858263
21
-3.3083944488188974
0
LINE
8
BLACK
6
CONTINUOUS
10
4.2035179133858263
20
-3.3083944488188974
11
4.2035178740157475
21
-3.3083944094488187
0
LINE
8
BLACK
6
CONTINUOUS
10
4.2035178740157475
20
-3.3083944094488187
11
4.2035178740157475
21
-3.3083942125984249
0
LINE
8
BLACK
6
CONTINUOUS
10
4.2035178740157475
20
-3.3083942125984249
11
4.2017538188976378
21
-3.3029649999999999
0
LINE
8
BLACK
6
CONTINUOUS
10
4.2017538188976378
20
-3.3029649999999999
11
4.2008360236220472
21
-3.3001403149606299
0
LINE
8
BLACK
6
CONTINUOUS
10
4.2008360236220472
20
-3.3001403149606299
11
4.1968958661417322
21
-3.292407401574803
0
LINE
8
BLACK
6
CONTINUOUS
10
4.1968958661417322
20
-3.292407401574803
11
4.1917945669291337
21
-3.2853860236220473
0
LINE
8
BLACK
6
CONTINUOUS
10
4.1917945669291337
20
-3.2853860236220473
11
4.185657677165354
21
-3.2792491338582677
0
LINE
8
BLACK
6
CONTINUOUS
10
4.185657677165354
20
-3.2792491338582677
11
4.1856576377952752
21
-3.2792490944881889
0
LINE
8
BLACK
6
CONTINUOUS
10
4.1856576377952752
20
-3.2792490944881889
11
4.1856574015748027
21
-3.2792488976377951
0
LINE
8
BLACK
6
CONTINUOUS
10
4.1856574015748027
20
-3.2792488976377951
11
4.1812568110236219
21
-3.2760517322834644
0
LINE
8
BLACK
6
CONTINUOUS
10
4.1812568110236219
20
-3.2760517322834644
11
4.1807264566929137
21
-3.2753968110236218
0
LINE
8
BLACK
6
CONTINUOUS
10
4.1807264566929137
20
-3.2753968110236218
11
4.1800570472440945
21
-3.2748849999999998
0
LINE
8
BLACK
6
CONTINUOUS
10
4.1800570472440945
20
-3.2748849999999998
11
4.1797874015748029
21
-3.274237244094488
0
LINE
8
BLACK
6
CONTINUOUS
10
4.1797874015748029
20
-3.274237244094488
11
4.1793458267716534
21
-3.2736919291338582
0
LINE
8
BLACK
6
CONTINUOUS
10
4.1793458267716534
20
-3.2736919291338582
11
4.1792139763779526
21
-3.2728595669291338
0
LINE
8
BLACK
6
CONTINUOUS
10
4.1792139763779526
20
-3.2728595669291338
11
4.178890157480315
21
-3.2720815748031495
0
LINE
8
BLACK
6
CONTINUOUS
10
4.178890157480315
20
-3.2720815748031495
11
4.1789805118110239
21
-3.2713857480314958
0
LINE
8
BLACK
6
CONTINUOUS
10
4.1789805118110239
20
-3.2713857480314958
11
4.1788707874015749
21
-3.2706927559055119
0
LINE
8
BLACK
6
CONTINUOUS
10
4.1788707874015749
20
-3.2706927559055119
11
4.1791727559055118
21
-3.2699060236220472
0
LINE
8
BLACK
6
CONTINUOUS
10
4.1791727559055118
20
-3.2699060236220472
11
4.179281338582677
21
-3.2690703543307085
0
LINE
8
BLACK
6
CONTINUOUS
10
4.179281338582677
20
-3.2690703543307085
11
4.1796956299212598
21
-3.2685438188976379
0
LINE
8
BLACK
6
CONTINUOUS
10
4.1796956299212598
20
-3.2685438188976379
11
4.1799589763779528
21
-3.2678579133858268
0
LINE
8
BLACK
6
CONTINUOUS
10
4.1799589763779528
20
-3.2678579133858268
11
4.1811257086614173
21
-3.266658149606299
0
LINE
8
BLACK
6
CONTINUOUS
10
4.1811257086614173
20
-3.266658149606299
11
4.1811905905511813
21
-3.2666081496062991
0
LINE
8
BLACK
6
CONTINUOUS
10
4.1811905905511813
20
-3.2666081496062991
11
4.185657677165354
21
-3.2633626771653543
0
LINE
8
BLACK
6
CONTINUOUS
10
4.185657677165354
20
-3.2633626771653543
11
4.1865031889763777
21
-3.2625171259842518
0
LINE
8
BLACK
6
CONTINUOUS
10
4.1865031889763777
20
-3.2625171259842518
11
4.1868037401574805
21
-3.2622857086614174
0
LINE
8
BLACK
6
CONTINUOUS
10
4.1868037401574805
20
-3.2622857086614174
11
4.1878669685039371
21
-3.2618431496062992
0
LINE
8
BLACK
6
CONTINUOUS
10
4.1878669685039371
20
-3.2618431496062992
11
4.1888644094488185
21
-3.2612672440944883
0
LINE
8
BLACK
6
CONTINUOUS
10
4.1888644094488185
20
-3.2612672440944883
11
4.1892505905511808
21
-3.2612672047244096
0
LINE
8
BLACK
6
CONTINUOUS
10
4.1892505905511808
20
-3.2612672047244096
11
4.1896071653543308
21
-3.2611188188976379
0
LINE
8
BLACK
6
CONTINUOUS
10
4.1896071653543308
20
-3.2611188188976379
11
4.1907493307086616
21
-3.2612671653543308
0
LINE
8
BLACK
6
CONTINUOUS
10
4.1907493307086616
20
-3.2612671653543308
11
4.1919009448818896
21
-3.2612671653543308
0
LINE
8
BLACK
6
CONTINUOUS
10
4.1919009448818896
20
-3.2612671653543308
11
4.1922684251968505
21
-3.261378622047244
0
LINE
8
BLACK
6
CONTINUOUS
10
4.1922684251968505
20
-3.261378622047244
11
4.1970165354330708
21
-3.2629904724409449
0
LINE
8
BLACK
6
CONTINUOUS
10
4.1970165354330708
20
-3.2629904724409449
11
4.1977248818897639
21
-3.2632838582677164
0
LINE
8
BLACK
6
CONTINUOUS
10
4.1977248818897639
20
-3.2632838582677164
11
4.2037962598425196
21
-3.2662780314960629
0
LINE
8
BLACK
6
CONTINUOUS
10
4.2037962598425196
20
-3.2662780314960629
11
4.2044603937007876
21
-3.2666614960629921
0
LINE
8
BLACK
6
CONTINUOUS
10
4.2044603937007876
20
-3.2666614960629921
11
4.2080654330708658
21
-3.2690703543307085
0
LINE
8
BLACK
6
CONTINUOUS
10
4.2080654330708658
20
-3.2690703543307085
11
4.2100887007874013
21
-3.2704222834645669
0
LINE
8
BLACK
6
CONTINUOUS
10
4.2100887007874013
20
-3.2704222834645669
11
4.2106972440944883
21
-3.270889212598425
0
LINE
8
BLACK
6
CONTINUOUS
10
4.2106972440944883
20
-3.270889212598425
11
4.2151040157480315
21
-3.274753937007874
0
LINE
8
BLACK
6
CONTINUOUS
10
4.2151040157480315
20
-3.274753937007874
11
4.2159415354330712
21
-3.2754884251968504
0
LINE
8
BLACK
6
CONTINUOUS
10
4.2159415354330712
20
-3.2754884251968504
11
4.2162216141732278
21
-3.2757507480314958
0
LINE
8
BLACK
6
CONTINUOUS
10
4.2162216141732278
20
-3.2757507480314958
11
4.218682401574803
21
-3.2782115748031497
0
LINE
8
BLACK
6
CONTINUOUS
10
4.218682401574803
20
-3.2782115748031497
11
4.2186825196850393
21
-3.2782116535433068
0
LINE
8
BLACK
6
CONTINUOUS
10
4.2186825196850393
20
-3.2782116535433068
11
4.2373700393700791
21
-3.2968991732283466
0
LINE
8
BLACK
6
CONTINUOUS
10
4.2373700393700791
20
-3.2968991732283466
11
4.2388883070866141
21
-3.2995288976377952
0
LINE
8
BLACK
6
CONTINUOUS
10
4.2388883070866141
20
-3.2995288976377952
11
4.2390422440944882
21
-3.300698307086614
0
LINE
8
BLACK
6
CONTINUOUS
10
4.2390422440944882
20
-3.300698307086614
11
4.2390700787401574
21
-3.3006961417322835
0
LINE
8
BLACK
6
CONTINUOUS
10
4.2390700787401574
20
-3.3006961417322835
11
4.2390881102362208
21
-3.3009255511811024
0
LINE
8
BLACK
6
CONTINUOUS
10
4.2390881102362208
20
-3.3009255511811024
11
4.2390881889763783
21
-3.300926023622047
0
LINE
8
BLACK
6
CONTINUOUS
10
4.2390881889763783
20
-3.300926023622047
11
4.2390881889763783
21
-3.3009260629921258
0
LINE
8
BLACK
6
CONTINUOUS
10
4.2390881889763783
20
-3.3009260629921258
11
4.240348937007874
21
-3.3088859842519684
0
LINE
8
BLACK
6
CONTINUOUS
10
4.240348937007874
20
-3.3088859842519684
11
4.2427018503937006
21
-3.316127559055118
0
LINE
8
BLACK
6
CONTINUOUS
10
4.2427018503937006
20
-3.316127559055118
11
4.2428392913385826
21
-3.3165504724409449
0
LINE
8
BLACK
6
CONTINUOUS
10
4.2428392913385826
20
-3.3165504724409449
11
4.2428394488188976
21
-3.3165509448818895
0
LINE
8
BLACK
6
CONTINUOUS
10
4.2428394488188976
20
-3.3165509448818895
11
4.2464981889763775
21
-3.3237315748031495
0
LINE
8
BLACK
6
CONTINUOUS
10
4.2464981889763775
20
-3.3237315748031495
11
4.2512349606299216
21
-3.3302512598425196
0
LINE
8
BLACK
6
CONTINUOUS
10
4.2512349606299216
20
-3.3302512598425196
11
4.2512352362204719
21
-3.3302515748031496
0
LINE
8
BLACK
6
CONTINUOUS
10
4.2512352362204719
20
-3.3302515748031496
11
4.2569338188976378
21
-3.335950157480315
0
LINE
8
BLACK
6
CONTINUOUS
10
4.2569338188976378
20
-3.335950157480315
11
4.2569341338582678
21
-3.3359504330708663
0
LINE
8
BLACK
6
CONTINUOUS
10
4.2569341338582678
20
-3.3359504330708663
11
4.2634538188976379
21
-3.3406872047244094
0
LINE
8
BLACK
6
CONTINUOUS
10
4.2634538188976379
20
-3.3406872047244094
11
4.2634539370078741
21
-3.3406872834645669
0
LINE
8
BLACK
6
CONTINUOUS
10
4.2634539370078741
20
-3.3406872834645669
11
4.2706346850393704
21
-3.344346062992126
0
LINE
8
BLACK
6
CONTINUOUS
10
4.2706346850393704
20
-3.344346062992126
11
4.2782994488188972
21
-3.3468364960629922
0
LINE
8
BLACK
6
CONTINUOUS
10
4.2782994488188972
20
-3.3468364960629922
11
4.279808937007874
21
-3.3470755511811023
0
LINE
8
BLACK
6
CONTINUOUS
10
4.279808937007874
20
-3.3470755511811023
11
4.2807885039370079
21
-3.3475116929133857
0
LINE
8
BLACK
6
CONTINUOUS
10
4.2807885039370079
20
-3.3475116929133857
11
4.2818242913385829
21
-3.3477892125984252
0
LINE
8
BLACK
6
CONTINUOUS
10
4.2818242913385829
20
-3.3477892125984252
11
4.2821552755905508
21
-3.3481201968503935
0
LINE
8
BLACK
6
CONTINUOUS
10
4.2821552755905508
20
-3.3481201968503935
11
4.2825829133858271
21
-3.348310590551181
0
LINE
8
BLACK
6
CONTINUOUS
10
4.2825829133858271
20
-3.348310590551181
11
4.2832131889763776
21
-3.3491780708661416
0
LINE
8
BLACK
6
CONTINUOUS
10
4.2832131889763776
20
-3.3491780708661416
11
4.2839714960629918
21
-3.349936338582677
0
LINE
8
BLACK
6
CONTINUOUS
10
4.2839714960629918
20
-3.349936338582677
11
4.2840926377952755
21
-3.3503884251968503
0
LINE
8
BLACK
6
CONTINUOUS
10
4.2840926377952755
20
-3.3503884251968503
11
4.2843677952755908
21
-3.3507671653543305
0
LINE
8
BLACK
6
CONTINUOUS
10
4.2843677952755908
20
-3.3507671653543305
11
4.2847574409448814
21
-3.3528694094488189
0
LINE
8
BLACK
6
CONTINUOUS
10
4.2847574409448814
20
-3.3528694094488189
11
4.2847574015748027
21
-3.3550206299212597
0
LINE
8
BLACK
6
CONTINUOUS
10
4.2847574015748027
20
-3.3550206299212597
11
4.2847574409448814
21
-3.3550209842519685
0
LINE
8
BLACK
6
CONTINUOUS
10
4.2847574409448814
20
-3.3550209842519685
11
4.2847574803149602
21
-3.3553109842519686
0
LINE
8
BLACK
6
CONTINUOUS
10
4.2847574803149602
20
-3.3553109842519686
11
4.2847574803149602
21
-3.3818639763779528
0
LINE
8
BLACK
6
CONTINUOUS
10
4.2847574803149602
20
-3.3818639763779528
11
4.2839715748031493
21
-3.3847970472440942
0
LINE
8
BLACK
6
CONTINUOUS
10
4.2839715748031493
20
-3.3847970472440942
11
4.2830393307086609
21
-3.3860119685039369
0
LINE
8
BLACK
6
CONTINUOUS
10
4.2830393307086609
20
-3.3860119685039369
11
4.2801220078740156
21
-3.3889292519685039
0
LINE
8
BLACK
6
CONTINUOUS
10
4.2801220078740156
20
-3.3889292519685039
11
4.2801219291338581
21
-3.3889293700787402
0
LINE
8
BLACK
6
CONTINUOUS
10
4.2801219291338581
20
-3.3889293700787402
11
4.2750207086614171
21
-3.3959505905511809
0
LINE
8
BLACK
6
CONTINUOUS
10
4.2750207086614171
20
-3.3959505905511809
11
4.2750206692913384
21
-3.3959506299212596
0
LINE
8
BLACK
6
CONTINUOUS
10
4.2750206692913384
20
-3.3959506299212596
11
4.2710805118110233
21
-3.4036835826771652
0
LINE
8
BLACK
6
CONTINUOUS
10
4.2710805118110233
20
-3.4036835826771652
11
4.2683986220472443
21
-3.4119375196850394
0
LINE
8
BLACK
6
CONTINUOUS
10
4.2683986220472443
20
-3.4119375196850394
11
4.2674935039370077
21
-3.4176524015748031
0
LINE
8
BLACK
6
CONTINUOUS
10
4.2674935039370077
20
-3.4176524015748031
11
4.2670409448818898
21
-3.4205097637795276
0
LINE
8
BLACK
6
CONTINUOUS
10
4.2670409448818898
20
-3.4205097637795276
11
4.2670409448818898
21
-3.4291886614173226
0
LINE
8
BLACK
6
CONTINUOUS
10
4.2670409448818898
20
-3.4291886614173226
11
4.2675549999999998
21
-3.4324342125984253
0
LINE
8
BLACK
6
CONTINUOUS
10
4.2675549999999998
20
-3.4324342125984253
11
4.2683986220472443
21
-3.437760866141732
0
LINE
8
BLACK
6
CONTINUOUS
10
4.2683986220472443
20
-3.437760866141732
11
4.2710805118110233
21
-3.4460148031496063
0
LINE
8
BLACK
6
CONTINUOUS
10
4.2710805118110233
20
-3.4460148031496063
11
4.2750206692913384
21
-3.4537477559055119
0
LINE
8
BLACK
6
CONTINUOUS
10
4.2750206692913384
20
-3.4537477559055119
11
4.2750207086614171
21
-3.4537477952755906
0
LINE
8
BLACK
6
CONTINUOUS
10
4.2750207086614171
20
-3.4537477952755906
11
4.2801219685039369
21
-3.4607690944881888
0
LINE
8
BLACK
6
CONTINUOUS
10
4.2801219685039369
20
-3.4607690944881888
11
4.2862588582677166
21
-3.4669059842519685
0
LINE
8
BLACK
6
CONTINUOUS
10
4.2862588582677166
20
-3.4669059842519685
11
4.2918883858267716
21
-3.470996023622047
0
LINE
8
BLACK
6
CONTINUOUS
10
4.2918883858267716
20
-3.470996023622047
11
4.2932801181102365
21
-3.4720072047244095
0
LINE
8
BLACK
6
CONTINUOUS
10
4.2932801181102365
20
-3.4720072047244095
11
4.2932801574803152
21
-3.4720072440944882
0
LINE
8
BLACK
6
CONTINUOUS
10
4.2932801574803152
20
-3.4720072440944882
11
4.2932802362204727
21
-3.472007283464567
0
LINE
8
BLACK
6
CONTINUOUS
10
4.2932802362204727
20
-3.472007283464567
11
4.3010131496062991
21
-3.4759474409448816
0
LINE
8
BLACK
6
CONTINUOUS
10
4.3010131496062991
20
-3.4759474409448816
11
4.3043132283464569
21
-3.47701968503937
0
LINE
8
BLACK
6
CONTINUOUS
10
4.3043132283464569
20
-3.47701968503937
11
4.3092670472440942
21
-3.4786292913385828
0
LINE
8
BLACK
6
CONTINUOUS
10
4.3092670472440942
20
-3.4786292913385828
11
4.3092672440944879
21
-3.4786292913385828
0
LINE
8
BLACK
6
CONTINUOUS
10
4.3092672440944879
20
-3.4786292913385828
11
4.3092672834645667
21
-3.4786293307086615
0
LINE
8
BLACK
6
CONTINUOUS
10
4.3092672834645667
20
-3.4786293307086615
11
4.3178392913385828
21
-3.4799870078740156
0
LINE
8
BLACK
6
CONTINUOUS
10
4.3178392913385828
20
-3.4799870078740156
11
4.3178394488188978
21
-3.4799870078740156
0
LINE
8
BLACK
6
CONTINUOUS
10
4.3178394488188978
20
-3.4799870078740156
11
4.3265180314960627
21
-3.4799870078740156
0
LINE
8
BLACK
6
CONTINUOUS
10
4.3265180314960627
20
-3.4799870078740156
11
4.3265181889763777
21
-3.4799870078740156
0
LINE
8
BLACK
6
CONTINUOUS
10
4.3265181889763777
20
-3.4799870078740156
11
4.3350901968503939
21
-3.4786293307086615
0
LINE
8
BLACK
6
CONTINUOUS
10
4.3350901968503939
20
-3.4786293307086615
11
4.3350902362204726
21
-3.4786292913385828
0
LINE
8
BLACK
6
CONTINUOUS
10
4.3350902362204726
20
-3.4786292913385828
11
4.3350903937007876
21
-3.4786292913385828
0
LINE
8
BLACK
6
CONTINUOUS
10
4.3350903937007876
20
-3.4786292913385828
11
4.3382636220472444
21
-3.4775982283464568
0
LINE
8
BLACK
6
CONTINUOUS
10
4.3382636220472444
20
-3.4775982283464568
11
4.3433443307086614
21
-3.4759474409448816
0
LINE
8
BLACK
6
CONTINUOUS
10
4.3433443307086614
20
-3.4759474409448816
11
4.3510772440944878
21
-3.472007283464567
0
LINE
8
BLACK
6
CONTINUOUS
10
4.3510772440944878
20
-3.472007283464567
11
4.358098622047244
21
-3.4669059842519685
0
LINE
8
BLACK
6
CONTINUOUS
10
4.358098622047244
20
-3.4669059842519685
11
4.3642355118110236
21
-3.4607690944881888
0
LINE
8
BLACK
6
CONTINUOUS
10
4.3642355118110236
20
-3.4607690944881888
11
4.3693368110236221
21
-3.4537477165354331
0
LINE
8
BLACK
6
CONTINUOUS
10
4.3693368110236221
20
-3.4537477165354331
11
4.3732769685039372
21
-3.4460148031496063
0
LINE
8
BLACK
6
CONTINUOUS
10
4.3732769685039372
20
-3.4460148031496063
11
4.3754444881889762
21
-3.4393437401574802
0
LINE
8
BLACK
6
CONTINUOUS
10
4.3754444881889762
20
-3.4393437401574802
11
4.3759588188976375
21
-3.437760866141732
0
LINE
8
BLACK
6
CONTINUOUS
10
4.3759588188976375
20
-3.437760866141732
11
4.3762106299212595
21
-3.4361709448818898
0
LINE
8
BLACK
6
CONTINUOUS
10
4.3762106299212595
20
-3.4361709448818898
11
4.3773165354330708
21
-3.4291886614173226
0
LINE
8
BLACK
6
CONTINUOUS
10
4.3773165354330708
20
-3.4291886614173226
11
4.3773165354330708
21
-3.4205097637795276
0
LINE
8
BLACK
6
CONTINUOUS
10
4.3773165354330708
20
-3.4205097637795276
11
4.3759588582677162
21
-3.4119377559055115
0
LINE
8
BLACK
6
CONTINUOUS
10
4.3759588582677162
20
-3.4119377559055115
11
4.3759588188976375
21
-3.4119377165354332
0
LINE
8
BLACK
6
CONTINUOUS
10
4.3759588188976375
20
-3.4119377165354332
11
4.3759588188976375
21
-3.4119375196850394
0
LINE
8
BLACK
6
CONTINUOUS
10
4.3759588188976375
20
-3.4119375196850394
11
4.3732769291338585
21
-3.4036834645669289
0
LINE
8
BLACK
6
CONTINUOUS
10
4.3732769291338585
20
-3.4036834645669289
11
4.3720002362204724
21
-3.4011779527559054
0
LINE
8
BLACK
6
CONTINUOUS
10
4.3720002362204724
20
-3.4011779527559054
11
4.3693368110236221
21
-3.3959507086614171
0
LINE
8
BLACK
6
CONTINUOUS
10
4.3693368110236221
20
-3.3959507086614171
11
4.3688749212598426
21
-3.3953150000000001
0
LINE
8
BLACK
6
CONTINUOUS
10
4.3688749212598426
20
-3.3953150000000001
11
4.3688748818897638
21
-3.3953148818897638
0
LINE
8
BLACK
6
CONTINUOUS
10
4.3688748818897638
20
-3.3953148818897638
11
4.3642357086614174
21
-3.3889295669291339
0
LINE
8
BLACK
6
CONTINUOUS
10
4.3642357086614174
20
-3.3889295669291339
11
4.3642354330708661
21
-3.3889292519685039
0
LINE
8
BLACK
6
CONTINUOUS
10
4.3642354330708661
20
-3.3889292519685039
11
4.3613181496062987
21
-3.3860119685039369
0
LINE
8
BLACK
6
CONTINUOUS
10
4.3613181496062987
20
-3.3860119685039369
11
4.3597998818897636
21
-3.3833822440944883
0
LINE
8
BLACK
6
CONTINUOUS
10
4.3597998818897636
20
-3.3833822440944883
11
4.3595999999999995
21
-3.3818639763779528
0
LINE
8
BLACK
6
CONTINUOUS
10
4.3595999999999995
20
-3.3818639763779528
11
4.3595999999999995
21
-3.3694553543307086
0
LINE
8
BLACK
6
CONTINUOUS
10
4.3595999999999995
20
-3.3694553543307086
11
4.3603859055118113
21
-3.3665222834645667
0
LINE
8
BLACK
6
CONTINUOUS
10
4.3603859055118113
20
-3.3665222834645667
11
4.3625330708661414
21
-3.3643751181102362
0
LINE
8
BLACK
6
CONTINUOUS
10
4.3625330708661414
20
-3.3643751181102362
11
4.3654661417322833
21
-3.3635892125984252
0
LINE
8
BLACK
6
CONTINUOUS
10
4.3654661417322833
20
-3.3635892125984252
11
4.3683992125984252
21
-3.3643751181102362
0
LINE
8
BLACK
6
CONTINUOUS
10
4.3683992125984252
20
-3.3643751181102362
11
4.3705463779527562
21
-3.3665222834645667
0
LINE
8
BLACK
6
CONTINUOUS
10
4.3705463779527562
20
-3.3665222834645667
11
4.3710796850393701
21
-3.3677525590551181
0
LINE
8
BLACK
6
CONTINUOUS
10
4.3710796850393701
20
-3.3677525590551181
11
4.3738201574803153
21
-3.3767869291338584
0
LINE
8
BLACK
6
CONTINUOUS
10
4.3738201574803153
20
-3.3767869291338584
11
4.3738201574803153
21
-3.3767870078740159
0
LINE
8
BLACK
6
CONTINUOUS
10
4.3738201574803153
20
-3.3767870078740159
11
4.3791409842519684
21
-3.3896327559055117
0
LINE
8
BLACK
6
CONTINUOUS
10
4.3791409842519684
20
-3.3896327559055117
11
4.3791411023622047
21
-3.3896329921259842
0
LINE
8
BLACK
6
CONTINUOUS
10
4.3791411023622047
20
-3.3896329921259842
11
4.3791711811023619
21
-3.389705590551181
0
LINE
8
BLACK
6
CONTINUOUS
10
4.3791711811023619
20
-3.389705590551181
11
4.3823578740157476
21
-3.3956675196850394
0
LINE
8
BLACK
6
CONTINUOUS
10
4.3823578740157476
20
-3.3956675196850394
11
4.3823758267716535
21
-3.3957011417322835
0
LINE
8
BLACK
6
CONTINUOUS
10
4.3823758267716535
20
-3.3957011417322835
11
4.382375905511811
21
-3.3957012204724411
0
LINE
8
BLACK
6
CONTINUOUS
10
4.382375905511811
20
-3.3957012204724411
11
4.3857626377952759
21
-3.4020372834645669
0
LINE
8
BLACK
6
CONTINUOUS
10
4.3857626377952759
20
-3.4020372834645669
11
4.3935308267716531
21
-3.4136632283464565
0
LINE
8
BLACK
6
CONTINUOUS
10
4.3935308267716531
20
-3.4136632283464565
11
4.3935309448818893
21
-3.4136633858267715
0
LINE
8
BLACK
6
CONTINUOUS
10
4.3935309448818893
20
-3.4136633858267715
11
4.4024014566929131
21
-3.4244720472440946
0
LINE
8
BLACK
6
CONTINUOUS
10
4.4024014566929131
20
-3.4244720472440946
11
4.4024017322834643
21
-3.4244723622047242
0
LINE
8
BLACK
6
CONTINUOUS
10
4.4024017322834643
20
-3.4244723622047242
11
4.4047148031496066
21
-3.426785433070866
0
LINE
8
BLACK
6
CONTINUOUS
10
4.4047148031496066
20
-3.426785433070866
11
4.4630072047244091
21
-3.4850777952755903
0
LINE
8
BLACK
6
CONTINUOUS
10
4.4630072047244091
20
-3.4850777952755903
11
4.4642125590551176
21
-3.4862831496062991
0
LINE
8
BLACK
6
CONTINUOUS
10
4.4642125590551176
20
-3.4862831496062991
11
4.4642136614173227
21
-3.4862850787401576
0
LINE
8
BLACK
6
CONTINUOUS
10
4.4642136614173227
20
-3.4862850787401576
11
4.4659307086614168
21
-3.488002086614173
0
LINE
8
BLACK
6
CONTINUOUS
10
4.4659307086614168
20
-3.488002086614173
11
4.4659307086614168
21
-3.4880021259842517
0
LINE
8
BLACK
6
CONTINUOUS
10
4.4659307086614168
20
-3.4880021259842517
11
4.4708743700787403
21
-3.4929457874015748
0
LINE
8
BLACK
6
CONTINUOUS
10
4.4708743700787403
20
-3.4929457874015748
11
4.4816832283464567
21
-3.5018163385826773
0
LINE
8
BLACK
6
CONTINUOUS
10
4.4816832283464567
20
-3.5018163385826773
11
4.4933094881889764
21
-3.5095847244094487
0
LINE
8
BLACK
6
CONTINUOUS
10
4.4933094881889764
20
-3.5095847244094487
11
4.5056412598425197
21
-3.5161761023622047
0
LINE
8
BLACK
6
CONTINUOUS
10
4.5056412598425197
20
-3.5161761023622047
11
4.5185596850393699
21
-3.5215269685039368
0
LINE
8
BLACK
6
CONTINUOUS
10
4.5185596850393699
20
-3.5215269685039368
11
4.5319404330708659
21
-3.5255858267716533
0
LINE
8
BLACK
6
CONTINUOUS
10
4.5319404330708659
20
-3.5255858267716533
11
4.5456545669291337
21
-3.5283135826771654
0
LINE
8
BLACK
6
CONTINUOUS
10
4.5456545669291337
20
-3.5283135826771654
11
4.5595700393700787
21
-3.5296838976377951
0
LINE
8
BLACK
6
CONTINUOUS
10
4.5595700393700787
20
-3.5296838976377951
11
4.5630657086614175
21
-3.5296838582677164
0
LINE
8
BLACK
6
CONTINUOUS
10
4.5630657086614175
20
-3.5296838582677164
11
4.8952299212598422
21
-3.5296838582677164
0
LINE
8
BLACK
6
CONTINUOUS
10
4.8952299212598422
20
-3.5296838582677164
11
4.8981629921259842
21
-3.5304697637795273
0
LINE
8
BLACK
6
CONTINUOUS
10
4.8981629921259842
20
-3.5304697637795273
11
4.9003101574803152
21
-3.5326169291338583
0
LINE
8
BLACK
6
CONTINUOUS
10
4.9003101574803152
20
-3.5326169291338583
11
4.9010960629921261
21
-3.5355499999999997
0
LINE
8
BLACK
6
CONTINUOUS
10
4.9010960629921261
20
-3.5355499999999997
11
4.9010960629921261
21
-3.6565009448818895
0
LINE
8
BLACK
6
CONTINUOUS
10
4.9010960629921261
20
-3.6565009448818895
11
4.9011327952755908
21
-3.6570424409448816
0
LINE
8
BLACK
6
CONTINUOUS
10
4.9011327952755908
20
-3.6570424409448816
11
4.901206929133858
21
-3.6581363385826773
0
LINE
8
BLACK
6
CONTINUOUS
10
4.901206929133858
20
-3.6581363385826773
11
4.90296468503937
21
-3.6652043700787402
0
LINE
8
BLACK
6
CONTINUOUS
10
4.90296468503937
20
-3.6652043700787402
11
4.9062006299212602
21
-3.6717291732283464
0
LINE
8
BLACK
6
CONTINUOUS
10
4.9062006299212602
20
-3.6717291732283464
11
4.9062007086614168
21
-3.6717292519685039
0
LINE
8
BLACK
6
CONTINUOUS
10
4.9062007086614168
20
-3.6717292519685039
11
4.9107637795275592
21
-3.6774059055118111
0
LINE
8
BLACK
6
CONTINUOUS
10
4.9107637795275592
20
-3.6774059055118111
11
4.9152842913385824
21
-3.6810396456692911
0
LINE
8
BLACK
6
CONTINUOUS
10
4.9152842913385824
20
-3.6810396456692911
11
4.9164404724409447
21
-3.6819690157480314
0
LINE
8
BLACK
6
CONTINUOUS
10
4.9164404724409447
20
-3.6819690157480314
11
4.9197028740157478
21
-3.6835869685039371
0
LINE
8
BLACK
6
CONTINUOUS
10
4.9197028740157478
20
-3.6835869685039371
11
4.9229653149606296
21
-3.6852049999999998
0
LINE
8
BLACK
6
CONTINUOUS
10
4.9229653149606296
20
-3.6852049999999998
11
4.9300332677165351
21
-3.6869627165354331
0
LINE
8
BLACK
6
CONTINUOUS
10
4.9300332677165351
20
-3.6869627165354331
11
4.9316687401574804
21
-3.6870736220472442
0
LINE
8
BLACK
6
CONTINUOUS
10
4.9316687401574804
20
-3.6870736220472442
11
4.9316690551181104
21
-3.6870736220472442
0
LINE
8
BLACK
6
CONTINUOUS
10
4.9316690551181104
20
-3.6870736220472442
11
5.0752868503937005
21
-3.6870736220472442
0
LINE
8
BLACK
6
CONTINUOUS
10
5.0752868503937005
20
-3.6870736220472442
11
5.0752871653543306
21
-3.6870736220472442
0
LINE
8
BLACK
6
CONTINUOUS
10
5.0752871653543306
20
-3.6870736220472442
11
5.0769226377952759
21
-3.6869627165354331
0
LINE
8
BLACK
6
CONTINUOUS
10
5.0769226377952759
20
-3.6869627165354331
11
5.0839905905511813
21
-3.6852049999999998
0
LINE
8
BLACK
6
CONTINUOUS
10
5.0839905905511813
20
-3.6852049999999998
11
5.0905154724409449
21
-3.6819689763779526
0
LINE
8
BLACK
6
CONTINUOUS
10
5.0905154724409449
20
-3.6819689763779526
11
5.0961921259842518
21
-3.6774059055118111
0
LINE
8
BLACK
6
CONTINUOUS
10
5.0961921259842518
20
-3.6774059055118111
11
5.1007551968503932
21
-3.6717292519685039
0
LINE
8
BLACK
6
CONTINUOUS
10
5.1007551968503932
20
-3.6717292519685039
11
5.1017687401574801
21
-3.6696856299212599
0
LINE
8
BLACK
6
CONTINUOUS
10
5.1017687401574801
20
-3.6696856299212599
11
5.1019344881889763
21
-3.6693514566929135
0
LINE
8
BLACK
6
CONTINUOUS
10
5.1019344881889763
20
-3.6693514566929135
11
5.1019345275590551
21
-3.669351377952756
0
LINE
8
BLACK
6
CONTINUOUS
10
5.1019345275590551
20
-3.669351377952756
11
5.1039911811023622
21
-3.6652044488188977
0
LINE
8
BLACK
6
CONTINUOUS
10
5.1039911811023622
20
-3.6652044488188977
11
5.1039911417322834
21
-3.6652044488188977
0
LINE
8
BLACK
6
CONTINUOUS
10
5.1039911417322834
20
-3.6652044488188977
11
5.1039912204724409
21
-3.6652043700787402
0
LINE
8
BLACK
6
CONTINUOUS
10
5.1039912204724409
20
-3.6652043700787402
11
5.1057489370078741
21
-3.6581364173228343
0
LINE
8
BLACK
6
CONTINUOUS
10
5.1057489370078741
20
-3.6581364173228343
11
5.1058598425196848
21
-3.6565009448818895
0
LINE
8
BLACK
6
CONTINUOUS
10
5.1058598425196848
20
-3.6565009448818895
11
5.1058598425196848
21
-3.5785009842519684
0
LINE
8
BLACK
6
CONTINUOUS
10
5.1058598425196848
20
-3.5785009842519684
11
5.1058598425196848
21
-3.5128825196850393
0
LINE
8
BLACK
6
CONTINUOUS
10
5.1058598425196848
20
-3.5128825196850393
11
5.1057489370078741
21
-3.5112470472440944
0
LINE
8
BLACK
6
CONTINUOUS
10
5.1057489370078741
20
-3.5112470472440944
11
5.1039912204724409
21
-3.504179094488189
0
LINE
8
BLACK
6
CONTINUOUS
10
5.1039912204724409
20
-3.504179094488189
11
5.1039911811023622
21
-3.5041789763779527
0
LINE
8
BLACK
6
CONTINUOUS
10
5.1039911811023622
20
-3.5041789763779527
11
5.1019344488188976
21
-3.5000318897637794
0
LINE
8
BLACK
6
CONTINUOUS
10
5.1019344488188976
20
-3.5000318897637794
11
5.100755236220472
21
-3.4976542519685037
0
LINE
8
BLACK
6
CONTINUOUS
10
5.100755236220472
20
-3.4976542519685037
11
5.098336850393701
21
-3.4946457086614173
0
LINE
8
BLACK
6
CONTINUOUS
10
5.098336850393701
20
-3.4946457086614173
11
5.0961921259842518
21
-3.4919775590551181
0
LINE
8
BLACK
6
CONTINUOUS
10
5.0961921259842518
20
-3.4919775590551181
11
5.0913166141732287
21
-3.488058464566929
0
LINE
8
BLACK
6
CONTINUOUS
10
5.0913166141732287
20
-3.488058464566929
11
5.0905153937007874
21
-3.4874144094488186
0
LINE
8
BLACK
6
CONTINUOUS
10
5.0905153937007874
20
-3.4874144094488186
11
5.0839905118110238
21
-3.4841784251968502
0
LINE
8
BLACK
6
CONTINUOUS
10
5.0839905118110238
20
-3.4841784251968502
11
5.0817025196850389
21
-3.4836094094488188
0
LINE
8
BLACK
6
CONTINUOUS
10
5.0817025196850389
20
-3.4836094094488188
11
5.0790458267716536
21
-3.4821388582677164
0
LINE
8
BLACK
6
CONTINUOUS
10
5.0790458267716536
20
-3.4821388582677164
11
5.0774803543307083
21
-3.479536968503937
0
LINE
8
BLACK
6
CONTINUOUS
10
5.0774803543307083
20
-3.479536968503937
11
5.0774255905511811
21
-3.476500905511811
0
LINE
8
BLACK
6
CONTINUOUS
10
5.0774255905511811
20
-3.476500905511811
11
5.0788961417322831
21
-3.4738442125984252
0
LINE
8
BLACK
6
CONTINUOUS
10
5.0788961417322831
20
-3.4738442125984252
11
5.0789666929133856
21
-3.4737723622047243
0
LINE
8
BLACK
6
CONTINUOUS
10
5.0789666929133856
20
-3.4737723622047243
11
5.0953833070866139
21
-3.4573557086614173
0
LINE
8
BLACK
6
CONTINUOUS
10
5.0953833070866139
20
-3.4573557086614173
11
5.0955902362204721
21
-3.4571587007874016
0
LINE
8
BLACK
6
CONTINUOUS
10
5.0955902362204721
20
-3.4571587007874016
11
5.1056570472440947
21
-3.4480348031496062
0
LINE
8
BLACK
6
CONTINUOUS
10
5.1056570472440947
20
-3.4480348031496062
11
5.106101062992126
21
-3.4476703937007875
0
LINE
8
BLACK
6
CONTINUOUS
10
5.106101062992126
20
-3.4476703937007875
11
5.1168975196850397
21
-3.4396633070866143
0
LINE
8
BLACK
6
CONTINUOUS
10
5.1168975196850397
20
-3.4396633070866143
11
5.1173752362204725
21
-3.439344094488189
0
LINE
8
BLACK
6
CONTINUOUS
10
5.1173752362204725
20
-3.439344094488189
11
5.1289046850393696
21
-3.4324337401574803
0
LINE
8
BLACK
6
CONTINUOUS
10
5.1289046850393696
20
-3.4324337401574803
11
5.129410984251968
21
-3.4321630708661415
0
LINE
8
BLACK
6
CONTINUOUS
10
5.129410984251968
20
-3.4321630708661415
11
5.1415622047244094
21
-3.4264161023622046
0
LINE
8
BLACK
6
CONTINUOUS
10
5.1415622047244094
20
-3.4264161023622046
11
5.142093779527559
21
-3.4261959448818895
0
LINE
8
BLACK
6
CONTINUOUS
10
5.142093779527559
20
-3.4261959448818895
11
5.1547484645669286
21
-3.4216681496062993
0
LINE
8
BLACK
6
CONTINUOUS
10
5.1547484645669286
20
-3.4216681496062993
11
5.1552987401574804
21
-3.4215012204724409
0
LINE
8
BLACK
6
CONTINUOUS
10
5.1552987401574804
20
-3.4215012204724409
11
5.1683374015748029
21
-3.4182353149606297
0
LINE
8
BLACK
6
CONTINUOUS
10
5.1683374015748029
20
-3.4182353149606297
11
5.1689014566929137
21
-3.4181231496062989
0
LINE
8
BLACK
6
CONTINUOUS
10
5.1689014566929137
20
-3.4181231496062989
11
5.1821964173228343
21
-3.4161511023622047
0
LINE
8
BLACK
6
CONTINUOUS
10
5.1821964173228343
20
-3.4161511023622047
11
5.1827687795275592
21
-3.4160946850393699
0
LINE
8
BLACK
6
CONTINUOUS
10
5.1827687795275592
20
-3.4160946850393699
11
5.196361023622047
21
-3.4154270866141729
0
LINE
8
BLACK
6
CONTINUOUS
10
5.196361023622047
20
-3.4154270866141729
11
5.196647598425197
21
-3.4154200787401572
0
LINE
8
BLACK
6
CONTINUOUS
10
5.196647598425197
20
-3.4154200787401572
11
5.2006165354330705
21
-3.4154201181102359
0
LINE
8
BLACK
6
CONTINUOUS
10
5.2006165354330705
20
-3.4154201181102359
11
5.200616771653543
21
-3.4154200787401572
0
LINE
8
BLACK
6
CONTINUOUS
10
5.200616771653543
20
-3.4154200787401572
11
5.5150961811023622
21
-3.4154200787401572
0
LINE
8
BLACK
6
CONTINUOUS
10
5.5150961811023622
20
-3.4154200787401572
11
5.5154799212598427
21
-3.4154326377952757
0
LINE
8
BLACK
6
CONTINUOUS
10
5.5154799212598427
20
-3.4154326377952757
11
5.5241520078740161
21
-3.4160011417322833
0
LINE
8
BLACK
6
CONTINUOUS
10
5.5241520078740161
20
-3.4160011417322833
11
5.5249126377952757
21
-3.4161012598425198
0
LINE
8
BLACK
6
CONTINUOUS
10
5.5249126377952757
20
-3.4161012598425198
11
5.5332482677165356
21
-3.4177594094488186
0
LINE
8
BLACK
6
CONTINUOUS
10
5.5332482677165356
20
-3.4177594094488186
11
5.5339886220472438
21
-3.4179578346456694
0
LINE
8
BLACK
6
CONTINUOUS
10
5.5339886220472438
20
-3.4179578346456694
11
5.5420361023622045
21
-3.4206896456692912
0
LINE
8
BLACK
6
CONTINUOUS
10
5.5420361023622045
20
-3.4206896456692912
11
5.5427444094488187
21
-3.4209830314960628
0
LINE
8
BLACK
6
CONTINUOUS
10
5.5427444094488187
20
-3.4209830314960628
11
5.5503670866141732
21
-3.4247421653543308
0
LINE
8
BLACK
6
CONTINUOUS
10
5.5503670866141732
20
-3.4247421653543308
11
5.55103125984252
21
-3.4251256299212596
0
LINE
8
BLACK
6
CONTINUOUS
10
5.55103125984252
20
-3.4251256299212596
11
5.5580971259842515
21
-3.429846968503937
0
LINE
8
BLACK
6
CONTINUOUS
10
5.5580971259842515
20
-3.429846968503937
11
5.5587058661417323
21
-3.4303140551181102
0
LINE
8
BLACK
6
CONTINUOUS
10
5.5587058661417323
20
-3.4303140551181102
11
5.565095393700787
21
-3.4359175590551181
0
LINE
8
BLACK
6
CONTINUOUS
10
5.565095393700787
20
-3.4359175590551181
11
5.5656377559055112
21
-3.4364599212598423
0
LINE
8
BLACK
6
CONTINUOUS
10
5.5656377559055112
20
-3.4364599212598423
11
5.5712412598425196
21
-3.4428495275590549
0
LINE
8
BLACK
6
CONTINUOUS
10
5.5712412598425196
20
-3.4428495275590549
11
5.5717081102362203
21
-3.4434579133858265
0
LINE
8
BLACK
6
CONTINUOUS
10
5.5717081102362203
20
-3.4434579133858265
11
5.5764295669291339
21
-3.450524094488189
0
LINE
8
BLACK
6
CONTINUOUS
10
5.5764295669291339
20
-3.450524094488189
11
5.5768131889763781
21
-3.4511885433070866
0
LINE
8
BLACK
6
CONTINUOUS
10
5.5768131889763781
20
-3.4511885433070866
11
5.5798047244094491
21
-3.4572547244094487
0
LINE
8
BLACK
6
CONTINUOUS
10
5.5798047244094491
20
-3.4572547244094487
11
5.5805719685039366
21
-3.4588104724409447
0
LINE
8
BLACK
6
CONTINUOUS
10
5.5805719685039366
20
-3.4588104724409447
11
5.5808655905511806
21
-3.4595194094488186
0
LINE
8
BLACK
6
CONTINUOUS
10
5.5808655905511806
20
-3.4595194094488186
11
5.5835972047244091
21
-3.4675663779527559
0
LINE
8
BLACK
6
CONTINUOUS
10
5.5835972047244091
20
-3.4675663779527559
11
5.5837958267716532
21
-3.468307559055118
0
LINE
8
BLACK
6
CONTINUOUS
10
5.5837958267716532
20
-3.468307559055118
11
5.5854538188976379
21
-3.476642598425197
0
LINE
8
BLACK
6
CONTINUOUS
10
5.5854538188976379
20
-3.476642598425197
11
5.5855539763779527
21
-3.4774033070866142
0
LINE
8
BLACK
6
CONTINUOUS
10
5.5855539763779527
20
-3.4774033070866142
11
5.5858756299212597
21
-3.482309842519685
0
LINE
8
BLACK
6
CONTINUOUS
10
5.5858756299212597
20
-3.482309842519685
11
5.5861228740157483
21
-3.4860817322834645
0
LINE
8
BLACK
6
CONTINUOUS
10
5.5861228740157483
20
-3.4860817322834645
11
5.5861354330708659
21
-3.4864648425196849
0
LINE
8
BLACK
6
CONTINUOUS
10
5.5861354330708659
20
-3.4864648425196849
11
5.5861354330708659
21
-4.0333126377952757
0
LINE
8
BLACK
6
CONTINUOUS
10
5.5861354330708659
20
-4.0333126377952757
11
5.5861353937007872
21
-4.0333128740157482
0
LINE
8
BLACK
6
CONTINUOUS
10
5.5861353937007872
20
-4.0333128740157482
11
5.5861353937007872
21
-4.0352847244094487
0
LINE
8
BLACK
6
CONTINUOUS
10
5.5861353937007872
20
-4.0352847244094487
11
5.5861353937007872
21
-4.037303543307087
0
LINE
8
BLACK
6
CONTINUOUS
10
5.5861353937007872
20
-4.037303543307087
11
5.5861353937007872
21
-4.0373035826771648
0
LINE
8
BLACK
6
CONTINUOUS
10
5.5861353937007872
20
-4.0373035826771648
11
5.5861283464566931
21
-4.0375913779527561
0
LINE
8
BLACK
6
CONTINUOUS
10
5.5861283464566931
20
-4.0375913779527561
11
5.5854618503937008
21
-4.0511604330708657
0
LINE
8
BLACK
6
CONTINUOUS
10
5.5854618503937008
20
-4.0511604330708657
11
5.5854053937007873
21
-4.0517333464566931
0
LINE
8
BLACK
6
CONTINUOUS
10
5.5854053937007873
20
-4.0517333464566931
11
5.5834334251968505
21
-4.0650278740157475
0
LINE
8
BLACK
6
CONTINUOUS
10
5.5834334251968505
20
-4.0650278740157475
11
5.5833211417322834
21
-4.0655924803149608
0
LINE
8
BLACK
6
CONTINUOUS
10
5.5833211417322834
20
-4.0655924803149608
11
5.5800553543307085
21
-4.0786305511811021
0
LINE
8
BLACK
6
CONTINUOUS
10
5.5800553543307085
20
-4.0786305511811021
11
5.5798882283464568
21
-4.079181456692913
0
LINE
8
BLACK
6
CONTINUOUS
10
5.5798882283464568
20
-4.079181456692913
11
5.5753604330708662
21
-4.0918360236220472
0
LINE
8
BLACK
6
CONTINUOUS
10
5.5753604330708662
20
-4.0918360236220472
11
5.5751401574803152
21
-4.0923678740157481
0
LINE
8
BLACK
6
CONTINUOUS
10
5.5751401574803152
20
-4.0923678740157481
11
5.5693935039370075
21
-4.1045183464566932
0
LINE
8
BLACK
6
CONTINUOUS
10
5.5693935039370075
20
-4.1045183464566932
11
5.5691221259842516
21
-4.105026023622047
0
LINE
8
BLACK
6
CONTINUOUS
10
5.5691221259842516
20
-4.105026023622047
11
5.5622125590551184
21
-4.1165541338582674
0
LINE
8
BLACK
6
CONTINUOUS
10
5.5622125590551184
20
-4.1165541338582674
11
5.5618927559055118
21
-4.1170327952755903
0
LINE
8
BLACK
6
CONTINUOUS
10
5.5618927559055118
20
-4.1170327952755903
11
5.5597256299212594
21
-4.1199548818897638
0
LINE
8
BLACK
6
CONTINUOUS
10
5.5597256299212594
20
-4.1199548818897638
11
5.5573471653543303
21
-4.1218425984251965
0
LINE
8
BLACK
6
CONTINUOUS
10
5.5573471653543303
20
-4.1218425984251965
11
5.5543435039370079
21
-4.1222881889763778
0
LINE
8
BLACK
6
CONTINUOUS
10
5.5543435039370079
20
-4.1222881889763778
11
5.5519488582677168
21
-4.1214621653543304
0
LINE
8
BLACK
6
CONTINUOUS
10
5.5519488582677168
20
-4.1214621653543304
11
5.5459092519685038
21
-4.1177611023622047
0
LINE
8
BLACK
6
CONTINUOUS
10
5.5459092519685038
20
-4.1177611023622047
11
5.5459089370078738
21
-4.117760905511811
0
LINE
8
BLACK
6
CONTINUOUS
10
5.5459089370078738
20
-4.117760905511811
11
5.5302508661417322
21
-4.1097827559055116
0
LINE
8
BLACK
6
CONTINUOUS
10
5.5302508661417322
20
-4.1097827559055116
11
5.5140151968503934
21
-4.1030577165354334
0
LINE
8
BLACK
6
CONTINUOUS
10
5.5140151968503934
20
-4.1030577165354334
11
5.5140143307086609
21
-4.1030574015748034
0
LINE
8
BLACK
6
CONTINUOUS
10
5.5140143307086609
20
-4.1030574015748034
11
5.4973013779527555
21
-4.0976270472440941
0
LINE
8
BLACK
6
CONTINUOUS
10
5.4973013779527555
20
-4.0976270472440941
11
5.4802127559055114
21
-4.0935243700787405
0
LINE
8
BLACK
6
CONTINUOUS
10
5.4802127559055114
20
-4.0935243700787405
11
5.4683535433070869
21
-4.0916460629921261
0
LINE
8
BLACK
6
CONTINUOUS
10
5.4683535433070869
20
-4.0916460629921261
11
5.4628553543307081
21
-4.0907752755905511
0
LINE
8
BLACK
6
CONTINUOUS
10
5.4628553543307081
20
-4.0907752755905511
11
5.4453357086614176
21
-4.0893964566929135
0
LINE
8
BLACK
6
CONTINUOUS
10
5.4453357086614176
20
-4.0893964566929135
11
5.4277619291338581
21
-4.0893964566929135
0
LINE
8
BLACK
6
CONTINUOUS
10
5.4277619291338581
20
-4.0893964566929135
11
5.4102422834645667
21
-4.0907752755905511
0
LINE
8
BLACK
6
CONTINUOUS
10
5.4102422834645667
20
-4.0907752755905511
11
5.4074931889763782
21
-4.0912106692913381
0
LINE
8
BLACK
6
CONTINUOUS
10
5.4074931889763782
20
-4.0912106692913381
11
5.3928848425196847
21
-4.0935243700787405
0
LINE
8
BLACK
6
CONTINUOUS
10
5.3928848425196847
20
-4.0935243700787405
11
5.3757962204724405
21
-4.0976270472440941
0
LINE
8
BLACK
6
CONTINUOUS
10
5.3757962204724405
20
-4.0976270472440941
11
5.3590832677165352
21
-4.1030574015748034
0
LINE
8
BLACK
6
CONTINUOUS
10
5.3590832677165352
20
-4.1030574015748034
11
5.3590824015748026
21
-4.1030577165354334
0
LINE
8
BLACK
6
CONTINUOUS
10
5.3590824015748026
20
-4.1030577165354334
11
5.3428467322834647
21
-4.1097827559055116
0
LINE
8
BLACK
6
CONTINUOUS
10
5.3428467322834647
20
-4.1097827559055116
11
5.3271886614173223
21
-4.117760905511811
0
LINE
8
BLACK
6
CONTINUOUS
10
5.3271886614173223
20
-4.117760905511811
11
5.3122042519685042
21
-4.12694342519685
0
LINE
8
BLACK
6
CONTINUOUS
10
5.3122042519685042
20
-4.12694342519685
11
5.2979866141732286
21
-4.1372730708661418
0
LINE
8
BLACK
6
CONTINUOUS
10
5.2979866141732286
20
-4.1372730708661418
11
5.2979862204724411
21
-4.1372733858267718
0
LINE
8
BLACK
6
CONTINUOUS
10
5.2979862204724411
20
-4.1372733858267718
11
5.284623582677165
21
-4.1486861811023621
0
LINE
8
BLACK
6
CONTINUOUS
10
5.284623582677165
20
-4.1486861811023621
11
5.2721968110236217
21
-4.1611129527559054
0
LINE
8
BLACK
6
CONTINUOUS
10
5.2721968110236217
20
-4.1611129527559054
11
5.2607840157480315
21
-4.1744755905511814
0
LINE
8
BLACK
6
CONTINUOUS
10
5.2607840157480315
20
-4.1744755905511814
11
5.2607837007874014
21
-4.1744759842519681
0
LINE
8
BLACK
6
CONTINUOUS
10
5.2607837007874014
20
-4.1744759842519681
11
5.2504540551181105
21
-4.1886936220472437
0
LINE
8
BLACK
6
CONTINUOUS
10
5.2504540551181105
20
-4.1886936220472437
11
5.2412715354330706
21
-4.2036780314960627
0
LINE
8
BLACK
6
CONTINUOUS
10
5.2412715354330706
20
-4.2036780314960627
11
5.2332933858267712
21
-4.2193361023622042
0
LINE
8
BLACK
6
CONTINUOUS
10
5.2332933858267712
20
-4.2193361023622042
11
5.226568346456693
21
-4.235571771653543
0
LINE
8
BLACK
6
CONTINUOUS
10
5.226568346456693
20
-4.235571771653543
11
5.226568031496063
21
-4.2355726377952756
0
LINE
8
BLACK
6
CONTINUOUS
10
5.226568031496063
20
-4.2355726377952756
11
5.2211376771653546
21
-4.2522855905511809
0
LINE
8
BLACK
6
CONTINUOUS
10
5.2211376771653546
20
-4.2522855905511809
11
5.2170350000000001
21
-4.2693742125984251
0
LINE
8
BLACK
6
CONTINUOUS
10
5.2170350000000001
20
-4.2693742125984251
11
5.2148041732283463
21
-4.2834592913385823
0
LINE
8
BLACK
6
CONTINUOUS
10
5.2148041732283463
20
-4.2834592913385823
11
5.2142859055118107
21
-4.2867316535433071
0
LINE
8
BLACK
6
CONTINUOUS
10
5.2142859055118107
20
-4.2867316535433071
11
5.2129070866141731
21
-4.3042512992125985
0
LINE
8
BLACK
6
CONTINUOUS
10
5.2129070866141731
20
-4.3042512992125985
11
5.2129070866141731
21
-4.3218250787401571
0
LINE
8
BLACK
6
CONTINUOUS
10
5.2129070866141731
20
-4.3218250787401571
11
5.2135899212598424
21
-4.3305012992125986
0
LINE
8
BLACK
6
CONTINUOUS
10
5.2135899212598424
20
-4.3305012992125986
11
5.2142859055118107
21
-4.339344645669291
0
LINE
8
BLACK
6
CONTINUOUS
10
5.2142859055118107
20
-4.339344645669291
11
5.2170350000000001
21
-4.3567021259842518
0
LINE
8
BLACK
6
CONTINUOUS
10
5.2170350000000001
20
-4.3567021259842518
11
5.2211376771653546
21
-4.3737907480314959
0
LINE
8
BLACK
6
CONTINUOUS
10
5.2211376771653546
20
-4.3737907480314959
11
5.226568031496063
21
-4.3905037007874013
0
LINE
8
BLACK
6
CONTINUOUS
10
5.226568031496063
20
-4.3905037007874013
11
5.226568346456693
21
-4.3905045669291338
0
LINE
8
BLACK
6
CONTINUOUS
10
5.226568346456693
20
-4.3905045669291338
11
5.2332933858267712
21
-4.4067402362204726
0
LINE
8
BLACK
6
CONTINUOUS
10
5.2332933858267712
20
-4.4067402362204726
11
5.2412715354330706
21
-4.4223983070866142
0
LINE
8
BLACK
6
CONTINUOUS
10
5.2412715354330706
20
-4.4223983070866142
11
5.24253279527559
21
-4.4244564960629917
0
LINE
8
BLACK
6
CONTINUOUS
10
5.24253279527559
20
-4.4244564960629917
11
5.2504540551181105
21
-4.4373827559055119
0
LINE
8
BLACK
6
CONTINUOUS
10
5.2504540551181105
20
-4.4373827559055119
11
5.2568161811023622
21
-4.446139488188976
0
LINE
8
BLACK
6
CONTINUOUS
10
5.2568161811023622
20
-4.446139488188976
11
5.2607837007874014
21
-4.4516003543307088
0
LINE
8
BLACK
6
CONTINUOUS
10
5.2607837007874014
20
-4.4516003543307088
11
5.2607840157480315
21
-4.4516007480314963
0
LINE
8
BLACK
6
CONTINUOUS
10
5.2607840157480315
20
-4.4516007480314963
11
5.2721968110236217
21
-4.4649633858267714
0
LINE
8
BLACK
6
CONTINUOUS
10
5.2721968110236217
20
-4.4649633858267714
11
5.284623582677165
21
-4.4773901574803148
0
LINE
8
BLACK
6
CONTINUOUS
10
5.284623582677165
20
-4.4773901574803148
11
5.2979862204724411
21
-4.488802952755905
0
LINE
8
BLACK
6
CONTINUOUS
10
5.2979862204724411
20
-4.488802952755905
11
5.2979866141732286
21
-4.488803267716535
0
LINE
8
BLACK
6
CONTINUOUS
10
5.2979866141732286
20
-4.488803267716535
11
5.2979867322834648
21
-4.4888033464566925
0
LINE
8
BLACK
6
CONTINUOUS
10
5.2979867322834648
20
-4.4888033464566925
11
5.3122042519685042
21
-4.4991329527559056
0
LINE
8
BLACK
6
CONTINUOUS
10
5.3122042519685042
20
-4.4991329527559056
11
5.3271883858267719
21
-4.5083152755905509
0
LINE
8
BLACK
6
CONTINUOUS
10
5.3271883858267719
20
-4.5083152755905509
11
5.3271886614173223
21
-4.5083154330708659
0
LINE
8
BLACK
6
CONTINUOUS
10
5.3271886614173223
20
-4.5083154330708659
11
5.3345333070866143
21
-4.5120576771653544
0
LINE
8
BLACK
6
CONTINUOUS
10
5.3345333070866143
20
-4.5120576771653544
11
5.3428467716535435
21
-4.516293622047244
0
LINE
8
BLACK
6
CONTINUOUS
10
5.3428467716535435
20
-4.516293622047244
11
5.3590828740157477
21
-4.5230188188976381
0
LINE
8
BLACK
6
CONTINUOUS
10
5.3590828740157477
20
-4.5230188188976381
11
5.3757965748031493
21
-4.528449409448819
0
LINE
8
BLACK
6
CONTINUOUS
10
5.3757965748031493
20
-4.528449409448819
11
5.3928848031496059
21
-4.5325519685039373
0
LINE
8
BLACK
6
CONTINUOUS
10
5.3928848031496059
20
-4.5325519685039373
11
5.4102422834645667
21
-4.5353011023622045
0
LINE
8
BLACK
6
CONTINUOUS
10
5.4102422834645667
20
-4.5353011023622045
11
5.4277619291338581
21
-4.5366799212598421
0
LINE
8
BLACK
6
CONTINUOUS
10
5.4277619291338581
20
-4.5366799212598421
11
5.4277622047244094
21
-4.5366799212598421
0
LINE
8
BLACK
6
CONTINUOUS
10
5.4277622047244094
20
-4.5366799212598421
11
5.4453354330708663
21
-4.5366799212598421
0
LINE
8
BLACK
6
CONTINUOUS
10
5.4453354330708663
20
-4.5366799212598421
11
5.4453357086614176
21
-4.5366799212598421
0
LINE
8
BLACK
6
CONTINUOUS
10
5.4453357086614176
20
-4.5366799212598421
11
5.4628553543307081
21
-4.5353011023622045
0
LINE
8
BLACK
6
CONTINUOUS
10
5.4628553543307081
20
-4.5353011023622045
11
5.4802128346456689
21
-4.5325519685039373
0
LINE
8
BLACK
6
CONTINUOUS
10
5.4802128346456689
20
-4.5325519685039373
11
5.4973010629921255
21
-4.528449409448819
0
LINE
8
BLACK
6
CONTINUOUS
10
5.4973010629921255
20
-4.528449409448819
11
5.5140147637795272
21
-4.5230188188976381
0
LINE
8
BLACK
6
CONTINUOUS
10
5.5140147637795272
20
-4.5230188188976381
11
5.5302508661417322
21
-4.516293622047244
0
LINE
8
BLACK
6
CONTINUOUS
10
5.5302508661417322
20
-4.516293622047244
11
5.5459092519685038
21
-4.5083152755905509
0
LINE
8
BLACK
6
CONTINUOUS
10
5.5459092519685038
20
-4.5083152755905509
11
5.5608933858267715
21
-4.4991329527559056
0
LINE
8
BLACK
6
CONTINUOUS
10
5.5608933858267715
20
-4.4991329527559056
11
5.5639206692913383
21
-4.496933503937008
0
LINE
8
BLACK
6
CONTINUOUS
10
5.5639206692913383
20
-4.496933503937008
11
5.5751109055118109
21
-4.4888033464566925
0
LINE
8
BLACK
6
CONTINUOUS
10
5.5751109055118109
20
-4.4888033464566925
11
5.5884741338582673
21
-4.4773900787401573
0
LINE
8
BLACK
6
CONTINUOUS
10
5.5884741338582673
20
-4.4773900787401573
11
5.6009007086614169
21
-4.4649635039370077
0
LINE
8
BLACK
6
CONTINUOUS
10
5.6009007086614169
20
-4.4649635039370077
11
5.612313976377953
21
-4.4516002755905513
0
LINE
8
BLACK
6
CONTINUOUS
10
5.612313976377953
20
-4.4516002755905513
11
5.6226435826771652
21
-4.4373827559055119
0
LINE
8
BLACK
6
CONTINUOUS
10
5.6226435826771652
20
-4.4373827559055119
11
5.6318259055118105
21
-4.4223986220472442
0
LINE
8
BLACK
6
CONTINUOUS
10
5.6318259055118105
20
-4.4223986220472442
11
5.6398042519685037
21
-4.4067402362204726
0
LINE
8
BLACK
6
CONTINUOUS
10
5.6398042519685037
20
-4.4067402362204726
11
5.6465294488188977
21
-4.3905041338582675
0
LINE
8
BLACK
6
CONTINUOUS
10
5.6465294488188977
20
-4.3905041338582675
11
5.6519600393700786
21
-4.3737904330708659
0
LINE
8
BLACK
6
CONTINUOUS
10
5.6519600393700786
20
-4.3737904330708659
11
5.6560625984251969
21
-4.3567022047244093
0
LINE
8
BLACK
6
CONTINUOUS
10
5.6560625984251969
20
-4.3567022047244093
11
5.6588117322834641
21
-4.3393447244094485
0
LINE
8
BLACK
6
CONTINUOUS
10
5.6588117322834641
20
-4.3393447244094485
11
5.6601905511811026
21
-4.3218250787401571
0
LINE
8
BLACK
6
CONTINUOUS
10
5.6601905511811026
20
-4.3218250787401571
11
5.6601905511811026
21
-4.3042512992125985
0
LINE
8
BLACK
6
CONTINUOUS
10
5.6601905511811026
20
-4.3042512992125985
11
5.6588117322834641
21
-4.2867316535433071
0
LINE
8
BLACK
6
CONTINUOUS
10
5.6588117322834641
20
-4.2867316535433071
11
5.6560625984251969
21
-4.2693741732283463
0
LINE
8
BLACK
6
CONTINUOUS
10
5.6560625984251969
20
-4.2693741732283463
11
5.6519600393700786
21
-4.2522859448818897
0
LINE
8
BLACK
6
CONTINUOUS
10
5.6519600393700786
20
-4.2522859448818897
11
5.6465294488188977
21
-4.2355722440944881
0
LINE
8
BLACK
6
CONTINUOUS
10
5.6465294488188977
20
-4.2355722440944881
11
5.6398042519685037
21
-4.219336141732283
0
LINE
8
BLACK
6
CONTINUOUS
10
5.6398042519685037
20
-4.219336141732283
11
5.633653897637795
21
-4.2072653543307084
0
LINE
8
BLACK
6
CONTINUOUS
10
5.633653897637795
20
-4.2072653543307084
11
5.6318260629921255
21
-4.2036780314960627
0
LINE
8
BLACK
6
CONTINUOUS
10
5.6318260629921255
20
-4.2036780314960627
11
5.6264105118110237
21
-4.1948406692913389
0
LINE
8
BLACK
6
CONTINUOUS
10
5.6264105118110237
20
-4.1948406692913389
11
5.6255480708661416
21
-4.1919291732283464
0
LINE
8
BLACK
6
CONTINUOUS
10
5.6255480708661416
20
-4.1919291732283464
11
5.6262569291338584
21
-4.1889765354330706
0
LINE
8
BLACK
6
CONTINUOUS
10
5.6262569291338584
20
-4.1889765354330706
11
5.626978818897638
21
-4.1879341732283466
0
LINE
8
BLACK
6
CONTINUOUS
10
5.626978818897638
20
-4.1879341732283466
11
5.6282401574803149
21
-4.1864785433070866
0
LINE
8
BLACK
6
CONTINUOUS
10
5.6282401574803149
20
-4.1864785433070866
11
5.6384006299212599
21
-4.1729055905511814
0
LINE
8
BLACK
6
CONTINUOUS
10
5.6384006299212599
20
-4.1729055905511814
11
5.6475668897637794
21
-4.1586423622047244
0
LINE
8
BLACK
6
CONTINUOUS
10
5.6475668897637794
20
-4.1586423622047244
11
5.6556923228346454
21
-4.1437615748031495
0
LINE
8
BLACK
6
CONTINUOUS
10
5.6556923228346454
20
-4.1437615748031495
11
5.6627354330708659
21
-4.1283390551181105
0
LINE
8
BLACK
6
CONTINUOUS
10
5.6627354330708659
20
-4.1283390551181105
11
5.6686603937007876
21
-4.112453346456693
0
LINE
8
BLACK
6
CONTINUOUS
10
5.6686603937007876
20
-4.112453346456693
11
5.6734369685039372
21
-4.0961854330708665
0
LINE
8
BLACK
6
CONTINUOUS
10
5.6734369685039372
20
-4.0961854330708665
11
5.6770408267716537
21
-4.0796182283464564
0
LINE
8
BLACK
6
CONTINUOUS
10
5.6770408267716537
20
-4.0796182283464564
11
5.6794536220472436
21
-4.0628361417322836
0
LINE
8
BLACK
6
CONTINUOUS
10
5.6794536220472436
20
-4.0628361417322836
11
5.6794536220472436
21
-4.0628357086614173
0
LINE
8
BLACK
6
CONTINUOUS
10
5.6794536220472436
20
-4.0628357086614173
11
5.6794537007874011
21
-4.0628353937007873
0
LINE
8
BLACK
6
CONTINUOUS
10
5.6794537007874011
20
-4.0628353937007873
11
5.6804439370078743
21
-4.0489879527559056
0
LINE
8
BLACK
6
CONTINUOUS
10
5.6804439370078743
20
-4.0489879527559056
11
5.6806630314960627
21
-4.0459246850393704
0
LINE
8
BLACK
6
CONTINUOUS
10
5.6806630314960627
20
-4.0459246850393704
11
5.6806629921259839
21
-4.0374473622047242
0
LINE
8
BLACK
6
CONTINUOUS
10
5.6806629921259839
20
-4.0374473622047242
11
5.6806629921259839
21
-4.0333122834645669
0
LINE
8
BLACK
6
CONTINUOUS
10
5.6806629921259839
20
-4.0333122834645669
11
5.6806629921259839
21
-3.4904012992125986
0
LINE
8
BLACK
6
CONTINUOUS
10
5.6806629921259839
20
-3.4904012992125986
11
5.6806630314960627
21
-3.4904011023622048
0
LINE
8
BLACK
6
CONTINUOUS
10
5.6806630314960627
20
-3.4904011023622048
11
5.6806629921259839
21
-3.4862660629921258
0
LINE
8
BLACK
6
CONTINUOUS
10
5.6806629921259839
20
-3.4862660629921258
11
5.6806629921259839
21
-3.4825468110236222
0
LINE
8
BLACK
6
CONTINUOUS
10
5.6806629921259839
20
-3.4825468110236222
11
5.6806629921259839
21
-3.4823237007874015
0
LINE
8
BLACK
6
CONTINUOUS
10
5.6806629921259839
20
-3.4823237007874015
11
5.6806625196850389
21
-3.4823133858267714
0
LINE
8
BLACK
6
CONTINUOUS
10
5.6806625196850389
20
-3.4823133858267714
11
5.6806625196850389
21
-3.4786204330708661
0
LINE
8
BLACK
6
CONTINUOUS
10
5.6806625196850389
20
-3.4786204330708661
11
5.6800496850393696
21
-3.472007283464567
0
LINE
8
BLACK
6
CONTINUOUS
10
5.6800496850393696
20
-3.472007283464567
11
5.6792515748031498
21
-3.4633950393700785
0
LINE
8
BLACK
6
CONTINUOUS
10
5.6792515748031498
20
-3.4633950393700785
11
5.679251535433071
21
-3.463394724409449
0
LINE
8
BLACK
6
CONTINUOUS
10
5.679251535433071
20
-3.463394724409449
11
5.6792514960629923
21
-3.4633946456692914
0
LINE
8
BLACK
6
CONTINUOUS
10
5.6792514960629923
20
-3.4633946456692914
11
5.6792514960629923
21
-3.4633943700787402
0
LINE
8
BLACK
6
CONTINUOUS
10
5.6792514960629923
20
-3.4633943700787402
11
5.6764416141732283
21
-3.448363464566929
0
LINE
8
BLACK
6
CONTINUOUS
10
5.6764416141732283
20
-3.448363464566929
11
5.6722568897637791
21
-3.4336559448818895
0
LINE
8
BLACK
6
CONTINUOUS
10
5.6722568897637791
20
-3.4336559448818895
11
5.6667329527559049
21
-3.419397283464567
0
LINE
8
BLACK
6
CONTINUOUS
10
5.6667329527559049
20
-3.419397283464567
11
5.6667327952755908
21
-3.4193969291338582
0
LINE
8
BLACK
6
CONTINUOUS
10
5.6667327952755908
20
-3.4193969291338582
11
5.6667327165354333
21
-3.4193967322834644
0
LINE
8
BLACK
6
CONTINUOUS
10
5.6667327165354333
20
-3.4193967322834644
11
5.6599173622047241
21
-3.4057097637795275
0
LINE
8
BLACK
6
CONTINUOUS
10
5.6599173622047241
20
-3.4057097637795275
11
5.6599169685039366
21
-3.40570905511811
0
LINE
8
BLACK
6
CONTINUOUS
10
5.6599169685039366
20
-3.40570905511811
11
5.6593357086614171
21
-3.4047703149606297
0
LINE
8
BLACK
6
CONTINUOUS
10
5.6593357086614171
20
-3.4047703149606297
11
5.6518671653543304
21
-3.3927081889763779
0
LINE
8
BLACK
6
CONTINUOUS
10
5.6518671653543304
20
-3.3927081889763779
11
5.6426520866141727
21
-3.3805054724409449
0
LINE
8
BLACK
6
CONTINUOUS
10
5.6426520866141727
20
-3.3805054724409449
11
5.6421869291338584
21
-3.3799952362204722
0
LINE
8
BLACK
6
CONTINUOUS
10
5.6421869291338584
20
-3.3799952362204722
11
5.6323504724409448
21
-3.3692051181102363
0
LINE
8
BLACK
6
CONTINUOUS
10
5.6323504724409448
20
-3.3692051181102363
11
5.6323503543307085
21
-3.369205
0
LINE
8
BLACK
6
CONTINUOUS
10
5.6323503543307085
20
-3.369205
11
5.6210499999999994
21
-3.3589033070866141
0
LINE
8
BLACK
6
CONTINUOUS
10
5.6210499999999994
20
-3.3589033070866141
11
5.6210498031496066
21
-3.3589031496062991
0
LINE
8
BLACK
6
CONTINUOUS
10
5.6210498031496066
20
-3.3589031496062991
11
5.6088477952755902
21
-3.3496885433070864
0
LINE
8
BLACK
6
CONTINUOUS
10
5.6088477952755902
20
-3.3496885433070864
11
5.6088470866141735
21
-3.3496880314960631
0
LINE
8
BLACK
6
CONTINUOUS
10
5.6088470866141735
20
-3.3496880314960631
11
5.5958466929133861
21
-3.3416385039370078
0
LINE
8
BLACK
6
CONTINUOUS
10
5.5958466929133861
20
-3.3416385039370078
11
5.5958466141732286
21
-3.341638464566929
0
LINE
8
BLACK
6
CONTINUOUS
10
5.5958466141732286
20
-3.341638464566929
11
5.5958464960629923
21
-3.3416383858267715
0
LINE
8
BLACK
6
CONTINUOUS
10
5.5958464960629923
20
-3.3416383858267715
11
5.5821583464566924
21
-3.3348223622047244
0
LINE
8
BLACK
6
CONTINUOUS
10
5.5821583464566924
20
-3.3348223622047244
11
5.5772915748031497
21
-3.332936929133858
0
LINE
8
BLACK
6
CONTINUOUS
10
5.5772915748031497
20
-3.332936929133858
11
5.5678999606299211
21
-3.3292985039370078
0
LINE
8
BLACK
6
CONTINUOUS
10
5.5678999606299211
20
-3.3292985039370078
11
5.5678996062992123
21
-3.3292983858267715
0
LINE
8
BLACK
6
CONTINUOUS
10
5.5678996062992123
20
-3.3292983858267715
11
5.5531923622047241
21
-3.3251136614173227
0
LINE
8
BLACK
6
CONTINUOUS
10
5.5531923622047241
20
-3.3251136614173227
11
5.5531921653543304
21
-3.3251136220472439
0
LINE
8
BLACK
6
CONTINUOUS
10
5.5531921653543304
20
-3.3251136220472439
11
5.5507203543307089
21
-3.3246515354330706
0
LINE
8
BLACK
6
CONTINUOUS
10
5.5507203543307089
20
-3.3246515354330706
11
5.5381612992125984
21
-3.3223037007874017
0
LINE
8
BLACK
6
CONTINUOUS
10
5.5381612992125984
20
-3.3223037007874017
11
5.5381610236220471
21
-3.3223036614173229
0
LINE
8
BLACK
6
CONTINUOUS
10
5.5381610236220471
20
-3.3223036614173229
11
5.5381607480314958
21
-3.3223036220472442
0
LINE
8
BLACK
6
CONTINUOUS
10
5.5381607480314958
20
-3.3223036220472442
11
5.5229354724409445
21
-3.3208925984251967
0
LINE
8
BLACK
6
CONTINUOUS
10
5.5229354724409445
20
-3.3208925984251967
11
5.5229351968503932
21
-3.3208925590551179
0
LINE
8
BLACK
6
CONTINUOUS
10
5.5229351968503932
20
-3.3208925590551179
11
5.5190089763779531
21
-3.3208925196850392
0
LINE
8
BLACK
6
CONTINUOUS
10
5.5190089763779531
20
-3.3208925196850392
11
5.5190089370078743
21
-3.3208925196850392
0
LINE
8
BLACK
6
CONTINUOUS
10
5.5190089370078743
20
-3.3208925196850392
11
5.5190088582677168
21
-3.3208925196850392
0
LINE
8
BLACK
6
CONTINUOUS
10
5.5190088582677168
20
-3.3208925196850392
11
5.5152896062992127
21
-3.3208925196850392
0
LINE
8
BLACK
6
CONTINUOUS
10
5.5152896062992127
20
-3.3208925196850392
11
5.5111545669291333
21
-3.3208924409448817
0
LINE
8
BLACK
6
CONTINUOUS
10
5.5111545669291333
20
-3.3208924409448817
11
5.5111541338582679
21
-3.3208925196850392
0
LINE
8
BLACK
6
CONTINUOUS
10
5.5111541338582679
20
-3.3208925196850392
11
5.1927621653543303
21
-3.3208925196850392
0
LINE
8
BLACK
6
CONTINUOUS
10
5.1927621653543303
20
-3.3208925196850392
11
5.1925473622047242
21
-3.3208925196850392
0
LINE
8
BLACK
6
CONTINUOUS
10
5.1925473622047242
20
-3.3208925196850392
11
5.1925200787401575
21
-3.3208935433070867
0
LINE
8
BLACK
6
CONTINUOUS
10
5.1925200787401575
20
-3.3208935433070867
11
5.1880044881889766
21
-3.3208935433070867
0
LINE
8
BLACK
6
CONTINUOUS
10
5.1880044881889766
20
-3.3208935433070867
11
5.1710942913385827
21
-3.3221028346456691
0
LINE
8
BLACK
6
CONTINUOUS
10
5.1710942913385827
20
-3.3221028346456691
11
5.1543109448818898
21
-3.3245157874015749
0
LINE
8
BLACK
6
CONTINUOUS
10
5.1543109448818898
20
-3.3245157874015749
11
5.1377448818897635
21
-3.3281193700787401
0
LINE
8
BLACK
6
CONTINUOUS
10
5.1377448818897635
20
-3.3281193700787401
11
5.137744488188976
21
-3.3281194881889764
0
LINE
8
BLACK
6
CONTINUOUS
10
5.137744488188976
20
-3.3281194881889764
11
5.1337292913385824
21
-3.3292984251968503
0
LINE
8
BLACK
6
CONTINUOUS
10
5.1337292913385824
20
-3.3292984251968503
11
5.1228010629921261
21
-3.3325071653543308
0
LINE
8
BLACK
6
CONTINUOUS
10
5.1228010629921261
20
-3.3325071653543308
11
5.1214764173228344
21
-3.3328961023622048
0
LINE
8
BLACK
6
CONTINUOUS
10
5.1214764173228344
20
-3.3328961023622048
11
5.1055907874015745
21
-3.3388210236220472
0
LINE
8
BLACK
6
CONTINUOUS
10
5.1055907874015745
20
-3.3388210236220472
11
5.1055906299212594
21
-3.3388211023622048
0
LINE
8
BLACK
6
CONTINUOUS
10
5.1055906299212594
20
-3.3388211023622048
11
5.0901686614173229
21
-3.3458638976377952
0
LINE
8
BLACK
6
CONTINUOUS
10
5.0901686614173229
20
-3.3458638976377952
11
5.0752878740157481
21
-3.3539892519685037
0
LINE
8
BLACK
6
CONTINUOUS
10
5.0752878740157481
20
-3.3539892519685037
11
5.0752875590551181
21
-3.3539894488188975
0
LINE
8
BLACK
6
CONTINUOUS
10
5.0752875590551181
20
-3.3539894488188975
11
5.0610246456692911
21
-3.3631555511811024
0
LINE
8
BLACK
6
CONTINUOUS
10
5.0610246456692911
20
-3.3631555511811024
11
5.0610243700787398
21
-3.3631557480314962
0
LINE
8
BLACK
6
CONTINUOUS
10
5.0610243700787398
20
-3.3631557480314962
11
5.0474516929133859
21
-3.3733159842519682
0
LINE
8
BLACK
6
CONTINUOUS
10
5.0474516929133859
20
-3.3733159842519682
11
5.0346385039370078
21
-3.3844184645669291
0
LINE
8
BLACK
6
CONTINUOUS
10
5.0346385039370078
20
-3.3844184645669291
11
5.0346380708661416
21
-3.3844188976377954
0
LINE
8
BLACK
6
CONTINUOUS
10
5.0346380708661416
20
-3.3844188976377954
11
5.0286436614173224
21
-3.3904132283464565
0
LINE
8
BLACK
6
CONTINUOUS
10
5.0286436614173224
20
-3.3904132283464565
11
5.0286436614173224
21
-3.3904131889763778
0
LINE
8
BLACK
6
CONTINUOUS
10
5.0286436614173224
20
-3.3904131889763778
11
5.0257196850393697
21
-3.393337086614173
0
LINE
8
BLACK
6
CONTINUOUS
10
5.0257196850393697
20
-3.393337086614173
11
5.0257194094488185
21
-3.393337401574803
0
LINE
8
BLACK
6
CONTINUOUS
10
5.0257194094488185
20
-3.393337401574803
11
5.0255717716535431
21
-3.3934850787401576
0
LINE
8
BLACK
6
CONTINUOUS
10
5.0255717716535431
20
-3.3934850787401576
11
5.0255717322834643
21
-3.3934851181102363
0
LINE
8
BLACK
6
CONTINUOUS
10
5.0255717322834643
20
-3.3934851181102363
11
4.998058976377953
21
-3.4209978346456693
0
LINE
8
BLACK
6
CONTINUOUS
10
4.998058976377953
20
-3.4209978346456693
11
4.9977207480314956
21
-3.4213105118110234
0
LINE
8
BLACK
6
CONTINUOUS
10
4.9977207480314956
20
-3.4213105118110234
11
4.9925456692913386
21
-3.425730433070866
0
LINE
8
BLACK
6
CONTINUOUS
10
4.9925456692913386
20
-3.425730433070866
11
4.9918009842519684
21
-3.4262714566929131
0
LINE
8
BLACK
6
CONTINUOUS
10
4.9918009842519684
20
-3.4262714566929131
11
4.9861947637795279
21
-3.429706968503937
0
LINE
8
BLACK
6
CONTINUOUS
10
4.9861947637795279
20
-3.429706968503937
11
4.9853746062992128
21
-3.4301248818897636
0
LINE
8
BLACK
6
CONTINUOUS
10
4.9853746062992128
20
-3.4301248818897636
11
4.9793001181102365
21
-3.432641062992126
0
LINE
8
BLACK
6
CONTINUOUS
10
4.9793001181102365
20
-3.432641062992126
11
4.9784246850393696
21
-3.4329255118110233
0
LINE
8
BLACK
6
CONTINUOUS
10
4.9784246850393696
20
-3.4329255118110233
11
4.9720312992125981
21
-3.4344605118110234
0
LINE
8
BLACK
6
CONTINUOUS
10
4.9720312992125981
20
-3.4344605118110234
11
4.9711221653543305
21
-3.4346045275590549
0
LINE
8
BLACK
6
CONTINUOUS
10
4.9711221653543305
20
-3.4346045275590549
11
4.9643421653543305
21
-3.4351382283464567
0
LINE
8
BLACK
6
CONTINUOUS
10
4.9643421653543305
20
-3.4351382283464567
11
4.9638818110236222
21
-3.4351562992125984
0
LINE
8
BLACK
6
CONTINUOUS
10
4.9638818110236222
20
-3.4351562992125984
11
4.5709523622047241
21
-3.4351562992125984
0
LINE
8
BLACK
6
CONTINUOUS
10
4.5709523622047241
20
-3.4351562992125984
11
4.5706955118110235
21
-3.4351562598425196
0
LINE
8
BLACK
6
CONTINUOUS
10
4.5706955118110235
20
-3.4351562598425196
11
4.5706948818897635
21
-3.4351561811023621
0
LINE
8
BLACK
6
CONTINUOUS
10
4.5706948818897635
20
-3.4351561811023621
11
4.5677117322834642
21
-3.4351562204724408
0
LINE
8
BLACK
6
CONTINUOUS
10
4.5677117322834642
20
-3.4351562204724408
11
4.5667901574803151
21
-3.4351562204724408
0
LINE
8
BLACK
6
CONTINUOUS
10
4.5667901574803151
20
-3.4351562204724408
11
4.5667901181102364
21
-3.4351561811023621
0
LINE
8
BLACK
6
CONTINUOUS
10
4.5667901181102364
20
-3.4351561811023621
11
4.566330118110236
21
-3.4351381496062992
0
LINE
8
BLACK
6
CONTINUOUS
10
4.566330118110236
20
-3.4351381496062992
11
4.559545
21
-3.4346042519685041
0
LINE
8
BLACK
6
CONTINUOUS
10
4.559545
20
-3.4346042519685041
11
4.5586357874015748
21
-3.4344602362204726
0
LINE
8
BLACK
6
CONTINUOUS
10
4.5586357874015748
20
-3.4344602362204726
11
4.55224311023622
21
-3.4329255511811021
0
LINE
8
BLACK
6
CONTINUOUS
10
4.55224311023622
20
-3.4329255511811021
11
4.551367677165354
21
-3.4326411417322835
0
LINE
8
BLACK
6
CONTINUOUS
10
4.551367677165354
20
-3.4326411417322835
11
4.5452931102362202
21
-3.4301250787401574
0
LINE
8
BLACK
6
CONTINUOUS
10
4.5452931102362202
20
-3.4301250787401574
11
4.5444730708661414
21
-3.4297072440944882
0
LINE
8
BLACK
6
CONTINUOUS
10
4.5444730708661414
20
-3.4297072440944882
11
4.5388668897637796
21
-3.4262718503937006
0
LINE
8
BLACK
6
CONTINUOUS
10
4.5388668897637796
20
-3.4262718503937006
11
4.5381222834645669
21
-3.4257308267716535
0
LINE
8
BLACK
6
CONTINUOUS
10
4.5381222834645669
20
-3.4257308267716535
11
4.5329527559055114
21
-3.4213156299212599
0
LINE
8
BLACK
6
CONTINUOUS
10
4.5329527559055114
20
-3.4213156299212599
11
4.5326151968503936
21
-3.4210036220472442
0
LINE
8
BLACK
6
CONTINUOUS
10
4.5326151968503936
20
-3.4210036220472442
11
4.529848346456693
21
-3.4182367716535431
0
LINE
8
BLACK
6
CONTINUOUS
10
4.529848346456693
20
-3.4182367716535431
11
4.5298483070866142
21
-3.4182367322834644
0
LINE
8
BLACK
6
CONTINUOUS
10
4.5298483070866142
20
-3.4182367322834644
11
4.5297014173228343
21
-3.4180898425196848
0
LINE
8
BLACK
6
CONTINUOUS
10
4.5297014173228343
20
-3.4180898425196848
11
4.5297008267716539
21
-3.4180892913385827
0
LINE
8
BLACK
6
CONTINUOUS
10
4.5297008267716539
20
-3.4180892913385827
11
4.4743489763779527
21
-3.3627374015748033
0
LINE
8
BLACK
6
CONTINUOUS
10
4.4743489763779527
20
-3.3627374015748033
11
4.4740363385826774
21
-3.3623991732283462
0
LINE
8
BLACK
6
CONTINUOUS
10
4.4740363385826774
20
-3.3623991732283462
11
4.4696161811023618
21
-3.3572238976377951
0
LINE
8
BLACK
6
CONTINUOUS
10
4.4696161811023618
20
-3.3572238976377951
11
4.4690750787401576
21
-3.3564791732283465
0
LINE
8
BLACK
6
CONTINUOUS
10
4.4690750787401576
20
-3.3564791732283465
11
4.4656397637795271
21
-3.3508732283464564
0
LINE
8
BLACK
6
CONTINUOUS
10
4.4656397637795271
20
-3.3508732283464564
11
4.4652218897637797
21
-3.350053031496063
0
LINE
8
BLACK
6
CONTINUOUS
10
4.4652218897637797
20
-3.350053031496063
11
4.462705905511811
21
-3.3439787795275588
0
LINE
8
BLACK
6
CONTINUOUS
10
4.462705905511811
20
-3.3439787795275588
11
4.4624216141732278
21
-3.3431038976377954
0
LINE
8
BLACK
6
CONTINUOUS
10
4.4624216141732278
20
-3.3431038976377954
11
4.4608867322834644
21
-3.3367106692913384
0
LINE
8
BLACK
6
CONTINUOUS
10
4.4608867322834644
20
-3.3367106692913384
11
4.4607427559055113
21
-3.3358014566929133
0
LINE
8
BLACK
6
CONTINUOUS
10
4.4607427559055113
20
-3.3358014566929133
11
4.4606259842519682
21
-3.3343177165354332
0
LINE
8
BLACK
6
CONTINUOUS
10
4.4606259842519682
20
-3.3343177165354332
11
4.4602085826771649
21
-3.3290134251968504
0
LINE
8
BLACK
6
CONTINUOUS
10
4.4602085826771649
20
-3.3290134251968504
11
4.4601905511811024
21
-3.3285533070866142
0
LINE
8
BLACK
6
CONTINUOUS
10
4.4601905511811024
20
-3.3285533070866142
11
4.4601905511811024
21
-3.3252323228346454
0
LINE
8
BLACK
6
CONTINUOUS
10
4.4601905511811024
20
-3.3252323228346454
11
4.4601905905511812
21
-3.3246517716535431
0
LINE
8
BLACK
6
CONTINUOUS
10
4.4601905905511812
20
-3.3246517716535431
11
4.4601905511811024
21
-3.3246515354330706
0
LINE
8
BLACK
6
CONTINUOUS
10
4.4601905511811024
20
-3.3246515354330706
11
4.4601905511811024
21
-3.2928668503937009
0
LINE
8
BLACK
6
CONTINUOUS
10
4.4601905511811024
20
-3.2928668503937009
11
4.4601905511811024
21
-3.2382694881889762
0
LINE
8
BLACK
6
CONTINUOUS
10
4.4601905511811024
20
-3.2382694881889762
11
4.4602086220472437
21
-3.237809212598425
0
LINE
8
BLACK
6
CONTINUOUS
10
4.4602086220472437
20
-3.237809212598425
11
4.4603259448818893
21
-3.2363187795275592
0
LINE
8
BLACK
6
CONTINUOUS
10
4.4603259448818893
20
-3.2363187795275592
11
4.4607427165354325
21
-3.2310233858267714
0
LINE
8
BLACK
6
CONTINUOUS
10
4.4607427165354325
20
-3.2310233858267714
11
4.4608866141732282
21
-3.2301150393700788
0
LINE
8
BLACK
6
CONTINUOUS
10
4.4608866141732282
20
-3.2301150393700788
11
4.4624217716535428
21
-3.2237208267716535
0
LINE
8
BLACK
6
CONTINUOUS
10
4.4624217716535428
20
-3.2237208267716535
11
4.4627059448818898
21
-3.2228463385826771
0
LINE
8
BLACK
6
CONTINUOUS
10
4.4627059448818898
20
-3.2228463385826771
11
4.4652224015748034
21
-3.2167711023622045
0
LINE
8
BLACK
6
CONTINUOUS
10
4.4652224015748034
20
-3.2167711023622045
11
4.4656401181102359
21
-3.2159513779527558
0
LINE
8
BLACK
6
CONTINUOUS
10
4.4656401181102359
20
-3.2159513779527558
11
4.4690755511811027
21
-3.2103452755905511
0
LINE
8
BLACK
6
CONTINUOUS
10
4.4690755511811027
20
-3.2103452755905511
11
4.4696163779527556
21
-3.2096007874015746
0
LINE
8
BLACK
6
CONTINUOUS
10
4.4696163779527556
20
-3.2096007874015746
11
4.4740402362204721
21
-3.2044211023622045
0
LINE
8
BLACK
6
CONTINUOUS
10
4.4740402362204721
20
-3.2044211023622045
11
4.4743518503937008
21
-3.2040840157480313
0
LINE
8
BLACK
6
CONTINUOUS
10
4.4743518503937008
20
-3.2040840157480313
11
4.5118712598425192
21
-3.1665647244094486
0
LINE
8
BLACK
6
CONTINUOUS
10
4.5118712598425192
20
-3.1665647244094486
11
4.511871299212598
21
-3.1665646062992123
0
LINE
8
BLACK
6
CONTINUOUS
10
4.511871299212598
20
-3.1665646062992123
11
4.5122053543307086
21
-3.1662305905511809
0
LINE
8
BLACK
6
CONTINUOUS
10
4.5122053543307086
20
-3.1662305905511809
11
4.5122055511811023
21
-3.1662303149606297
0
LINE
8
BLACK
6
CONTINUOUS
10
4.5122055511811023
20
-3.1662303149606297
11
4.5328938976377948
21
-3.1455420472440943
0
LINE
8
BLACK
6
CONTINUOUS
10
4.5328938976377948
20
-3.1455420472440943
11
4.5328939370078736
21
-3.145541929133858
0
LINE
8
BLACK
6
CONTINUOUS
10
4.5328939370078736
20
-3.145541929133858
11
4.5332279921259842
21
-3.1452079133858266
0
LINE
8
BLACK
6
CONTINUOUS
10
4.5332279921259842
20
-3.1452079133858266
11
4.5332281889763779
21
-3.1452076377952753
0
LINE
8
BLACK
6
CONTINUOUS
10
4.5332281889763779
20
-3.1452076377952753
11
4.5636581889763779
21
-3.1147777165354329
0
LINE
8
BLACK
6
CONTINUOUS
10
4.5636581889763779
20
-3.1147777165354329
11
4.5636582283464566
21
-3.1147775984251966
0
LINE
8
BLACK
6
CONTINUOUS
10
4.5636582283464566
20
-3.1147775984251966
11
4.5639922834645672
21
-3.1144435826771653
0
LINE
8
BLACK
6
CONTINUOUS
10
4.5639922834645672
20
-3.1144435826771653
11
4.563992480314961
21
-3.114443307086614
0
LINE
8
BLACK
6
CONTINUOUS
10
4.563992480314961
20
-3.114443307086614
11
4.5890653149606297
21
-3.0893705118110235
0
LINE
8
BLACK
6
CONTINUOUS
10
4.5890653149606297
20
-3.0893705118110235
11
4.5905499606299207
21
-3.0882918897637794
0
LINE
8
BLACK
6
CONTINUOUS
10
4.5905499606299207
20
-3.0882918897637794
11
4.5974389763779531
21
-3.0847817716535433
0
LINE
8
BLACK
6
CONTINUOUS
10
4.5974389763779531
20
-3.0847817716535433
11
4.603959015748031
21
-3.0800447244094489
0
LINE
8
BLACK
6
CONTINUOUS
10
4.603959015748031
20
-3.0800447244094489
11
4.6096577165354331
21
-3.0743460236220472
0
LINE
8
BLACK
6
CONTINUOUS
10
4.6096577165354331
20
-3.0743460236220472
11
4.6143947637795275
21
-3.0678259842519684
0
LINE
8
BLACK
6
CONTINUOUS
10
4.6143947637795275
20
-3.0678259842519684
11
4.6180535433070862
21
-3.0606452362204726
0
LINE
8
BLACK
6
CONTINUOUS
10
4.6180535433070862
20
-3.0606452362204726
11
4.6205439763779523
21
-3.0529804724409448
0
LINE
8
BLACK
6
CONTINUOUS
10
4.6205439763779523
20
-3.0529804724409448
11
4.6218047244094489
21
-3.0450205511811022
0
LINE
8
BLACK
6
CONTINUOUS
10
4.6218047244094489
20
-3.0450205511811022
11
4.6218047244094489
21
-3.0369613385826773
0
LINE
8
BLACK
6
CONTINUOUS
10
4.6218047244094489
20
-3.0369613385826773
11
4.6205439763779523
21
-3.0290014173228346
0
LINE
8
BLACK
6
CONTINUOUS
10
4.6205439763779523
20
-3.0290014173228346
11
4.6181547637795273
21
-3.0216482677165355
0
LINE
8
BLACK
6
CONTINUOUS
10
4.6181547637795273
20
-3.0216482677165355
11
4.6178677165354332
21
-3.0198355905511809
0
LINE
8
BLACK
6
CONTINUOUS
10
4.6178677165354332
20
-3.0198355905511809
11
4.6178677165354332
21
-2.7419834645669292
0
LINE
8
BLACK
6
CONTINUOUS
10
4.6178677165354332
20
-2.7419834645669292
11
4.6178667716535431
21
-2.7419603543307085
0
LINE
8
BLACK
6
CONTINUOUS
10
4.6178667716535431
20
-2.7419603543307085
11
4.6178668110236218
21
-2.7394558267716533
0
LINE
8
BLACK
6
CONTINUOUS
10
4.6178668110236218
20
-2.7394558267716533
11
4.6178668503937006
21
-2.7377612992125981
0
LINE
8
BLACK
6
CONTINUOUS
10
4.6178668503937006
20
-2.7377612992125981
11
4.6165849999999997
21
-2.7214717322834643
0
LINE
8
BLACK
6
CONTINUOUS
10
4.6165849999999997
20
-2.7214717322834643
11
4.6140290157480317
21
-2.7053329527559056
0
LINE
8
BLACK
6
CONTINUOUS
10
4.6140290157480317
20
-2.7053329527559056
11
4.6102146456692914
21
-2.6894444881889763
0
LINE
8
BLACK
6
CONTINUOUS
10
4.6102146456692914
20
-2.6894444881889763
11
4.6051654724409445
21
-2.6739042519685037
0
LINE
8
BLACK
6
CONTINUOUS
10
4.6051654724409445
20
-2.6739042519685037
11
4.5989125590551181
21
-2.6588080708661415
0
LINE
8
BLACK
6
CONTINUOUS
10
4.5989125590551181
20
-2.6588080708661415
11
4.5989124409448818
21
-2.6588078740157481
0
LINE
8
BLACK
6
CONTINUOUS
10
4.5989124409448818
20
-2.6588078740157481
11
4.5989123622047243
21
-2.6588076377952756
0
LINE
8
BLACK
6
CONTINUOUS
10
4.5989123622047243
20
-2.6588076377952756
11
4.5989123228346456
21
-2.6588075590551181
0
LINE
8
BLACK
6
CONTINUOUS
10
4.5989123228346456
20
-2.6588075590551181
11
4.5914944881889763
21
-2.6442491338582679
0
LINE
8
BLACK
6
CONTINUOUS
10
4.5914944881889763
20
-2.6442491338582679
11
4.5914944488188976
21
-2.6442490551181104
0
LINE
8
BLACK
6
CONTINUOUS
10
4.5914944488188976
20
-2.6442490551181104
11
4.5829569685039369
21
-2.6303169291338584
0
LINE
8
BLACK
6
CONTINUOUS
10
4.5829569685039369
20
-2.6303169291338584
11
4.5733526377952751
21
-2.6170975984251967
0
LINE
8
BLACK
6
CONTINUOUS
10
4.5733526377952751
20
-2.6170975984251967
11
4.5663677165354333
21
-2.6089192125984253
0
LINE
8
BLACK
6
CONTINUOUS
10
4.5663677165354333
20
-2.6089192125984253
11
4.5644240944881886
21
-2.6066435039370077
0
LINE
8
BLACK
6
CONTINUOUS
10
4.5644240944881886
20
-2.6066435039370077
11
4.5631168503937003
21
-2.6039027559055117
0
LINE
8
BLACK
6
CONTINUOUS
10
4.5631168503937003
20
-2.6039027559055117
11
4.5633551181102359
21
-2.6008755905511811
0
LINE
8
BLACK
6
CONTINUOUS
10
4.5633551181102359
20
-2.6008755905511811
11
4.563883070866142
21
-2.5997687007874015
0
LINE
8
BLACK
6
CONTINUOUS
10
4.563883070866142
20
-2.5997687007874015
11
4.5650300000000001
21
-2.5978970866141733
0
LINE
8
BLACK
6
CONTINUOUS
10
4.5650300000000001
20
-2.5978970866141733
11
4.5688337795275586
21
-2.5916899606299211
0
LINE
8
BLACK
6
CONTINUOUS
10
4.5688337795275586
20
-2.5916899606299211
11
4.5768121259842518
21
-2.5760315748031495
0
LINE
8
BLACK
6
CONTINUOUS
10
4.5768121259842518
20
-2.5760315748031495
11
4.5835373228346459
21
-2.5597954724409449
0
LINE
8
BLACK
6
CONTINUOUS
10
4.5835373228346459
20
-2.5597954724409449
11
4.5889679133858268
21
-2.5430817716535432
0
LINE
8
BLACK
6
CONTINUOUS
10
4.5889679133858268
20
-2.5430817716535432
11
4.593070472440945
21
-2.5259935433070866
0
LINE
8
BLACK
6
CONTINUOUS
10
4.593070472440945
20
-2.5259935433070866
11
4.5958196062992123
21
-2.5086360629921258
0
LINE
8
BLACK
6
CONTINUOUS
10
4.5958196062992123
20
-2.5086360629921258
11
4.5971984251968498
21
-2.4911164173228344
0
LINE
8
BLACK
6
CONTINUOUS
10
4.5971984251968498
20
-2.4911164173228344
11
4.5971984251968498
21
-2.4735426377952754
0
LINE
8
BLACK
6
CONTINUOUS
10
4.5971984251968498
20
-2.4735426377952754
11
4.5958196062992123
21
-2.4560229921259844
0
LINE
8
BLACK
6
CONTINUOUS
10
4.5958196062992123
20
-2.4560229921259844
11
4.593070472440945
21
-2.4386655118110236
0
LINE
8
BLACK
6
CONTINUOUS
10
4.593070472440945
20
-2.4386655118110236
11
4.5889679133858268
21
-2.421577283464567
0
LINE
8
BLACK
6
CONTINUOUS
10
4.5889679133858268
20
-2.421577283464567
11
4.5835373228346459
21
-2.4048635826771654
0
LINE
8
BLACK
6
CONTINUOUS
10
4.5835373228346459
20
-2.4048635826771654
11
4.5768121259842518
21
-2.3886274803149607
0
LINE
8
BLACK
6
CONTINUOUS
10
4.5768121259842518
20
-2.3886274803149607
11
4.5729204330708662
21
-2.3809896456692914
0
LINE
8
BLACK
6
CONTINUOUS
10
4.5729204330708662
20
-2.3809896456692914
11
4.5722891338582672
21
-2.3780195275590552
0
LINE
8
BLACK
6
CONTINUOUS
10
4.5722891338582672
20
-2.3780195275590552
11
4.5732274803149604
21
-2.3751316141732284
0
LINE
8
BLACK
6
CONTINUOUS
10
4.5732274803149604
20
-2.3751316141732284
11
4.5739990551181098
21
-2.3741787401574803
0
LINE
8
BLACK
6
CONTINUOUS
10
4.5739990551181098
20
-2.3741787401574803
11
4.5920187795275593
21
-2.3561590157480317
0
LINE
8
BLACK
6
CONTINUOUS
10
4.5920187795275593
20
-2.3561590157480317
11
4.5921672834645673
21
-2.356015748031496
0
LINE
8
BLACK
6
CONTINUOUS
10
4.5921672834645673
20
-2.356015748031496
11
4.604881220472441
21
-2.3441787007874013
0
LINE
8
BLACK
6
CONTINUOUS
10
4.604881220472441
20
-2.3441787007874013
11
4.6051969685039369
21
-2.3439051968503937
0
LINE
8
BLACK
6
CONTINUOUS
10
4.6051969685039369
20
-2.3439051968503937
11
4.6053685826771655
21
-2.3437669291338583
0
LINE
8
BLACK
6
CONTINUOUS
10
4.6053685826771655
20
-2.3437669291338583
11
4.6186400000000001
21
-2.3330721653543307
0
LINE
8
BLACK
6
CONTINUOUS
10
4.6186400000000001
20
-2.3330721653543307
11
4.6189746062992123
21
-2.3328216535433071
0
LINE
8
BLACK
6
CONTINUOUS
10
4.6189746062992123
20
-2.3328216535433071
11
4.6331570866141734
21
-2.3229746456692912
0
LINE
8
BLACK
6
CONTINUOUS
10
4.6331570866141734
20
-2.3229746456692912
11
4.6335078740157476
21
-2.322749212598425
0
LINE
8
BLACK
6
CONTINUOUS
10
4.6335078740157476
20
-2.322749212598425
11
4.6483574015748035
21
-2.313938661417323
0
LINE
8
BLACK
6
CONTINUOUS
10
4.6483574015748035
20
-2.313938661417323
11
4.6487239763779531
21
-2.313738503937008
0
LINE
8
BLACK
6
CONTINUOUS
10
4.6487239763779531
20
-2.313738503937008
11
4.6641630314960629
21
-2.3060103543307084
0
LINE
8
BLACK
6
CONTINUOUS
10
4.6641630314960629
20
-2.3060103543307084
11
4.6645432283464565
21
-2.3058367322834643
0
LINE
8
BLACK
6
CONTINUOUS
10
4.6645432283464565
20
-2.3058367322834643
11
4.6804945275590546
21
-2.2992295669291338
0
LINE
8
BLACK
6
CONTINUOUS
10
4.6804945275590546
20
-2.2992295669291338
11
4.6808850787401575
21
-2.2990838976377952
0
LINE
8
BLACK
6
CONTINUOUS
10
4.6808850787401575
20
-2.2990838976377952
11
4.6972680708661416
21
-2.293631181102362
0
LINE
8
BLACK
6
CONTINUOUS
10
4.6972680708661416
20
-2.293631181102362
11
4.697667677165354
21
-2.2935138582677164
0
LINE
8
BLACK
6
CONTINUOUS
10
4.697667677165354
20
-2.2935138582677164
11
4.714397834645669
21
-2.2892437795275589
0
LINE
8
BLACK
6
CONTINUOUS
10
4.714397834645669
20
-2.2892437795275589
11
4.7148054724409452
21
-2.2891551181102363
0
LINE
8
BLACK
6
CONTINUOUS
10
4.7148054724409452
20
-2.2891551181102363
11
4.7317972834645667
21
-2.2860895275590551
0
LINE
8
BLACK
6
CONTINUOUS
10
4.7317972834645667
20
-2.2860895275590551
11
4.7322110236220469
21
-2.2860300787401573
0
LINE
8
BLACK
6
CONTINUOUS
10
4.7322110236220469
20
-2.2860300787401573
11
4.7493767716535435
21
-2.2841846456692911
0
LINE
8
BLACK
6
CONTINUOUS
10
4.7493767716535435
20
-2.2841846456692911
11
4.749794015748031
21
-2.2841548031496064
0
LINE
8
BLACK
6
CONTINUOUS
10
4.749794015748031
20
-2.2841548031496064
11
4.7608576771653546
21
-2.2837597244094487
0
LINE
8
BLACK
6
CONTINUOUS
10
4.7608576771653546
20
-2.2837597244094487
11
4.7671779921259843
21
-2.28353405511811
0
LINE
8
BLACK
6
CONTINUOUS
10
4.7671779921259843
20
-2.28353405511811
11
4.7673873228346455
21
-2.2835303149606299
0
LINE
8
BLACK
6
CONTINUOUS
10
4.7673873228346455
20
-2.2835303149606299
11
4.7709429133858263
21
-2.2835303149606299
0
LINE
8
BLACK
6
CONTINUOUS
10
4.7709429133858263
20
-2.2835303149606299
11
5.1548844881889764
21
-2.2835303149606299
0
LINE
8
BLACK
6
CONTINUOUS
10
5.1548844881889764
20
-2.2835303149606299
11
5.1548846850393701
21
-2.2835303543307086
0
LINE
8
BLACK
6
CONTINUOUS
10
5.1548846850393701
20
-2.2835303543307086
11
5.1583784251968501
21
-2.2835303149606299
0
LINE
8
BLACK
6
CONTINUOUS
10
5.1583784251968501
20
-2.2835303149606299
11
5.158761929133858
21
-2.2835428346456692
0
LINE
8
BLACK
6
CONTINUOUS
10
5.158761929133858
20
-2.2835428346456692
11
5.1664612204724412
21
-2.2840474409448817
0
LINE
8
BLACK
6
CONTINUOUS
10
5.1664612204724412
20
-2.2840474409448817
11
5.1672215748031496
21
-2.2841475590551181
0
LINE
8
BLACK
6
CONTINUOUS
10
5.1672215748031496
20
-2.2841475590551181
11
5.1746005511811024
21
-2.2856152755905512
0
LINE
8
BLACK
6
CONTINUOUS
10
5.1746005511811024
20
-2.2856152755905512
11
5.1753407874015744
21
-2.2858135826771653
0
LINE
8
BLACK
6
CONTINUOUS
10
5.1753407874015744
20
-2.2858135826771653
11
5.1824655905511809
21
-2.288232086614173
0
LINE
8
BLACK
6
CONTINUOUS
10
5.1824655905511809
20
-2.288232086614173
11
5.1831740551181102
21
-2.2885255511811025
0
LINE
8
BLACK
6
CONTINUOUS
10
5.1831740551181102
20
-2.2885255511811025
11
5.1870042519685038
21
-2.290414409448819
0
LINE
8
BLACK
6
CONTINUOUS
10
5.1870042519685038
20
-2.290414409448819
11
5.1892872047244092
21
-2.2924164960629922
0
LINE
8
BLACK
6
CONTINUOUS
10
5.1892872047244092
20
-2.2924164960629922
11
5.190263267716535
21
-2.2952918897637793
0
LINE
8
BLACK
6
CONTINUOUS
10
5.190263267716535
20
-2.2952918897637793
11
5.1902256299212599
21
-2.2964412204724409
0
LINE
8
BLACK
6
CONTINUOUS
10
5.1902256299212599
20
-2.2964412204724409
11
5.18967874015748
21
-2.3005952362204725
0
LINE
8
BLACK
6
CONTINUOUS
10
5.18967874015748
20
-2.3005952362204725
11
5.18967874015748
21
-2.3097330708661419
0
LINE
8
BLACK
6
CONTINUOUS
10
5.18967874015748
20
-2.3097330708661419
11
5.1908712992125983
21
-2.3187916535433071
0
LINE
8
BLACK
6
CONTINUOUS
10
5.1908712992125983
20
-2.3187916535433071
11
5.1908712992125983
21
-2.3187916929133858
0
LINE
8
BLACK
6
CONTINUOUS
10
5.1908712992125983
20
-2.3187916929133858
11
5.1923384645669293
21
-2.3242672047244093
0
LINE
8
BLACK
6
CONTINUOUS
10
5.1923384645669293
20
-2.3242672047244093
11
5.1932363385826772
21
-2.3276181102362203
0
LINE
8
BLACK
6
CONTINUOUS
10
5.1932363385826772
20
-2.3276181102362203
11
5.1967330708661414
21
-2.3360599212598423
0
LINE
8
BLACK
6
CONTINUOUS
10
5.1967330708661414
20
-2.3360599212598423
11
5.1967331889763777
21
-2.3360601574803148
0
LINE
8
BLACK
6
CONTINUOUS
10
5.1967331889763777
20
-2.3360601574803148
11
5.1967332283464565
21
-2.3360601968503936
0
LINE
8
BLACK
6
CONTINUOUS
10
5.1967332283464565
20
-2.3360601968503936
11
5.2013016141732287
21
-2.343972992125984
0
LINE
8
BLACK
6
CONTINUOUS
10
5.2013016141732287
20
-2.343972992125984
11
5.2013018110236215
21
-2.343973307086614
0
LINE
8
BLACK
6
CONTINUOUS
10
5.2013018110236215
20
-2.343973307086614
11
5.2068642125984255
21
-2.3512223228346456
0
LINE
8
BLACK
6
CONTINUOUS
10
5.2068642125984255
20
-2.3512223228346456
11
5.2133253149606302
21
-2.3576834251968504
0
LINE
8
BLACK
6
CONTINUOUS
10
5.2133253149606302
20
-2.3576834251968504
11
5.2149025984251969
21
-2.3588937007874016
0
LINE
8
BLACK
6
CONTINUOUS
10
5.2149025984251969
20
-2.3588937007874016
11
5.2205742913385826
21
-2.3632457874015746
0
LINE
8
BLACK
6
CONTINUOUS
10
5.2205742913385826
20
-2.3632457874015746
11
5.2205746062992127
21
-2.3632459842519684
0
LINE
8
BLACK
6
CONTINUOUS
10
5.2205746062992127
20
-2.3632459842519684
11
5.223588818897638
21
-2.3649862204724408
0
LINE
8
BLACK
6
CONTINUOUS
10
5.223588818897638
20
-2.3649862204724408
11
5.2284877165354331
21
-2.3678145669291339
0
LINE
8
BLACK
6
CONTINUOUS
10
5.2284877165354331
20
-2.3678145669291339
11
5.2369295275590551
21
-2.3713112992125982
0
LINE
8
BLACK
6
CONTINUOUS
10
5.2369295275590551
20
-2.3713112992125982
11
5.2457555511811025
21
-2.3736762204724409
0
LINE
8
BLACK
6
CONTINUOUS
10
5.2457555511811025
20
-2.3736762204724409
11
5.2457557086614175
21
-2.3736762204724409
0
LINE
8
BLACK
6
CONTINUOUS
10
5.2457557086614175
20
-2.3736762204724409
11
5.24575594488189
21
-2.3736762992125984
0
LINE
8
BLACK
6
CONTINUOUS
10
5.24575594488189
20
-2.3736762992125984
11
5.2517301181102365
21
-2.3744627952755906
0
LINE
8
BLACK
6
CONTINUOUS
10
5.2517301181102365
20
-2.3744627952755906
11
5.2548147637795273
21
-2.3748688976377954
0
LINE
8
BLACK
6
CONTINUOUS
10
5.2548147637795273
20
-2.3748688976377954
11
5.2639521653543309
21
-2.3748688976377954
0
LINE
8
BLACK
6
CONTINUOUS
10
5.2639521653543309
20
-2.3748688976377954
11
5.2674167716535436
21
-2.3744127559055119
0
LINE
8
BLACK
6
CONTINUOUS
10
5.2674167716535436
20
-2.3744127559055119
11
5.2730109448818894
21
-2.3736762992125984
0
LINE
8
BLACK
6
CONTINUOUS
10
5.2730109448818894
20
-2.3736762992125984
11
5.2730109842519681
21
-2.3736762992125984
0
LINE
8
BLACK
6
CONTINUOUS
10
5.2730109842519681
20
-2.3736762992125984
11
5.2730111811023619
21
-2.3736762204724409
0
LINE
8
BLACK
6
CONTINUOUS
10
5.2730111811023619
20
-2.3736762204724409
11
5.2730113779527557
21
-2.3736762204724409
0
LINE
8
BLACK
6
CONTINUOUS
10
5.2730113779527557
20
-2.3736762204724409
11
5.2818374015748031
21
-2.3713112992125982
0
LINE
8
BLACK
6
CONTINUOUS
10
5.2818374015748031
20
-2.3713112992125982
11
5.290279212598425
21
-2.3678145669291339
0
LINE
8
BLACK
6
CONTINUOUS
10
5.290279212598425
20
-2.3678145669291339
11
5.2981924409448817
21
-2.3632459055118109
0
LINE
8
BLACK
6
CONTINUOUS
10
5.2981924409448817
20
-2.3632459055118109
11
5.3054416141732279
21
-2.3576834251968504
0
LINE
8
BLACK
6
CONTINUOUS
10
5.3054416141732279
20
-2.3576834251968504
11
5.3119027165354327
21
-2.3512223228346456
0
LINE
8
BLACK
6
CONTINUOUS
10
5.3119027165354327
20
-2.3512223228346456
11
5.3174651968503932
21
-2.343973149606299
0
LINE
8
BLACK
6
CONTINUOUS
10
5.3174651968503932
20
-2.343973149606299
11
5.3220338582677167
21
-2.3360599212598423
0
LINE
8
BLACK
6
CONTINUOUS
10
5.3220338582677167
20
-2.3360599212598423
11
5.3255305905511809
21
-2.3276181102362203
0
LINE
8
BLACK
6
CONTINUOUS
10
5.3255305905511809
20
-2.3276181102362203
11
5.3278955118110236
21
-2.3187920866141734
0
LINE
8
BLACK
6
CONTINUOUS
10
5.3278955118110236
20
-2.3187920866141734
11
5.3278955118110236
21
-2.3187918897637796
0
LINE
8
BLACK
6
CONTINUOUS
10
5.3278955118110236
20
-2.3187918897637796
11
5.3278955905511811
21
-2.3187916929133858
0
LINE
8
BLACK
6
CONTINUOUS
10
5.3278955905511811
20
-2.3187916929133858
11
5.3278955905511811
21
-2.3187916535433071
0
LINE
8
BLACK
6
CONTINUOUS
10
5.3278955905511811
20
-2.3187916535433071
11
5.3290881496062994
21
-2.3097330708661419
0
LINE
8
BLACK
6
CONTINUOUS
10
5.3290881496062994
20
-2.3097330708661419
11
5.3290881889763781
21
-2.3097328740157481
0
LINE
8
BLACK
6
CONTINUOUS
10
5.3290881889763781
20
-2.3097328740157481
11
5.3290881889763781
21
-2.300595472440945
0
LINE
8
BLACK
6
CONTINUOUS
10
5.3290881889763781
20
-2.300595472440945
11
5.3290881496062994
21
-2.3005952362204725
0
LINE
8
BLACK
6
CONTINUOUS
10
5.3290881496062994
20
-2.3005952362204725
11
5.3290612992125981
21
-2.3003914173228348
0
LINE
8
BLACK
6
CONTINUOUS
10
5.3290612992125981
20
-2.3003914173228348
11
5.3284434251968502
21
-2.2956979527559054
0
LINE
8
BLACK
6
CONTINUOUS
10
5.3284434251968502
20
-2.2956979527559054
11
5.3278955905511811
21
-2.2915366535433068
0
LINE
8
BLACK
6
CONTINUOUS
10
5.3278955905511811
20
-2.2915366535433068
11
5.3278955905511811
21
-2.2915366141732285
0
LINE
8
BLACK
6
CONTINUOUS
10
5.3278955905511811
20
-2.2915366141732285
11
5.3278955118110236
21
-2.2915362598425197
0
LINE
8
BLACK
6
CONTINUOUS
10
5.3278955118110236
20
-2.2915362598425197
11
5.3255305905511809
21
-2.2827102362204723
0
LINE
8
BLACK
6
CONTINUOUS
10
5.3255305905511809
20
-2.2827102362204723
11
5.3220338582677167
21
-2.2742684251968504
0
LINE
8
BLACK
6
CONTINUOUS
10
5.3220338582677167
20
-2.2742684251968504
11
5.3174651968503932
21
-2.2663551968503937
0
LINE
8
BLACK
6
CONTINUOUS
10
5.3174651968503932
20
-2.2663551968503937
11
5.3174650787401569
21
-2.2663549999999999
0
LINE
8
BLACK
6
CONTINUOUS
10
5.3174650787401569
20
-2.2663549999999999
11
5.3119026771653539
21
-2.2591059842519683
0
LINE
8
BLACK
6
CONTINUOUS
10
5.3119026771653539
20
-2.2591059842519683
11
5.3054416141732279
21
-2.2526449212598423
0
LINE
8
BLACK
6
CONTINUOUS
10
5.3054416141732279
20
-2.2526449212598423
11
5.2981925984251967
21
-2.2470825196850392
0
LINE
8
BLACK
6
CONTINUOUS
10
5.2981925984251967
20
-2.2470825196850392
11
5.2981922834645667
21
-2.2470823228346455
0
LINE
8
BLACK
6
CONTINUOUS
10
5.2981922834645667
20
-2.2470823228346455
11
5.2902794881889763
21
-2.2425139370078742
0
LINE
8
BLACK
6
CONTINUOUS
10
5.2902794881889763
20
-2.2425139370078742
11
5.2902794488188976
21
-2.2425138976377954
0
LINE
8
BLACK
6
CONTINUOUS
10
5.2902794488188976
20
-2.2425138976377954
11
5.290279212598425
21
-2.2425137795275591
0
LINE
8
BLACK
6
CONTINUOUS
10
5.290279212598425
20
-2.2425137795275591
11
5.2833625984251968
21
-2.2396487795275588
0
LINE
8
BLACK
6
CONTINUOUS
10
5.2833625984251968
20
-2.2396487795275588
11
5.2818375196850393
21
-2.2390170866141732
0
LINE
8
BLACK
6
CONTINUOUS
10
5.2818375196850393
20
-2.2390170866141732
11
5.2818374409448818
21
-2.2390170472440944
0
LINE
8
BLACK
6
CONTINUOUS
10
5.2818374409448818
20
-2.2390170472440944
11
5.2818374015748031
21
-2.2390170472440944
0
LINE
8
BLACK
6
CONTINUOUS
10
5.2818374015748031
20
-2.2390170472440944
11
5.2730113779527557
21
-2.2366521259842518
0
LINE
8
BLACK
6
CONTINUOUS
10
5.2730113779527557
20
-2.2366521259842518
11
5.2730109448818894
21
-2.2366520078740155
0
LINE
8
BLACK
6
CONTINUOUS
10
5.2730109448818894
20
-2.2366520078740155
11
5.2639523622047246
21
-2.2354594488188977
0
LINE
8
BLACK
6
CONTINUOUS
10
5.2639523622047246
20
-2.2354594488188977
11
5.2639521653543309
21
-2.2354594488188977
0
LINE
8
BLACK
6
CONTINUOUS
10
5.2639521653543309
20
-2.2354594488188977
11
5.2548147637795273
21
-2.2354594488188977
0
LINE
8
BLACK
6
CONTINUOUS
10
5.2548147637795273
20
-2.2354594488188977
11
5.2548145275590548
21
-2.2354594488188977
0
LINE
8
BLACK
6
CONTINUOUS
10
5.2548145275590548
20
-2.2354594488188977
11
5.245755787401575
21
-2.2366520472440943
0
LINE
8
BLACK
6
CONTINUOUS
10
5.245755787401575
20
-2.2366520472440943
11
5.2455672834645668
21
-2.236689566929134
0
LINE
8
BLACK
6
CONTINUOUS
10
5.2455672834645668
20
-2.236689566929134
11
5.245552519685039
21
-2.2366153937007875
0
LINE
8
BLACK
6
CONTINUOUS
10
5.245552519685039
20
-2.2366153937007875
11
5.2428548425196846
21
-2.2366133464566929
0
LINE
8
BLACK
6
CONTINUOUS
10
5.2428548425196846
20
-2.2366133464566929
11
5.2411183858267716
21
-2.2358257874015748
0
LINE
8
BLACK
6
CONTINUOUS
10
5.2411183858267716
20
-2.2358257874015748
11
5.2297225984251972
21
-2.2282113779527557
0
LINE
8
BLACK
6
CONTINUOUS
10
5.2297225984251972
20
-2.2282113779527557
11
5.2177447244094486
21
-2.2218090944881888
0
LINE
8
BLACK
6
CONTINUOUS
10
5.2177447244094486
20
-2.2218090944881888
11
5.2177444881889761
21
-2.2218089763779525
0
LINE
8
BLACK
6
CONTINUOUS
10
5.2177444881889761
20
-2.2218089763779525
11
5.2051962598425199
21
-2.2166113385826769
0
LINE
8
BLACK
6
CONTINUOUS
10
5.2051962598425199
20
-2.2166113385826769
11
5.2051959055118111
21
-2.2166112204724411
0
LINE
8
BLACK
6
CONTINUOUS
10
5.2051959055118111
20
-2.2166112204724411
11
5.1921986220472442
21
-2.2126685826771655
0
LINE
8
BLACK
6
CONTINUOUS
10
5.1921986220472442
20
-2.2126685826771655
11
5.178877834645669
21
-2.2100189763779525
0
LINE
8
BLACK
6
CONTINUOUS
10
5.178877834645669
20
-2.2100189763779525
11
5.178877677165354
21
-2.2100189370078738
0
LINE
8
BLACK
6
CONTINUOUS
10
5.178877677165354
20
-2.2100189370078738
11
5.1788775590551177
21
-2.2100189370078738
0
LINE
8
BLACK
6
CONTINUOUS
10
5.1788775590551177
20
-2.2100189370078738
11
5.1653607874015748
21
-2.2086877559055118
0
LINE
8
BLACK
6
CONTINUOUS
10
5.1653607874015748
20
-2.2086877559055118
11
5.165360590551181
21
-2.2086877559055118
0
LINE
8
BLACK
6
CONTINUOUS
10
5.165360590551181
20
-2.2086877559055118
11
5.1585697244094488
21
-2.2086877952755906
0
LINE
8
BLACK
6
CONTINUOUS
10
5.1585697244094488
20
-2.2086877952755906
11
4.7633010629921255
21
-2.2086877952755906
0
LINE
8
BLACK
6
CONTINUOUS
10
4.7633010629921255
20
-2.2086877952755906
11
4.7632829133858268
21
-2.2086886614173227
0
LINE
8
BLACK
6
CONTINUOUS
10
4.7632829133858268
20
-2.2086886614173227
11
4.7566979133858265
21
-2.2086886614173227
0
LINE
8
BLACK
6
CONTINUOUS
10
4.7566979133858265
20
-2.2086886614173227
11
4.7356237007874018
21
-2.2100697637795275
0
LINE
8
BLACK
6
CONTINUOUS
10
4.7356237007874018
20
-2.2100697637795275
11
4.7146851574803152
21
-2.2128262992125984
0
LINE
8
BLACK
6
CONTINUOUS
10
4.7146851574803152
20
-2.2128262992125984
11
4.6939717716535432
21
-2.2169463779527558
0
LINE
8
BLACK
6
CONTINUOUS
10
4.6939717716535432
20
-2.2169463779527558
11
4.6939710629921256
21
-2.2169465354330709
0
LINE
8
BLACK
6
CONTINUOUS
10
4.6939710629921256
20
-2.2169465354330709
11
4.6735724015748028
21
-2.222412244094488
0
LINE
8
BLACK
6
CONTINUOUS
10
4.6735724015748028
20
-2.222412244094488
11
4.6735714960629924
21
-2.2224125196850393
0
LINE
8
BLACK
6
CONTINUOUS
10
4.6735714960629924
20
-2.2224125196850393
11
4.6535734251968499
21
-2.2292008661417322
0
LINE
8
BLACK
6
CONTINUOUS
10
4.6535734251968499
20
-2.2292008661417322
11
4.6535728740157483
21
-2.2292010629921259
0
LINE
8
BLACK
6
CONTINUOUS
10
4.6535728740157483
20
-2.2292010629921259
11
4.6340615748031491
21
-2.2372828346456695
0
LINE
8
BLACK
6
CONTINUOUS
10
4.6340615748031491
20
-2.2372828346456695
11
4.6340613385826774
21
-2.2372829133858265
0
LINE
8
BLACK
6
CONTINUOUS
10
4.6340613385826774
20
-2.2372829133858265
11
4.6151201181102364
21
-2.2466236614173227
0
LINE
8
BLACK
6
CONTINUOUS
10
4.6151201181102364
20
-2.2466236614173227
11
4.5968307874015748
21
-2.257182874015748
0
LINE
8
BLACK
6
CONTINUOUS
10
4.5968307874015748
20
-2.257182874015748
11
4.5968301968503935
21
-2.2571832283464568
0
LINE
8
BLACK
6
CONTINUOUS
10
4.5968301968503935
20
-2.2571832283464568
11
4.5792704330708665
21
-2.2689161811023624
0
LINE
8
BLACK
6
CONTINUOUS
10
4.5792704330708665
20
-2.2689161811023624
11
4.5792702362204727
21
-2.2689163779527557
0
LINE
8
BLACK
6
CONTINUOUS
10
4.5792702362204727
20
-2.2689163779527557
11
4.5625149212598428
21
-2.2817730708661417
0
LINE
8
BLACK
6
CONTINUOUS
10
4.5625149212598428
20
-2.2817730708661417
11
4.5625148425196853
21
-2.2817731496062992
0
LINE
8
BLACK
6
CONTINUOUS
10
4.5625148425196853
20
-2.2817731496062992
11
4.5466365354330707
21
-2.2956979527559054
0
LINE
8
BLACK
6
CONTINUOUS
10
4.5466365354330707
20
-2.2956979527559054
11
4.5466364566929132
21
-2.2956980314960629
0
LINE
8
BLACK
6
CONTINUOUS
10
4.5466364566929132
20
-2.2956980314960629
11
4.5419414173228345
21
-2.3003930314960628
0
LINE
8
BLACK
6
CONTINUOUS
10
4.5419414173228345
20
-2.3003930314960628
11
4.5419414566929133
21
-2.3003930708661415
0
LINE
8
BLACK
6
CONTINUOUS
10
4.5419414566929133
20
-2.3003930708661415
11
4.5364696456692917
21
-2.3058648425196848
0
LINE
8
BLACK
6
CONTINUOUS
10
4.5364696456692917
20
-2.3058648425196848
11
4.5287095275590552
21
-2.3136249606299213
0
LINE
8
BLACK
6
CONTINUOUS
10
4.5287095275590552
20
-2.3136249606299213
11
4.5260798031496066
21
-2.3151432283464568
0
LINE
8
BLACK
6
CONTINUOUS
10
4.5260798031496066
20
-2.3151432283464568
11
4.5230432677165355
21
-2.3151432283464568
0
LINE
8
BLACK
6
CONTINUOUS
10
4.5230432677165355
20
-2.3151432283464568
11
4.5207517716535435
21
-2.3139376377952754
0
LINE
8
BLACK
6
CONTINUOUS
10
4.5207517716535435
20
-2.3139376377952754
11
4.5203856692913389
21
-2.3136249606299213
0
LINE
8
BLACK
6
CONTINUOUS
10
4.5203856692913389
20
-2.3136249606299213
11
4.512118779527559
21
-2.3065643700787399
0
LINE
8
BLACK
6
CONTINUOUS
10
4.512118779527559
20
-2.3065643700787399
11
4.4979012598425197
21
-2.2962347637795273
0
LINE
8
BLACK
6
CONTINUOUS
10
4.4979012598425197
20
-2.2962347637795273
11
4.482917125984252
21
-2.287052440944882
0
LINE
8
BLACK
6
CONTINUOUS
10
4.482917125984252
20
-2.287052440944882
11
4.4829168110236219
21
-2.2870522440944883
0
LINE
8
BLACK
6
CONTINUOUS
10
4.4829168110236219
20
-2.2870522440944883
11
4.4672587401574804
21
-2.2790740944881889
0
LINE
8
BLACK
6
CONTINUOUS
10
4.4672587401574804
20
-2.2790740944881889
11
4.4510230708661416
21
-2.2723490551181103
0
LINE
8
BLACK
6
CONTINUOUS
10
4.4510230708661416
20
-2.2723490551181103
11
4.451022204724409
21
-2.2723487401574802
0
LINE
8
BLACK
6
CONTINUOUS
10
4.451022204724409
20
-2.2723487401574802
11
4.4343092519685037
21
-2.2669183858267714
0
LINE
8
BLACK
6
CONTINUOUS
10
4.4343092519685037
20
-2.2669183858267714
11
4.4172206299212595
21
-2.2628157086614173
0
LINE
8
BLACK
6
CONTINUOUS
10
4.4172206299212595
20
-2.2628157086614173
11
4.4053614173228341
21
-2.2609374015748029
0
LINE
8
BLACK
6
CONTINUOUS
10
4.4053614173228341
20
-2.2609374015748029
11
4.3998632283464563
21
-2.2600666141732284
0
LINE
8
BLACK
6
CONTINUOUS
10
4.3998632283464563
20
-2.2600666141732284
11
4.3823435826771648
21
-2.2586877952755904
0
LINE
8
BLACK
6
CONTINUOUS
10
4.3823435826771648
20
-2.2586877952755904
11
4.3647698031496063
21
-2.2586877952755904
0
LINE
8
BLACK
6
CONTINUOUS
10
4.3647698031496063
20
-2.2586877952755904
11
4.3472501574803148
21
-2.2600666141732284
0
LINE
8
BLACK
6
CONTINUOUS
10
4.3472501574803148
20
-2.2600666141732284
11
4.3445010629921255
21
-2.2605020078740159
0
LINE
8
BLACK
6
CONTINUOUS
10
4.3445010629921255
20
-2.2605020078740159
11
4.3298927165354328
21
-2.2628157086614173
0
LINE
8
BLACK
6
CONTINUOUS
10
4.3298927165354328
20
-2.2628157086614173
11
4.3128040944881887
21
-2.2669183858267714
0
LINE
8
BLACK
6
CONTINUOUS
10
4.3128040944881887
20
-2.2669183858267714
11
4.2960911417322833
21
-2.2723487401574802
0
LINE
8
BLACK
6
CONTINUOUS
10
4.2960911417322833
20
-2.2723487401574802
11
4.2960902755905508
21
-2.2723490551181103
0
LINE
8
BLACK
6
CONTINUOUS
10
4.2960902755905508
20
-2.2723490551181103
11
4.2798546062992129
21
-2.2790740944881889
0
LINE
8
BLACK
6
CONTINUOUS
10
4.2798546062992129
20
-2.2790740944881889
11
4.2641965354330704
21
-2.2870522440944883
0
LINE
8
BLACK
6
CONTINUOUS
10
4.2641965354330704
20
-2.2870522440944883
11
4.2492121259842515
21
-2.2962347637795273
0
LINE
8
BLACK
6
CONTINUOUS
10
4.2492121259842515
20
-2.2962347637795273
11
4.2349944881889767
21
-2.3065644094488187
0
LINE
8
BLACK
6
CONTINUOUS
10
4.2349944881889767
20
-2.3065644094488187
11
4.2349940944881892
21
-2.3065647244094487
0
LINE
8
BLACK
6
CONTINUOUS
10
4.2349940944881892
20
-2.3065647244094487
11
4.2216314566929132
21
-2.3179775196850394
0
LINE
8
BLACK
6
CONTINUOUS
10
4.2216314566929132
20
-2.3179775196850394
11
4.2092046850393698
21
-2.3304042913385827
0
LINE
8
BLACK
6
CONTINUOUS
10
4.2092046850393698
20
-2.3304042913385827
11
4.1977918897637796
21
-2.3437669291338583
0
LINE
8
BLACK
6
CONTINUOUS
10
4.1977918897637796
20
-2.3437669291338583
11
4.1977915748031496
21
-2.3437673228346454
0
LINE
8
BLACK
6
CONTINUOUS
10
4.1977915748031496
20
-2.3437673228346454
11
4.1874619291338577
21
-2.357984960629921
0
LINE
8
BLACK
6
CONTINUOUS
10
4.1874619291338577
20
-2.357984960629921
11
4.1782794094488187
21
-2.37296937007874
0
LINE
8
BLACK
6
CONTINUOUS
10
4.1782794094488187
20
-2.37296937007874
11
4.1703012598425193
21
-2.388627440944882
0
LINE
8
BLACK
6
CONTINUOUS
10
4.1703012598425193
20
-2.388627440944882
11
4.1635762204724411
21
-2.4048631102362203
0
LINE
8
BLACK
6
CONTINUOUS
10
4.1635762204724411
20
-2.4048631102362203
11
4.1635759055118111
21
-2.4048639763779529
0
LINE
8
BLACK
6
CONTINUOUS
10
4.1635759055118111
20
-2.4048639763779529
11
4.1581455511811019
21
-2.4215769291338582
0
LINE
8
BLACK
6
CONTINUOUS
10
4.1581455511811019
20
-2.4215769291338582
11
4.1540428740157482
21
-2.4386655511811024
0
LINE
8
BLACK
6
CONTINUOUS
10
4.1540428740157482
20
-2.4386655511811024
11
4.1526225590551178
21
-2.4476333070866141
0
LINE
8
BLACK
6
CONTINUOUS
10
4.1526225590551178
20
-2.4476333070866141
11
4.1512937795275588
21
-2.4560229921259844
0
LINE
8
BLACK
6
CONTINUOUS
10
4.1512937795275588
20
-2.4560229921259844
11
4.1499149606299213
21
-2.4735426377952754
0
LINE
8
BLACK
6
CONTINUOUS
10
4.1499149606299213
20
-2.4735426377952754
11
4.1499149606299213
21
-2.4911164173228344
0
LINE
8
BLACK
6
CONTINUOUS
10
4.1499149606299213
20
-2.4911164173228344
11
4.1511322440944882
21
-2.5065834645669289
0
LINE
8
BLACK
6
CONTINUOUS
10
4.1511322440944882
20
-2.5065834645669289
11
4.1512937795275588
21
-2.5086359842519683
0
LINE
8
BLACK
6
CONTINUOUS
10
4.1512937795275588
20
-2.5086359842519683
11
4.1540428740157482
21
-2.5259934645669291
0
LINE
8
BLACK
6
CONTINUOUS
10
4.1540428740157482
20
-2.5259934645669291
11
4.1581455511811019
21
-2.5430820866141732
0
LINE
8
BLACK
6
CONTINUOUS
10
4.1581455511811019
20
-2.5430820866141732
11
4.1635759055118111
21
-2.5597950393700786
0
LINE
8
BLACK
6
CONTINUOUS
10
4.1635759055118111
20
-2.5597950393700786
11
4.1635762204724411
21
-2.5597959055118111
0
LINE
8
BLACK
6
CONTINUOUS
10
4.1635762204724411
20
-2.5597959055118111
11
4.1703012598425193
21
-2.5760315748031495
0
LINE
8
BLACK
6
CONTINUOUS
10
4.1703012598425193
20
-2.5760315748031495
11
4.1782794094488187
21
-2.5916896456692915
0
LINE
8
BLACK
6
CONTINUOUS
10
4.1782794094488187
20
-2.5916896456692915
11
4.1782796062992125
21
-2.5916899606299211
0
LINE
8
BLACK
6
CONTINUOUS
10
4.1782796062992125
20
-2.5916899606299211
11
4.1874619291338577
21
-2.6066740944881888
0
LINE
8
BLACK
6
CONTINUOUS
10
4.1874619291338577
20
-2.6066740944881888
11
4.1906345669291341
21
-2.6110408661417321
0
LINE
8
BLACK
6
CONTINUOUS
10
4.1906345669291341
20
-2.6110408661417321
11
4.1977915748031496
21
-2.6208916929133856
0
LINE
8
BLACK
6
CONTINUOUS
10
4.1977915748031496
20
-2.6208916929133856
11
4.1977918897637796
21
-2.6208920866141732
0
LINE
8
BLACK
6
CONTINUOUS
10
4.1977918897637796
20
-2.6208920866141732
11
4.2092046850393698
21
-2.6342547244094487
0
LINE
8
BLACK
6
CONTINUOUS
10
4.2092046850393698
20
-2.6342547244094487
11
4.2216314566929132
21
-2.6466814960629921
0
LINE
8
BLACK
6
CONTINUOUS
10
4.2216314566929132
20
-2.6466814960629921
11
4.2349940944881892
21
-2.6580942913385828
0
LINE
8
BLACK
6
CONTINUOUS
10
4.2349940944881892
20
-2.6580942913385828
11
4.2349944881889767
21
-2.6580946062992123
0
LINE
8
BLACK
6
CONTINUOUS
10
4.2349944881889767
20
-2.6580946062992123
11
4.2349946062992121
21
-2.6580946850393699
0
LINE
8
BLACK
6
CONTINUOUS
10
4.2349946062992121
20
-2.6580946850393699
11
4.2492121259842515
21
-2.6684242913385825
0
LINE
8
BLACK
6
CONTINUOUS
10
4.2492121259842515
20
-2.6684242913385825
11
4.2641962598425192
21
-2.6776066141732282
0
LINE
8
BLACK
6
CONTINUOUS
10
4.2641962598425192
20
-2.6776066141732282
11
4.2641965354330704
21
-2.6776067716535432
0
LINE
8
BLACK
6
CONTINUOUS
10
4.2641965354330704
20
-2.6776067716535432
11
4.2715411811023625
21
-2.6813490157480313
0
LINE
8
BLACK
6
CONTINUOUS
10
4.2715411811023625
20
-2.6813490157480313
11
4.2798546456692916
21
-2.6855849606299214
0
LINE
8
BLACK
6
CONTINUOUS
10
4.2798546456692916
20
-2.6855849606299214
11
4.2960907480314958
21
-2.692310157480315
0
LINE
8
BLACK
6
CONTINUOUS
10
4.2960907480314958
20
-2.692310157480315
11
4.3128044488188975
21
-2.6977407480314959
0
LINE
8
BLACK
6
CONTINUOUS
10
4.3128044488188975
20
-2.6977407480314959
11
4.3298926771653541
21
-2.7018433070866141
0
LINE
8
BLACK
6
CONTINUOUS
10
4.3298926771653541
20
-2.7018433070866141
11
4.3298928346456691
21
-2.7018433070866141
0
LINE
8
BLACK
6
CONTINUOUS
10
4.3298928346456691
20
-2.7018433070866141
11
4.3298928740157479
21
-2.7018433464566929
0
LINE
8
BLACK
6
CONTINUOUS
10
4.3298928740157479
20
-2.7018433464566929
11
4.3303170078740161
21
-2.7019105118110236
0
LINE
8
BLACK
6
CONTINUOUS
10
4.3303170078740161
20
-2.7019105118110236
11
4.3304254330708662
21
-2.7019587795275588
0
LINE
8
BLACK
6
CONTINUOUS
10
4.3304254330708662
20
-2.7019587795275588
11
4.3305438188976373
21
-2.7019510236220472
0
LINE
8
BLACK
6
CONTINUOUS
10
4.3305438188976373
20
-2.7019510236220472
11
4.3318053149606301
21
-2.7025731102362203
0
LINE
8
BLACK
6
CONTINUOUS
10
4.3318053149606301
20
-2.7025731102362203
11
4.333091023622047
21
-2.7031455118110235
0
LINE
8
BLACK
6
CONTINUOUS
10
4.333091023622047
20
-2.7031455118110235
11
4.3331607874015745
21
-2.703241535433071
0
LINE
8
BLACK
6
CONTINUOUS
10
4.3331607874015745
20
-2.703241535433071
11
4.3332672047244092
21
-2.7032940157480314
0
LINE
8
BLACK
6
CONTINUOUS
10
4.3332672047244092
20
-2.7032940157480314
11
4.3340488188976378
21
-2.7044637401574803
0
LINE
8
BLACK
6
CONTINUOUS
10
4.3340488188976378
20
-2.7044637401574803
11
4.3348759055118107
21
-2.705602086614173
0
LINE
8
BLACK
6
CONTINUOUS
10
4.3348759055118107
20
-2.705602086614173
11
4.3348883070866142
21
-2.7057200787401574
0
LINE
8
BLACK
6
CONTINUOUS
10
4.3348883070866142
20
-2.7057200787401574
11
4.3349542519685036
21
-2.7058187795275588
0
LINE
8
BLACK
6
CONTINUOUS
10
4.3349542519685036
20
-2.7058187795275588
11
4.3350462598425192
21
-2.707222716535433
0
LINE
8
BLACK
6
CONTINUOUS
10
4.3350462598425192
20
-2.707222716535433
11
4.3351933858267717
21
-2.7086220078740157
0
LINE
8
BLACK
6
CONTINUOUS
10
4.3351933858267717
20
-2.7086220078740157
11
4.3351528740157477
21
-2.7088488188976378
0
LINE
8
BLACK
6
CONTINUOUS
10
4.3351528740157477
20
-2.7088488188976378
11
4.3342470078740156
21
-2.7134032283464564
0
LINE
8
BLACK
6
CONTINUOUS
10
4.3342470078740156
20
-2.7134032283464564
11
4.3340484251968503
21
-2.714144409448819
0
LINE
8
BLACK
6
CONTINUOUS
10
4.3340484251968503
20
-2.714144409448819
11
4.3318726377952759
21
-2.7205543307086613
0
LINE
8
BLACK
6
CONTINUOUS
10
4.3318726377952759
20
-2.7205543307086613
11
4.3315790157480318
21
-2.7212632283464568
0
LINE
8
BLACK
6
CONTINUOUS
10
4.3315790157480318
20
-2.7212632283464568
11
4.328585236220472
21
-2.7273342913385825
0
LINE
8
BLACK
6
CONTINUOUS
10
4.328585236220472
20
-2.7273342913385825
11
4.3282015748031499
21
-2.7279988188976376
0
LINE
8
BLACK
6
CONTINUOUS
10
4.3282015748031499
20
-2.7279988188976376
11
4.324440984251968
21
-2.7336271259842517
0
LINE
8
BLACK
6
CONTINUOUS
10
4.324440984251968
20
-2.7336271259842517
11
4.3239738976377948
21
-2.7342359055118108
0
LINE
8
BLACK
6
CONTINUOUS
10
4.3239738976377948
20
-2.7342359055118108
11
4.319396299212598
21
-2.7394558267716533
0
LINE
8
BLACK
6
CONTINUOUS
10
4.319396299212598
20
-2.7394558267716533
11
4.3191338188976376
21
-2.7397360629921259
0
LINE
8
BLACK
6
CONTINUOUS
10
4.3191338188976376
20
-2.7397360629921259
11
4.241858228346457
21
-2.8170117322834645
0
LINE
8
BLACK
6
CONTINUOUS
10
4.241858228346457
20
-2.8170117322834645
11
4.2392285039370075
21
-2.81853
0
LINE
8
BLACK
6
CONTINUOUS
10
4.2392285039370075
20
-2.81853
11
4.2361919685039373
21
-2.81853
0
LINE
8
BLACK
6
CONTINUOUS
10
4.2361919685039373
20
-2.81853
11
4.2335622440944878
21
-2.8170117322834645
0
LINE
8
BLACK
6
CONTINUOUS
10
4.2335622440944878
20
-2.8170117322834645
11
4.2320439763779527
21
-2.8143820078740158
0
LINE
8
BLACK
6
CONTINUOUS
10
4.2320439763779527
20
-2.8143820078740158
11
4.2318440944881885
21
-2.8128637401574803
0
LINE
8
BLACK
6
CONTINUOUS
10
4.2318440944881885
20
-2.8128637401574803
11
4.2318440944881885
21
-2.8126358661417323
0
LINE
8
BLACK
6
CONTINUOUS
10
4.2318440944881885
20
-2.8126358661417323
11
4.2317340157480317
21
-2.8119409055118108
0
LINE
8
BLACK
6
CONTINUOUS
10
4.2317340157480317
20
-2.8119409055118108
11
4.2304864173228349
21
-2.8040637401574804
0
LINE
8
BLACK
6
CONTINUOUS
10
4.2304864173228349
20
-2.8040637401574804
11
4.2304863779527562
21
-2.8040637007874016
0
LINE
8
BLACK
6
CONTINUOUS
10
4.2304863779527562
20
-2.8040637007874016
11
4.2304863779527562
21
-2.8040635039370079
0
LINE
8
BLACK
6
CONTINUOUS
10
4.2304863779527562
20
-2.8040635039370079
11
4.2286228346456696
21
-2.7983281496062991
0
LINE
8
BLACK
6
CONTINUOUS
10
4.2286228346456696
20
-2.7983281496062991
11
4.227804527559055
21
-2.7958096062992124
0
LINE
8
BLACK
6
CONTINUOUS
10
4.227804527559055
20
-2.7958096062992124
11
4.2238643700787399
21
-2.7880766929133856
0
LINE
8
BLACK
6
CONTINUOUS
10
4.2238643700787399
20
-2.7880766929133856
11
4.2187630708661414
21
-2.7810553149606299
0
LINE
8
BLACK
6
CONTINUOUS
10
4.2187630708661414
20
-2.7810553149606299
11
4.2126261811023618
21
-2.7749184251968502
0
LINE
8
BLACK
6
CONTINUOUS
10
4.2126261811023618
20
-2.7749184251968502
11
4.2091154724409447
21
-2.7723677559055115
0
LINE
8
BLACK
6
CONTINUOUS
10
4.2091154724409447
20
-2.7723677559055115
11
4.205604881889764
21
-2.7698171653543304
0
LINE
8
BLACK
6
CONTINUOUS
10
4.205604881889764
20
-2.7698171653543304
11
4.2056048425196852
21
-2.7698171259842521
0
LINE
8
BLACK
6
CONTINUOUS
10
4.2056048425196852
20
-2.7698171259842521
11
4.1978718897637792
21
-2.7658769685039371
0
LINE
8
BLACK
6
CONTINUOUS
10
4.1978718897637792
20
-2.7658769685039371
11
4.1896179527559054
21
-2.7631950787401576
0
LINE
8
BLACK
6
CONTINUOUS
10
4.1896179527559054
20
-2.7631950787401576
11
4.1848555118110236
21
-2.7624407874015748
0
LINE
8
BLACK
6
CONTINUOUS
10
4.1848555118110236
20
-2.7624407874015748
11
4.1810457480314955
21
-2.7618374015748031
0
LINE
8
BLACK
6
CONTINUOUS
10
4.1810457480314955
20
-2.7618374015748031
11
4.1810455905511814
21
-2.7618374015748031
0
LINE
8
BLACK
6
CONTINUOUS
10
4.1810455905511814
20
-2.7618374015748031
11
4.17692
21
-2.7618374015748031
0
LINE
8
BLACK
6
CONTINUOUS
10
4.17692
20
-2.7618374015748031
11
4.1761740157480318
21
-2.7616375196850393
0
LINE
8
BLACK
6
CONTINUOUS
10
4.1761740157480318
20
-2.7616375196850393
11
4.1754017322834649
21
-2.7616375196850393
0
LINE
8
BLACK
6
CONTINUOUS
10
4.1754017322834649
20
-2.7616375196850393
11
4.1747329133858271
21
-2.7612513779527559
0
LINE
8
BLACK
6
CONTINUOUS
10
4.1747329133858271
20
-2.7612513779527559
11
4.173986929133858
21
-2.7610514960629922
0
LINE
8
BLACK
6
CONTINUOUS
10
4.173986929133858
20
-2.7610514960629922
11
4.1727720078740154
21
-2.7601192519685038
0
LINE
8
BLACK
6
CONTINUOUS
10
4.1727720078740154
20
-2.7601192519685038
11
4.1664596062992123
21
-2.7538068503937008
0
LINE
8
BLACK
6
CONTINUOUS
10
4.1664596062992123
20
-2.7538068503937008
11
4.1664594488188973
21
-2.753806653543307
0
LINE
8
BLACK
6
CONTINUOUS
10
4.1664594488188973
20
-2.753806653543307
11
4.1652959055118108
21
-2.7526431102362205
0
LINE
8
BLACK
6
CONTINUOUS
10
4.1652959055118108
20
-2.7526431102362205
11
4.1652950393700783
21
-2.7526416141732284
0
LINE
8
BLACK
6
CONTINUOUS
10
4.1652950393700783
20
-2.7526416141732284
11
4.1636487007874017
21
-2.7509953149606297
0
LINE
8
BLACK
6
CONTINUOUS
10
4.1636487007874017
20
-2.7509953149606297
11
4.1636487401574804
21
-2.7509953149606297
0
LINE
8
BLACK
6
CONTINUOUS
10
4.1636487401574804
20
-2.7509953149606297
11
4.1591863779527563
21
-2.746533031496063
0
LINE
8
BLACK
6
CONTINUOUS
10
4.1591863779527563
20
-2.746533031496063
11
4.1534616929133854
21
-2.7417294881889762
0
LINE
8
BLACK
6
CONTINUOUS
10
4.1534616929133854
20
-2.7417294881889762
11
4.1495179527559056
21
-2.7384203543307084
0
LINE
8
BLACK
6
CONTINUOUS
10
4.1495179527559056
20
-2.7384203543307084
11
4.1495177952755906
21
-2.7384202362204726
0
LINE
8
BLACK
6
CONTINUOUS
10
4.1495177952755906
20
-2.7384202362204726
11
4.1426724409448816
21
-2.7336271259842517
0
LINE
8
BLACK
6
CONTINUOUS
10
4.1426724409448816
20
-2.7336271259842517
11
4.1391790157480317
21
-2.7311810236220473
0
LINE
8
BLACK
6
CONTINUOUS
10
4.1391790157480317
20
-2.7311810236220473
11
4.1391785039370079
21
-2.7311807086614173
0
LINE
8
BLACK
6
CONTINUOUS
10
4.1391785039370079
20
-2.7311807086614173
11
4.1282492125984254
21
-2.724870748031496
0
LINE
8
BLACK
6
CONTINUOUS
10
4.1282492125984254
20
-2.724870748031496
11
4.1282486614173228
21
-2.7248704724409447
0
LINE
8
BLACK
6
CONTINUOUS
10
4.1282486614173228
20
-2.7248704724409447
11
4.1282485039370078
21
-2.7248703937007872
0
LINE
8
BLACK
6
CONTINUOUS
10
4.1282485039370078
20
-2.7248703937007872
11
4.1168096456692913
21
-2.7195364173228347
0
LINE
8
BLACK
6
CONTINUOUS
10
4.1168096456692913
20
-2.7195364173228347
11
4.1049494094488184
21
-2.7152197244094487
0
LINE
8
BLACK
6
CONTINUOUS
10
4.1049494094488184
20
-2.7152197244094487
11
4.1049490551181105
21
-2.7152196062992124
0
LINE
8
BLACK
6
CONTINUOUS
10
4.1049490551181105
20
-2.7152196062992124
11
4.1049487795275592
21
-2.7152195275590549
0
LINE
8
BLACK
6
CONTINUOUS
10
4.1049487795275592
20
-2.7152195275590549
11
4.0927587795275588
21
-2.7119533070866142
0
LINE
8
BLACK
6
CONTINUOUS
10
4.0927587795275588
20
-2.7119533070866142
11
4.0927583070866138
21
-2.7119531889763779
0
LINE
8
BLACK
6
CONTINUOUS
10
4.0927583070866138
20
-2.7119531889763779
11
4.0927581496062988
21
-2.7119531496062992
0
LINE
8
BLACK
6
CONTINUOUS
10
4.0927581496062988
20
-2.7119531496062992
11
4.09275811023622
21
-2.7119531496062992
0
LINE
8
BLACK
6
CONTINUOUS
10
4.09275811023622
20
-2.7119531496062992
11
4.0803284645669287
21
-2.7097615354330706
0
LINE
8
BLACK
6
CONTINUOUS
10
4.0803284645669287
20
-2.7097615354330706
11
4.0803280314960633
21
-2.7097614566929131
0
LINE
8
BLACK
6
CONTINUOUS
10
4.0803280314960633
20
-2.7097614566929131
11
4.0709258267716537
21
-2.7089388976377951
0
LINE
8
BLACK
6
CONTINUOUS
10
4.0709258267716537
20
-2.7089388976377951
11
4.0677551181102363
21
-2.708661535433071
0
LINE
8
BLACK
6
CONTINUOUS
10
4.0677551181102363
20
-2.708661535433071
11
4.0677549606299213
21
-2.708661535433071
0
LINE
8
BLACK
6
CONTINUOUS
10
4.0677549606299213
20
-2.708661535433071
11
4.0614444488188974
21
-2.7086615748031497
0
LINE
8
BLACK
6
CONTINUOUS
10
4.0614444488188974
20
-2.7086615748031497
11
3.802271771653543
21
-2.7086615748031497
0
LINE
8
BLACK
6
CONTINUOUS
10
3.802271771653543
20
-2.7086615748031497
11
3.8022713385826772
21
-2.7086614566929135
0
LINE
8
BLACK
6
CONTINUOUS
10
3.8022713385826772
20
-2.7086614566929135
11
3.7998418110236218
21
-2.7086614566929135
0
LINE
8
BLACK
6
CONTINUOUS
10
3.7998418110236218
20
-2.7086614566929135
11
3.7935311811023622
21
-2.7086614566929135
0
LINE
8
BLACK
6
CONTINUOUS
10
3.7935311811023622
20
-2.7086614566929135
11
3.7925949606299212
21
-2.7087433464566928
0
LINE
8
BLACK
6
CONTINUOUS
10
3.7925949606299212
20
-2.7087433464566928
11
3.7809578346456694
21
-2.7097614960629919
0
LINE
8
BLACK
6
CONTINUOUS
10
3.7809578346456694
20
-2.7097614960629919
11
3.7685288582677163
21
-2.7119531102362204
0
LINE
8
BLACK
6
CONTINUOUS
10
3.7685288582677163
20
-2.7119531102362204
11
3.7685284645669292
21
-2.7119531889763779
0
LINE
8
BLACK
6
CONTINUOUS
10
3.7685284645669292
20
-2.7119531889763779
11
3.7563370078740155
21
-2.7152199212598425
0
LINE
8
BLACK
6
CONTINUOUS
10
3.7563370078740155
20
-2.7152199212598425
11
3.7563366141732284
21
-2.7152200393700787
0
LINE
8
BLACK
6
CONTINUOUS
10
3.7563366141732284
20
-2.7152200393700787
11
3.7444768110236222
21
-2.719536692913386
0
LINE
8
BLACK
6
CONTINUOUS
10
3.7444768110236222
20
-2.719536692913386
11
3.7444766141732284
21
-2.7195367716535435
0
LINE
8
BLACK
6
CONTINUOUS
10
3.7444766141732284
20
-2.7195367716535435
11
3.7330383858267715
21
-2.7248705118110235
0
LINE
8
BLACK
6
CONTINUOUS
10
3.7330383858267715
20
-2.7248705118110235
11
3.7330380708661415
21
-2.7248706692913385
0
LINE
8
BLACK
6
CONTINUOUS
10
3.7330380708661415
20
-2.7248706692913385
11
3.7330380314960627
21
-2.7248707086614172
0
LINE
8
BLACK
6
CONTINUOUS
10
3.7330380314960627
20
-2.7248707086614172
11
3.7287709842519683
21
-2.7273342913385825
0
LINE
8
BLACK
6
CONTINUOUS
10
3.7287709842519683
20
-2.7273342913385825
11
3.7221077559055118
21
-2.7311812992125986
0
LINE
8
BLACK
6
CONTINUOUS
10
3.7221077559055118
20
-2.7311812992125986
11
3.7117685433070866
21
-2.7384208661417322
0
LINE
8
BLACK
6
CONTINUOUS
10
3.7117685433070866
20
-2.7384208661417322
11
3.7021003543307085
21
-2.7465334251968505
0
LINE
8
BLACK
6
CONTINUOUS
10
3.7021003543307085
20
-2.7465334251968505
11
3.7002440944881889
21
-2.7483897244094488
0
LINE
8
BLACK
6
CONTINUOUS
10
3.7002440944881889
20
-2.7483897244094488
11
3.6648925590551182
21
-2.7837412992125983
0
LINE
8
BLACK
6
CONTINUOUS
10
3.6648925590551182
20
-2.7837412992125983
11
3.6622628346456692
21
-2.7852595669291338
0
LINE
8
BLACK
6
CONTINUOUS
10
3.6622628346456692
20
-2.7852595669291338
11
3.6610933858267716
21
-2.7854135039370078
0
LINE
8
BLACK
6
CONTINUOUS
10
3.6610933858267716
20
-2.7854135039370078
11
3.6610955905511808
21
-2.7854413385826771
0
LINE
8
BLACK
6
CONTINUOUS
10
3.6610955905511808
20
-2.7854413385826771
11
3.6608661417322832
21
-2.78545937007874
0
LINE
8
BLACK
6
CONTINUOUS
10
3.6608661417322832
20
-2.78545937007874
11
3.6529057086614172
21
-2.7867201968503936
0
LINE
8
BLACK
6
CONTINUOUS
10
3.6529057086614172
20
-2.7867201968503936
11
3.6452412204724407
21
-2.7892105511811023
0
LINE
8
BLACK
6
CONTINUOUS
10
3.6452412204724407
20
-2.7892105511811023
11
3.6452407480314961
21
-2.7892107086614173
0
LINE
8
BLACK
6
CONTINUOUS
10
3.6452407480314961
20
-2.7892107086614173
11
3.6380601181102361
21
-2.7928694488188976
0
LINE
8
BLACK
6
CONTINUOUS
10
3.6380601181102361
20
-2.7928694488188976
11
3.631540433070866
21
-2.7976062204724408
0
LINE
8
BLACK
6
CONTINUOUS
10
3.631540433070866
20
-2.7976062204724408
11
3.6313649999999997
21
-2.7977561023622046
0
LINE
8
BLACK
6
CONTINUOUS
10
3.6313649999999997
20
-2.7977561023622046
11
3.6313165354330708
21
-2.7976993700787403
0
LINE
8
BLACK
6
CONTINUOUS
10
3.6313165354330708
20
-2.7976993700787403
11
3.6289961023622048
21
-2.7990390944881889
0
LINE
8
BLACK
6
CONTINUOUS
10
3.6289961023622048
20
-2.7990390944881889
11
3.6274778346456693
21
-2.7992389763779526
0
LINE
8
BLACK
6
CONTINUOUS
10
3.6274778346456693
20
-2.7992389763779526
11
3.4916472440944881
21
-2.7992389763779526
0
LINE
8
BLACK
6
CONTINUOUS
10
3.4916472440944881
20
-2.7992389763779526
11
3.4887141732283462
21
-2.7984530708661417
0
LINE
8
BLACK
6
CONTINUOUS
10
3.4887141732283462
20
-2.7984530708661417
11
3.4865670078740156
21
-2.7963059055118111
0
LINE
8
BLACK
6
CONTINUOUS
10
3.4865670078740156
20
-2.7963059055118111
11
3.4857811023622047
21
-2.7933728346456692
0
LINE
8
BLACK
6
CONTINUOUS
10
3.4857811023622047
20
-2.7933728346456692
11
3.4857811023622047
21
-2.4103193307086612
0
LINE
8
BLACK
6
CONTINUOUS
10
3.4857811023622047
20
-2.4103193307086612
11
3.4857811023622047
21
-2.2170784645669293
0
LINE
8
BLACK
6
CONTINUOUS
10
3.4857811023622047
20
-2.2170784645669293
11
3.4857814566929135
21
-2.2166393307086611
0
LINE
8
BLACK
6
CONTINUOUS
10
3.4857814566929135
20
-2.2166393307086611
11
3.4858116141732283
21
-2.2164806692913386
0
LINE
8
BLACK
6
CONTINUOUS
10
3.4858116141732283
20
-2.2164806692913386
11
3.4857842519685041
21
-2.2133231102362205
0
LINE
8
BLACK
6
CONTINUOUS
10
3.4857842519685041
20
-2.2133231102362205
11
3.4857842913385828
21
-2.2132985433070864
0
LINE
8
BLACK
6
CONTINUOUS
10
3.4857842913385828
20
-2.2132985433070864
11
3.4857887007874013
21
-2.2132820078740156
0
LINE
8
BLACK
6
CONTINUOUS
10
3.4857887007874013
20
-2.2132820078740156
11
3.4858299606299212
21
-2.2125729133858267
0
LINE
8
BLACK
6
CONTINUOUS
10
3.4858299606299212
20
-2.2125729133858267
11
3.4859284645669288
21
-2.2117886220472442
0
LINE
8
BLACK
6
CONTINUOUS
10
3.4859284645669288
20
-2.2117886220472442
11
3.4857960629921259
21
-2.2099380314960628
0
LINE
8
BLACK
6
CONTINUOUS
10
3.4857960629921259
20
-2.2099380314960628
11
3.485788031496063
21
-2.2098048818897635
0
LINE
8
BLACK
6
CONTINUOUS
10
3.485788031496063
20
-2.2098048818897635
11
3.4857811023622047
21
-2.2096626377952755
0
LINE
8
BLACK
6
CONTINUOUS
10
3.4857811023622047
20
-2.2096626377952755
11
3.4857811023622047
21
-2.2094335826771654
0
LINE
8
BLACK
6
CONTINUOUS
10
3.4857811023622047
20
-2.2094335826771654
11
3.4857662992125982
21
-2.2093593307086614
0
LINE
8
BLACK
6
CONTINUOUS
10
3.4857662992125982
20
-2.2093593307086614
11
3.4857520078740158
21
-2.2090654330708661
0
LINE
8
BLACK
6
CONTINUOUS
10
3.4857520078740158
20
-2.2090654330708661
11
3.4857566929133856
21
-2.209043661417323
0
LINE
8
BLACK
6
CONTINUOUS
10
3.4857566929133856
20
-2.209043661417323
11
3.4857453149606297
21
-2.2088312598425195
0
LINE
8
BLACK
6
CONTINUOUS
10
3.4857453149606297
20
-2.2088312598425195
11
3.485727559055118
21
-2.206773307086614
0
LINE
8
BLACK
6
CONTINUOUS
10
3.485727559055118
20
-2.206773307086614
11
3.4856591338582676
21
-2.2064443700787399
0
LINE
8
BLACK
6
CONTINUOUS
10
3.4856591338582676
20
-2.2064443700787399
11
3.4855446456692913
21
-2.2049359842519682
0
LINE
8
BLACK
6
CONTINUOUS
10
3.4855446456692913
20
-2.2049359842519682
11
3.4855710236220472
21
-2.2044443307086614
0
LINE
8
BLACK
6
CONTINUOUS
10
3.4855710236220472
20
-2.2044443307086614
11
3.4852662992125985
21
-2.2023253937007872
0
LINE
8
BLACK
6
CONTINUOUS
10
3.4852662992125985
20
-2.2023253937007872
11
3.4852216141732284
21
-2.2019094488188977
0
LINE
8
BLACK
6
CONTINUOUS
10
3.4852216141732284
20
-2.2019094488188977
11
3.4850809055118108
21
-2.1999429527559053
0
LINE
8
BLACK
6
CONTINUOUS
10
3.4850809055118108
20
-2.1999429527559053
11
3.485068937007874
21
-2.1997753937007873
0
LINE
8
BLACK
6
CONTINUOUS
10
3.485068937007874
20
-2.1997753937007873
11
3.4849094094488189
21
-2.1991940551181104
0
LINE
8
BLACK
6
CONTINUOUS
10
3.4849094094488189
20
-2.1991940551181104
11
3.4847012992125985
21
-2.1977467322834645
0
LINE
8
BLACK
6
CONTINUOUS
10
3.4847012992125985
20
-2.1977467322834645
11
3.4846905511811022
21
-2.1971436614173228
0
LINE
8
BLACK
6
CONTINUOUS
10
3.4846905511811022
20
-2.1971436614173228
11
3.4842349212598425
21
-2.1950495669291339
0
LINE
8
BLACK
6
CONTINUOUS
10
3.4842349212598425
20
-2.1950495669291339
11
3.4842209842519685
21
-2.1949835039370078
0
LINE
8
BLACK
6
CONTINUOUS
10
3.4842209842519685
20
-2.1949835039370078
11
3.4841861023622047
21
-2.1948134251968505
0
LINE
8
BLACK
6
CONTINUOUS
10
3.4841861023622047
20
-2.1948134251968505
11
3.4838568110236219
21
-2.1925230314960631
0
LINE
8
BLACK
6
CONTINUOUS
10
3.4838568110236219
20
-2.1925230314960631
11
3.4835221653543305
21
-2.1915744488188977
0
LINE
8
BLACK
6
CONTINUOUS
10
3.4835221653543305
20
-2.1915744488188977
11
3.4834413779527558
21
-2.1911803543307085
0
LINE
8
BLACK
6
CONTINUOUS
10
3.4834413779527558
20
-2.1911803543307085
11
3.4834513385826771
21
-2.1910129921259842
0
LINE
8
BLACK
6
CONTINUOUS
10
3.4834513385826771
20
-2.1910129921259842
11
3.4833452362204724
21
-2.1905251968503938
0
LINE
8
BLACK
6
CONTINUOUS
10
3.4833452362204724
20
-2.1905251968503938
11
3.4832914960629919
21
-2.1899244881889763
0
LINE
8
BLACK
6
CONTINUOUS
10
3.4832914960629919
20
-2.1899244881889763
11
3.4826883464566927
21
-2.1878705511811023
0
LINE
8
BLACK
6
CONTINUOUS
10
3.4826883464566927
20
-2.1878705511811023
11
3.4825852755905511
21
-2.1874668897637797
0
LINE
8
BLACK
6
CONTINUOUS
10
3.4825852755905511
20
-2.1874668897637797
11
3.4821302362204722
21
-2.1853750000000001
0
LINE
8
BLACK
6
CONTINUOUS
10
3.4821302362204722
20
-2.1853750000000001
11
3.4818894094488186
21
-2.1848218110236219
0
LINE
8
BLACK
6
CONTINUOUS
10
3.4818894094488186
20
-2.1848218110236219
11
3.4816597637795277
21
-2.1842007086614172
0
LINE
8
BLACK
6
CONTINUOUS
10
3.4816597637795277
20
-2.1842007086614172
11
3.4815418503937008
21
-2.1838162992125985
0
LINE
8
BLACK
6
CONTINUOUS
10
3.4815418503937008
20
-2.1838162992125985
11
3.4813809448818898
21
-2.1828233464566931
0
LINE
8
BLACK
6
CONTINUOUS
10
3.4813809448818898
20
-2.1828233464566931
11
3.4805721653543307
21
-2.180655118110236
0
LINE
8
BLACK
6
CONTINUOUS
10
3.4805721653543307
20
-2.180655118110236
11
3.4805212204724407
21
-2.1804890157480314
0
LINE
8
BLACK
6
CONTINUOUS
10
3.4805212204724407
20
-2.1804890157480314
11
3.4805209448818899
21
-2.1804815354330707
0
LINE
8
BLACK
6
CONTINUOUS
10
3.4805209448818899
20
-2.1804815354330707
11
3.480501220472441
21
-2.180422283464567
0
LINE
8
BLACK
6
CONTINUOUS
10
3.480501220472441
20
-2.180422283464567
11
3.4798981496062993
21
-2.1783684645669292
0
LINE
8
BLACK
6
CONTINUOUS
10
3.4798981496062993
20
-2.1783684645669292
11
3.479618503937008
21
-2.1778338582677166
0
LINE
8
BLACK
6
CONTINUOUS
10
3.479618503937008
20
-2.1778338582677166
11
3.4791629133858266
21
-2.1766799212598427
0
LINE
8
BLACK
6
CONTINUOUS
10
3.4791629133858266
20
-2.1766799212598427
11
3.4791331889763777
21
-2.1765725984251967
0
LINE
8
BLACK
6
CONTINUOUS
10
3.4791331889763777
20
-2.1765725984251967
11
3.4789688582677165
21
-2.1758771653543305
0
LINE
8
BLACK
6
CONTINUOUS
10
3.4789688582677165
20
-2.1758771653543305
11
3.4781566535433068
21
-2.1740988582677163
0
LINE
8
BLACK
6
CONTINUOUS
10
3.4781566535433068
20
-2.1740988582677163
11
3.4780796062992123
21
-2.1739301181102362
0
LINE
8
BLACK
6
CONTINUOUS
10
3.4780796062992123
20
-2.1739301181102362
11
3.4779196456692913
21
-2.1735438582677165
0
LINE
8
BLACK
6
CONTINUOUS
10
3.4779196456692913
20
-2.1735438582677165
11
3.4771718897637793
21
-2.1715391338582677
0
LINE
8
BLACK
6
CONTINUOUS
10
3.4771718897637793
20
-2.1715391338582677
11
3.4771718110236218
21
-2.1715389370078739
0
LINE
8
BLACK
6
CONTINUOUS
10
3.4771718110236218
20
-2.1715389370078739
11
3.4771718110236218
21
-2.1715388976377952
0
LINE
8
BLACK
6
CONTINUOUS
10
3.4771718110236218
20
-2.1715388976377952
11
3.4768546062992125
21
-2.171025433070866
0
LINE
8
BLACK
6
CONTINUOUS
10
3.4768546062992125
20
-2.171025433070866
11
3.4765392125984249
21
-2.1704437795275591
0
LINE
8
BLACK
6
CONTINUOUS
10
3.4765392125984249
20
-2.1704437795275591
11
3.4763677559055117
21
-2.1700800393700788
0
LINE
8
BLACK
6
CONTINUOUS
10
3.4763677559055117
20
-2.1700800393700788
11
3.4760672834645669
21
-2.1691203937007875
0
LINE
8
BLACK
6
CONTINUOUS
10
3.4760672834645669
20
-2.1691203937007875
11
3.4749585039370077
21
-2.167089842519685
0
LINE
8
BLACK
6
CONTINUOUS
10
3.4749585039370077
20
-2.167089842519685
11
3.4748841338582674
21
-2.1669320472440945
0
LINE
8
BLACK
6
CONTINUOUS
10
3.4748841338582674
20
-2.1669320472440945
11
3.4748827952755903
21
-2.1669247637795275
0
LINE
8
BLACK
6
CONTINUOUS
10
3.4748827952755903
20
-2.1669247637795275
11
3.4748544488188977
21
-2.1668681102362206
0
LINE
8
BLACK
6
CONTINUOUS
10
3.4748544488188977
20
-2.1668681102362206
11
3.4739655118110235
21
-2.1649216141732284
0
LINE
8
BLACK
6
CONTINUOUS
10
3.4739655118110235
20
-2.1649216141732284
11
3.4736127559055117
21
-2.1644324803149604
0
LINE
8
BLACK
6
CONTINUOUS
10
3.4736127559055117
20
-2.1644324803149604
11
3.4732563385826771
21
-2.16387437007874
0
LINE
8
BLACK
6
CONTINUOUS
10
3.4732563385826771
20
-2.16387437007874
11
3.473059409448819
21
-2.163523779527559
0
LINE
8
BLACK
6
CONTINUOUS
10
3.473059409448819
20
-2.163523779527559
11
3.4726911417322834
21
-2.1625878346456693
0
LINE
8
BLACK
6
CONTINUOUS
10
3.4726911417322834
20
-2.1625878346456693
11
3.4714398818897636
21
-2.1606409055118108
0
LINE
8
BLACK
6
CONTINUOUS
10
3.4714398818897636
20
-2.1606409055118108
11
3.4713548031496062
21
-2.160489409448819
0
LINE
8
BLACK
6
CONTINUOUS
10
3.4713548031496062
20
-2.160489409448819
11
3.4713529527559053
21
-2.1604821653543307
0
LINE
8
BLACK
6
CONTINUOUS
10
3.4713529527559053
20
-2.1604821653543307
11
3.4713206692913383
21
-2.1604277559055118
0
LINE
8
BLACK
6
CONTINUOUS
10
3.4713206692913383
20
-2.1604277559055118
11
3.4702950787401572
21
-2.1585496062992124
0
LINE
8
BLACK
6
CONTINUOUS
10
3.4702950787401572
20
-2.1585496062992124
11
3.4699083070866141
21
-2.158086811023622
0
LINE
8
BLACK
6
CONTINUOUS
10
3.4699083070866141
20
-2.158086811023622
11
3.4695131102362202
21
-2.1575556692913387
0
LINE
8
BLACK
6
CONTINUOUS
10
3.4695131102362202
20
-2.1575556692913387
11
3.4692914173228346
21
-2.1572196850393701
0
LINE
8
BLACK
6
CONTINUOUS
10
3.4692914173228346
20
-2.1572196850393701
11
3.4688575196850393
21
-2.1563127559055117
0
LINE
8
BLACK
6
CONTINUOUS
10
3.4688575196850393
20
-2.1563127559055117
11
3.4674708661417322
21
-2.1544604330708661
0
LINE
8
BLACK
6
CONTINUOUS
10
3.4674708661417322
20
-2.1544604330708661
11
3.4673748425196851
21
-2.1543148818897637
0
LINE
8
BLACK
6
CONTINUOUS
10
3.4673748425196851
20
-2.1543148818897637
11
3.4673724803149604
21
-2.1543078346456692
0
LINE
8
BLACK
6
CONTINUOUS
10
3.4673724803149604
20
-2.1543078346456692
11
3.4673362992125982
21
-2.1542557086614171
0
LINE
8
BLACK
6
CONTINUOUS
10
3.4673362992125982
20
-2.1542557086614171
11
3.4661796062992125
21
-2.1524558661417323
0
LINE
8
BLACK
6
CONTINUOUS
10
3.4661796062992125
20
-2.1524558661417323
11
3.4659805905511809
21
-2.1522496062992125
0
LINE
8
BLACK
6
CONTINUOUS
10
3.4659805905511809
20
-2.1522496062992125
11
3.4657607480314958
21
-2.1520217716535432
0
LINE
8
BLACK
6
CONTINUOUS
10
3.4657607480314958
20
-2.1520217716535432
11
3.4648845669291339
21
-2.1508512992125985
0
LINE
8
BLACK
6
CONTINUOUS
10
3.4648845669291339
20
-2.1508512992125985
11
3.4645861811023622
21
-2.1503272834645668
0
LINE
8
BLACK
6
CONTINUOUS
10
3.4645861811023622
20
-2.1503272834645668
11
3.4637574015748029
21
-2.1493708267716536
0
LINE
8
BLACK
6
CONTINUOUS
10
3.4637574015748029
20
-2.1493708267716536
11
3.463183188976378
21
-2.1487081102362202
0
LINE
8
BLACK
6
CONTINUOUS
10
3.463183188976378
20
-2.1487081102362202
11
3.4631235039370076
21
-2.1486381102362206
0
LINE
8
BLACK
6
CONTINUOUS
10
3.4631235039370076
20
-2.1486381102362206
11
3.4630196456692914
21
-2.1485142519685039
0
LINE
8
BLACK
6
CONTINUOUS
10
3.4630196456692914
20
-2.1485142519685039
11
3.461639842519685
21
-2.1466711023622045
0
LINE
8
BLACK
6
CONTINUOUS
10
3.461639842519685
20
-2.1466711023622045
11
3.4609675196850391
21
-2.1460671653543306
0
LINE
8
BLACK
6
CONTINUOUS
10
3.4609675196850391
20
-2.1460671653543306
11
3.4607011023622047
21
-2.1457494881889763
0
LINE
8
BLACK
6
CONTINUOUS
10
3.4607011023622047
20
-2.1457494881889763
11
3.4606250393700786
21
-2.145586220472441
0
LINE
8
BLACK
6
CONTINUOUS
10
3.4606250393700786
20
-2.145586220472441
11
3.4602896062992126
21
-2.1451956299212598
0
LINE
8
BLACK
6
CONTINUOUS
10
3.4602896062992126
20
-2.1451956299212598
11
3.460109960629921
21
-2.1449214960629921
0
LINE
8
BLACK
6
CONTINUOUS
10
3.460109960629921
20
-2.1449214960629921
11
3.4586004724409447
21
-2.1433848818897636
0
LINE
8
BLACK
6
CONTINUOUS
10
3.4586004724409447
20
-2.1433848818897636
11
3.4583912598425197
21
-2.1431604330708662
0
LINE
8
BLACK
6
CONTINUOUS
10
3.4583912598425197
20
-2.1431604330708662
11
3.4581461417322834
21
-2.1428833070866142
0
LINE
8
BLACK
6
CONTINUOUS
10
3.4581461417322834
20
-2.1428833070866142
11
3.4580405905511808
21
-2.1427284251968501
0
LINE
8
BLACK
6
CONTINUOUS
10
3.4580405905511808
20
-2.1427284251968501
11
3.4578019291338582
21
-2.1424941338582677
0
LINE
8
BLACK
6
CONTINUOUS
10
3.4578019291338582
20
-2.1424941338582677
11
3.4576648031496062
21
-2.142339094488189
0
LINE
8
BLACK
6
CONTINUOUS
10
3.4576648031496062
20
-2.142339094488189
11
3.4576615354330706
21
-2.1423325590551179
0
LINE
8
BLACK
6
CONTINUOUS
10
3.4576615354330706
20
-2.1423325590551179
11
3.4576254724409448
21
-2.1422941732283465
0
LINE
8
BLACK
6
CONTINUOUS
10
3.4576254724409448
20
-2.1422941732283465
11
3.4566990944881888
21
-2.1412250787401574
0
LINE
8
BLACK
6
CONTINUOUS
10
3.4566990944881888
20
-2.1412250787401574
11
3.4565181496062993
21
-2.1410845275590549
0
LINE
8
BLACK
6
CONTINUOUS
10
3.4565181496062993
20
-2.1410845275590549
11
3.4564116535433071
21
-2.1410017716535434
0
LINE
8
BLACK
6
CONTINUOUS
10
3.4564116535433071
20
-2.1410017716535434
11
3.4562204724409447
21
-2.1408532677165355
0
LINE
8
BLACK
6
CONTINUOUS
10
3.4562204724409447
20
-2.1408532677165355
11
3.455665433070866
21
-2.1403628740157479
0
LINE
8
BLACK
6
CONTINUOUS
10
3.455665433070866
20
-2.1403628740157479
11
3.4554091732283463
21
-2.140105905511811
0
LINE
8
BLACK
6
CONTINUOUS
10
3.4554091732283463
20
-2.140105905511811
11
3.4548181496062993
21
-2.1393450787401576
0
LINE
8
BLACK
6
CONTINUOUS
10
3.4548181496062993
20
-2.1393450787401576
11
3.4535842913385828
21
-2.1382759448818898
0
LINE
8
BLACK
6
CONTINUOUS
10
3.4535842913385828
20
-2.1382759448818898
11
3.4534335039370077
21
-2.1381247244094488
0
LINE
8
BLACK
6
CONTINUOUS
10
3.4534335039370077
20
-2.1381247244094488
11
3.4534307480314959
21
-2.138119960629921
0
LINE
8
BLACK
6
CONTINUOUS
10
3.4534307480314959
20
-2.138119960629921
11
3.4534029133858266
21
-2.1380938188976377
0
LINE
8
BLACK
6
CONTINUOUS
10
3.4534029133858266
20
-2.1380938188976377
11
3.4533070472440945
21
-2.137996220472441
0
LINE
8
BLACK
6
CONTINUOUS
10
3.4533070472440945
20
-2.137996220472441
11
3.4533068897637795
21
-2.1379961023622047
0
LINE
8
BLACK
6
CONTINUOUS
10
3.4533068897637795
20
-2.1379961023622047
11
3.453306811023622
21
-2.1379960236220472
0
LINE
8
BLACK
6
CONTINUOUS
10
3.453306811023622
20
-2.1379960236220472
11
3.4530861811023623
21
-2.1378116535433072
0
LINE
8
BLACK
6
CONTINUOUS
10
3.4530861811023623
20
-2.1378116535433072
11
3.4530948818897635
21
-2.1378012204724408
0
LINE
8
BLACK
6
CONTINUOUS
10
3.4530948818897635
20
-2.1378012204724408
11
3.4526505511811023
21
-2.1374366535433071
0
LINE
8
BLACK
6
CONTINUOUS
10
3.4526505511811023
20
-2.1374366535433071
11
3.4511133070866142
21
-2.1359274409448816
0
LINE
8
BLACK
6
CONTINUOUS
10
3.4511133070866142
20
-2.1359274409448816
11
3.4508461417322835
21
-2.135752440944882
0
LINE
8
BLACK
6
CONTINUOUS
10
3.4508461417322835
20
-2.135752440944882
11
3.4496966535433069
21
-2.1347655511811023
0
LINE
8
BLACK
6
CONTINUOUS
10
3.4496966535433069
20
-2.1347655511811023
11
3.4493724803149606
21
-2.1344046850393701
0
LINE
8
BLACK
6
CONTINUOUS
10
3.4493724803149606
20
-2.1344046850393701
11
3.4493723228346456
21
-2.1344045275590551
0
LINE
8
BLACK
6
CONTINUOUS
10
3.4493723228346456
20
-2.1344045275590551
11
3.4476587401574803
21
-2.1331216929133858
0
LINE
8
BLACK
6
CONTINUOUS
10
3.4476587401574803
20
-2.1331216929133858
11
3.4473328740157481
21
-2.1328590944881891
0
LINE
8
BLACK
6
CONTINUOUS
10
3.4473328740157481
20
-2.1328590944881891
11
3.4461674803149607
21
-2.1318492913385825
0
LINE
8
BLACK
6
CONTINUOUS
10
3.4461674803149607
20
-2.1318492913385825
11
3.4457159842519682
21
-2.1314580708661417
0
LINE
8
BLACK
6
CONTINUOUS
10
3.4457159842519682
20
-2.1314580708661417
11
3.4457159055118107
21
-2.1314580314960629
0
LINE
8
BLACK
6
CONTINUOUS
10
3.4457159055118107
20
-2.1314580314960629
11
3.4457157874015749
21
-2.1314579133858267
0
LINE
8
BLACK
6
CONTINUOUS
10
3.4457157874015749
20
-2.1314579133858267
11
3.4451920472440944
21
-2.1311596850393699
0
LINE
8
BLACK
6
CONTINUOUS
10
3.4451920472440944
20
-2.1311596850393699
11
3.4440215748031497
21
-2.1302835039370076
0
LINE
8
BLACK
6
CONTINUOUS
10
3.4440215748031497
20
-2.1302835039370076
11
3.4435874015748031
21
-2.1298645275590551
0
LINE
8
BLACK
6
CONTINUOUS
10
3.4435874015748031
20
-2.1298645275590551
11
3.4417855905511812
21
-2.1287065748031497
0
LINE
8
BLACK
6
CONTINUOUS
10
3.4417855905511812
20
-2.1287065748031497
11
3.441728188976378
21
-2.1286691732283463
0
LINE
8
BLACK
6
CONTINUOUS
10
3.441728188976378
20
-2.1286691732283463
11
3.4415828346456694
21
-2.1285732677165354
0
LINE
8
BLACK
6
CONTINUOUS
10
3.4415828346456694
20
-2.1285732677165354
11
3.4397307480314958
21
-2.1271867716535433
0
LINE
8
BLACK
6
CONTINUOUS
10
3.4397307480314958
20
-2.1271867716535433
11
3.4388233858267716
21
-2.1267525984251967
0
LINE
8
BLACK
6
CONTINUOUS
10
3.4388233858267716
20
-2.1267525984251967
11
3.438487559055118
21
-2.1265310629921261
0
LINE
8
BLACK
6
CONTINUOUS
10
3.438487559055118
20
-2.1265310629921261
11
3.4383763385826769
21
-2.1264057086614172
0
LINE
8
BLACK
6
CONTINUOUS
10
3.4383763385826769
20
-2.1264057086614172
11
3.437956377952756
21
-2.1261358267716535
0
LINE
8
BLACK
6
CONTINUOUS
10
3.437956377952756
20
-2.1261358267716535
11
3.4374935433070863
21
-2.1257490157480317
0
LINE
8
BLACK
6
CONTINUOUS
10
3.4374935433070863
20
-2.1257490157480317
11
3.4356111417322834
21
-2.1247211023622046
0
LINE
8
BLACK
6
CONTINUOUS
10
3.4356111417322834
20
-2.1247211023622046
11
3.4355538582677165
21
-2.1246893700787401
0
LINE
8
BLACK
6
CONTINUOUS
10
3.4355538582677165
20
-2.1246893700787401
11
3.4354022047244093
21
-2.1246041732283465
0
LINE
8
BLACK
6
CONTINUOUS
10
3.4354022047244093
20
-2.1246041732283465
11
3.4334554330708662
21
-2.1233530708661417
0
LINE
8
BLACK
6
CONTINUOUS
10
3.4334554330708662
20
-2.1233530708661417
11
3.432519803149606
21
-2.1229849212598424
0
LINE
8
BLACK
6
CONTINUOUS
10
3.432519803149606
20
-2.1229849212598424
11
3.4321688976377951
21
-2.1227877952755905
0
LINE
8
BLACK
6
CONTINUOUS
10
3.4321688976377951
20
-2.1227877952755905
11
3.432049094488189
21
-2.1226707480314961
0
LINE
8
BLACK
6
CONTINUOUS
10
3.432049094488189
20
-2.1226707480314961
11
3.4316110236220472
21
-2.1224315748031497
0
LINE
8
BLACK
6
CONTINUOUS
10
3.4316110236220472
20
-2.1224315748031497
11
3.4311217716535434
21
-2.1220787795275591
0
LINE
8
BLACK
6
CONTINUOUS
10
3.4311217716535434
20
-2.1220787795275591
11
3.4311218110236221
21
-2.1220787795275591
0
LINE
8
BLACK
6
CONTINUOUS
10
3.4311218110236221
20
-2.1220787795275591
11
3.4291757480314962
21
-2.1211900393700787
0
LINE
8
BLACK
6
CONTINUOUS
10
3.4291757480314962
20
-2.1211900393700787
11
3.4288013779527557
21
-2.1210026377952755
0
LINE
8
BLACK
6
CONTINUOUS
10
3.4288013779527557
20
-2.1210026377952755
11
3.4269229527559055
21
-2.1199769291338582
0
LINE
8
BLACK
6
CONTINUOUS
10
3.4269229527559055
20
-2.1199769291338582
11
3.4263474409448818
21
-2.1197967322834645
0
LINE
8
BLACK
6
CONTINUOUS
10
3.4263474409448818
20
-2.1197967322834645
11
3.4257277952755905
21
-2.1195635433070867
0
LINE
8
BLACK
6
CONTINUOUS
10
3.4257277952755905
20
-2.1195635433070867
11
3.4253597244094487
21
-2.119400748031496
0
LINE
8
BLACK
6
CONTINUOUS
10
3.4253597244094487
20
-2.119400748031496
11
3.4245044094488186
21
-2.1188724015748033
0
LINE
8
BLACK
6
CONTINUOUS
10
3.4245044094488186
20
-2.1188724015748033
11
3.4223365354330708
21
-2.1180637795275592
0
LINE
8
BLACK
6
CONTINUOUS
10
3.4223365354330708
20
-2.1180637795275592
11
3.4221769685039369
21
-2.1179932283464566
0
LINE
8
BLACK
6
CONTINUOUS
10
3.4221769685039369
20
-2.1179932283464566
11
3.4221711417322833
21
-2.1179885433070864
0
LINE
8
BLACK
6
CONTINUOUS
10
3.4221711417322833
20
-2.1179885433070864
11
3.4221125984251968
21
-2.1179642913385828
0
LINE
8
BLACK
6
CONTINUOUS
10
3.4221125984251968
20
-2.1179642913385828
11
3.4201664960629921
21
-2.1170754724409448
0
LINE
8
BLACK
6
CONTINUOUS
10
3.4201664960629921
20
-2.1170754724409448
11
3.4201662598425195
21
-2.1170753937007873
0
LINE
8
BLACK
6
CONTINUOUS
10
3.4201662598425195
20
-2.1170753937007873
11
3.4195791338582677
21
-2.116936653543307
0
LINE
8
BLACK
6
CONTINUOUS
10
3.4195791338582677
20
-2.116936653543307
11
3.4182095669291339
21
-2.1164258267716534
0
LINE
8
BLACK
6
CONTINUOUS
10
3.4182095669291339
20
-2.1164258267716534
11
3.4181020472440946
21
-2.116369566929134
0
LINE
8
BLACK
6
CONTINUOUS
10
3.4181020472440946
20
-2.116369566929134
11
3.4176748818897638
21
-2.1161461417322833
0
LINE
8
BLACK
6
CONTINUOUS
10
3.4176748818897638
20
-2.1161461417322833
11
3.4176747637795275
21
-2.1161461023622046
0
LINE
8
BLACK
6
CONTINUOUS
10
3.4176747637795275
20
-2.1161461023622046
11
3.415621377952756
21
-2.1155431102362203
0
LINE
8
BLACK
6
CONTINUOUS
10
3.415621377952756
20
-2.1155431102362203
11
3.4155539763779528
21
-2.1155228740157481
0
LINE
8
BLACK
6
CONTINUOUS
10
3.4155539763779528
20
-2.1155228740157481
11
3.4153872440944881
21
-2.1154717322834644
0
LINE
8
BLACK
6
CONTINUOUS
10
3.4153872440944881
20
-2.1154717322834644
11
3.4132199212598424
21
-2.1146633464566928
0
LINE
8
BLACK
6
CONTINUOUS
10
3.4132199212598424
20
-2.1146633464566928
11
3.4122273622047241
21
-2.1145024803149606
0
LINE
8
BLACK
6
CONTINUOUS
10
3.4122273622047241
20
-2.1145024803149606
11
3.4118426771653541
21
-2.1143844881889762
0
LINE
8
BLACK
6
CONTINUOUS
10
3.4118426771653541
20
-2.1143844881889762
11
3.4117006692913385
21
-2.1142955905511811
0
LINE
8
BLACK
6
CONTINUOUS
10
3.4117006692913385
20
-2.1142955905511811
11
3.4112217322834644
21
-2.1141549212598423
0
LINE
8
BLACK
6
CONTINUOUS
10
3.4112217322834644
20
-2.1141549212598423
11
3.4106686220472442
21
-2.1139141732283466
0
LINE
8
BLACK
6
CONTINUOUS
10
3.4106686220472442
20
-2.1139141732283466
11
3.4101433070866141
21
-2.1137998818897636
0
LINE
8
BLACK
6
CONTINUOUS
10
3.4101433070866141
20
-2.1137998818897636
11
3.4085773622047242
21
-2.1134591732283465
0
LINE
8
BLACK
6
CONTINUOUS
10
3.4085773622047242
20
-2.1134591732283465
11
3.4085086614173226
21
-2.1134437795275591
0
LINE
8
BLACK
6
CONTINUOUS
10
3.4085086614173226
20
-2.1134437795275591
11
3.408338622047244
21
-2.1134046062992127
0
LINE
8
BLACK
6
CONTINUOUS
10
3.408338622047244
20
-2.1134046062992127
11
3.4061189370078742
21
-2.1127528740157482
0
LINE
8
BLACK
6
CONTINUOUS
10
3.4061189370078742
20
-2.1127528740157482
11
3.4051176771653542
21
-2.1126632283464568
0
LINE
8
BLACK
6
CONTINUOUS
10
3.4051176771653542
20
-2.1126632283464568
11
3.4047253543307088
21
-2.1125729527559054
0
LINE
8
BLACK
6
CONTINUOUS
10
3.4047253543307088
20
-2.1125729527559054
11
3.4045774015748029
21
-2.1124944094488187
0
LINE
8
BLACK
6
CONTINUOUS
10
3.4045774015748029
20
-2.1124944094488187
11
3.4040894881889763
21
-2.1123882677165353
0
LINE
8
BLACK
6
CONTINUOUS
10
3.4040894881889763
20
-2.1123882677165353
11
3.4035208267716537
21
-2.1121876377952757
0
LINE
8
BLACK
6
CONTINUOUS
10
3.4035208267716537
20
-2.1121876377952757
11
3.4014030314960628
21
-2.1118830708661416
0
LINE
8
BLACK
6
CONTINUOUS
10
3.4014030314960628
20
-2.1118830708661416
11
3.4009911023622048
21
-2.1118087401574801
0
LINE
8
BLACK
6
CONTINUOUS
10
3.4009911023622048
20
-2.1118087401574801
11
3.3989000393700786
21
-2.111353818897638
0
LINE
8
BLACK
6
CONTINUOUS
10
3.3989000393700786
20
-2.111353818897638
11
3.3988997244094485
21
-2.1113537795275592
0
LINE
8
BLACK
6
CONTINUOUS
10
3.3988997244094485
20
-2.1113537795275592
11
3.398296535433071
21
-2.1113429921259841
0
LINE
8
BLACK
6
CONTINUOUS
10
3.398296535433071
20
-2.1113429921259841
11
3.3968499999999997
21
-2.111135
0
LINE
8
BLACK
6
CONTINUOUS
10
3.3968499999999997
20
-2.111135
11
3.3968173228346457
21
-2.111126023622047
0
LINE
8
BLACK
6
CONTINUOUS
10
3.3968173228346457
20
-2.111126023622047
11
3.3962679133858269
21
-2.1109753149606298
0
LINE
8
BLACK
6
CONTINUOUS
10
3.3962679133858269
20
-2.1109753149606298
11
3.3962678346456694
21
-2.1109752755905511
0
LINE
8
BLACK
6
CONTINUOUS
10
3.3962678346456694
20
-2.1109752755905511
11
3.3962677165354331
21
-2.1109752755905511
0
LINE
8
BLACK
6
CONTINUOUS
10
3.3962677165354331
20
-2.1109752755905511
11
3.3941332677165352
21
-2.110822559055118
0
LINE
8
BLACK
6
CONTINUOUS
10
3.3941332677165352
20
-2.110822559055118
11
3.3940388582677166
21
-2.1108150393700789
0
LINE
8
BLACK
6
CONTINUOUS
10
3.3940388582677166
20
-2.1108150393700789
11
3.3938771259842517
21
-2.1108008267716536
0
LINE
8
BLACK
6
CONTINUOUS
10
3.3938771259842517
20
-2.1108008267716536
11
3.3915995669291337
21
-2.1104733464566929
0
LINE
8
BLACK
6
CONTINUOUS
10
3.3915995669291337
20
-2.1104733464566929
11
3.3906972834645668
21
-2.1105216535433069
0
LINE
8
BLACK
6
CONTINUOUS
10
3.3906972834645668
20
-2.1105216535433069
11
3.3902842519685037
21
-2.1104853937007872
0
LINE
8
BLACK
6
CONTINUOUS
10
3.3902842519685037
20
-2.1104853937007872
11
3.3901151574803148
21
-2.1104237795275589
0
LINE
8
BLACK
6
CONTINUOUS
10
3.3901151574803148
20
-2.1104237795275589
11
3.3896017716535431
21
-2.1103847637795274
0
LINE
8
BLACK
6
CONTINUOUS
10
3.3896017716535431
20
-2.1103847637795274
11
3.3892810629921257
21
-2.1103179921259843
0
LINE
8
BLACK
6
CONTINUOUS
10
3.3892810629921257
20
-2.1103179921259843
11
3.3872231889763778
21
-2.110299527559055
0
LINE
8
BLACK
6
CONTINUOUS
10
3.3872231889763778
20
-2.110299527559055
11
3.3869897637795274
21
-2.1102927952755905
0
LINE
8
BLACK
6
CONTINUOUS
10
3.3869897637795274
20
-2.1102927952755905
11
3.3866877952755905
21
-2.1102780314960627
0
LINE
8
BLACK
6
CONTINUOUS
10
3.3866877952755905
20
-2.1102780314960627
11
3.3866100787401572
21
-2.1102625984251966
0
LINE
8
BLACK
6
CONTINUOUS
10
3.3866100787401572
20
-2.1102625984251966
11
3.386371338582677
21
-2.1102625984251966
0
LINE
8
BLACK
6
CONTINUOUS
10
3.386371338582677
20
-2.1102625984251966
11
3.386228622047244
21
-2.1102556299212596
0
LINE
8
BLACK
6
CONTINUOUS
10
3.386228622047244
20
-2.1102556299212596
11
3.3862171653543305
21
-2.1102519291338582
0
LINE
8
BLACK
6
CONTINUOUS
10
3.3862171653543305
20
-2.1102519291338582
11
3.3860961811023622
21
-2.1102476377952755
0
LINE
8
BLACK
6
CONTINUOUS
10
3.3860961811023622
20
-2.1102476377952755
11
3.3842548031496062
21
-2.1101159055118108
0
LINE
8
BLACK
6
CONTINUOUS
10
3.3842548031496062
20
-2.1101159055118108
11
3.3842546456692912
21
-2.1101159055118108
0
LINE
8
BLACK
6
CONTINUOUS
10
3.3842546456692912
20
-2.1101159055118108
11
3.3834770078740157
21
-2.1102135433070868
0
LINE
8
BLACK
6
CONTINUOUS
10
3.3834770078740157
20
-2.1102135433070868
11
3.3826939763779529
21
-2.1102589763779527
0
LINE
8
BLACK
6
CONTINUOUS
10
3.3826939763779529
20
-2.1102589763779527
11
3.3795738976377954
21
-2.1102311023622047
0
LINE
8
BLACK
6
CONTINUOUS
10
3.3795738976377954
20
-2.1102311023622047
11
3.3795738582677166
21
-2.1102311023622047
0
LINE
8
BLACK
6
CONTINUOUS
10
3.3795738582677166
20
-2.1102311023622047
11
3.3795737401574804
21
-2.1102311023622047
0
LINE
8
BLACK
6
CONTINUOUS
10
3.3795737401574804
20
-2.1102311023622047
11
3.3795735826771653
21
-2.1102311023622047
0
LINE
8
BLACK
6
CONTINUOUS
10
3.3795735826771653
20
-2.1102311023622047
11
3.3794825196850393
21
-2.1102392913385826
0
LINE
8
BLACK
6
CONTINUOUS
10
3.3794825196850393
20
-2.1102392913385826
11
3.3789599212598422
21
-2.1102625984251966
0
LINE
8
BLACK
6
CONTINUOUS
10
3.3789599212598422
20
-2.1102625984251966
11
2.9880328740157478
21
-2.1102625984251966
0
LINE
8
BLACK
6
CONTINUOUS
10
2.9880328740157478
20
-2.1102625984251966
11
2.9875912992125984
21
-2.110262283464567
0
LINE
8
BLACK
6
CONTINUOUS
10
2.9875912992125984
20
-2.110262283464567
11
2.9874303543307086
21
-2.1102317322834647
0
LINE
8
BLACK
6
CONTINUOUS
10
2.9874303543307086
20
-2.1102317322834647
11
2.9842161023622045
21
-2.1102598818897635
0
LINE
8
BLACK
6
CONTINUOUS
10
2.9842161023622045
20
-2.1102598818897635
11
2.9841880708661415
21
-2.1102598818897635
0
LINE
8
BLACK
6
CONTINUOUS
10
2.9841880708661415
20
-2.1102598818897635
11
2.9841715748031494
21
-2.1102554330708663
0
LINE
8
BLACK
6
CONTINUOUS
10
2.9841715748031494
20
-2.1102554330708663
11
2.9834611023622046
21
-2.1102141338582676
0
LINE
8
BLACK
6
CONTINUOUS
10
2.9834611023622046
20
-2.1102141338582676
11
2.9826800787401573
21
-2.1101160236220471
0
LINE
8
BLACK
6
CONTINUOUS
10
2.9826800787401573
20
-2.1101160236220471
11
2.9826796062992127
21
-2.1101159842519683
0
LINE
8
BLACK
6
CONTINUOUS
10
2.9826796062992127
20
-2.1101159842519683
11
2.9809563385826769
21
-2.1102392913385826
0
LINE
8
BLACK
6
CONTINUOUS
10
2.9809563385826769
20
-2.1102392913385826
11
2.9808394094488189
21
-2.1102476377952755
0
LINE
8
BLACK
6
CONTINUOUS
10
2.9808394094488189
20
-2.1102476377952755
11
2.980729094488189
21
-2.110254527559055
0
LINE
8
BLACK
6
CONTINUOUS
10
2.980729094488189
20
-2.110254527559055
11
2.9805755511811025
21
-2.1102625984251966
0
LINE
8
BLACK
6
CONTINUOUS
10
2.9805755511811025
20
-2.1102625984251966
11
2.9803870078740156
21
-2.1102625984251966
0
LINE
8
BLACK
6
CONTINUOUS
10
2.9803870078740156
20
-2.1102625984251966
11
2.9803191732283465
21
-2.110276062992126
0
LINE
8
BLACK
6
CONTINUOUS
10
2.9803191732283465
20
-2.110276062992126
11
2.980037086614173
21
-2.1102909055118109
0
LINE
8
BLACK
6
CONTINUOUS
10
2.980037086614173
20
-2.1102909055118109
11
2.9800149999999999
21
-2.1102861811023623
0
LINE
8
BLACK
6
CONTINUOUS
10
2.9800149999999999
20
-2.1102861811023623
11
2.9797806299212599
21
-2.1102987401574804
0
LINE
8
BLACK
6
CONTINUOUS
10
2.9797806299212599
20
-2.1102987401574804
11
2.9776596456692914
21
-2.1103173228346455
0
LINE
8
BLACK
6
CONTINUOUS
10
2.9776596456692914
20
-2.1103173228346455
11
2.9776594881889764
21
-2.1103173622047242
0
LINE
8
BLACK
6
CONTINUOUS
10
2.9776594881889764
20
-2.1103173622047242
11
2.9772733464566929
21
-2.1103976771653543
0
LINE
8
BLACK
6
CONTINUOUS
10
2.9772733464566929
20
-2.1103976771653543
11
2.9757653937007875
21
-2.1105121653543306
0
LINE
8
BLACK
6
CONTINUOUS
10
2.9757653937007875
20
-2.1105121653543306
11
2.9752088582677163
21
-2.1104823622047242
0
LINE
8
BLACK
6
CONTINUOUS
10
2.9752088582677163
20
-2.1104823622047242
11
2.9752084645669292
21
-2.1104823622047242
0
LINE
8
BLACK
6
CONTINUOUS
10
2.9752084645669292
20
-2.1104823622047242
11
2.9730902755905513
21
-2.1107868897637796
0
LINE
8
BLACK
6
CONTINUOUS
10
2.9730902755905513
20
-2.1107868897637796
11
2.9726741338582676
21
-2.1108316141732284
0
LINE
8
BLACK
6
CONTINUOUS
10
2.9726741338582676
20
-2.1108316141732284
11
2.9705403937007873
21
-2.1109842125984253
0
LINE
8
BLACK
6
CONTINUOUS
10
2.9705403937007873
20
-2.1109842125984253
11
2.9705398818897639
21
-2.1109842913385828
0
LINE
8
BLACK
6
CONTINUOUS
10
2.9705398818897639
20
-2.1109842913385828
11
2.9698967322834644
21
-2.1111607480314962
0
LINE
8
BLACK
6
CONTINUOUS
10
2.9698967322834644
20
-2.1111607480314962
11
2.9684496456692915
21
-2.1113687795275591
0
LINE
8
BLACK
6
CONTINUOUS
10
2.9684496456692915
20
-2.1113687795275591
11
2.9677831889763779
21
-2.1113806692913384
0
LINE
8
BLACK
6
CONTINUOUS
10
2.9677831889763779
20
-2.1113806692913384
11
2.9677827559055117
21
-2.1113807086614171
0
LINE
8
BLACK
6
CONTINUOUS
10
2.9677827559055117
20
-2.1113807086614171
11
2.9656916535433071
21
-2.1118355511811022
0
LINE
8
BLACK
6
CONTINUOUS
10
2.9656916535433071
20
-2.1118355511811022
11
2.9656355118110236
21
-2.1118474803149607
0
LINE
8
BLACK
6
CONTINUOUS
10
2.9656355118110236
20
-2.1118474803149607
11
2.9654586220472439
21
-2.1118841338582675
0
LINE
8
BLACK
6
CONTINUOUS
10
2.9654586220472439
20
-2.1118841338582675
11
2.963161968503937
21
-2.1122143700787399
0
LINE
8
BLACK
6
CONTINUOUS
10
2.963161968503937
20
-2.1122143700787399
11
2.9621596062992124
21
-2.1125679133858268
0
LINE
8
BLACK
6
CONTINUOUS
10
2.9621596062992124
20
-2.1125679133858268
11
2.9617718503937005
21
-2.112648307086614
0
LINE
8
BLACK
6
CONTINUOUS
10
2.9617718503937005
20
-2.112648307086614
11
2.9616028740157478
21
-2.1126385826771652
0
LINE
8
BLACK
6
CONTINUOUS
10
2.9616028740157478
20
-2.1126385826771652
11
2.9611044488188978
21
-2.1127470078740158
0
LINE
8
BLACK
6
CONTINUOUS
10
2.9611044488188978
20
-2.1127470078740158
11
2.9604397637795277
21
-2.112806496062992
0
LINE
8
BLACK
6
CONTINUOUS
10
2.9604397637795277
20
-2.112806496062992
11
2.9583868503937008
21
-2.1134092913385825
0
LINE
8
BLACK
6
CONTINUOUS
10
2.9583868503937008
20
-2.1134092913385825
11
2.9579811811023622
21
-2.1135128346456691
0
LINE
8
BLACK
6
CONTINUOUS
10
2.9579811811023622
20
-2.1135128346456691
11
2.9558903543307085
21
-2.1139676377952754
0
LINE
8
BLACK
6
CONTINUOUS
10
2.9558903543307085
20
-2.1139676377952754
11
2.9552783070866142
21
-2.1142340551181102
0
LINE
8
BLACK
6
CONTINUOUS
10
2.9552783070866142
20
-2.1142340551181102
11
2.9546450393700785
21
-2.1144673228346456
0
LINE
8
BLACK
6
CONTINUOUS
10
2.9546450393700785
20
-2.1144673228346456
11
2.9542662598425196
21
-2.1145825590551182
0
LINE
8
BLACK
6
CONTINUOUS
10
2.9542662598425196
20
-2.1145825590551182
11
2.9532171259842519
21
-2.1147525984251967
0
LINE
8
BLACK
6
CONTINUOUS
10
2.9532171259842519
20
-2.1147525984251967
11
2.9510438976377951
21
-2.1155631496062992
0
LINE
8
BLACK
6
CONTINUOUS
10
2.9510438976377951
20
-2.1155631496062992
11
2.9508704330708659
21
-2.1156159448818896
0
LINE
8
BLACK
6
CONTINUOUS
10
2.9508704330708659
20
-2.1156159448818896
11
2.950864251968504
21
-2.1156161417322834
0
LINE
8
BLACK
6
CONTINUOUS
10
2.950864251968504
20
-2.1156161417322834
11
2.9508154330708662
21
-2.1156324015748029
0
LINE
8
BLACK
6
CONTINUOUS
10
2.9508154330708662
20
-2.1156324015748029
11
2.9487622047244093
21
-2.1162352755905509
0
LINE
8
BLACK
6
CONTINUOUS
10
2.9487622047244093
20
-2.1162352755905509
11
2.9487620472440943
21
-2.1162353543307084
0
LINE
8
BLACK
6
CONTINUOUS
10
2.9487620472440943
20
-2.1162353543307084
11
2.9481706692913385
21
-2.1165446850393699
0
LINE
8
BLACK
6
CONTINUOUS
10
2.9481706692913385
20
-2.1165446850393699
11
2.947555866141732
21
-2.1168224409448819
0
LINE
8
BLACK
6
CONTINUOUS
10
2.947555866141732
20
-2.1168224409448819
11
2.9471861811023623
21
-2.1169644488188974
0
LINE
8
BLACK
6
CONTINUOUS
10
2.9471861811023623
20
-2.1169644488188974
11
2.946151968503937
21
-2.1172088976377954
0
LINE
8
BLACK
6
CONTINUOUS
10
2.946151968503937
20
-2.1172088976377954
11
2.9440415748031494
21
-2.1181726377952756
0
LINE
8
BLACK
6
CONTINUOUS
10
2.9440415748031494
20
-2.1181726377952756
11
2.9438724803149605
21
-2.1182376377952754
0
LINE
8
BLACK
6
CONTINUOUS
10
2.9438724803149605
20
-2.1182376377952754
11
2.9438662598425198
21
-2.1182382677165355
0
LINE
8
BLACK
6
CONTINUOUS
10
2.9438662598425198
20
-2.1182382677165355
11
2.9438186220472442
21
-2.1182580314960631
0
LINE
8
BLACK
6
CONTINUOUS
10
2.9438186220472442
20
-2.1182580314960631
11
2.94181405511811
21
-2.1190056692913384
0
LINE
8
BLACK
6
CONTINUOUS
10
2.94181405511811
20
-2.1190056692913384
11
2.9418136614173229
21
-2.1190058661417321
0
LINE
8
BLACK
6
CONTINUOUS
10
2.9418136614173229
20
-2.1190058661417321
11
2.941246181102362
21
-2.1193564173228348
0
LINE
8
BLACK
6
CONTINUOUS
10
2.941246181102362
20
-2.1193564173228348
11
2.9399166141732285
21
-2.1199636220472442
0
LINE
8
BLACK
6
CONTINUOUS
10
2.9399166141732285
20
-2.1199636220472442
11
2.9392797637795276
21
-2.1201630314960629
0
LINE
8
BLACK
6
CONTINUOUS
10
2.9392797637795276
20
-2.1201630314960629
11
2.9392794488188976
21
-2.1201631889763779
0
LINE
8
BLACK
6
CONTINUOUS
10
2.9392794488188976
20
-2.1201631889763779
11
2.9374011417322836
21
-2.121188779527559
0
LINE
8
BLACK
6
CONTINUOUS
10
2.9374011417322836
20
-2.121188779527559
11
2.9373506692913387
21
-2.121216023622047
0
LINE
8
BLACK
6
CONTINUOUS
10
2.9373506692913387
20
-2.121216023622047
11
2.9371911811023623
21
-2.1213010629921261
0
LINE
8
BLACK
6
CONTINUOUS
10
2.9371911811023623
20
-2.1213010629921261
11
2.9350811811023623
21
-2.1222647244094488
0
LINE
8
BLACK
6
CONTINUOUS
10
2.9350811811023623
20
-2.1222647244094488
11
2.9342188976377952
21
-2.1228864173228348
0
LINE
8
BLACK
6
CONTINUOUS
10
2.9342188976377952
20
-2.1228864173228348
11
2.9338697637795277
21
-2.1230726771653541
0
LINE
8
BLACK
6
CONTINUOUS
10
2.9338697637795277
20
-2.1230726771653541
11
2.9337048818897635
21
-2.1231109448818897
0
LINE
8
BLACK
6
CONTINUOUS
10
2.9337048818897635
20
-2.1231109448818897
11
2.9332571259842517
21
-2.1233554724409447
0
LINE
8
BLACK
6
CONTINUOUS
10
2.9332571259842517
20
-2.1233554724409447
11
2.9326359055118107
21
-2.1235999212598426
0
LINE
8
BLACK
6
CONTINUOUS
10
2.9326359055118107
20
-2.1235999212598426
11
2.9308357480314959
21
-2.1247567716535434
0
LINE
8
BLACK
6
CONTINUOUS
10
2.9308357480314959
20
-2.1247567716535434
11
2.9307873622047245
21
-2.1247875196850394
0
LINE
8
BLACK
6
CONTINUOUS
10
2.9307873622047245
20
-2.1247875196850394
11
2.930633661417323
21
-2.1248841338582678
0
LINE
8
BLACK
6
CONTINUOUS
10
2.930633661417323
20
-2.1248841338582678
11
2.9285978740157481
21
-2.1259958267716534
0
LINE
8
BLACK
6
CONTINUOUS
10
2.9285978740157481
20
-2.1259958267716534
11
2.9277822047244095
21
-2.1266774803149606
0
LINE
8
BLACK
6
CONTINUOUS
10
2.9277822047244095
20
-2.1266774803149606
11
2.9274471653543306
21
-2.1268881889763778
0
LINE
8
BLACK
6
CONTINUOUS
10
2.9274471653543306
20
-2.1268881889763778
11
2.9272853149606299
21
-2.1269381496062993
0
LINE
8
BLACK
6
CONTINUOUS
10
2.9272853149606299
20
-2.1269381496062993
11
2.9268559842519686
21
-2.1272140944881888
0
LINE
8
BLACK
6
CONTINUOUS
10
2.9268559842519686
20
-2.1272140944881888
11
2.9262541732283465
21
-2.1275020078740159
0
LINE
8
BLACK
6
CONTINUOUS
10
2.9262541732283465
20
-2.1275020078740159
11
2.9245412204724408
21
-2.1287842913385826
0
LINE
8
BLACK
6
CONTINUOUS
10
2.9245412204724408
20
-2.1287842913385826
11
2.9244949999999998
21
-2.1288185433070868
0
LINE
8
BLACK
6
CONTINUOUS
10
2.9244949999999998
20
-2.1288185433070868
11
2.9243489763779529
21
-2.128925590551181
0
LINE
8
BLACK
6
CONTINUOUS
10
2.9243489763779529
20
-2.128925590551181
11
2.9223973622047241
21
-2.1301798818897639
0
LINE
8
BLACK
6
CONTINUOUS
10
2.9223973622047241
20
-2.1301798818897639
11
2.921632716535433
21
-2.1309176377952754
0
LINE
8
BLACK
6
CONTINUOUS
10
2.921632716535433
20
-2.1309176377952754
11
2.9213133464566927
21
-2.1311518897637796
0
LINE
8
BLACK
6
CONTINUOUS
10
2.9213133464566927
20
-2.1311518897637796
11
2.9211556299212598
21
-2.1312132283464567
0
LINE
8
BLACK
6
CONTINUOUS
10
2.9211556299212598
20
-2.1312132283464567
11
2.9207472834645669
21
-2.1315189370078738
0
LINE
8
BLACK
6
CONTINUOUS
10
2.9207472834645669
20
-2.1315189370078738
11
2.9201673228346454
21
-2.131849212598425
0
LINE
8
BLACK
6
CONTINUOUS
10
2.9201673228346454
20
-2.131849212598425
11
2.9185498818897635
21
-2.1332506692913387
0
LINE
8
BLACK
6
CONTINUOUS
10
2.9185498818897635
20
-2.1332506692913387
11
2.918489251968504
21
-2.1333024803149607
0
LINE
8
BLACK
6
CONTINUOUS
10
2.918489251968504
20
-2.1333024803149607
11
2.9183591338582677
21
-2.1334121259842518
0
LINE
8
BLACK
6
CONTINUOUS
10
2.9183591338582677
20
-2.1334121259842518
11
2.9165111811023623
21
-2.1347955511811025
0
LINE
8
BLACK
6
CONTINUOUS
10
2.9165111811023623
20
-2.1347955511811025
11
2.9158663385826773
21
-2.1355133858267714
0
LINE
8
BLACK
6
CONTINUOUS
10
2.9158663385826773
20
-2.1355133858267714
11
2.9155551574803149
21
-2.1357757086614173
0
LINE
8
BLACK
6
CONTINUOUS
10
2.9155551574803149
20
-2.1357757086614173
11
2.915390472440945
21
-2.1358529133858268
0
LINE
8
BLACK
6
CONTINUOUS
10
2.915390472440945
20
-2.1358529133858268
11
2.9149911023622046
21
-2.1361959842519687
0
LINE
8
BLACK
6
CONTINUOUS
10
2.9149911023622046
20
-2.1361959842519687
11
2.9146601181102363
21
-2.136412992125984
0
LINE
8
BLACK
6
CONTINUOUS
10
2.9146601181102363
20
-2.136412992125984
11
2.914659842519685
21
-2.1364131889763778
0
LINE
8
BLACK
6
CONTINUOUS
10
2.914659842519685
20
-2.1364131889763778
11
2.9130892913385824
21
-2.1379565354330707
0
LINE
8
BLACK
6
CONTINUOUS
10
2.9130892913385824
20
-2.1379565354330707
11
2.9128535433070866
21
-2.1381757874015745
0
LINE
8
BLACK
6
CONTINUOUS
10
2.9128535433070866
20
-2.1381757874015745
11
2.912580118110236
21
-2.1384164173228344
0
LINE
8
BLACK
6
CONTINUOUS
10
2.912580118110236
20
-2.1384164173228344
11
2.912443149606299
21
-2.1385097244094489
0
LINE
8
BLACK
6
CONTINUOUS
10
2.912443149606299
20
-2.1385097244094489
11
2.9122442519685037
21
-2.1387120472440944
0
LINE
8
BLACK
6
CONTINUOUS
10
2.9122442519685037
20
-2.1387120472440944
11
2.9120846456692915
21
-2.1388525590551182
0
LINE
8
BLACK
6
CONTINUOUS
10
2.9120846456692915
20
-2.1388525590551182
11
2.9120795669291337
21
-2.1388550393700787
0
LINE
8
BLACK
6
CONTINUOUS
10
2.9120795669291337
20
-2.1388550393700787
11
2.9120505118110236
21
-2.1388823622047242
0
LINE
8
BLACK
6
CONTINUOUS
10
2.9120505118110236
20
-2.1388823622047242
11
2.910969409448819
21
-2.1398191732283465
0
LINE
8
BLACK
6
CONTINUOUS
10
2.910969409448819
20
-2.1398191732283465
11
2.9109691338582677
21
-2.1398194488188977
0
LINE
8
BLACK
6
CONTINUOUS
10
2.9109691338582677
20
-2.1398194488188977
11
2.9105599999999998
21
-2.1403461023622046
0
LINE
8
BLACK
6
CONTINUOUS
10
2.9105599999999998
20
-2.1403461023622046
11
2.9095267716535433
21
-2.1413793700787402
0
LINE
8
BLACK
6
CONTINUOUS
10
2.9095267716535433
20
-2.1413793700787402
11
2.9089991732283464
21
-2.141789251968504
0
LINE
8
BLACK
6
CONTINUOUS
10
2.9089991732283464
20
-2.141789251968504
11
2.9089989763779527
21
-2.1417894488188978
0
LINE
8
BLACK
6
CONTINUOUS
10
2.9089989763779527
20
-2.1417894488188978
11
2.9080627559055117
21
-2.1428698425196848
0
LINE
8
BLACK
6
CONTINUOUS
10
2.9080627559055117
20
-2.1428698425196848
11
2.9080331102362202
21
-2.1429037795275589
0
LINE
8
BLACK
6
CONTINUOUS
10
2.9080331102362202
20
-2.1429037795275589
11
2.9078921259842518
21
-2.1430638976377954
0
LINE
8
BLACK
6
CONTINUOUS
10
2.9078921259842518
20
-2.1430638976377954
11
2.907690748031496
21
-2.1432618897637794
0
LINE
8
BLACK
6
CONTINUOUS
10
2.907690748031496
20
-2.1432618897637794
11
2.9075977952755907
21
-2.143398346456693
0
LINE
8
BLACK
6
CONTINUOUS
10
2.9075977952755907
20
-2.143398346456693
11
2.9073570078740159
21
-2.1436719685039369
0
LINE
8
BLACK
6
CONTINUOUS
10
2.9073570078740159
20
-2.1436719685039369
11
2.907300275590551
21
-2.14370968503937
0
LINE
8
BLACK
6
CONTINUOUS
10
2.907300275590551
20
-2.14370968503937
11
2.9071374015748033
21
-2.1439080708661415
0
LINE
8
BLACK
6
CONTINUOUS
10
2.9071374015748033
20
-2.1439080708661415
11
2.9055942519685041
21
-2.1454782677165354
0
LINE
8
BLACK
6
CONTINUOUS
10
2.9055942519685041
20
-2.1454782677165354
11
2.9055939370078741
21
-2.1454786614173229
0
LINE
8
BLACK
6
CONTINUOUS
10
2.9055939370078741
20
-2.1454786614173229
11
2.9053760236220474
21
-2.1458109842519684
0
LINE
8
BLACK
6
CONTINUOUS
10
2.9053760236220474
20
-2.1458109842519684
11
2.9043909055118111
21
-2.146957834645669
0
LINE
8
BLACK
6
CONTINUOUS
10
2.9043909055118111
20
-2.146957834645669
11
2.9039755905511808
21
-2.147330905511811
0
LINE
8
BLACK
6
CONTINUOUS
10
2.9039755905511808
20
-2.147330905511811
11
2.9039752755905512
21
-2.1473312598425198
0
LINE
8
BLACK
6
CONTINUOUS
10
2.9039752755905512
20
-2.1473312598425198
11
2.902692440944882
21
-2.1490448818897638
0
LINE
8
BLACK
6
CONTINUOUS
10
2.902692440944882
20
-2.1490448818897638
11
2.9024297637795273
21
-2.1493708267716536
0
LINE
8
BLACK
6
CONTINUOUS
10
2.9024297637795273
20
-2.1493708267716536
11
2.9010292519685037
21
-2.1509870866141734
0
LINE
8
BLACK
6
CONTINUOUS
10
2.9010292519685037
20
-2.1509870866141734
11
2.9010290157480316
21
-2.1509874409448817
0
LINE
8
BLACK
6
CONTINUOUS
10
2.9010290157480316
20
-2.1509874409448817
11
2.9006989370078737
21
-2.1515670472440944
0
LINE
8
BLACK
6
CONTINUOUS
10
2.9006989370078737
20
-2.1515670472440944
11
2.8998230314960631
21
-2.152737125984252
0
LINE
8
BLACK
6
CONTINUOUS
10
2.8998230314960631
20
-2.152737125984252
11
2.8993595275590551
21
-2.1532174803149604
0
LINE
8
BLACK
6
CONTINUOUS
10
2.8993595275590551
20
-2.1532174803149604
11
2.8982023622047244
21
-2.1550180314960627
0
LINE
8
BLACK
6
CONTINUOUS
10
2.8982023622047244
20
-2.1550180314960627
11
2.8981711417322833
21
-2.1550661023622046
0
LINE
8
BLACK
6
CONTINUOUS
10
2.8981711417322833
20
-2.1550661023622046
11
2.8980718110236219
21
-2.1552173228346456
0
LINE
8
BLACK
6
CONTINUOUS
10
2.8980718110236219
20
-2.1552173228346456
11
2.8966818503937009
21
-2.1570742125984252
0
LINE
8
BLACK
6
CONTINUOUS
10
2.8966818503937009
20
-2.1570742125984252
11
2.8962231102362206
21
-2.1580329527559057
0
LINE
8
BLACK
6
CONTINUOUS
10
2.8962231102362206
20
-2.1580329527559057
11
2.8960058661417323
21
-2.1583638582677165
0
LINE
8
BLACK
6
CONTINUOUS
10
2.8960058661417323
20
-2.1583638582677165
11
2.8958794881889762
21
-2.1584764566929135
0
LINE
8
BLACK
6
CONTINUOUS
10
2.8958794881889762
20
-2.1584764566929135
11
2.8956036220472439
21
-2.1589057874015749
0
LINE
8
BLACK
6
CONTINUOUS
10
2.8956036220472439
20
-2.1589057874015749
11
2.8951755118110234
21
-2.1594180708661419
0
LINE
8
BLACK
6
CONTINUOUS
10
2.8951755118110234
20
-2.1594180708661419
11
2.8951754330708659
21
-2.1594181889763777
0
LINE
8
BLACK
6
CONTINUOUS
10
2.8951754330708659
20
-2.1594181889763777
11
2.894150118110236
21
-2.1612958267716533
0
LINE
8
BLACK
6
CONTINUOUS
10
2.894150118110236
20
-2.1612958267716533
11
2.8939366141732283
21
-2.1616557086614172
0
LINE
8
BLACK
6
CONTINUOUS
10
2.8939366141732283
20
-2.1616557086614172
11
2.8927797637795276
21
-2.163455866141732
0
LINE
8
BLACK
6
CONTINUOUS
10
2.8927797637795276
20
-2.163455866141732
11
2.8927795669291338
21
-2.1634562204724408
0
LINE
8
BLACK
6
CONTINUOUS
10
2.8927795669291338
20
-2.1634562204724408
11
2.8925352362204726
21
-2.1640772047244092
0
LINE
8
BLACK
6
CONTINUOUS
10
2.8925352362204726
20
-2.1640772047244092
11
2.8922525196850395
21
-2.164689724409449
0
LINE
8
BLACK
6
CONTINUOUS
10
2.8922525196850395
20
-2.164689724409449
11
2.892066062992126
21
-2.1650392125984252
0
LINE
8
BLACK
6
CONTINUOUS
10
2.892066062992126
20
-2.1650392125984252
11
2.8914445669291338
21
-2.165901220472441
0
LINE
8
BLACK
6
CONTINUOUS
10
2.8914445669291338
20
-2.165901220472441
11
2.8904809842519685
21
-2.1680110629921261
0
LINE
8
BLACK
6
CONTINUOUS
10
2.8904809842519685
20
-2.1680110629921261
11
2.8903957480314961
21
-2.1681709448818896
0
LINE
8
BLACK
6
CONTINUOUS
10
2.8903957480314961
20
-2.1681709448818896
11
2.8903914566929134
21
-2.1681754724409448
0
LINE
8
BLACK
6
CONTINUOUS
10
2.8903914566929134
20
-2.1681754724409448
11
2.890368464566929
21
-2.168221496062992
0
LINE
8
BLACK
6
CONTINUOUS
10
2.890368464566929
20
-2.168221496062992
11
2.8893428740157479
21
-2.1700998031496064
0
LINE
8
BLACK
6
CONTINUOUS
10
2.8893428740157479
20
-2.1700998031496064
11
2.8891434251968504
21
-2.1707367322834643
0
LINE
8
BLACK
6
CONTINUOUS
10
2.8891434251968504
20
-2.1707367322834643
11
2.8889050393700786
21
-2.1713680314960628
0
LINE
8
BLACK
6
CONTINUOUS
10
2.8889050393700786
20
-2.1713680314960628
11
2.8887440551181101
21
-2.1717298031496064
0
LINE
8
BLACK
6
CONTINUOUS
10
2.8887440551181101
20
-2.1717298031496064
11
2.8881856299212596
21
-2.1726339370078738
0
LINE
8
BLACK
6
CONTINUOUS
10
2.8881856299212596
20
-2.1726339370078738
11
2.8873748031496063
21
-2.1748076377952756
0
LINE
8
BLACK
6
CONTINUOUS
10
2.8873748031496063
20
-2.1748076377952756
11
2.8873012992125981
21
-2.1749729527559056
0
LINE
8
BLACK
6
CONTINUOUS
10
2.8873012992125981
20
-2.1749729527559056
11
2.8872973622047242
21
-2.1749777559055117
0
LINE
8
BLACK
6
CONTINUOUS
10
2.8872973622047242
20
-2.1749777559055117
11
2.8872777165354329
21
-2.175025275590551
0
LINE
8
BLACK
6
CONTINUOUS
10
2.8872777165354329
20
-2.175025275590551
11
2.8863887401574804
21
-2.176971968503937
0
LINE
8
BLACK
6
CONTINUOUS
10
2.8863887401574804
20
-2.176971968503937
11
2.8863886614173229
21
-2.1769722047244096
0
LINE
8
BLACK
6
CONTINUOUS
10
2.8863886614173229
20
-2.1769722047244096
11
2.8862352755905509
21
-2.177621220472441
0
LINE
8
BLACK
6
CONTINUOUS
10
2.8862352755905509
20
-2.177621220472441
11
2.8857244881889765
21
-2.1789906692913386
0
LINE
8
BLACK
6
CONTINUOUS
10
2.8857244881889765
20
-2.1789906692913386
11
2.8854152362204726
21
-2.1795818897637793
0
LINE
8
BLACK
6
CONTINUOUS
10
2.8854152362204726
20
-2.1795818897637793
11
2.8848122440944883
21
-2.1816353543307088
0
LINE
8
BLACK
6
CONTINUOUS
10
2.8848122440944883
20
-2.1816353543307088
11
2.8847958267716534
21
-2.1816903149606297
0
LINE
8
BLACK
6
CONTINUOUS
10
2.8847958267716534
20
-2.1816903149606297
11
2.8847429921259842
21
-2.1818638188976376
0
LINE
8
BLACK
6
CONTINUOUS
10
2.8847429921259842
20
-2.1818638188976376
11
2.8839324409448817
21
-2.1840371653543307
0
LINE
8
BLACK
6
CONTINUOUS
10
2.8839324409448817
20
-2.1840371653543307
11
2.8837623622047244
21
-2.1850862992125983
0
LINE
8
BLACK
6
CONTINUOUS
10
2.8837623622047244
20
-2.1850862992125983
11
2.8836471259842518
21
-2.185465118110236
0
LINE
8
BLACK
6
CONTINUOUS
10
2.8836471259842518
20
-2.185465118110236
11
2.8835575984251967
21
-2.1856087401574804
0
LINE
8
BLACK
6
CONTINUOUS
10
2.8835575984251967
20
-2.1856087401574804
11
2.883413937007874
21
-2.186098188976378
0
LINE
8
BLACK
6
CONTINUOUS
10
2.883413937007874
20
-2.186098188976378
11
2.8831474015748029
21
-2.186710590551181
0
LINE
8
BLACK
6
CONTINUOUS
10
2.8831474015748029
20
-2.186710590551181
11
2.882692598425197
21
-2.1888011023622047
0
LINE
8
BLACK
6
CONTINUOUS
10
2.882692598425197
20
-2.1888011023622047
11
2.8825890944881891
21
-2.1892065748031495
0
LINE
8
BLACK
6
CONTINUOUS
10
2.8825890944881891
20
-2.1892065748031495
11
2.8819863779527557
21
-2.1912592519685039
0
LINE
8
BLACK
6
CONTINUOUS
10
2.8819863779527557
20
-2.1912592519685039
11
2.8819863385826769
21
-2.1912596062992127
0
LINE
8
BLACK
6
CONTINUOUS
10
2.8819863385826769
20
-2.1912596062992127
11
2.881926811023622
21
-2.1919246062992124
0
LINE
8
BLACK
6
CONTINUOUS
10
2.881926811023622
20
-2.1919246062992124
11
2.8818281102362202
21
-2.1925921259842518
0
LINE
8
BLACK
6
CONTINUOUS
10
2.8818281102362202
20
-2.1925921259842518
11
2.8817477559055118
21
-2.1929796456692912
0
LINE
8
BLACK
6
CONTINUOUS
10
2.8817477559055118
20
-2.1929796456692912
11
2.8813941732283466
21
-2.1939820472440945
0
LINE
8
BLACK
6
CONTINUOUS
10
2.8813941732283466
20
-2.1939820472440945
11
2.8810639370078741
21
-2.1962786614173226
0
LINE
8
BLACK
6
CONTINUOUS
10
2.8810639370078741
20
-2.1962786614173226
11
2.8810272440944882
21
-2.1964557874015749
0
LINE
8
BLACK
6
CONTINUOUS
10
2.8810272440944882
20
-2.1964557874015749
11
2.8810244094488189
21
-2.1964613385826772
0
LINE
8
BLACK
6
CONTINUOUS
10
2.8810244094488189
20
-2.1964613385826772
11
2.8810153149606297
21
-2.1965119291338584
0
LINE
8
BLACK
6
CONTINUOUS
10
2.8810153149606297
20
-2.1965119291338584
11
2.8805604724409446
21
-2.198603031496063
0
LINE
8
BLACK
6
CONTINUOUS
10
2.8805604724409446
20
-2.198603031496063
11
2.8805604330708663
21
-2.198603346456693
0
LINE
8
BLACK
6
CONTINUOUS
10
2.8805604330708663
20
-2.198603346456693
11
2.8805485433070865
21
-2.1992698425196848
0
LINE
8
BLACK
6
CONTINUOUS
10
2.8805485433070865
20
-2.1992698425196848
11
2.8804977165354329
21
-2.1999429527559053
0
LINE
8
BLACK
6
CONTINUOUS
10
2.8804977165354329
20
-2.1999429527559053
11
2.8804452362204724
21
-2.2003351574803149
0
LINE
8
BLACK
6
CONTINUOUS
10
2.8804452362204724
20
-2.2003351574803149
11
2.8801640551181102
21
-2.201360275590551
0
LINE
8
BLACK
6
CONTINUOUS
10
2.8801640551181102
20
-2.201360275590551
11
2.8799985039370077
21
-2.2036747244094488
0
LINE
8
BLACK
6
CONTINUOUS
10
2.8799985039370077
20
-2.2036747244094488
11
2.8799746062992124
21
-2.2038535039370077
0
LINE
8
BLACK
6
CONTINUOUS
10
2.8799746062992124
20
-2.2038535039370077
11
2.8799721653543306
21
-2.2038592913385826
0
LINE
8
BLACK
6
CONTINUOUS
10
2.8799721653543306
20
-2.2038592913385826
11
2.8799666929133858
21
-2.2039104330708659
0
LINE
8
BLACK
6
CONTINUOUS
10
2.8799666929133858
20
-2.2039104330708659
11
2.8796621653543308
21
-2.2060286220472443
0
LINE
8
BLACK
6
CONTINUOUS
10
2.8796621653543308
20
-2.2060286220472443
11
2.8796621653543308
21
-2.2060289370078738
0
LINE
8
BLACK
6
CONTINUOUS
10
2.8796621653543308
20
-2.2060289370078738
11
2.8796920078740156
21
-2.2065861023622046
0
LINE
8
BLACK
6
CONTINUOUS
10
2.8796920078740156
20
-2.2065861023622046
11
2.8796896062992126
21
-2.2072552755905512
0
LINE
8
BLACK
6
CONTINUOUS
10
2.8796896062992126
20
-2.2072552755905512
11
2.8796638582677163
21
-2.2076790157480315
0
LINE
8
BLACK
6
CONTINUOUS
10
2.8796638582677163
20
-2.2076790157480315
11
2.8794969685039371
21
-2.2084816141732282
0
LINE
8
BLACK
6
CONTINUOUS
10
2.8794969685039371
20
-2.2084816141732282
11
2.879477125984252
21
-2.2107542519685039
0
LINE
8
BLACK
6
CONTINUOUS
10
2.879477125984252
20
-2.2107542519685039
11
2.8794679133858265
21
-2.2109066141732283
0
LINE
8
BLACK
6
CONTINUOUS
10
2.8794679133858265
20
-2.2109066141732283
11
2.8794611417322833
21
-2.2109268503937005
0
LINE
8
BLACK
6
CONTINUOUS
10
2.8794611417322833
20
-2.2109268503937005
11
2.8794505905511811
21
-2.211124842519685
0
LINE
8
BLACK
6
CONTINUOUS
10
2.8794505905511811
20
-2.211124842519685
11
2.8794425196850395
21
-2.2112069291338581
0
LINE
8
BLACK
6
CONTINUOUS
10
2.8794425196850395
20
-2.2112069291338581
11
2.8794425196850395
21
-2.2112394488188976
0
LINE
8
BLACK
6
CONTINUOUS
10
2.8794425196850395
20
-2.2112394488188976
11
2.8794275590551179
21
-2.2116579921259842
0
LINE
8
BLACK
6
CONTINUOUS
10
2.8794275590551179
20
-2.2116579921259842
11
2.8793092125984252
21
-2.2133118897637796
0
LINE
8
BLACK
6
CONTINUOUS
10
2.8793092125984252
20
-2.2133118897637796
11
2.8793092125984252
21
-2.2133122440944883
0
LINE
8
BLACK
6
CONTINUOUS
10
2.8793092125984252
20
-2.2133122440944883
11
2.8792958267716533
21
-2.2134998818897635
0
LINE
8
BLACK
6
CONTINUOUS
10
2.8792958267716533
20
-2.2134998818897635
11
2.8794065748031494
21
-2.2143817716535432
0
LINE
8
BLACK
6
CONTINUOUS
10
2.834166929133858
20
-4.5228436220472439
11
2.8342138976377953
21
-4.5230189370078735
0
LINE
8
BLACK
6
CONTINUOUS
10
2.8342138976377953
20
-4.5230189370078735
11
2.8357780708661418
21
-4.528856456692913
0
LINE
8
BLACK
6
CONTINUOUS
10
2.8357780708661418
20
-4.528856456692913
11
2.8388905511811022
21
-4.5342474803149608
0
LINE
8
BLACK
6
CONTINUOUS
10
2.8388905511811022
20
-4.5342474803149608
11
2.8432922834645669
21
-4.5386492125984255
0
LINE
8
BLACK
6
CONTINUOUS
10
2.8432922834645669
20
-4.5386492125984255
11
2.8486833070866142
21
-4.5417616929133855
0
LINE
8
BLACK
6
CONTINUOUS
10
2.8486833070866142
20
-4.5417616929133855
11
2.8546961811023621
21
-4.5433728346456688
0
LINE
8
BLACK
6
CONTINUOUS
10
2.8546961811023621
20
-4.5433728346456688
11
2.8578283464566927
21
-4.5433728346456688
0
LINE
8
BLACK
6
CONTINUOUS
10
2.8578283464566927
20
-4.5433728346456688
11
2.8607614173228346
21
-4.5441587401574806
0
LINE
8
BLACK
6
CONTINUOUS
10
2.8607614173228346
20
-4.5441587401574806
11
2.8629085826771652
21
-4.5463059055118107
0
LINE
8
BLACK
6
CONTINUOUS
10
2.8629085826771652
20
-4.5463059055118107
11
2.8636944881889761
21
-4.5492389763779526
0
LINE
8
BLACK
6
CONTINUOUS
10
2.8636944881889761
20
-4.5492389763779526
11
2.8636944881889761
21
-4.5523711417322836
0
LINE
8
BLACK
6
CONTINUOUS
10
2.8636944881889761
20
-4.5523711417322836
11
2.8653056299212598
21
-4.5583840157480315
0
LINE
8
BLACK
6
CONTINUOUS
10
2.8653056299212598
20
-4.5583840157480315
11
2.8684181102362203
21
-4.5637750393700784
0
LINE
8
BLACK
6
CONTINUOUS
10
2.8684181102362203
20
-4.5637750393700784
11
2.8728198425196849
21
-4.5681767716535431
0
LINE
8
BLACK
6
CONTINUOUS
10
2.8728198425196849
20
-4.5681767716535431
11
2.8782108661417323
21
-4.571289251968504
0
LINE
8
BLACK
6
CONTINUOUS
10
2.8782108661417323
20
-4.571289251968504
11
2.8842237401574802
21
-4.5729003937007873
0
LINE
8
BLACK
6
CONTINUOUS
10
2.8842237401574802
20
-4.5729003937007873
11
2.9101337401574803
21
-4.5729003937007873
0
LINE
8
BLACK
6
CONTINUOUS
10
2.9101337401574803
20
-4.5729003937007873
11
2.9161466141732282
21
-4.571289251968504
0
LINE
8
BLACK
6
CONTINUOUS
10
2.9161466141732282
20
-4.571289251968504
11
2.9215376377952755
21
-4.5681767716535431
0
LINE
8
BLACK
6
CONTINUOUS
10
2.9215376377952755
20
-4.5681767716535431
11
2.9259393700787402
21
-4.5637750393700784
0
LINE
8
BLACK
6
CONTINUOUS
10
2.9259393700787402
20
-4.5637750393700784
11
2.9290518503937006
21
-4.5583840157480315
0
LINE
8
BLACK
6
CONTINUOUS
10
2.9290518503937006
20
-4.5583840157480315
11
2.9306629921259844
21
-4.5523711417322836
0
LINE
8
BLACK
6
CONTINUOUS
10
2.9306629921259844
20
-4.5523711417322836
11
2.9306629921259844
21
-4.5492389763779526
0
LINE
8
BLACK
6
CONTINUOUS
10
2.9306629921259844
20
-4.5492389763779526
11
2.9314488976377953
21
-4.5463059055118107
0
LINE
8
BLACK
6
CONTINUOUS
10
2.9314488976377953
20
-4.5463059055118107
11
2.9335960629921258
21
-4.5441587401574806
0
LINE
8
BLACK
6
CONTINUOUS
10
2.9335960629921258
20
-4.5441587401574806
11
2.9365291338582677
21
-4.5433728346456688
0
LINE
8
BLACK
6
CONTINUOUS
10
2.9365291338582677
20
-4.5433728346456688
11
2.9396612992125983
21
-4.5433728346456688
0
LINE
8
BLACK
6
CONTINUOUS
10
2.9396612992125983
20
-4.5433728346456688
11
2.9456741732283462
21
-4.5417616929133855
0
LINE
8
BLACK
6
CONTINUOUS
10
2.9456741732283462
20
-4.5417616929133855
11
2.9510651968503936
21
-4.5386492125984255
0
LINE
8
BLACK
6
CONTINUOUS
10
2.9510651968503936
20
-4.5386492125984255
11
2.9554669291338582
21
-4.5342474803149608
0
LINE
8
BLACK
6
CONTINUOUS
10
2.9554669291338582
20
-4.5342474803149608
11
2.9585794094488187
21
-4.528856456692913
0
LINE
8
BLACK
6
CONTINUOUS
10
2.9585794094488187
20
-4.528856456692913
11
2.9601905511811024
21
-4.5228435826771651
0
LINE
8
BLACK
6
CONTINUOUS
10
2.9601905511811024
20
-4.5228435826771651
11
2.9601905511811024
21
-4.4969335826771655
0
LINE
8
BLACK
6
CONTINUOUS
10
2.9601905511811024
20
-4.4969335826771655
11
2.9585794094488187
21
-4.4909207086614176
0
LINE
8
BLACK
6
CONTINUOUS
10
2.9585794094488187
20
-4.4909207086614176
11
2.9554669291338582
21
-4.4855296850393698
0
LINE
8
BLACK
6
CONTINUOUS
10
2.9554669291338582
20
-4.4855296850393698
11
2.9510651968503936
21
-4.4811279527559051
0
LINE
8
BLACK
6
CONTINUOUS
10
2.9510651968503936
20
-4.4811279527559051
11
2.9456741732283462
21
-4.4780154724409451
0
LINE
8
BLACK
6
CONTINUOUS
10
2.9456741732283462
20
-4.4780154724409451
11
2.9396612992125983
21
-4.476404330708661
0
LINE
8
BLACK
6
CONTINUOUS
10
2.9396612992125983
20
-4.476404330708661
11
2.9365291338582677
21
-4.476404330708661
0
LINE
8
BLACK
6
CONTINUOUS
10
2.9365291338582677
20
-4.476404330708661
11
2.9335960629921258
21
-4.47561842519685
0
LINE
8
BLACK
6
CONTINUOUS
10
2.9335960629921258
20
-4.47561842519685
11
2.9314488976377953
21
-4.4734712598425199
0
LINE
8
BLACK
6
CONTINUOUS
10
2.9314488976377953
20
-4.4734712598425199
11
2.9306629921259844
21
-4.470538188976378
0
LINE
8
BLACK
6
CONTINUOUS
10
2.9306629921259844
20
-4.470538188976378
11
2.9306629921259844
21
-4.467406023622047
0
LINE
8
BLACK
6
CONTINUOUS
10
2.9306629921259844
20
-4.467406023622047
11
2.9306629527559056
21
-4.4674059448818895
0
LINE
8
BLACK
6
CONTINUOUS
10
2.9306629527559056
20
-4.4674059448818895
11
2.9300085039370076
21
-4.4649635039370077
0
LINE
8
BLACK
6
CONTINUOUS
10
2.9300085039370076
20
-4.4649635039370077
11
2.9290518503937006
21
-4.4613931496062991
0
LINE
8
BLACK
6
CONTINUOUS
10
2.9290518503937006
20
-4.4613931496062991
11
2.9259393700787402
21
-4.4560021259842522
0
LINE
8
BLACK
6
CONTINUOUS
10
2.9259393700787402
20
-4.4560021259842522
11
2.9215376377952755
21
-4.4516003937007875
0
LINE
8
BLACK
6
CONTINUOUS
10
2.9215376377952755
20
-4.4516003937007875
11
2.9161466141732282
21
-4.4484879133858266
0
LINE
8
BLACK
6
CONTINUOUS
10
2.9161466141732282
20
-4.4484879133858266
11
2.9101337401574803
21
-4.4468767716535433
0
LINE
8
BLACK
6
CONTINUOUS
10
2.9101337401574803
20
-4.4468767716535433
11
2.8904487007874016
21
-4.4468767716535433
0
LINE
8
BLACK
6
CONTINUOUS
10
2.8904487007874016
20
-4.4468767716535433
11
2.8842237401574802
21
-4.4468767716535433
0
LINE
8
BLACK
6
CONTINUOUS
10
2.8842237401574802
20
-4.4468767716535433
11
2.8782108661417323
21
-4.4484879133858266
0
LINE
8
BLACK
6
CONTINUOUS
10
2.8782108661417323
20
-4.4484879133858266
11
2.8782107874015748
21
-4.4484879133858266
0
LINE
8
BLACK
6
CONTINUOUS
10
2.8782107874015748
20
-4.4484879133858266
11
2.8782107874015748
21
-4.4484879527559054
0
LINE
8
BLACK
6
CONTINUOUS
10
2.8782107874015748
20
-4.4484879527559054
11
2.8728198031496062
21
-4.4516003937007875
0
LINE
8
BLACK
6
CONTINUOUS
10
2.8728198031496062
20
-4.4516003937007875
11
2.8684181102362203
21
-4.4560020866141734
0
LINE
8
BLACK
6
CONTINUOUS
10
2.8684181102362203
20
-4.4560020866141734
11
2.8653056692913386
21
-4.4613930708661416
0
LINE
8
BLACK
6
CONTINUOUS
10
2.8653056692913386
20
-4.4613930708661416
11
2.8636944881889761
21
-4.4674059448818895
0
LINE
8
BLACK
6
CONTINUOUS
10
2.8636944881889761
20
-4.4674059448818895
11
2.8636944881889761
21
-4.470538188976378
0
LINE
8
BLACK
6
CONTINUOUS
10
2.8636944881889761
20
-4.470538188976378
11
2.8629085826771652
21
-4.4734712598425199
0
LINE
8
BLACK
6
CONTINUOUS
10
2.8629085826771652
20
-4.4734712598425199
11
2.8607614173228346
21
-4.47561842519685
0
LINE
8
BLACK
6
CONTINUOUS
10
2.8607614173228346
20
-4.47561842519685
11
2.8578283464566927
21
-4.476404330708661
0
LINE
8
BLACK
6
CONTINUOUS
10
2.8578283464566927
20
-4.476404330708661
11
2.8546961811023621
21
-4.476404330708661
0
LINE
8
BLACK
6
CONTINUOUS
10
2.8546961811023621
20
-4.476404330708661
11
2.8486833070866142
21
-4.4780154724409451
0
LINE
8
BLACK
6
CONTINUOUS
10
2.8486833070866142
20
-4.4780154724409451
11
2.8486832283464567
21
-4.4780154724409451
0
LINE
8
BLACK
6
CONTINUOUS
10
2.8486832283464567
20
-4.4780154724409451
11
2.8486832283464567
21
-4.4780155118110239
0
LINE
8
BLACK
6
CONTINUOUS
10
2.8486832283464567
20
-4.4780155118110239
11
2.8432922440944881
21
-4.4811279527559051
0
LINE
8
BLACK
6
CONTINUOUS
10
2.8432922440944881
20
-4.4811279527559051
11
2.8388905511811022
21
-4.485529645669291
0
LINE
8
BLACK
6
CONTINUOUS
10
2.8388905511811022
20
-4.485529645669291
11
2.837000748031496
21
-4.488802952755905
0
LINE
8
BLACK
6
CONTINUOUS
10
2.837000748031496
20
-4.488802952755905
11
2.8357780708661418
21
-4.4909207086614176
0
LINE
8
BLACK
6
CONTINUOUS
10
2.8357780708661418
20
-4.4909207086614176
11
2.8350303543307085
21
-4.4937112204724405
0
LINE
8
BLACK
6
CONTINUOUS
10
2.8350303543307085
20
-4.4937112204724405
11
2.834166929133858
21
-4.496933503937008
0
LINE
8
BLACK
6
CONTINUOUS
10
2.834166929133858
20
-4.496933503937008
11
2.834166929133858
21
-4.5228436220472439
0
LINE
8
BLACK
6
CONTINUOUS
10
5.6688125984251965
20
-4.5228436220472439
11
5.6688595669291333
21
-4.5230189370078735
0
LINE
8
BLACK
6
CONTINUOUS
10
5.6688595669291333
20
-4.5230189370078735
11
5.6704237401574806
21
-4.528856456692913
0
LINE
8
BLACK
6
CONTINUOUS
10
5.6704237401574806
20
-4.528856456692913
11
5.6735362204724407
21
-4.5342474803149608
0
LINE
8
BLACK
6
CONTINUOUS
10
5.6735362204724407
20
-4.5342474803149608
11
5.6779379527559053
21
-4.5386492125984255
0
LINE
8
BLACK
6
CONTINUOUS
10
5.6779379527559053
20
-4.5386492125984255
11
5.6833289763779522
21
-4.5417616929133855
0
LINE
8
BLACK
6
CONTINUOUS
10
5.6833289763779522
20
-4.5417616929133855
11
5.689341850393701
21
-4.5433728346456688
0
LINE
8
BLACK
6
CONTINUOUS
10
5.689341850393701
20
-4.5433728346456688
11
5.6924740157480311
21
-4.5433728346456688
0
LINE
8
BLACK
6
CONTINUOUS
10
5.6924740157480311
20
-4.5433728346456688
11
5.6954070866141731
21
-4.5441587401574806
0
LINE
8
BLACK
6
CONTINUOUS
10
5.6954070866141731
20
-4.5441587401574806
11
5.6975542519685041
21
-4.5463059055118107
0
LINE
8
BLACK
6
CONTINUOUS
10
5.6975542519685041
20
-4.5463059055118107
11
5.698340157480315
21
-4.5492389763779526
0
LINE
8
BLACK
6
CONTINUOUS
10
5.698340157480315
20
-4.5492389763779526
11
5.698340157480315
21
-4.5523711417322836
0
LINE
8
BLACK
6
CONTINUOUS
10
5.698340157480315
20
-4.5523711417322836
11
5.6999512992125982
21
-4.5583840157480315
0
LINE
8
BLACK
6
CONTINUOUS
10
5.6999512992125982
20
-4.5583840157480315
11
5.7030637795275592
21
-4.5637750393700784
0
LINE
8
BLACK
6
CONTINUOUS
10
5.7030637795275592
20
-4.5637750393700784
11
5.7074655118110238
21
-4.5681767716535431
0
LINE
8
BLACK
6
CONTINUOUS
10
5.7074655118110238
20
-4.5681767716535431
11
5.7128565354330707
21
-4.571289251968504
0
LINE
8
BLACK
6
CONTINUOUS
10
5.7128565354330707
20
-4.571289251968504
11
5.7188694094488186
21
-4.5729003937007873
0
LINE
8
BLACK
6
CONTINUOUS
10
5.7188694094488186
20
-4.5729003937007873
11
5.7447794094488192
21
-4.5729003937007873
0
LINE
8
BLACK
6
CONTINUOUS
10
5.7447794094488192
20
-4.5729003937007873
11
5.7507922834645671
21
-4.571289251968504
0
LINE
8
BLACK
6
CONTINUOUS
10
5.7507922834645671
20
-4.571289251968504
11
5.756183307086614
21
-4.5681767716535431
0
LINE
8
BLACK
6
CONTINUOUS
10
5.756183307086614
20
-4.5681767716535431
11
5.7605850393700786
21
-4.5637750393700784
0
LINE
8
BLACK
6
CONTINUOUS
10
5.7605850393700786
20
-4.5637750393700784
11
5.7636975196850395
21
-4.5583840157480315
0
LINE
8
BLACK
6
CONTINUOUS
10
5.7636975196850395
20
-4.5583840157480315
11
5.7653086614173228
21
-4.5523711417322836
0
LINE
8
BLACK
6
CONTINUOUS
10
5.7653086614173228
20
-4.5523711417322836
11
5.7653086614173228
21
-4.5492389763779526
0
LINE
8
BLACK
6
CONTINUOUS
10
5.7653086614173228
20
-4.5492389763779526
11
5.7660945669291337
21
-4.5463059055118107
0
LINE
8
BLACK
6
CONTINUOUS
10
5.7660945669291337
20
-4.5463059055118107
11
5.7682417322834647
21
-4.5441587401574806
0
LINE
8
BLACK
6
CONTINUOUS
10
5.7682417322834647
20
-4.5441587401574806
11
5.7711748031496057
21
-4.5433728346456688
0
LINE
8
BLACK
6
CONTINUOUS
10
5.7711748031496057
20
-4.5433728346456688
11
5.7743069685039368
21
-4.5433728346456688
0
LINE
8
BLACK
6
CONTINUOUS
10
5.7743069685039368
20
-4.5433728346456688
11
5.7803198425196847
21
-4.5417616929133855
0
LINE
8
BLACK
6
CONTINUOUS
10
5.7803198425196847
20
-4.5417616929133855
11
5.7857108661417325
21
-4.5386492125984255
0
LINE
8
BLACK
6
CONTINUOUS
10
5.7857108661417325
20
-4.5386492125984255
11
5.7901125984251971
21
-4.5342474803149608
0
LINE
8
BLACK
6
CONTINUOUS
10
5.7901125984251971
20
-4.5342474803149608
11
5.7932250787401571
21
-4.528856456692913
0
LINE
8
BLACK
6
CONTINUOUS
10
5.7932250787401571
20
-4.528856456692913
11
5.7948362204724404
21
-4.5228435826771651
0
LINE
8
BLACK
6
CONTINUOUS
10
5.7948362204724404
20
-4.5228435826771651
11
5.7948362204724404
21
-4.4969335826771655
0
LINE
8
BLACK
6
CONTINUOUS
10
5.7948362204724404
20
-4.4969335826771655
11
5.7932250787401571
21
-4.4909207086614176
0
LINE
8
BLACK
6
CONTINUOUS
10
5.7932250787401571
20
-4.4909207086614176
11
5.7901125984251971
21
-4.4855296850393698
0
LINE
8
BLACK
6
CONTINUOUS
10
5.7901125984251971
20
-4.4855296850393698
11
5.7857108661417325
21
-4.4811279527559051
0
LINE
8
BLACK
6
CONTINUOUS
10
5.7857108661417325
20
-4.4811279527559051
11
5.7803198425196847
21
-4.4780154724409451
0
LINE
8
BLACK
6
CONTINUOUS
10
5.7803198425196847
20
-4.4780154724409451
11
5.7743069685039368
21
-4.476404330708661
0
LINE
8
BLACK
6
CONTINUOUS
10
5.7743069685039368
20
-4.476404330708661
11
5.7711748031496057
21
-4.476404330708661
0
LINE
8
BLACK
6
CONTINUOUS
10
5.7711748031496057
20
-4.476404330708661
11
5.7682417322834647
21
-4.47561842519685
0
LINE
8
BLACK
6
CONTINUOUS
10
5.7682417322834647
20
-4.47561842519685
11
5.7660945669291337
21
-4.4734712598425199
0
LINE
8
BLACK
6
CONTINUOUS
10
5.7660945669291337
20
-4.4734712598425199
11
5.7653086614173228
21
-4.470538188976378
0
LINE
8
BLACK
6
CONTINUOUS
10
5.7653086614173228
20
-4.470538188976378
11
5.7653086614173228
21
-4.467406023622047
0
LINE
8
BLACK
6
CONTINUOUS
10
5.7653086614173228
20
-4.467406023622047
11
5.765308622047244
21
-4.4674059448818895
0
LINE
8
BLACK
6
CONTINUOUS
10
5.765308622047244
20
-4.4674059448818895
11
5.7646541732283465
21
-4.4649635039370077
0
LINE
8
BLACK
6
CONTINUOUS
10
5.7646541732283465
20
-4.4649635039370077
11
5.7636975196850395
21
-4.4613931496062991
0
LINE
8
BLACK
6
CONTINUOUS
10
5.7636975196850395
20
-4.4613931496062991
11
5.7605850393700786
21
-4.4560021259842522
0
LINE
8
BLACK
6
CONTINUOUS
10
5.7605850393700786
20
-4.4560021259842522
11
5.756183307086614
21
-4.4516003937007875
0
LINE
8
BLACK
6
CONTINUOUS
10
5.756183307086614
20
-4.4516003937007875
11
5.7507922834645671
21
-4.4484879133858266
0
LINE
8
BLACK
6
CONTINUOUS
10
5.7507922834645671
20
-4.4484879133858266
11
5.7447794094488192
21
-4.4468767716535433
0
LINE
8
BLACK
6
CONTINUOUS
10
5.7447794094488192
20
-4.4468767716535433
11
5.7250943700787404
21
-4.4468767716535433
0
LINE
8
BLACK
6
CONTINUOUS
10
5.7250943700787404
20
-4.4468767716535433
11
5.7188694094488186
21
-4.4468767716535433
0
LINE
8
BLACK
6
CONTINUOUS
10
5.7188694094488186
20
-4.4468767716535433
11
5.7128565354330707
21
-4.4484879133858266
0
LINE
8
BLACK
6
CONTINUOUS
10
5.7128565354330707
20
-4.4484879133858266
11
5.7128564566929132
21
-4.4484879133858266
0
LINE
8
BLACK
6
CONTINUOUS
10
5.7128564566929132
20
-4.4484879133858266
11
5.7128564566929132
21
-4.4484879527559054
0
LINE
8
BLACK
6
CONTINUOUS
10
5.7128564566929132
20
-4.4484879527559054
11
5.707465472440945
21
-4.4516003937007875
0
LINE
8
BLACK
6
CONTINUOUS
10
5.707465472440945
20
-4.4516003937007875
11
5.7030637795275592
21
-4.4560020866141734
0
LINE
8
BLACK
6
CONTINUOUS
10
5.7030637795275592
20
-4.4560020866141734
11
5.699951338582677
21
-4.4613930708661416
0
LINE
8
BLACK
6
CONTINUOUS
10
5.699951338582677
20
-4.4613930708661416
11
5.698340157480315
21
-4.4674059448818895
0
LINE
8
BLACK
6
CONTINUOUS
10
5.698340157480315
20
-4.4674059448818895
11
5.698340157480315
21
-4.470538188976378
0
LINE
8
BLACK
6
CONTINUOUS
10
5.698340157480315
20
-4.470538188976378
11
5.6975542519685041
21
-4.4734712598425199
0
LINE
8
BLACK
6
CONTINUOUS
10
5.6975542519685041
20
-4.4734712598425199
11
5.6954070866141731
21
-4.47561842519685
0
LINE
8
BLACK
6
CONTINUOUS
10
5.6954070866141731
20
-4.47561842519685
11
5.6924740157480311
21
-4.476404330708661
0
LINE
8
BLACK
6
CONTINUOUS
10
5.6924740157480311
20
-4.476404330708661
11
5.689341850393701
21
-4.476404330708661
0
LINE
8
BLACK
6
CONTINUOUS
10
5.689341850393701
20
-4.476404330708661
11
5.6833289763779522
21
-4.4780154724409451
0
LINE
8
BLACK
6
CONTINUOUS
10
5.6833289763779522
20
-4.4780154724409451
11
5.6833288976377956
21
-4.4780154724409451
0
LINE
8
BLACK
6
CONTINUOUS
10
5.6833288976377956
20
-4.4780154724409451
11
5.6833288976377956
21
-4.4780155118110239
0
LINE
8
BLACK
6
CONTINUOUS
10
5.6833288976377956
20
-4.4780155118110239
11
5.6779379133858265
21
-4.4811279527559051
0
LINE
8
BLACK
6
CONTINUOUS
10
5.6779379133858265
20
-4.4811279527559051
11
5.6735362204724407
21
-4.485529645669291
0
LINE
8
BLACK
6
CONTINUOUS
10
5.6735362204724407
20
-4.485529645669291
11
5.6716464173228349
21
-4.488802952755905
0
LINE
8
BLACK
6
CONTINUOUS
10
5.6716464173228349
20
-4.488802952755905
11
5.6704237401574806
21
-4.4909207086614176
0
LINE
8
BLACK
6
CONTINUOUS
10
5.6704237401574806
20
-4.4909207086614176
11
5.6696760236220474
21
-4.4937112204724405
0
LINE
8
BLACK
6
CONTINUOUS
10
5.6696760236220474
20
-4.4937112204724405
11
5.6688125984251965
21
-4.496933503937008
0
LINE
8
BLACK
6
CONTINUOUS
10
5.6688125984251965
20
-4.496933503937008
11
5.6688125984251965
21
-4.5228436220472439
0
LINE
8
BLACK
6
CONTINUOUS
10
3.342653503937008
20
-3.7851543307086613
11
3.342653503937008
21
-3.7883456299212597
0
LINE
8
BLACK
6
CONTINUOUS
10
3.342653503937008
20
-3.7883456299212597
11
3.3437586614173229
21
-3.8023896850393699
0
LINE
8
BLACK
6
CONTINUOUS
10
3.3437586614173229
20
-3.8023896850393699
11
3.3438445669291337
21
-3.8034813385826771
0
LINE
8
BLACK
6
CONTINUOUS
10
3.3438445669291337
20
-3.8034813385826771
11
3.3462195275590552
21
-3.8184772440944883
0
LINE
8
BLACK
6
CONTINUOUS
10
3.3462195275590552
20
-3.8184772440944883
11
3.3462197244094489
21
-3.8184781496062992
0
LINE
8
BLACK
6
CONTINUOUS
10
3.3462197244094489
20
-3.8184781496062992
11
3.3497636220472442
21
-3.8332400787401575
0
LINE
8
BLACK
6
CONTINUOUS
10
3.3497636220472442
20
-3.8332400787401575
11
3.3544550393700785
21
-3.8476793700787399
0
LINE
8
BLACK
6
CONTINUOUS
10
3.3544550393700785
20
-3.8476793700787399
11
3.3602650787401576
21
-3.8617064960629919
0
LINE
8
BLACK
6
CONTINUOUS
10
3.3602650787401576
20
-3.8617064960629919
11
3.367158031496063
21
-3.875235
0
LINE
8
BLACK
6
CONTINUOUS
10
3.367158031496063
20
-3.875235
11
3.367158031496063
21
-3.8752350393700787
0
LINE
8
BLACK
6
CONTINUOUS
10
3.367158031496063
20
-3.8752350393700787
11
3.3750900393700785
21
-3.8881792913385826
0
LINE
8
BLACK
6
CONTINUOUS
10
3.3750900393700785
20
-3.8881792913385826
11
3.3840141732283464
21
-3.9004626771653541
0
LINE
8
BLACK
6
CONTINUOUS
10
3.3840141732283464
20
-3.9004626771653541
11
3.3927837007874015
21
-3.9107307874015746
0
LINE
8
BLACK
6
CONTINUOUS
10
3.3927837007874015
20
-3.9107307874015746
11
3.3938745275590549
21
-3.912007992125984
0
LINE
8
BLACK
6
CONTINUOUS
10
3.3938745275590549
20
-3.912007992125984
11
3.3966122834645667
21
-3.9147458267716533
0
LINE
8
BLACK
6
CONTINUOUS
10
3.3966122834645667
20
-3.9147458267716533
11
3.3966125196850392
21
-3.9147461417322833
0
LINE
8
BLACK
6
CONTINUOUS
10
3.3966125196850392
20
-3.9147461417322833
11
3.3988978346456693
21
-3.9170314566929134
0
LINE
8
BLACK
6
CONTINUOUS
10
3.3988978346456693
20
-3.9170314566929134
11
3.3992423228346458
21
-3.9173759448818899
0
LINE
8
BLACK
6
CONTINUOUS
10
3.3992423228346458
20
-3.9173759448818899
11
3.4023708267716533
21
-3.9205044881889761
0
LINE
8
BLACK
6
CONTINUOUS
10
3.4023708267716533
20
-3.9205044881889761
11
3.4023712204724408
21
-3.9205048425196849
0
LINE
8
BLACK
6
CONTINUOUS
10
3.4023712204724408
20
-3.9205048425196849
11
3.6862068110236219
21
-4.2043403937007877
0
LINE
8
BLACK
6
CONTINUOUS
10
3.6862068110236219
20
-4.2043403937007877
11
3.6862070078740157
21
-4.2043406692913381
0
LINE
8
BLACK
6
CONTINUOUS
10
3.6862070078740157
20
-4.2043406692913381
11
3.6872033070866141
21
-4.2053369685039366
0
LINE
8
BLACK
6
CONTINUOUS
10
3.6872033070866141
20
-4.2053369685039366
11
3.6874431889763777
21
-4.205576850393701
0
LINE
8
BLACK
6
CONTINUOUS
10
3.6874431889763777
20
-4.205576850393701
11
3.6874451968503936
21
-4.2055803543307082
0
LINE
8
BLACK
6
CONTINUOUS
10
3.6874451968503936
20
-4.2055803543307082
11
3.6988051968503934
21
-4.2169402755905514
0
LINE
8
BLACK
6
CONTINUOUS
10
3.6988051968503934
20
-4.2169402755905514
11
3.7014660629921261
21
-4.2193361023622042
0
LINE
8
BLACK
6
CONTINUOUS
10
3.7014660629921261
20
-4.2193361023622042
11
3.7191408267716533
21
-4.235250433070866
0
LINE
8
BLACK
6
CONTINUOUS
10
3.7191408267716533
20
-4.235250433070866
11
3.7404070472440942
21
-4.2524714173228348
0
LINE
8
BLACK
6
CONTINUOUS
10
3.7404070472440942
20
-4.2524714173228348
11
3.7579262598425194
21
-4.2651998031496063
0
LINE
8
BLACK
6
CONTINUOUS
10
3.7579262598425194
20
-4.2651998031496063
11
3.7625456299212598
21
-4.2685559448818893
0
LINE
8
BLACK
6
CONTINUOUS
10
3.7625456299212598
20
-4.2685559448818893
11
3.7625460236220474
21
-4.2685562204724405
0
LINE
8
BLACK
6
CONTINUOUS
10
3.7625460236220474
20
-4.2685562204724405
11
3.7854949212598425
21
-4.2834592913385823
0
LINE
8
BLACK
6
CONTINUOUS
10
3.7854949212598425
20
-4.2834592913385823
11
3.7854951968503938
21
-4.2834594488188973
0
LINE
8
BLACK
6
CONTINUOUS
10
3.7854951968503938
20
-4.2834594488188973
11
3.8091935433070865
21
-4.2971416141732286
0
LINE
8
BLACK
6
CONTINUOUS
10
3.8091935433070865
20
-4.2971416141732286
11
3.809193779527559
21
-4.2971417322834649
0
LINE
8
BLACK
6
CONTINUOUS
10
3.809193779527559
20
-4.2971417322834649
11
3.8091947244094486
21
-4.2971422440944878
0
LINE
8
BLACK
6
CONTINUOUS
10
3.8091947244094486
20
-4.2971422440944878
11
3.8335742913385826
21
-4.3095641732283463
0
LINE
8
BLACK
6
CONTINUOUS
10
3.8335742913385826
20
-4.3095641732283463
11
3.8335749999999997
21
-4.3095644881889763
0
LINE
8
BLACK
6
CONTINUOUS
10
3.8335749999999997
20
-4.3095644881889763
11
3.8335755118110235
21
-4.3095647637795276
0
LINE
8
BLACK
6
CONTINUOUS
10
3.8335755118110235
20
-4.3095647637795276
11
3.8335764566929131
21
-4.3095651968503939
0
LINE
8
BLACK
6
CONTINUOUS
10
3.8335764566929131
20
-4.3095651968503939
11
3.8335766535433069
21
-4.3095652755905514
0
LINE
8
BLACK
6
CONTINUOUS
10
3.8335766535433069
20
-4.3095652755905514
11
3.8585729133858266
21
-4.3206942519685034
0
LINE
8
BLACK
6
CONTINUOUS
10
3.8585729133858266
20
-4.3206942519685034
11
3.8585734251968504
21
-4.3206944488188972
0
LINE
8
BLACK
6
CONTINUOUS
10
3.8585734251968504
20
-4.3206944488188972
11
3.858574212598425
21
-4.320694803149606
0
LINE
8
BLACK
6
CONTINUOUS
10
3.858574212598425
20
-4.320694803149606
11
3.8841211811023619
21
-4.3305012992125986
0
LINE
8
BLACK
6
CONTINUOUS
10
3.8841211811023619
20
-4.3305012992125986
11
3.9101463385826771
21
-4.3389572834645671
0
LINE
8
BLACK
6
CONTINUOUS
10
3.9101463385826771
20
-4.3389572834645671
11
3.9365783858267718
21
-4.3460396456692916
0
LINE
8
BLACK
6
CONTINUOUS
10
3.9365783858267718
20
-4.3460396456692916
11
3.9633448818897636
21
-4.3517289763779523
0
LINE
8
BLACK
6
CONTINUOUS
10
3.9633448818897636
20
-4.3517289763779523
11
3.9903724803149605
21
-4.3560096062992129
0
LINE
8
BLACK
6
CONTINUOUS
10
3.9903724803149605
20
-4.3560096062992129
11
4.0134094488188978
21
-4.3584308267716532
0
LINE
8
BLACK
6
CONTINUOUS
10
4.0134094488188978
20
-4.3584308267716532
11
4.0175870078740159
21
-4.3588699212598421
0
LINE
8
BLACK
6
CONTINUOUS
10
4.0175870078740159
20
-4.3588699212598421
11
4.0201176377952752
21
-4.3590025196850393
0
LINE
8
BLACK
6
CONTINUOUS
10
4.0201176377952752
20
-4.3590025196850393
11
4.0335151574803145
21
-4.3597046062992124
0
LINE
8
BLACK
6
CONTINUOUS
10
4.0335151574803145
20
-4.3597046062992124
11
4.0364030708661414
21
-4.3606429527559056
0
LINE
8
BLACK
6
CONTINUOUS
10
4.0364030708661414
20
-4.3606429527559056
11
4.0384349212598423
21
-4.3628995275590547
0
LINE
8
BLACK
6
CONTINUOUS
10
4.0384349212598423
20
-4.3628995275590547
11
4.0389122047244097
21
-4.3641932677165354
0
LINE
8
BLACK
6
CONTINUOUS
10
4.0389122047244097
20
-4.3641932677165354
11
4.0412163779527557
21
-4.3737907480314959
0
LINE
8
BLACK
6
CONTINUOUS
10
4.0412163779527557
20
-4.3737907480314959
11
4.0466467716535428
21
-4.3905037007874013
0
LINE
8
BLACK
6
CONTINUOUS
10
4.0466467716535428
20
-4.3905037007874013
11
4.0466470866141728
21
-4.3905045669291338
0
LINE
8
BLACK
6
CONTINUOUS
10
4.0466470866141728
20
-4.3905045669291338
11
4.0533721259842519
21
-4.4067402362204726
0
LINE
8
BLACK
6
CONTINUOUS
10
4.0533721259842519
20
-4.4067402362204726
11
4.0613502755905513
21
-4.4223983070866142
0
LINE
8
BLACK
6
CONTINUOUS
10
4.0613502755905513
20
-4.4223983070866142
11
4.0626115354330707
21
-4.4244564960629917
0
LINE
8
BLACK
6
CONTINUOUS
10
4.0626115354330707
20
-4.4244564960629917
11
4.0705327952755903
21
-4.4373827559055119
0
LINE
8
BLACK
6
CONTINUOUS
10
4.0705327952755903
20
-4.4373827559055119
11
4.076894921259842
21
-4.446139488188976
0
LINE
8
BLACK
6
CONTINUOUS
10
4.076894921259842
20
-4.446139488188976
11
4.0808624409448822
21
-4.4516003543307088
0
LINE
8
BLACK
6
CONTINUOUS
10
4.0808624409448822
20
-4.4516003543307088
11
4.0808627559055113
21
-4.4516007480314963
0
LINE
8
BLACK
6
CONTINUOUS
10
4.0808627559055113
20
-4.4516007480314963
11
4.0922755511811024
21
-4.4649633858267714
0
LINE
8
BLACK
6
CONTINUOUS
10
4.0922755511811024
20
-4.4649633858267714
11
4.1047023228346458
21
-4.4773901574803148
0
LINE
8
BLACK
6
CONTINUOUS
10
4.1047023228346458
20
-4.4773901574803148
11
4.1180649606299209
21
-4.488802952755905
0
LINE
8
BLACK
6
CONTINUOUS
10
4.1180649606299209
20
-4.488802952755905
11
4.1180653543307084
21
-4.488803267716535
0
LINE
8
BLACK
6
CONTINUOUS
10
4.1180653543307084
20
-4.488803267716535
11
4.1180654724409447
21
-4.4888033464566925
0
LINE
8
BLACK
6
CONTINUOUS
10
4.1180654724409447
20
-4.4888033464566925
11
4.132282992125984
21
-4.4991329527559056
0
LINE
8
BLACK
6
CONTINUOUS
10
4.132282992125984
20
-4.4991329527559056
11
4.1472671259842517
21
-4.5083152755905509
0
LINE
8
BLACK
6
CONTINUOUS
10
4.1472671259842517
20
-4.5083152755905509
11
4.147267401574803
21
-4.5083154330708659
0
LINE
8
BLACK
6
CONTINUOUS
10
4.147267401574803
20
-4.5083154330708659
11
4.1546120472440942
21
-4.5120576771653544
0
LINE
8
BLACK
6
CONTINUOUS
10
4.1546120472440942
20
-4.5120576771653544
11
4.1629255118110233
21
-4.516293622047244
0
LINE
8
BLACK
6
CONTINUOUS
10
4.1629255118110233
20
-4.516293622047244
11
4.1791616141732284
21
-4.5230188188976381
0
LINE
8
BLACK
6
CONTINUOUS
10
4.1791616141732284
20
-4.5230188188976381
11
4.19587531496063
21
-4.528449409448819
0
LINE
8
BLACK
6
CONTINUOUS
10
4.19587531496063
20
-4.528449409448819
11
4.2129635433070867
21
-4.5325519685039373
0
LINE
8
BLACK
6
CONTINUOUS
10
4.2129635433070867
20
-4.5325519685039373
11
4.2303210236220474
21
-4.5353011023622045
0
LINE
8
BLACK
6
CONTINUOUS
10
4.2303210236220474
20
-4.5353011023622045
11
4.2478406692913389
21
-4.5366799212598421
0
LINE
8
BLACK
6
CONTINUOUS
10
4.2478406692913389
20
-4.5366799212598421
11
4.2478409448818892
21
-4.5366799212598421
0
LINE
8
BLACK
6
CONTINUOUS
10
4.2478409448818892
20
-4.5366799212598421
11
4.2654141732283462
21
-4.5366799212598421
0
LINE
8
BLACK
6
CONTINUOUS
10
4.2654141732283462
20
-4.5366799212598421
11
4.2654144488188974
21
-4.5366799212598421
0
LINE
8
BLACK
6
CONTINUOUS
10
4.2654144488188974
20
-4.5366799212598421
11
4.2829340944881888
21
-4.5353011023622045
0
LINE
8
BLACK
6
CONTINUOUS
10
4.2829340944881888
20
-4.5353011023622045
11
4.3002915748031496
21
-4.5325519685039373
0
LINE
8
BLACK
6
CONTINUOUS
10
4.3002915748031496
20
-4.5325519685039373
11
4.3173798031496062
21
-4.528449409448819
0
LINE
8
BLACK
6
CONTINUOUS
10
4.3173798031496062
20
-4.528449409448819
11
4.3340935039370079
21
-4.5230188188976381
0
LINE
8
BLACK
6
CONTINUOUS
10
4.3340935039370079
20
-4.5230188188976381
11
4.3503296062992121
21
-4.516293622047244
0
LINE
8
BLACK
6
CONTINUOUS
10
4.3503296062992121
20
-4.516293622047244
11
4.3659879921259845
21
-4.5083152755905509
0
LINE
8
BLACK
6
CONTINUOUS
10
4.3659879921259845
20
-4.5083152755905509
11
4.3809721259842522
21
-4.4991329527559056
0
LINE
8
BLACK
6
CONTINUOUS
10
4.3809721259842522
20
-4.4991329527559056
11
4.3951896456692916
21
-4.4888033464566925
0
LINE
8
BLACK
6
CONTINUOUS
10
4.3951896456692916
20
-4.4888033464566925
11
4.408552874015748
21
-4.4773900787401573
0
LINE
8
BLACK
6
CONTINUOUS
10
4.408552874015748
20
-4.4773900787401573
11
4.4209794488188976
21
-4.4649635039370077
0
LINE
8
BLACK
6
CONTINUOUS
10
4.4209794488188976
20
-4.4649635039370077
11
4.4323927165354329
21
-4.4516002755905513
0
LINE
8
BLACK
6
CONTINUOUS
10
4.4323927165354329
20
-4.4516002755905513
11
4.442722322834646
21
-4.4373827559055119
0
LINE
8
BLACK
6
CONTINUOUS
10
4.442722322834646
20
-4.4373827559055119
11
4.4519046456692912
21
-4.4223986220472442
0
LINE
8
BLACK
6
CONTINUOUS
10
4.4519046456692912
20
-4.4223986220472442
11
4.4598829921259844
21
-4.4067402362204726
0
LINE
8
BLACK
6
CONTINUOUS
10
4.4598829921259844
20
-4.4067402362204726
11
4.4666081889763776
21
-4.3905041338582675
0
LINE
8
BLACK
6
CONTINUOUS
10
4.4666081889763776
20
-4.3905041338582675
11
4.4720387795275593
21
-4.3737904330708659
0
LINE
8
BLACK
6
CONTINUOUS
10
4.4720387795275593
20
-4.3737904330708659
11
4.4761413385826767
21
-4.3567022047244093
0
LINE
8
BLACK
6
CONTINUOUS
10
4.4761413385826767
20
-4.3567022047244093
11
4.4788904724409448
21
-4.3393447244094485
0
LINE
8
BLACK
6
CONTINUOUS
10
4.4788904724409448
20
-4.3393447244094485
11
4.4802692913385824
21
-4.3218250787401571
0
LINE
8
BLACK
6
CONTINUOUS
10
4.4802692913385824
20
-4.3218250787401571
11
4.4802692913385824
21
-4.3042512992125985
0
LINE
8
BLACK
6
CONTINUOUS
10
4.4802692913385824
20
-4.3042512992125985
11
4.4788904724409448
21
-4.2867316535433071
0
LINE
8
BLACK
6
CONTINUOUS
10
4.4788904724409448
20
-4.2867316535433071
11
4.4761413385826767
21
-4.2693741732283463
0
LINE
8
BLACK
6
CONTINUOUS
10
4.4761413385826767
20
-4.2693741732283463
11
4.4720387795275593
21
-4.2522859448818897
0
LINE
8
BLACK
6
CONTINUOUS
10
4.4720387795275593
20
-4.2522859448818897
11
4.4666081889763776
21
-4.2355722440944881
0
LINE
8
BLACK
6
CONTINUOUS
10
4.4666081889763776
20
-4.2355722440944881
11
4.4598829921259844
21
-4.219336141732283
0
LINE
8
BLACK
6
CONTINUOUS
10
4.4598829921259844
20
-4.219336141732283
11
4.4537326377952757
21
-4.2072653543307084
0
LINE
8
BLACK
6
CONTINUOUS
10
4.4537326377952757
20
-4.2072653543307084
11
4.4519048031496062
21
-4.2036780314960627
0
LINE
8
BLACK
6
CONTINUOUS
10
4.4519048031496062
20
-4.2036780314960627
11
4.4498103937007869
21
-4.2002602755905514
0
LINE
8
BLACK
6
CONTINUOUS
10
4.4498103937007869
20
-4.2002602755905514
11
4.442722322834646
21
-4.1886936220472437
0
LINE
8
BLACK
6
CONTINUOUS
10
4.442722322834646
20
-4.1886936220472437
11
4.4323927165354329
21
-4.1744761023622043
0
LINE
8
BLACK
6
CONTINUOUS
10
4.4323927165354329
20
-4.1744761023622043
11
4.4323926377952754
21
-4.1744759842519681
0
LINE
8
BLACK
6
CONTINUOUS
10
4.4323926377952754
20
-4.1744759842519681
11
4.4323923228346453
21
-4.1744755905511814
0
LINE
8
BLACK
6
CONTINUOUS
10
4.4323923228346453
20
-4.1744755905511814
11
4.4209795275590551
21
-4.1611129527559054
0
LINE
8
BLACK
6
CONTINUOUS
10
4.4209795275590551
20
-4.1611129527559054
11
4.4085527559055118
21
-4.1486861811023621
0
LINE
8
BLACK
6
CONTINUOUS
10
4.4085527559055118
20
-4.1486861811023621
11
4.3951901181102357
21
-4.1372733858267718
0
LINE
8
BLACK
6
CONTINUOUS
10
4.3951901181102357
20
-4.1372733858267718
11
4.3951897244094491
21
-4.1372730708661418
0
LINE
8
BLACK
6
CONTINUOUS
10
4.3951897244094491
20
-4.1372730708661418
11
4.3828930314960628
21
-4.1283390551181105
0
LINE
8
BLACK
6
CONTINUOUS
10
4.3828930314960628
20
-4.1283390551181105
11
4.3809721259842522
21
-4.12694342519685
0
LINE
8
BLACK
6
CONTINUOUS
10
4.3809721259842522
20
-4.12694342519685
11
4.3659879921259845
21
-4.1177611023622047
0
LINE
8
BLACK
6
CONTINUOUS
10
4.3659879921259845
20
-4.1177611023622047
11
4.3659876771653545
21
-4.117760905511811
0
LINE
8
BLACK
6
CONTINUOUS
10
4.3659876771653545
20
-4.117760905511811
11
4.3503296062992121
21
-4.1097827559055116
0
LINE
8
BLACK
6
CONTINUOUS
10
4.3503296062992121
20
-4.1097827559055116
11
4.3340939370078742
21
-4.1030577165354334
0
LINE
8
BLACK
6
CONTINUOUS
10
4.3340939370078742
20
-4.1030577165354334
11
4.3340930708661416
21
-4.1030574015748034
0
LINE
8
BLACK
6
CONTINUOUS
10
4.3340930708661416
20
-4.1030574015748034
11
4.3173801181102363
21
-4.0976270472440941
0
LINE
8
BLACK
6
CONTINUOUS
10
4.3173801181102363
20
-4.0976270472440941
11
4.3002914960629921
21
-4.0935243700787405
0
LINE
8
BLACK
6
CONTINUOUS
10
4.3002914960629921
20
-4.0935243700787405
11
4.2884322834645667
21
-4.0916460629921261
0
LINE
8
BLACK
6
CONTINUOUS
10
4.2884322834645667
20
-4.0916460629921261
11
4.2829340944881888
21
-4.0907752755905511
0
LINE
8
BLACK
6
CONTINUOUS
10
4.2829340944881888
20
-4.0907752755905511
11
4.2654144488188974
21
-4.0893964566929135
0
LINE
8
BLACK
6
CONTINUOUS
10
4.2654144488188974
20
-4.0893964566929135
11
4.2478406692913389
21
-4.0893964566929135
0
LINE
8
BLACK
6
CONTINUOUS
10
4.2478406692913389
20
-4.0893964566929135
11
4.2303210236220474
21
-4.0907752755905511
0
LINE
8
BLACK
6
CONTINUOUS
10
4.2303210236220474
20
-4.0907752755905511
11
4.227571929133858
21
-4.0912106692913381
0
LINE
8
BLACK
6
CONTINUOUS
10
4.227571929133858
20
-4.0912106692913381
11
4.2129635826771654
21
-4.0935243700787405
0
LINE
8
BLACK
6
CONTINUOUS
10
4.2129635826771654
20
-4.0935243700787405
11
4.1958749606299213
21
-4.0976270472440941
0
LINE
8
BLACK
6
CONTINUOUS
10
4.1958749606299213
20
-4.0976270472440941
11
4.1791620078740159
21
-4.1030574015748034
0
LINE
8
BLACK
6
CONTINUOUS
10
4.1791620078740159
20
-4.1030574015748034
11
4.1791611417322834
21
-4.1030577165354334
0
LINE
8
BLACK
6
CONTINUOUS
10
4.1791611417322834
20
-4.1030577165354334
11
4.1629254724409446
21
-4.1097827559055116
0
LINE
8
BLACK
6
CONTINUOUS
10
4.1629254724409446
20
-4.1097827559055116
11
4.147267401574803
21
-4.117760905511811
0
LINE
8
BLACK
6
CONTINUOUS
10
4.147267401574803
20
-4.117760905511811
11
4.132282992125984
21
-4.12694342519685
0
LINE
8
BLACK
6
CONTINUOUS
10
4.132282992125984
20
-4.12694342519685
11
4.1180653543307084
21
-4.1372730708661418
0
LINE
8
BLACK
6
CONTINUOUS
10
4.1180653543307084
20
-4.1372730708661418
11
4.1180649606299209
21
-4.1372733858267718
0
LINE
8
BLACK
6
CONTINUOUS
10
4.1180649606299209
20
-4.1372733858267718
11
4.1047023228346458
21
-4.1486861811023621
0
LINE
8
BLACK
6
CONTINUOUS
10
4.1047023228346458
20
-4.1486861811023621
11
4.0922755511811024
21
-4.1611129527559054
0
LINE
8
BLACK
6
CONTINUOUS
10
4.0922755511811024
20
-4.1611129527559054
11
4.0808627559055113
21
-4.1744755905511814
0
LINE
8
BLACK
6
CONTINUOUS
10
4.0808627559055113
20
-4.1744755905511814
11
4.0808624409448822
21
-4.1744759842519681
0
LINE
8
BLACK
6
CONTINUOUS
10
4.0808624409448822
20
-4.1744759842519681
11
4.0705327952755903
21
-4.1886936220472437
0
LINE
8
BLACK
6
CONTINUOUS
10
4.0705327952755903
20
-4.1886936220472437
11
4.0613502755905513
21
-4.2036780314960627
0
LINE
8
BLACK
6
CONTINUOUS
10
4.0613502755905513
20
-4.2036780314960627
11
4.0533721259842519
21
-4.2193361023622042
0
LINE
8
BLACK
6
CONTINUOUS
10
4.0533721259842519
20
-4.2193361023622042
11
4.0466470866141728
21
-4.235571771653543
0
LINE
8
BLACK
6
CONTINUOUS
10
4.0466470866141728
20
-4.235571771653543
11
4.0466467716535428
21
-4.2355726377952756
0
LINE
8
BLACK
6
CONTINUOUS
10
4.0466467716535428
20
-4.2355726377952756
11
4.0412163779527557
21
-4.2522855905511809
0
LINE
8
BLACK
6
CONTINUOUS
10
4.0412163779527557
20
-4.2522855905511809
11
4.0392455905511806
21
-4.2604944094488184
0
LINE
8
BLACK
6
CONTINUOUS
10
4.0392455905511806
20
-4.2604944094488184
11
4.0377966535433067
21
-4.2631629921259844
0
LINE
8
BLACK
6
CONTINUOUS
10
4.0377966535433067
20
-4.2631629921259844
11
4.0352075590551184
21
-4.2647495275590552
0
LINE
8
BLACK
6
CONTINUOUS
10
4.0352075590551184
20
-4.2647495275590552
11
4.0330485039370076
21
-4.2649703543307087
0
LINE
8
BLACK
6
CONTINUOUS
10
4.0330485039370076
20
-4.2649703543307087
11
4.0108416141732279
21
-4.2630972834645666
0
LINE
8
BLACK
6
CONTINUOUS
10
4.0108416141732279
20
-4.2630972834645666
11
4.0105146456692911
21
-4.2630604330708657
0
LINE
8
BLACK
6
CONTINUOUS
10
4.0105146456692911
20
-4.2630604330708657
11
3.9870702755905509
21
-4.2597507480314958
0
LINE
8
BLACK
6
CONTINUOUS
10
3.9870702755905509
20
-4.2597507480314958
11
3.9867458661417321
21
-4.2596956299212598
0
LINE
8
BLACK
6
CONTINUOUS
10
3.9867458661417321
20
-4.2596956299212598
11
3.9635235433070863
21
-4.2550764960629923
0
LINE
8
BLACK
6
CONTINUOUS
10
3.9635235433070863
20
-4.2550764960629923
11
3.9632027559055119
21
-4.2550032677165355
0
LINE
8
BLACK
6
CONTINUOUS
10
3.9632027559055119
20
-4.2550032677165355
11
3.9402768110236219
21
-4.2490895275590548
0
LINE
8
BLACK
6
CONTINUOUS
10
3.9402768110236219
20
-4.2490895275590548
11
3.9399609448818897
21
-4.2489985433070867
0
LINE
8
BLACK
6
CONTINUOUS
10
3.9399609448818897
20
-4.2489985433070867
11
3.9286807086614171
21
-4.2454032677165356
0
LINE
8
BLACK
6
CONTINUOUS
10
3.9286807086614171
20
-4.2454032677165356
11
3.9174008661417323
21
-4.2418080708661412
0
LINE
8
BLACK
6
CONTINUOUS
10
3.9174008661417323
20
-4.2418080708661412
11
3.91709031496063
21
-4.2416993700787398
0
LINE
8
BLACK
6
CONTINUOUS
10
3.91709031496063
20
-4.2416993700787398
11
3.8949706692913386
21
-4.2332559448818898
0
LINE
8
BLACK
6
CONTINUOUS
10
3.8949706692913386
20
-4.2332559448818898
11
3.894666653543307
21
-4.2331300393700788
0
LINE
8
BLACK
6
CONTINUOUS
10
3.894666653543307
20
-4.2331300393700788
11
3.8730544881889761
21
-4.2234592913385827
0
LINE
8
BLACK
6
CONTINUOUS
10
3.8730544881889761
20
-4.2234592913385827
11
3.8727580314960628
21
-4.2233165354330708
0
LINE
8
BLACK
6
CONTINUOUS
10
3.8727580314960628
20
-4.2233165354330708
11
3.851721968503937
21
-4.2124491338582679
0
LINE
8
BLACK
6
CONTINUOUS
10
3.851721968503937
20
-4.2124491338582679
11
3.8514339763779528
21
-4.2122899606299216
0
LINE
8
BLACK
6
CONTINUOUS
10
3.8514339763779528
20
-4.2122899606299216
11
3.8400594488188977
21
-4.2055803543307082
0
LINE
8
BLACK
6
CONTINUOUS
10
3.8400594488188977
20
-4.2055803543307082
11
3.8310403149606298
21
-4.2002601181102364
0
LINE
8
BLACK
6
CONTINUOUS
10
3.8310403149606298
20
-4.2002601181102364
11
3.8307619291338582
21
-4.2000851968503934
0
LINE
8
BLACK
6
CONTINUOUS
10
3.8307619291338582
20
-4.2000851968503934
11
3.8110753543307085
21
-4.1869311023622044
0
LINE
8
BLACK
6
CONTINUOUS
10
3.8110753543307085
20
-4.1869311023622044
11
3.8108070078740157
21
-4.186740708661417
0
LINE
8
BLACK
6
CONTINUOUS
10
3.8108070078740157
20
-4.186740708661417
11
3.7918885433070866
21
-4.1725031889763775
0
LINE
8
BLACK
6
CONTINUOUS
10
3.7918885433070866
20
-4.1725031889763775
11
3.7916312992125984
21
-4.1722980314960632
0
LINE
8
BLACK
6
CONTINUOUS
10
3.7916312992125984
20
-4.1722980314960632
11
3.7735413385826773
21
-4.1570225196850394
0
LINE
8
BLACK
6
CONTINUOUS
10
3.7735413385826773
20
-4.1570225196850394
11
3.7732959842519684
21
-4.1568032677165352
0
LINE
8
BLACK
6
CONTINUOUS
10
3.7732959842519684
20
-4.1568032677165352
11
3.7560598031496064
21
-4.1405079527559057
0
LINE
8
BLACK
6
CONTINUOUS
10
3.7560598031496064
20
-4.1405079527559057
11
3.7559418503937008
21
-4.1403932677165356
0
LINE
8
BLACK
6
CONTINUOUS
10
3.7559418503937008
20
-4.1403932677165356
11
3.7530479527559053
21
-4.1374994094488189
0
LINE
8
BLACK
6
CONTINUOUS
10
3.7530479527559053
20
-4.1374994094488189
11
3.7530479133858266
21
-4.1374993700787401
0
LINE
8
BLACK
6
CONTINUOUS
10
3.7530479133858266
20
-4.1374993700787401
11
3.466200590551181
21
-3.8506520078740158
0
LINE
8
BLACK
6
CONTINUOUS
10
3.466200590551181
20
-3.8506520078740158
11
3.4659744881889765
21
-3.8504128346456694
0
LINE
8
BLACK
6
CONTINUOUS
10
3.4659744881889765
20
-3.8504128346456694
11
3.4589299212598426
21
-3.8425297637795275
0
LINE
8
BLACK
6
CONTINUOUS
10
3.4589299212598426
20
-3.8425297637795275
11
3.4585197637795275
21
-3.8420154330708662
0
LINE
8
BLACK
6
CONTINUOUS
10
3.4585197637795275
20
-3.8420154330708662
11
3.4524969291338583
21
-3.833526811023622
0
LINE
8
BLACK
6
CONTINUOUS
10
3.4524969291338583
20
-3.833526811023622
11
3.452146968503937
21
-3.8329698031496062
0
LINE
8
BLACK
6
CONTINUOUS
10
3.452146968503937
20
-3.8329698031496062
11
3.447113031496063
21
-3.8238612598425195
0
LINE
8
BLACK
6
CONTINUOUS
10
3.447113031496063
20
-3.8238612598425195
11
3.4468276377952756
21
-3.823268622047244
0
LINE
8
BLACK
6
CONTINUOUS
10
3.4468276377952756
20
-3.823268622047244
11
3.4428446456692914
21
-3.8136526377952755
0
LINE
8
BLACK
6
CONTINUOUS
10
3.4428446456692914
20
-3.8136526377952755
11
3.4426275196850393
21
-3.8130321653543304
0
LINE
8
BLACK
6
CONTINUOUS
10
3.4426275196850393
20
-3.8130321653543304
11
3.4397462598425195
21
-3.8030306692913385
0
LINE
8
BLACK
6
CONTINUOUS
10
3.4397462598425195
20
-3.8030306692913385
11
3.4396
21
-3.8023899999999999
0
LINE
8
BLACK
6
CONTINUOUS
10
3.4396
20
-3.8023899999999999
11
3.4378567322834646
21
-3.7921291338582677
0
LINE
8
BLACK
6
CONTINUOUS
10
3.4378567322834646
20
-3.7921291338582677
11
3.4377830708661414
21
-3.7914754724409447
0
LINE
8
BLACK
6
CONTINUOUS
10
3.4377830708661414
20
-3.7914754724409447
11
3.4375678346456691
21
-3.7876421259842519
0
LINE
8
BLACK
6
CONTINUOUS
10
3.4375678346456691
20
-3.7876421259842519
11
3.4371988976377952
21
-3.7810713385826773
0
LINE
8
BLACK
6
CONTINUOUS
10
3.4371988976377952
20
-3.7810713385826773
11
3.4371988976377952
21
-3.7804151181102363
0
LINE
8
BLACK
6
CONTINUOUS
10
3.4371988976377952
20
-3.7804151181102363
11
3.4374796850393698
21
-3.7754162204724411
0
LINE
8
BLACK
6
CONTINUOUS
10
3.4374796850393698
20
-3.7754162204724411
11
3.437781929133858
21
-3.7700347244094488
0
LINE
8
BLACK
6
CONTINUOUS
10
3.437781929133858
20
-3.7700347244094488
11
3.4378554724409449
21
-3.7693816929133859
0
LINE
8
BLACK
6
CONTINUOUS
10
3.4378554724409449
20
-3.7693816929133859
11
3.4395990944881887
21
-3.7591196850393698
0
LINE
8
BLACK
6
CONTINUOUS
10
3.4395990944881887
20
-3.7591196850393698
11
3.4397452755905511
21
-3.7584793307086612
0
LINE
8
BLACK
6
CONTINUOUS
10
3.4397452755905511
20
-3.7584793307086612
11
3.442626692913386
21
-3.7484778740157481
0
LINE
8
BLACK
6
CONTINUOUS
10
3.442626692913386
20
-3.7484778740157481
11
3.4428438582677163
21
-3.7478573622047242
0
LINE
8
BLACK
6
CONTINUOUS
10
3.4428438582677163
20
-3.7478573622047242
11
3.446827086614173
21
-3.7382410236220474
0
LINE
8
BLACK
6
CONTINUOUS
10
3.446827086614173
20
-3.7382410236220474
11
3.4471120078740158
21
-3.7376494094488186
0
LINE
8
BLACK
6
CONTINUOUS
10
3.4471120078740158
20
-3.7376494094488186
11
3.4521468503937007
21
-3.7285395669291339
0
LINE
8
BLACK
6
CONTINUOUS
10
3.4521468503937007
20
-3.7285395669291339
11
3.452496181102362
21
-3.7279835433070865
0
LINE
8
BLACK
6
CONTINUOUS
10
3.452496181102362
20
-3.7279835433070865
11
3.4585197637795275
21
-3.7194941338582677
0
LINE
8
BLACK
6
CONTINUOUS
10
3.4585197637795275
20
-3.7194941338582677
11
3.4589292519685038
21
-3.7189806692913385
0
LINE
8
BLACK
6
CONTINUOUS
10
3.4589292519685038
20
-3.7189806692913385
11
3.4623370078740159
21
-3.7151673622047245
0
LINE
8
BLACK
6
CONTINUOUS
10
3.4623370078740159
20
-3.7151673622047245
11
3.4659788582677167
21
-3.711092086614173
0
LINE
8
BLACK
6
CONTINUOUS
10
3.4659788582677167
20
-3.711092086614173
11
3.4662037401574803
21
-3.710854212598425
0
LINE
8
BLACK
6
CONTINUOUS
10
3.4662037401574803
20
-3.710854212598425
11
3.4690078346456694
21
-3.7080501181102363
0
LINE
8
BLACK
6
CONTINUOUS
10
3.4690078346456694
20
-3.7080501181102363
11
3.4690077952755907
21
-3.7080501181102363
0
LINE
8
BLACK
6
CONTINUOUS
10
3.4690077952755907
20
-3.7080501181102363
11
3.4972331496062989
21
-3.6798247244094489
0
LINE
8
BLACK
6
CONTINUOUS
10
3.4972331496062989
20
-3.6798247244094489
11
3.4998627559055118
21
-3.6783065748031496
0
LINE
8
BLACK
6
CONTINUOUS
10
3.4998627559055118
20
-3.6783065748031496
11
3.5028992913385828
21
-3.6783065748031496
0
LINE
8
BLACK
6
CONTINUOUS
10
3.5028992913385828
20
-3.6783065748031496
11
3.5055290157480314
21
-3.6798248425196851
0
LINE
8
BLACK
6
CONTINUOUS
10
3.5055290157480314
20
-3.6798248425196851
11
3.5064611811023623
21
-3.6810396456692911
0
LINE
8
BLACK
6
CONTINUOUS
10
3.5064611811023623
20
-3.6810396456692911
11
3.5071087401574803
21
-3.6821611811023622
0
LINE
8
BLACK
6
CONTINUOUS
10
3.5071087401574803
20
-3.6821611811023622
11
3.5071088582677166
21
-3.6821614173228348
0
LINE
8
BLACK
6
CONTINUOUS
10
3.5071088582677166
20
-3.6821614173228348
11
3.5126147244094486
21
-3.6893367322834645
0
LINE
8
BLACK
6
CONTINUOUS
10
3.5126147244094486
20
-3.6893367322834645
11
3.5190100787401573
21
-3.6957320866141732
0
LINE
8
BLACK
6
CONTINUOUS
10
3.5190100787401573
20
-3.6957320866141732
11
3.5261853937007874
21
-3.7012379527559056
0
LINE
8
BLACK
6
CONTINUOUS
10
3.5261853937007874
20
-3.7012379527559056
11
3.5261854724409449
21
-3.7012379921259844
0
LINE
8
BLACK
6
CONTINUOUS
10
3.5261854724409449
20
-3.7012379921259844
11
3.534018149606299
21
-3.7057601968503935
0
LINE
8
BLACK
6
CONTINUOUS
10
3.534018149606299
20
-3.7057601968503935
11
3.5423744488188977
21
-3.7092215354330706
0
LINE
8
BLACK
6
CONTINUOUS
10
3.5423744488188977
20
-3.7092215354330706
11
3.5487535039370077
21
-3.7109307480314961
0
LINE
8
BLACK
6
CONTINUOUS
10
3.5487535039370077
20
-3.7109307480314961
11
3.5487535433070865
21
-3.7109307480314961
0
LINE
8
BLACK
6
CONTINUOUS
10
3.5487535433070865
20
-3.7109307480314961
11
3.5487535433070865
21
-3.7109307086614174
0
LINE
8
BLACK
6
CONTINUOUS
10
3.5487535433070865
20
-3.7109307086614174
11
3.5487535433070865
21
-3.6775772834645668
0
LINE
8
BLACK
6
CONTINUOUS
10
3.5487535433070865
20
-3.6775772834645668
11
3.5469226377952756
21
-3.6768188976377951
0
LINE
8
BLACK
6
CONTINUOUS
10
3.5469226377952756
20
-3.6768188976377951
11
3.5408102362204725
21
-3.6727347244094486
0
LINE
8
BLACK
6
CONTINUOUS
10
3.5408102362204725
20
-3.6727347244094486
11
3.5356121259842519
21
-3.6675366141732284
0
LINE
8
BLACK
6
CONTINUOUS
10
3.5356121259842519
20
-3.6675366141732284
11
3.5315279527559054
21
-3.6614242125984253
0
LINE
8
BLACK
6
CONTINUOUS
10
3.5315279527559054
20
-3.6614242125984253
11
3.5287147244094488
21
-3.6546325196850393
0
LINE
8
BLACK
6
CONTINUOUS
10
3.5287147244094488
20
-3.6546325196850393
11
3.527280590551181
21
-3.6474224803149604
0
LINE
8
BLACK
6
CONTINUOUS
10
3.527280590551181
20
-3.6474224803149604
11
3.527280590551181
21
-3.640071220472441
0
LINE
8
BLACK
6
CONTINUOUS
10
3.527280590551181
20
-3.640071220472441
11
3.5287147244094488
21
-3.6328611811023621
0
LINE
8
BLACK
6
CONTINUOUS
10
3.5287147244094488
20
-3.6328611811023621
11
3.5315279527559054
21
-3.6260694881889761
0
LINE
8
BLACK
6
CONTINUOUS
10
3.5315279527559054
20
-3.6260694881889761
11
3.5356121259842519
21
-3.619957086614173
0
LINE
8
BLACK
6
CONTINUOUS
10
3.5356121259842519
20
-3.619957086614173
11
3.5408102362204725
21
-3.6147589763779528
0
LINE
8
BLACK
6
CONTINUOUS
10
3.5408102362204725
20
-3.6147589763779528
11
3.5469226377952756
21
-3.6106748031496063
0
LINE
8
BLACK
6
CONTINUOUS
10
3.5469226377952756
20
-3.6106748031496063
11
3.5537143307086612
21
-3.6078615748031497
0
LINE
8
BLACK
6
CONTINUOUS
10
3.5537143307086612
20
-3.6078615748031497
11
3.5609243700787401
21
-3.606427440944882
0
LINE
8
BLACK
6
CONTINUOUS
10
3.5609243700787401
20
-3.606427440944882
11
3.5646
21
-3.6062468503937009
0
LINE
8
BLACK
6
CONTINUOUS
10
3.5646
20
-3.6062468503937009
11
3.5683401574803151
21
-3.6062468503937009
0
LINE
8
BLACK
6
CONTINUOUS
10
3.5683401574803151
20
-3.6062468503937009
11
3.5715795669291337
21
-3.6064059842519685
0
LINE
8
BLACK
6
CONTINUOUS
10
3.5715795669291337
20
-3.6064059842519685
11
3.5717471653543305
21
-3.6060337007874015
0
LINE
8
BLACK
6
CONTINUOUS
10
3.5717471653543305
20
-3.6060337007874015
11
3.5752592519685038
21
-3.6015510236220472
0
LINE
8
BLACK
6
CONTINUOUS
10
3.5752592519685038
20
-3.6015510236220472
11
3.5752592913385826
21
-3.6015510629921259
0
LINE
8
BLACK
6
CONTINUOUS
10
3.5752592913385826
20
-3.6015510629921259
11
3.5833056692913385
21
-3.5942585433070864
0
LINE
8
BLACK
6
CONTINUOUS
10
3.5833056692913385
20
-3.5942585433070864
11
3.5920281102362206
21
-3.587789842519685
0
LINE
8
BLACK
6
CONTINUOUS
10
3.5920281102362206
20
-3.587789842519685
11
3.6013425984251968
21
-3.5822072440944881
0
LINE
8
BLACK
6
CONTINUOUS
10
3.6013425984251968
20
-3.5822072440944881
11
3.6111594094488186
21
-3.5775644881889761
0
LINE
8
BLACK
6
CONTINUOUS
10
3.6111594094488186
20
-3.5775644881889761
11
3.62138405511811
21
-3.5739062992125983
0
LINE
8
BLACK
6
CONTINUOUS
10
3.62138405511811
20
-3.5739062992125983
11
3.6216248425196849
21
-3.5738459842519683
0
LINE
8
BLACK
6
CONTINUOUS
10
3.6216248425196849
20
-3.5738459842519683
11
3.6248431889763779
21
-3.5675295669291338
0
LINE
8
BLACK
6
CONTINUOUS
10
3.6248431889763779
20
-3.5675295669291338
11
3.625002401574803
21
-3.5672171259842518
0
LINE
8
BLACK
6
CONTINUOUS
10
3.625002401574803
20
-3.5672171259842518
11
3.6279763779527556
21
-3.5580642519685037
0
LINE
8
BLACK
6
CONTINUOUS
10
3.6279763779527556
20
-3.5580642519685037
11
3.6294818897637793
21
-3.5485588188976376
0
LINE
8
BLACK
6
CONTINUOUS
10
3.6294818897637793
20
-3.5485588188976376
11
3.6294818897637793
21
-3.5389348818897637
0
LINE
8
BLACK
6
CONTINUOUS
10
3.6294818897637793
20
-3.5389348818897637
11
3.6279763779527556
21
-3.5294294488188975
0
LINE
8
BLACK
6
CONTINUOUS
10
3.6279763779527556
20
-3.5294294488188975
11
3.625002401574803
21
-3.5202765748031495
0
LINE
8
BLACK
6
CONTINUOUS
10
3.625002401574803
20
-3.5202765748031495
11
3.6234325196850392
21
-3.5171954724409447
0
LINE
8
BLACK
6
CONTINUOUS
10
3.6234325196850392
20
-3.5171954724409447
11
3.6206332677165354
21
-3.5117016141732282
0
LINE
8
BLACK
6
CONTINUOUS
10
3.6206332677165354
20
-3.5117016141732282
11
3.6183914960629919
21
-3.5086161023622044
0
LINE
8
BLACK
6
CONTINUOUS
10
3.6183914960629919
20
-3.5086161023622044
11
3.6173033070866141
21
-3.5057813385826773
0
LINE
8
BLACK
6
CONTINUOUS
10
3.6173033070866141
20
-3.5057813385826773
11
3.6177783070866143
21
-3.5027822047244093
0
LINE
8
BLACK
6
CONTINUOUS
10
3.6177783070866143
20
-3.5027822047244093
11
3.6195661811023623
21
-3.5005142519685037
0
LINE
8
BLACK
6
CONTINUOUS
10
3.6195661811023623
20
-3.5005142519685037
11
3.6227016535433072
21
-3.4981083464566929
0
LINE
8
BLACK
6
CONTINUOUS
10
3.6227016535433072
20
-3.4981083464566929
11
3.6264911811023621
21
-3.4931697244094488
0
LINE
8
BLACK
6
CONTINUOUS
10
3.6264911811023621
20
-3.4931697244094488
11
3.6288733858267714
21
-3.4874185826771651
0
LINE
8
BLACK
6
CONTINUOUS
10
3.6288733858267714
20
-3.4874185826771651
11
3.6290226377952757
21
-3.4862850787401576
0
LINE
8
BLACK
6
CONTINUOUS
10
3.6290226377952757
20
-3.4862850787401576
11
3.629299960629921
21
-3.4841784251968502
0
LINE
8
BLACK
6
CONTINUOUS
10
3.629299960629921
20
-3.4841784251968502
11
3.6294818897637793
21
-3.482796496062992
0
LINE
8
BLACK
6
CONTINUOUS
10
3.6294818897637793
20
-3.482796496062992
11
3.6294818503937005
21
-3.4046972440944883
0
LINE
8
BLACK
6
CONTINUOUS
10
3.6294818503937005
20
-3.4046972440944883
11
3.6288733858267714
21
-3.400075118110236
0
LINE
8
BLACK
6
CONTINUOUS
10
3.6288733858267714
20
-3.400075118110236
11
3.6264911811023621
21
-3.3943239763779527
0
LINE
8
BLACK
6
CONTINUOUS
10
3.6264911811023621
20
-3.3943239763779527
11
3.6227016535433072
21
-3.3893853543307086
0
LINE
8
BLACK
6
CONTINUOUS
10
3.6227016535433072
20
-3.3893853543307086
11
3.6177630314960627
21
-3.3855958267716533
0
LINE
8
BLACK
6
CONTINUOUS
10
3.6177630314960627
20
-3.3855958267716533
11
3.617762992125984
21
-3.3855957874015745
0
LINE
8
BLACK
6
CONTINUOUS
10
3.617762992125984
20
-3.3855957874015745
11
3.6146174803149607
21
-3.3842928740157481
0
LINE
8
BLACK
6
CONTINUOUS
10
3.6146174803149607
20
-3.3842928740157481
11
3.6120118897637794
21
-3.383213622047244
0
LINE
8
BLACK
6
CONTINUOUS
10
3.6120118897637794
20
-3.383213622047244
11
3.6120118110236219
21
-3.3832135826771652
0
LINE
8
BLACK
6
CONTINUOUS
10
3.6120118110236219
20
-3.3832135826771652
11
3.6120116535433069
21
-3.3832135433070865
0
LINE
8
BLACK
6
CONTINUOUS
10
3.6120116535433069
20
-3.3832135433070865
11
3.6120117716535431
21
-3.3832135433070865
0
LINE
8
BLACK
6
CONTINUOUS
10
3.6120117716535431
20
-3.3832135433070865
11
3.6089920078740159
21
-3.382816023622047
0
LINE
8
BLACK
6
CONTINUOUS
10
3.6089920078740159
20
-3.382816023622047
11
3.6061866141732284
21
-3.3816540157480315
0
LINE
8
BLACK
6
CONTINUOUS
10
3.6061866141732284
20
-3.3816540157480315
11
3.6043380708661417
21
-3.3792449606299213
0
LINE
8
BLACK
6
CONTINUOUS
10
3.6043380708661417
20
-3.3792449606299213
11
3.6038915354330707
21
-3.3770000787401573
0
LINE
8
BLACK
6
CONTINUOUS
10
3.6038915354330707
20
-3.3770000787401573
11
3.6038915354330707
21
-3.3763095669291339
0
LINE
8
BLACK
6
CONTINUOUS
10
3.6038915354330707
20
-3.3763095669291339
11
3.6038915748031495
21
-3.3763095669291339
0
LINE
8
BLACK
6
CONTINUOUS
10
3.6038915748031495
20
-3.3763095669291339
11
3.6038915354330707
21
-3.3704337007874017
0
LINE
8
BLACK
6
CONTINUOUS
10
3.6038915354330707
20
-3.3704337007874017
11
3.6025755905511812
21
-3.3587559055118108
0
LINE
8
BLACK
6
CONTINUOUS
10
3.6025755905511812
20
-3.3587559055118108
11
3.5999605118110236
21
-3.3472988188976376
0
LINE
8
BLACK
6
CONTINUOUS
10
3.5999605118110236
20
-3.3472988188976376
11
3.5979797637795277
21
-3.3416382677165353
0
LINE
8
BLACK
6
CONTINUOUS
10
3.5979797637795277
20
-3.3416382677165353
11
3.5960792913385826
21
-3.3362070866141731
0
LINE
8
BLACK
6
CONTINUOUS
10
3.5960792913385826
20
-3.3362070866141731
11
3.5960789763779526
21
-3.336206377952756
0
LINE
8
BLACK
6
CONTINUOUS
10
3.5960789763779526
20
-3.336206377952756
11
3.5955479133858268
21
-3.3351036220472441
0
LINE
8
BLACK
6
CONTINUOUS
10
3.5955479133858268
20
-3.3351036220472441
11
3.5909801574803151
21
-3.3256187007874014
0
LINE
8
BLACK
6
CONTINUOUS
10
3.5909801574803151
20
-3.3256187007874014
11
3.5880105118110235
21
-3.3208925196850392
0
LINE
8
BLACK
6
CONTINUOUS
10
3.5880105118110235
20
-3.3208925196850392
11
3.5847279133858265
21
-3.315668307086614
0
LINE
8
BLACK
6
CONTINUOUS
10
3.5847279133858265
20
-3.315668307086614
11
3.5774008267716533
21
-3.3064803937007872
0
LINE
8
BLACK
6
CONTINUOUS
10
3.5774008267716533
20
-3.3064803937007872
11
3.575852086614173
21
-3.3049316535433069
0
LINE
8
BLACK
6
CONTINUOUS
10
3.575852086614173
20
-3.3049316535433069
11
3.5758520078740155
21
-3.3049315354330706
0
LINE
8
BLACK
6
CONTINUOUS
10
3.5758520078740155
20
-3.3049315354330706
11
3.56222937007874
21
-3.2913088976377951
0
LINE
8
BLACK
6
CONTINUOUS
10
3.56222937007874
20
-3.2913088976377951
11
3.5622293307086612
21
-3.2913088582677164
0
LINE
8
BLACK
6
CONTINUOUS
10
3.5622293307086612
20
-3.2913088582677164
11
3.5620351968503936
21
-3.2911147244094487
0
LINE
8
BLACK
6
CONTINUOUS
10
3.5620351968503936
20
-3.2911147244094487
11
3.562016062992126
21
-3.2910973622047242
0
LINE
8
BLACK
6
CONTINUOUS
10
3.562016062992126
20
-3.2910973622047242
11
3.561317559055118
21
-3.2903987795275591
0
LINE
8
BLACK
6
CONTINUOUS
10
3.561317559055118
20
-3.2903987795275591
11
3.5553543307086612
21
-3.285822598425197
0
LINE
8
BLACK
6
CONTINUOUS
10
3.5553543307086612
20
-3.285822598425197
11
3.5534228346456693
21
-3.2843403543307086
0
LINE
8
BLACK
6
CONTINUOUS
10
3.5534228346456693
20
-3.2843403543307086
11
3.5534226377952756
21
-3.2843402362204723
0
LINE
8
BLACK
6
CONTINUOUS
10
3.5534226377952756
20
-3.2843402362204723
11
3.5448050393700785
21
-3.2793642913385828
0
LINE
8
BLACK
6
CONTINUOUS
10
3.5448050393700785
20
-3.2793642913385828
11
3.544804960629921
21
-3.279364251968504
0
LINE
8
BLACK
6
CONTINUOUS
10
3.544804960629921
20
-3.279364251968504
11
3.5372297244094488
21
-3.2762261417322835
0
LINE
8
BLACK
6
CONTINUOUS
10
3.5372297244094488
20
-3.2762261417322835
11
3.5356109842519685
21
-3.2755555511811023
0
LINE
8
BLACK
6
CONTINUOUS
10
3.5356109842519685
20
-3.2755555511811023
11
3.5356108661417323
21
-3.2755555118110236
0
LINE
8
BLACK
6
CONTINUOUS
10
3.5356108661417323
20
-3.2755555118110236
11
3.5356106692913385
21
-3.2755554330708661
0
LINE
8
BLACK
6
CONTINUOUS
10
3.5356106692913385
20
-3.2755554330708661
11
3.5356104724409447
21
-3.2755553543307085
0
LINE
8
BLACK
6
CONTINUOUS
10
3.5356104724409447
20
-3.2755553543307085
11
3.5259989370078739
21
-3.272979527559055
0
LINE
8
BLACK
6
CONTINUOUS
10
3.5259989370078739
20
-3.272979527559055
11
3.5259987007874014
21
-3.2729794881889762
0
LINE
8
BLACK
6
CONTINUOUS
10
3.5259987007874014
20
-3.2729794881889762
11
3.516132401574803
21
-3.2716801574803149
0
LINE
8
BLACK
6
CONTINUOUS
10
3.516132401574803
20
-3.2716801574803149
11
3.516132244094488
21
-3.2716801181102362
0
LINE
8
BLACK
6
CONTINUOUS
10
3.516132244094488
20
-3.2716801181102362
11
3.5161321653543305
21
-3.2716801181102362
0
LINE
8
BLACK
6
CONTINUOUS
10
3.5161321653543305
20
-3.2716801181102362
11
3.5151184251968504
21
-3.2716800787401574
0
LINE
8
BLACK
6
CONTINUOUS
10
3.5151184251968504
20
-3.2716800787401574
11
3.5151179921259841
21
-3.2716800787401574
0
LINE
8
BLACK
6
CONTINUOUS
10
3.5151179921259841
20
-3.2716800787401574
11
3.5148406692913383
21
-3.2716800393700787
0
LINE
8
BLACK
6
CONTINUOUS
10
3.5148406692913383
20
-3.2716800393700787
11
3.5148392519685037
21
-3.2716797637795274
0
LINE
8
BLACK
6
CONTINUOUS
10
3.5148392519685037
20
-3.2716797637795274
11
3.5132277559055116
21
-3.2716798031496062
0
LINE
8
BLACK
6
CONTINUOUS
10
3.5132277559055116
20
-3.2716798031496062
11
3.5131395275590549
21
-3.2716798031496062
0
LINE
8
BLACK
6
CONTINUOUS
10
3.5131395275590549
20
-3.2716798031496062
11
3.511666496062992
21
-3.2712848818897635
0
LINE
8
BLACK
6
CONTINUOUS
10
3.511666496062992
20
-3.2712848818897635
11
3.510207401574803
21
-3.270893937007874
0
LINE
8
BLACK
6
CONTINUOUS
10
3.510207401574803
20
-3.270893937007874
11
3.5102068897637793
21
-3.2708935433070865
0
LINE
8
BLACK
6
CONTINUOUS
10
3.5102068897637793
20
-3.2708935433070865
11
3.5102065748031497
21
-3.270893464566929
0
LINE
8
BLACK
6
CONTINUOUS
10
3.5102065748031497
20
-3.270893464566929
11
3.5102058661417321
21
-3.2708927559055119
0
LINE
8
BLACK
6
CONTINUOUS
10
3.5102058661417321
20
-3.2708927559055119
11
3.5089923622047245
21
-3.2699616535433069
0
LINE
8
BLACK
6
CONTINUOUS
10
3.5089923622047245
20
-3.2699616535433069
11
3.4890740551181101
21
-3.2500433464566929
0
LINE
8
BLACK
6
CONTINUOUS
10
3.4890740551181101
20
-3.2500433464566929
11
3.4875557874015746
21
-3.2474136220472438
0
LINE
8
BLACK
6
CONTINUOUS
10
3.4875557874015746
20
-3.2474136220472438
11
3.4874018110236218
21
-3.2462441732283462
0
LINE
8
BLACK
6
CONTINUOUS
10
3.4874018110236218
20
-3.2462441732283462
11
3.4873740157480313
21
-3.2462463779527559
0
LINE
8
BLACK
6
CONTINUOUS
10
3.4873740157480313
20
-3.2462463779527559
11
3.4873559448818896
21
-3.2460169291338583
0
LINE
8
BLACK
6
CONTINUOUS
10
3.4873559448818896
20
-3.2460169291338583
11
3.4873559055118108
21
-3.2460166141732283
0
LINE
8
BLACK
6
CONTINUOUS
10
3.4873559055118108
20
-3.2460166141732283
11
3.4873559055118108
21
-3.2460164566929133
0
LINE
8
BLACK
6
CONTINUOUS
10
3.4873559055118108
20
-3.2460164566929133
11
3.4860951574803147
21
-3.2380565354330706
0
LINE
8
BLACK
6
CONTINUOUS
10
3.4860951574803147
20
-3.2380565354330706
11
3.4836047244094486
21
-3.2303917716535433
0
LINE
8
BLACK
6
CONTINUOUS
10
3.4836047244094486
20
-3.2303917716535433
11
3.4799459448818895
21
-3.223211023622047
0
LINE
8
BLACK
6
CONTINUOUS
10
3.4799459448818895
20
-3.223211023622047
11
3.4775183858267718
21
-3.219869724409449
0
LINE
8
BLACK
6
CONTINUOUS
10
3.4775183858267718
20
-3.219869724409449
11
3.4752090944881888
21
-3.2166912204724407
0
LINE
8
BLACK
6
CONTINUOUS
10
3.4752090944881888
20
-3.2166912204724407
11
3.4752088188976376
21
-3.2166909055118111
0
LINE
8
BLACK
6
CONTINUOUS
10
3.4752088188976376
20
-3.2166909055118111
11
3.4695102362204722
21
-3.2109923228346458
0
LINE
8
BLACK
6
CONTINUOUS
10
3.4695102362204722
20
-3.2109923228346458
11
3.4695099212598426
21
-3.2109920472440945
0
LINE
8
BLACK
6
CONTINUOUS
10
3.4695099212598426
20
-3.2109920472440945
11
3.4629902362204725
21
-3.2062552755905509
0
LINE
8
BLACK
6
CONTINUOUS
10
3.4629902362204725
20
-3.2062552755905509
11
3.4558096062992125
21
-3.202596535433071
0
LINE
8
BLACK
6
CONTINUOUS
10
3.4558096062992125
20
-3.202596535433071
11
3.4558094488188975
21
-3.2025964566929135
0
LINE
8
BLACK
6
CONTINUOUS
10
3.4558094488188975
20
-3.2025964566929135
11
3.4558094094488188
21
-3.2025964566929135
0
LINE
8
BLACK
6
CONTINUOUS
10
3.4558094094488188
20
-3.2025964566929135
11
3.4481446456692915
21
-3.2001060236220473
0
LINE
8
BLACK
6
CONTINUOUS
10
3.4481446456692915
20
-3.2001060236220473
11
3.4401847244094488
21
-3.1988452755905512
0
LINE
8
BLACK
6
CONTINUOUS
10
3.4401847244094488
20
-3.1988452755905512
11
3.4321255118110234
21
-3.1988452755905512
0
LINE
8
BLACK
6
CONTINUOUS
10
3.4321255118110234
20
-3.1988452755905512
11
3.4254922440944879
21
-3.1998958661417323
0
LINE
8
BLACK
6
CONTINUOUS
10
3.4254922440944879
20
-3.1998958661417323
11
3.4241655511811024
21
-3.2001060236220473
0
LINE
8
BLACK
6
CONTINUOUS
10
3.4241655511811024
20
-3.2001060236220473
11
3.416501062992126
21
-3.202596377952756
0
LINE
8
BLACK
6
CONTINUOUS
10
3.416501062992126
20
-3.202596377952756
11
3.4165005905511809
21
-3.202596535433071
0
LINE
8
BLACK
6
CONTINUOUS
10
3.4165005905511809
20
-3.202596535433071
11
3.4093199606299214
21
-3.2062552755905509
0
LINE
8
BLACK
6
CONTINUOUS
10
3.4093199606299214
20
-3.2062552755905509
11
3.4028002755905513
21
-3.2109920472440945
0
LINE
8
BLACK
6
CONTINUOUS
10
3.4028002755905513
20
-3.2109920472440945
11
3.4027999606299213
21
-3.2109923228346458
0
LINE
8
BLACK
6
CONTINUOUS
10
3.4027999606299213
20
-3.2109923228346458
11
3.3971013779527559
21
-3.2166909055118111
0
LINE
8
BLACK
6
CONTINUOUS
10
3.3971013779527559
20
-3.2166909055118111
11
3.3971011023622046
21
-3.2166912204724407
0
LINE
8
BLACK
6
CONTINUOUS
10
3.3971011023622046
20
-3.2166912204724407
11
3.3923643307086615
21
-3.2232109055118108
0
LINE
8
BLACK
6
CONTINUOUS
10
3.3923643307086615
20
-3.2232109055118108
11
3.3887055905511811
21
-3.2303915354330708
0
LINE
8
BLACK
6
CONTINUOUS
10
3.3887055905511811
20
-3.2303915354330708
11
3.3887054330708661
21
-3.2303920078740158
0
LINE
8
BLACK
6
CONTINUOUS
10
3.3887054330708661
20
-3.2303920078740158
11
3.3862208661417323
21
-3.2380387795275589
0
LINE
8
BLACK
6
CONTINUOUS
10
3.3862208661417323
20
-3.2380387795275589
11
3.3862150787401575
21
-3.2380565354330706
0
LINE
8
BLACK
6
CONTINUOUS
10
3.3862150787401575
20
-3.2380565354330706
11
3.3849543307086614
21
-3.2460164566929133
0
LINE
8
BLACK
6
CONTINUOUS
10
3.3849543307086614
20
-3.2460164566929133
11
3.3849543307086614
21
-3.2540756692913386
0
LINE
8
BLACK
6
CONTINUOUS
10
3.3849543307086614
20
-3.2540756692913386
11
3.3862150787401575
21
-3.2620355905511809
0
LINE
8
BLACK
6
CONTINUOUS
10
3.3862150787401575
20
-3.2620355905511809
11
3.3881068503937009
21
-3.2678579133858268
0
LINE
8
BLACK
6
CONTINUOUS
10
3.3881068503937009
20
-3.2678579133858268
11
3.3887054330708661
21
-3.2697000787401573
0
LINE
8
BLACK
6
CONTINUOUS
10
3.3887054330708661
20
-3.2697000787401573
11
3.3887055905511811
21
-3.2697005511811024
0
LINE
8
BLACK
6
CONTINUOUS
10
3.3887055905511811
20
-3.2697005511811024
11
3.3923643307086615
21
-3.2768811811023619
0
LINE
8
BLACK
6
CONTINUOUS
10
3.3923643307086615
20
-3.2768811811023619
11
3.3971011023622046
21
-3.283400866141732
0
LINE
8
BLACK
6
CONTINUOUS
10
3.3971011023622046
20
-3.283400866141732
11
3.3971013779527559
21
-3.283401181102362
0
LINE
8
BLACK
6
CONTINUOUS
10
3.3971013779527559
20
-3.283401181102362
11
3.4027999606299213
21
-3.2890997637795274
0
LINE
8
BLACK
6
CONTINUOUS
10
3.4027999606299213
20
-3.2890997637795274
11
3.4028002755905513
21
-3.2891000393700787
0
LINE
8
BLACK
6
CONTINUOUS
10
3.4028002755905513
20
-3.2891000393700787
11
3.4093199606299214
21
-3.2938368110236218
0
LINE
8
BLACK
6
CONTINUOUS
10
3.4093199606299214
20
-3.2938368110236218
11
3.4093200787401572
21
-3.2938368897637793
0
LINE
8
BLACK
6
CONTINUOUS
10
3.4093200787401572
20
-3.2938368897637793
11
3.4165008267716535
21
-3.2974956692913384
0
LINE
8
BLACK
6
CONTINUOUS
10
3.4165008267716535
20
-3.2974956692913384
11
3.4241655905511812
21
-3.2999861023622046
0
LINE
8
BLACK
6
CONTINUOUS
10
3.4241655905511812
20
-3.2999861023622046
11
3.4321255118110234
21
-3.3012468503937007
0
LINE
8
BLACK
6
CONTINUOUS
10
3.4321255118110234
20
-3.3012468503937007
11
3.4321257480314959
21
-3.3012468503937007
0
LINE
8
BLACK
6
CONTINUOUS
10
3.4321257480314959
20
-3.3012468503937007
11
3.4321259842519685
21
-3.3012468897637794
0
LINE
8
BLACK
6
CONTINUOUS
10
3.4321259842519685
20
-3.3012468897637794
11
3.4323554330708661
21
-3.3012649606299211
0
LINE
8
BLACK
6
CONTINUOUS
10
3.4323554330708661
20
-3.3012649606299211
11
3.4323495669291337
21
-3.3013393307086614
0
LINE
8
BLACK
6
CONTINUOUS
10
3.4323495669291337
20
-3.3013393307086614
11
3.4349374803149604
21
-3.3020327559055116
0
LINE
8
BLACK
6
CONTINUOUS
10
3.4349374803149604
20
-3.3020327559055116
11
3.4361524015748031
21
-3.3029649999999999
0
LINE
8
BLACK
6
CONTINUOUS
10
3.4361524015748031
20
-3.3029649999999999
11
3.4546785826771651
21
-3.321491181102362
0
LINE
8
BLACK
6
CONTINUOUS
10
3.4546785826771651
20
-3.321491181102362
11
3.4548689763779525
21
-3.3216816141732282
0
LINE
8
BLACK
6
CONTINUOUS
10
3.4548689763779525
20
-3.3216816141732282
11
3.4548693700787401
21
-3.3216821653543307
0
LINE
8
BLACK
6
CONTINUOUS
10
3.4548693700787401
20
-3.3216821653543307
11
3.4556320078740157
21
-3.3224447637795276
0
LINE
8
BLACK
6
CONTINUOUS
10
3.4556320078740157
20
-3.3224447637795276
11
3.4557568897637796
21
-3.3225696456692915
0
LINE
8
BLACK
6
CONTINUOUS
10
3.4557568897637796
20
-3.3225696456692915
11
3.4557593307086614
21
-3.322573897637795
0
LINE
8
BLACK
6
CONTINUOUS
10
3.4557593307086614
20
-3.322573897637795
11
3.4574747244094488
21
-3.3242890944881891
0
LINE
8
BLACK
6
CONTINUOUS
10
3.4574747244094488
20
-3.3242890944881891
11
3.4574747244094488
21
-3.3242891338582679
0
LINE
8
BLACK
6
CONTINUOUS
10
3.4574747244094488
20
-3.3242891338582679
11
3.4609933464566929
21
-3.3278074409448819
0
LINE
8
BLACK
6
CONTINUOUS
10
3.4609933464566929
20
-3.3278074409448819
11
3.4688887401574804
21
-3.3338653149606299
0
LINE
8
BLACK
6
CONTINUOUS
10
3.4688887401574804
20
-3.3338653149606299
11
3.4775073228346458
21
-3.3388407874015749
0
LINE
8
BLACK
6
CONTINUOUS
10
3.4775073228346458
20
-3.3388407874015749
11
3.4775073622047241
21
-3.3388407874015749
0
LINE
8
BLACK
6
CONTINUOUS
10
3.4775073622047241
20
-3.3388407874015749
11
3.4775074803149604
21
-3.3388408661417324
0
LINE
8
BLACK
6
CONTINUOUS
10
3.4775074803149604
20
-3.3388408661417324
11
3.4842617322834646
21
-3.3416382677165353
0
LINE
8
BLACK
6
CONTINUOUS
10
3.4842617322834646
20
-3.3416382677165353
11
3.4867015748031496
21
-3.342648779527559
0
LINE
8
BLACK
6
CONTINUOUS
10
3.4867015748031496
20
-3.342648779527559
11
3.4867016535433071
21
-3.342648779527559
0
LINE
8
BLACK
6
CONTINUOUS
10
3.4867016535433071
20
-3.342648779527559
11
3.4867018110236221
21
-3.3426488582677165
0
LINE
8
BLACK
6
CONTINUOUS
10
3.4867018110236221
20
-3.3426488582677165
11
3.4963136614173229
21
-3.3452239370078738
0
LINE
8
BLACK
6
CONTINUOUS
10
3.4963136614173229
20
-3.3452239370078738
11
3.49631405511811
21
-3.3452239763779525
0
LINE
8
BLACK
6
CONTINUOUS
10
3.49631405511811
20
-3.3452239763779525
11
3.4963142519685038
21
-3.3452240551181101
0
LINE
8
BLACK
6
CONTINUOUS
10
3.4963142519685038
20
-3.3452240551181101
11
3.5061808267716534
21
-3.3465226377952755
0
LINE
8
BLACK
6
CONTINUOUS
10
3.5061808267716534
20
-3.3465226377952755
11
3.5091695275590551
21
-3.3465224803149605
0
LINE
8
BLACK
6
CONTINUOUS
10
3.5091695275590551
20
-3.3465224803149605
11
3.5099153543307087
21
-3.3467223228346454
0
LINE
8
BLACK
6
CONTINUOUS
10
3.5099153543307087
20
-3.3467223228346454
11
3.5106877165354331
21
-3.3467222834645667
0
LINE
8
BLACK
6
CONTINUOUS
10
3.5106877165354331
20
-3.3467222834645667
11
3.5113564566929134
21
-3.3471083858267714
0
LINE
8
BLACK
6
CONTINUOUS
10
3.5113564566929134
20
-3.3471083858267714
11
3.5121025196850395
21
-3.3473082677165356
0
LINE
8
BLACK
6
CONTINUOUS
10
3.5121025196850395
20
-3.3473082677165356
11
3.5133174803149605
21
-3.3482404724409447
0
LINE
8
BLACK
6
CONTINUOUS
10
3.5133174803149605
20
-3.3482404724409447
11
3.5145186614173229
21
-3.3494417716535434
0
LINE
8
BLACK
6
CONTINUOUS
10
3.5145186614173229
20
-3.3494417716535434
11
3.5145192913385825
21
-3.3494421653543305
0
LINE
8
BLACK
6
CONTINUOUS
10
3.5145192913385825
20
-3.3494421653543305
11
3.5147246456692911
21
-3.3496475196850395
0
LINE
8
BLACK
6
CONTINUOUS
10
3.5147246456692911
20
-3.3496475196850395
11
3.5147250787401574
21
-3.3496479133858266
0
LINE
8
BLACK
6
CONTINUOUS
10
3.5147250787401574
20
-3.3496479133858266
11
3.5201201968503937
21
-3.3550430314960629
0
LINE
8
BLACK
6
CONTINUOUS
10
3.5201201968503937
20
-3.3550430314960629
11
3.5205068110236222
21
-3.3554696062992124
0
LINE
8
BLACK
6
CONTINUOUS
10
3.5205068110236222
20
-3.3554696062992124
11
3.5236621653543305
21
-3.3593144488188975
0
LINE
8
BLACK
6
CONTINUOUS
10
3.5236621653543305
20
-3.3593144488188975
11
3.5243008661417323
21
-3.3602703149606299
0
LINE
8
BLACK
6
CONTINUOUS
10
3.5243008661417323
20
-3.3602703149606299
11
3.5259772440944883
21
-3.3634065354330707
0
LINE
8
BLACK
6
CONTINUOUS
10
3.5259772440944883
20
-3.3634065354330707
11
3.5265090157480312
21
-3.3644014173228345
0
LINE
8
BLACK
6
CONTINUOUS
10
3.5265090157480312
20
-3.3644014173228345
11
3.5269490551181102
21
-3.365463779527559
0
LINE
8
BLACK
6
CONTINUOUS
10
3.5269490551181102
20
-3.365463779527559
11
3.5283088976377952
21
-3.3699464173228346
0
LINE
8
BLACK
6
CONTINUOUS
10
3.5283088976377952
20
-3.3699464173228346
11
3.5285332283464568
21
-3.371074251968504
0
LINE
8
BLACK
6
CONTINUOUS
10
3.5285332283464568
20
-3.371074251968504
11
3.5290205511811021
21
-3.3760211417322834
0
LINE
8
BLACK
6
CONTINUOUS
10
3.5290205511811021
20
-3.3760211417322834
11
3.5290488188976377
21
-3.3765962204724409
0
LINE
8
BLACK
6
CONTINUOUS
10
3.5290488188976377
20
-3.3765962204724409
11
3.5290488188976377
21
-3.3770000787401573
0
LINE
8
BLACK
6
CONTINUOUS
10
3.5290488188976377
20
-3.3770000787401573
11
3.5282629133858268
21
-3.3799331496062992
0
LINE
8
BLACK
6
CONTINUOUS
10
3.5282629133858268
20
-3.3799331496062992
11
3.5261157480314962
21
-3.3820803149606298
0
LINE
8
BLACK
6
CONTINUOUS
10
3.5261157480314962
20
-3.3820803149606298
11
3.5239483070866142
21
-3.382816023622047
0
LINE
8
BLACK
6
CONTINUOUS
10
3.5239483070866142
20
-3.382816023622047
11
3.5209285039370077
21
-3.3832135433070865
0
LINE
8
BLACK
6
CONTINUOUS
10
3.5209285039370077
20
-3.3832135433070865
11
3.520928307086614
21
-3.3832135826771652
0
LINE
8
BLACK
6
CONTINUOUS
10
3.520928307086614
20
-3.3832135826771652
11
3.5151771259842519
21
-3.3855957874015745
0
LINE
8
BLACK
6
CONTINUOUS
10
3.5151771259842519
20
-3.3855957874015745
11
3.5102385039370079
21
-3.3893853149606299
0
LINE
8
BLACK
6
CONTINUOUS
10
3.5102385039370079
20
-3.3893853149606299
11
3.5102384645669291
21
-3.3893853543307086
0
LINE
8
BLACK
6
CONTINUOUS
10
3.5102384645669291
20
-3.3893853543307086
11
3.5064489370078737
21
-3.3943239763779527
0
LINE
8
BLACK
6
CONTINUOUS
10
3.5064489370078737
20
-3.3943239763779527
11
3.5040666929133857
21
-3.400075275590551
0
LINE
8
BLACK
6
CONTINUOUS
10
3.5040666929133857
20
-3.400075275590551
11
3.5034582677165353
21
-3.404696968503937
0
LINE
8
BLACK
6
CONTINUOUS
10
3.5034582677165353
20
-3.404696968503937
11
3.5034582677165353
21
-3.4827962992125983
0
LINE
8
BLACK
6
CONTINUOUS
10
3.5034582677165353
20
-3.4827962992125983
11
3.5035653149606301
21
-3.4836094094488188
0
LINE
8
BLACK
6
CONTINUOUS
10
3.5035653149606301
20
-3.4836094094488188
11
3.5040667716535432
21
-3.4874185826771651
0
LINE
8
BLACK
6
CONTINUOUS
10
3.5040667716535432
20
-3.4874185826771651
11
3.5043318503937009
21
-3.4880585039370078
0
LINE
8
BLACK
6
CONTINUOUS
10
3.5043318503937009
20
-3.4880585039370078
11
3.5064489370078737
21
-3.4931696850393701
0
LINE
8
BLACK
6
CONTINUOUS
10
3.5064489370078737
20
-3.4931696850393701
11
3.5098900787401575
21
-3.4976542519685037
0
LINE
8
BLACK
6
CONTINUOUS
10
3.5098900787401575
20
-3.4976542519685037
11
3.5102385039370079
21
-3.4981083464566929
0
LINE
8
BLACK
6
CONTINUOUS
10
3.5102385039370079
20
-3.4981083464566929
11
3.513373779527559
21
-3.5005141338582675
0
LINE
8
BLACK
6
CONTINUOUS
10
3.513373779527559
20
-3.5005141338582675
11
3.5133738582677165
21
-3.5005141732283462
0
LINE
8
BLACK
6
CONTINUOUS
10
3.5133738582677165
20
-3.5005141732283462
11
3.5152224015748033
21
-3.5029232283464564
0
LINE
8
BLACK
6
CONTINUOUS
10
3.5152224015748033
20
-3.5029232283464564
11
3.5156187401574801
21
-3.5059337795275591
0
LINE
8
BLACK
6
CONTINUOUS
10
3.5156187401574801
20
-3.5059337795275591
11
3.5145485826771652
21
-3.5086161417322832
0
LINE
8
BLACK
6
CONTINUOUS
10
3.5145485826771652
20
-3.5086161417322832
11
3.5123071259842518
21
-3.511701181102362
0
LINE
8
BLACK
6
CONTINUOUS
10
3.5123071259842518
20
-3.511701181102362
11
3.5123068110236222
21
-3.5117017322834645
0
LINE
8
BLACK
6
CONTINUOUS
10
3.5123068110236222
20
-3.5117017322834645
11
3.5079379527559054
21
-3.5202761023622045
0
LINE
8
BLACK
6
CONTINUOUS
10
3.5079379527559054
20
-3.5202761023622045
11
3.5079376771653541
21
-3.520276811023622
0
LINE
8
BLACK
6
CONTINUOUS
10
3.5079376771653541
20
-3.520276811023622
11
3.504963779527559
21
-3.5294294094488188
0
LINE
8
BLACK
6
CONTINUOUS
10
3.504963779527559
20
-3.5294294094488188
11
3.503571496062992
21
-3.5382198818897637
0
LINE
8
BLACK
6
CONTINUOUS
10
3.503571496062992
20
-3.5382198818897637
11
3.5023364173228346
21
-3.540993897637795
0
LINE
8
BLACK
6
CONTINUOUS
10
3.5023364173228346
20
-3.540993897637795
11
3.5019255511811025
21
-3.5414501968503935
0
LINE
8
BLACK
6
CONTINUOUS
10
3.5019255511811025
20
-3.5414501968503935
11
3.4021669685039369
21
-3.6412087401574804
0
LINE
8
BLACK
6
CONTINUOUS
10
3.4021669685039369
20
-3.6412087401574804
11
3.4021668110236218
21
-3.641208897637795
0
LINE
8
BLACK
6
CONTINUOUS
10
3.4021668110236218
20
-3.641208897637795
11
3.4021666929133856
21
-3.64120905511811
0
LINE
8
BLACK
6
CONTINUOUS
10
3.4021666929133856
20
-3.64120905511811
11
3.4021665748031493
21
-3.6412091732283463
0
LINE
8
BLACK
6
CONTINUOUS
10
3.4021665748031493
20
-3.6412091732283463
11
3.4002887401574804
21
-3.6430870472440944
0
LINE
8
BLACK
6
CONTINUOUS
10
3.4002887401574804
20
-3.6430870472440944
11
3.3966125196850392
21
-3.6467632677165351
0
LINE
8
BLACK
6
CONTINUOUS
10
3.3966125196850392
20
-3.6467632677165351
11
3.3966112204724408
21
-3.6467649606299211
0
LINE
8
BLACK
6
CONTINUOUS
10
3.3966112204724408
20
-3.6467649606299211
11
3.3964521259842519
21
-3.6469241338582674
0
LINE
8
BLACK
6
CONTINUOUS
10
3.3964521259842519
20
-3.6469241338582674
11
3.393875472440945
21
-3.6495007874015748
0
LINE
8
BLACK
6
CONTINUOUS
10
3.393875472440945
20
-3.6495007874015748
11
3.3938752362204725
21
-3.6495010236220473
0
LINE
8
BLACK
6
CONTINUOUS
10
3.3938752362204725
20
-3.6495010236220473
11
3.3938750787401575
21
-3.6495012204724411
0
LINE
8
BLACK
6
CONTINUOUS
10
3.3938750787401575
20
-3.6495012204724411
11
3.384014803149606
21
-3.6610461811023622
0
LINE
8
BLACK
6
CONTINUOUS
10
3.384014803149606
20
-3.6610461811023622
11
3.3777379133858267
21
-3.6696856299212599
0
LINE
8
BLACK
6
CONTINUOUS
10
3.3777379133858267
20
-3.6696856299212599
11
3.3750903149606297
21
-3.6733297244094487
0
LINE
8
BLACK
6
CONTINUOUS
10
3.3750903149606297
20
-3.6733297244094487
11
3.3671581102362205
21
-3.6862739370078739
0
LINE
8
BLACK
6
CONTINUOUS
10
3.3671581102362205
20
-3.6862739370078739
11
3.3671579133858267
21
-3.6862742913385826
0
LINE
8
BLACK
6
CONTINUOUS
10
3.3671579133858267
20
-3.6862742913385826
11
3.3671578346456692
21
-3.6862744488188977
0
LINE
8
BLACK
6
CONTINUOUS
10
3.3671578346456692
20
-3.6862744488188977
11
3.3667506299212597
21
-3.6870736220472442
0
LINE
8
BLACK
6
CONTINUOUS
10
3.3667506299212597
20
-3.6870736220472442
11
3.3602650787401576
21
-3.6998020866141732
0
LINE
8
BLACK
6
CONTINUOUS
10
3.3602650787401576
20
-3.6998020866141732
11
3.3602650000000001
21
-3.699802283464567
0
LINE
8
BLACK
6
CONTINUOUS
10
3.3602650000000001
20
-3.699802283464567
11
3.3544550393700785
21
-3.7138285433070863
0
LINE
8
BLACK
6
CONTINUOUS
10
3.3544550393700785
20
-3.7138285433070863
11
3.3544547244094489
21
-3.7138294094488189
0
LINE
8
BLACK
6
CONTINUOUS
10
3.3544547244094489
20
-3.7138294094488189
11
3.3497631889763779
21
-3.728268346456693
0
LINE
8
BLACK
6
CONTINUOUS
10
3.3497631889763779
20
-3.728268346456693
11
3.3497630314960629
21
-3.7282689763779526
0
LINE
8
BLACK
6
CONTINUOUS
10
3.3497630314960629
20
-3.7282689763779526
11
3.3462187401574801
21
-3.7430317322834643
0
LINE
8
BLACK
6
CONTINUOUS
10
3.3462187401574801
20
-3.7430317322834643
11
3.3462186220472439
21
-3.7430322047244093
0
LINE
8
BLACK
6
CONTINUOUS
10
3.3462186220472439
20
-3.7430322047244093
11
3.3438436220472441
21
-3.7580267716535434
0
LINE
8
BLACK
6
CONTINUOUS
10
3.3438436220472441
20
-3.7580267716535434
11
3.3438435826771653
21
-3.758027086614173
0
LINE
8
BLACK
6
CONTINUOUS
10
3.3438435826771653
20
-3.758027086614173
11
3.3426522440944879
21
-3.7731633070866142
0
LINE
8
BLACK
6
CONTINUOUS
10
3.3426522440944879
20
-3.7731633070866142
11
3.3426522440944879
21
-3.7807543307086613
0
LINE
8
BLACK
6
CONTINUOUS
10
3.3426522440944879
20
-3.7807543307086613
11
3.3426522047244092
21
-3.7851238188976377
0
LINE
8
BLACK
6
CONTINUOUS
10
3.3426522047244092
20
-3.7851238188976377
11
3.342653503937008
21
-3.7851543307086613
0
LINE
8
BLACK
6
CONTINUOUS
10
4.2636201574803145
20
-3.7437468503937006
11
4.2638015354330712
21
-3.744305118110236
0
LINE
8
BLACK
6
CONTINUOUS
10
4.2638015354330712
20
-3.744305118110236
11
4.2638016929133853
21
-3.7443055905511811
0
LINE
8
BLACK
6
CONTINUOUS
10
4.2638016929133853
20
-3.7443055905511811
11
4.2668872440944883
21
-3.7503612598425198
0
LINE
8
BLACK
6
CONTINUOUS
10
4.2668872440944883
20
-3.7503612598425198
11
4.273501653543307
21
-3.7437468503937006
0
LINE
8
BLACK
6
CONTINUOUS
10
4.273501653543307
20
-3.7437468503937006
11
4.2636201574803145
21
-3.7437468503937006
0
LINE
8
BLACK
6
CONTINUOUS
10
4.370855748031496
20
-3.7437468503937006
11
4.3774701574803148
21
-3.7503612598425198
0
LINE
8
BLACK
6
CONTINUOUS
10
4.3774701574803148
20
-3.7503612598425198
11
4.3774701968503935
21
-3.7503612598425198
0
LINE
8
BLACK
6
CONTINUOUS
10
4.3774701968503935
20
-3.7503612598425198
11
4.3805558267716531
21
-3.7443054724409448
0
LINE
8
BLACK
6
CONTINUOUS
10
4.3805558267716531
20
-3.7443054724409448
11
4.380737322834646
21
-3.7437468503937006
0
LINE
8
BLACK
6
CONTINUOUS
10
4.380737322834646
20
-3.7437468503937006
11
4.370855748031496
21
-3.7437468503937006
0
LINE
8
BLACK
6
CONTINUOUS
10
4.3708556692913385
20
-3.6965027559055117
11
4.3807373622047239
21
-3.6965027559055117
0
LINE
8
BLACK
6
CONTINUOUS
10
4.3807373622047239
20
-3.6965027559055117
11
4.3805558267716531
21
-3.6959440944881887
0
LINE
8
BLACK
6
CONTINUOUS
10
4.3805558267716531
20
-3.6959440944881887
11
4.3774701574803148
21
-3.6898882677165354
0
LINE
8
BLACK
6
CONTINUOUS
10
4.3774701574803148
20
-3.6898882677165354
11
4.3708556692913385
21
-3.6965027559055117
0
LINE
8
BLACK
6
CONTINUOUS
10
4.2638018110236215
20
-3.6959437401574804
11
4.2638015354330712
21
-3.6959444488188975
0
LINE
8
BLACK
6
CONTINUOUS
10
4.2638015354330712
20
-3.6959444488188975
11
4.2636201181102358
21
-3.6965027559055117
0
LINE
8
BLACK
6
CONTINUOUS
10
4.2636201181102358
20
-3.6965027559055117
11
4.2735017322834645
21
-3.6965027559055117
0
LINE
8
BLACK
6
CONTINUOUS
10
4.2735017322834645
20
-3.6965027559055117
11
4.2668872440944883
21
-3.6898882677165354
0
LINE
8
BLACK
6
CONTINUOUS
10
4.2668872440944883
20
-3.6898882677165354
11
4.2668872047244095
21
-3.6898882677165354
0
LINE
8
BLACK
6
CONTINUOUS
10
4.2668872047244095
20
-3.6898882677165354
11
4.2638018110236215
21
-3.6959437401574804
0
LINE
8
BLACK
6
CONTINUOUS
10
5.4320046062992127
20
-3.6553116141732285
11
5.4224889370078735
21
-3.659253149606299
0
LINE
8
BLACK
6
CONTINUOUS
10
5.4224889370078735
20
-3.659253149606299
11
5.4125401968503937
21
-3.661918937007874
0
LINE
8
BLACK
6
CONTINUOUS
10
5.4125401968503937
20
-3.661918937007874
11
5.402328582677165
21
-3.6632633070866141
0
LINE
8
BLACK
6
CONTINUOUS
10
5.402328582677165
20
-3.6632633070866141
11
5.392028897637795
21
-3.6632633070866141
0
LINE
8
BLACK
6
CONTINUOUS
10
5.392028897637795
20
-3.6632633070866141
11
5.3818172834645672
21
-3.661918937007874
0
LINE
8
BLACK
6
CONTINUOUS
10
5.3818172834645672
20
-3.661918937007874
11
5.3718685433070865
21
-3.659253149606299
0
LINE
8
BLACK
6
CONTINUOUS
10
5.3718685433070865
20
-3.659253149606299
11
5.3623528740157482
21
-3.6553116141732285
0
LINE
8
BLACK
6
CONTINUOUS
10
5.3623528740157482
20
-3.6553116141732285
11
5.3608392913385829
21
-3.6544377559055117
0
LINE
8
BLACK
6
CONTINUOUS
10
5.3608392913385829
20
-3.6544377559055117
11
5.3377410629921256
21
-3.6775359448818898
0
LINE
8
BLACK
6
CONTINUOUS
10
5.3377410629921256
20
-3.6775359448818898
11
5.3437713385826768
21
-3.6813250393700785
0
LINE
8
BLACK
6
CONTINUOUS
10
5.3437713385826768
20
-3.6813250393700785
11
5.3549264566929136
21
-3.6866970866141733
0
LINE
8
BLACK
6
CONTINUOUS
10
5.3549264566929136
20
-3.6866970866141733
11
5.3549268110236223
21
-3.6866972047244095
0
LINE
8
BLACK
6
CONTINUOUS
10
5.3549268110236223
20
-3.6866972047244095
11
5.366613464566929
21
-3.6907865354330709
0
LINE
8
BLACK
6
CONTINUOUS
10
5.366613464566929
20
-3.6907865354330709
11
5.3666135433070865
21
-3.6907865748031496
0
LINE
8
BLACK
6
CONTINUOUS
10
5.3666135433070865
20
-3.6907865748031496
11
5.3786842125984249
21
-3.6935416535433072
0
LINE
8
BLACK
6
CONTINUOUS
10
5.3786842125984249
20
-3.6935416535433072
11
5.390987992125984
21
-3.6949279527559056
0
LINE
8
BLACK
6
CONTINUOUS
10
5.390987992125984
20
-3.6949279527559056
11
5.403369488188976
21
-3.6949279527559056
0
LINE
8
BLACK
6
CONTINUOUS
10
5.403369488188976
20
-3.6949279527559056
11
5.4156732283464564
21
-3.6935416535433072
0
LINE
8
BLACK
6
CONTINUOUS
10
5.4156732283464564
20
-3.6935416535433072
11
5.4277438976377947
21
-3.6907865748031496
0
LINE
8
BLACK
6
CONTINUOUS
10
5.4277438976377947
20
-3.6907865748031496
11
5.4277439763779523
21
-3.6907865354330709
0
LINE
8
BLACK
6
CONTINUOUS
10
5.4277439763779523
20
-3.6907865354330709
11
5.4394306299212598
21
-3.6866972047244095
0
LINE
8
BLACK
6
CONTINUOUS
10
5.4394306299212598
20
-3.6866972047244095
11
5.4394309842519686
21
-3.6866970866141733
0
LINE
8
BLACK
6
CONTINUOUS
10
5.4394309842519686
20
-3.6866970866141733
11
5.4505861023622044
21
-3.6813250393700785
0
LINE
8
BLACK
6
CONTINUOUS
10
5.4505861023622044
20
-3.6813250393700785
11
5.4610699212598428
21
-3.6747376377952756
0
LINE
8
BLACK
6
CONTINUOUS
10
5.4610699212598428
20
-3.6747376377952756
11
5.4616817322834645
21
-3.6742496850393702
0
LINE
8
BLACK
6
CONTINUOUS
10
5.4616817322834645
20
-3.6742496850393702
11
5.4388128740157482
21
-3.6513808267716534
0
LINE
8
BLACK
6
CONTINUOUS
10
5.4388128740157482
20
-3.6513808267716534
11
5.4320046062992127
21
-3.6553116141732285
0
LINE
8
BLACK
6
CONTINUOUS
10
4.3074277952755908
20
-3.6586837401574801
11
4.3074277952755908
21
-3.6586837795275589
0
LINE
8
BLACK
6
CONTINUOUS
10
4.3074277952755908
20
-3.6586837795275589
11
4.2979983858267712
21
-3.6617475984251966
0
LINE
8
BLACK
6
CONTINUOUS
10
4.2979983858267712
20
-3.6617475984251966
11
4.2979976771653545
21
-3.6617478740157479
0
LINE
8
BLACK
6
CONTINUOUS
10
4.2979976771653545
20
-3.6617478740157479
11
4.2919422047244096
21
-3.6648332677165354
0
LINE
8
BLACK
6
CONTINUOUS
10
4.2919422047244096
20
-3.6648332677165354
11
4.2919422047244096
21
-3.6648333070866141
0
LINE
8
BLACK
6
CONTINUOUS
10
4.2919422047244096
20
-3.6648333070866141
11
4.3164205905511812
21
-3.6893116929133858
0
LINE
8
BLACK
6
CONTINUOUS
10
4.3164205905511812
20
-3.6893116929133858
11
4.3190915748031493
21
-3.6887803937007875
0
LINE
8
BLACK
6
CONTINUOUS
10
4.3190915748031493
20
-3.6887803937007875
11
4.3252659055118112
21
-3.6887803937007875
0
LINE
8
BLACK
6
CONTINUOUS
10
4.3252659055118112
20
-3.6887803937007875
11
4.3279368110236218
21
-3.689311653543307
0
LINE
8
BLACK
6
CONTINUOUS
10
4.3279368110236218
20
-3.689311653543307
11
4.3524151968503935
21
-3.6648333070866141
0
LINE
8
BLACK
6
CONTINUOUS
10
4.3524151968503935
20
-3.6648333070866141
11
4.3463595275590547
21
-3.6617477559055116
0
LINE
8
BLACK
6
CONTINUOUS
10
4.3463595275590547
20
-3.6617477559055116
11
4.3463590551181097
21
-3.6617475984251966
0
LINE
8
BLACK
6
CONTINUOUS
10
4.3463590551181097
20
-3.6617475984251966
11
4.336929645669291
21
-3.6586837795275589
0
LINE
8
BLACK
6
CONTINUOUS
10
4.336929645669291
20
-3.6586837795275589
11
4.336929645669291
21
-3.6586837401574801
0
LINE
8
BLACK
6
CONTINUOUS
10
4.336929645669291
20
-3.6586837401574801
11
4.3271361417322831
21
-3.6571326771653543
0
LINE
8
BLACK
6
CONTINUOUS
10
4.3271361417322831
20
-3.6571326771653543
11
4.3172213385826774
21
-3.6571326771653543
0
LINE
8
BLACK
6
CONTINUOUS
10
4.3172213385826774
20
-3.6571326771653543
11
4.3074277952755908
21
-3.6586837401574801
0
LINE
8
BLACK
6
CONTINUOUS
10
5.4638678346456695
20
-3.5430575196850391
11
5.4677986220472441
21
-3.5498658661417322
0
LINE
8
BLACK
6
CONTINUOUS
10
5.4677986220472441
20
-3.5498658661417322
11
5.4717401574803146
21
-3.5593815354330709
0
LINE
8
BLACK
6
CONTINUOUS
10
5.4717401574803146
20
-3.5593815354330709
11
5.47440594488189
21
-3.5693302755905512
0
LINE
8
BLACK
6
CONTINUOUS
10
5.47440594488189
20
-3.5693302755905512
11
5.4757503149606297
21
-3.5795418897637794
0
LINE
8
BLACK
6
CONTINUOUS
10
5.4757503149606297
20
-3.5795418897637794
11
5.4757503149606297
21
-3.5898415748031494
0
LINE
8
BLACK
6
CONTINUOUS
10
5.4757503149606297
20
-3.5898415748031494
11
5.47440594488189
21
-3.600053188976378
0
LINE
8
BLACK
6
CONTINUOUS
10
5.47440594488189
20
-3.600053188976378
11
5.4717401574803146
21
-3.6100019291338583
0
LINE
8
BLACK
6
CONTINUOUS
10
5.4717401574803146
20
-3.6100019291338583
11
5.4677986220472441
21
-3.6195175984251966
0
LINE
8
BLACK
6
CONTINUOUS
10
5.4677986220472441
20
-3.6195175984251966
11
5.4638678346456695
21
-3.6263258267716534
0
LINE
8
BLACK
6
CONTINUOUS
10
5.4638678346456695
20
-3.6263258267716534
11
5.4867366929133858
21
-3.6491946850393702
0
LINE
8
BLACK
6
CONTINUOUS
10
5.4867366929133858
20
-3.6491946850393702
11
5.4872246456692908
21
-3.6485829133858267
0
LINE
8
BLACK
6
CONTINUOUS
10
5.4872246456692908
20
-3.6485829133858267
11
5.4938120472440941
21
-3.6380990944881888
0
LINE
8
BLACK
6
CONTINUOUS
10
5.4938120472440941
20
-3.6380990944881888
11
5.4991840944881885
21
-3.6269439763779525
0
LINE
8
BLACK
6
CONTINUOUS
10
5.4991840944881885
20
-3.6269439763779525
11
5.4991842125984247
21
-3.6269436220472442
0
LINE
8
BLACK
6
CONTINUOUS
10
5.4991842125984247
20
-3.6269436220472442
11
5.5032735433070865
21
-3.6152569685039371
0
LINE
8
BLACK
6
CONTINUOUS
10
5.5032735433070865
20
-3.6152569685039371
11
5.5032735826771653
21
-3.6152568897637796
0
LINE
8
BLACK
6
CONTINUOUS
10
5.5032735826771653
20
-3.6152568897637796
11
5.5060286614173224
21
-3.6031862204724407
0
LINE
8
BLACK
6
CONTINUOUS
10
5.5060286614173224
20
-3.6031862204724407
11
5.5074149606299212
21
-3.5908824409448816
0
LINE
8
BLACK
6
CONTINUOUS
10
5.5074149606299212
20
-3.5908824409448816
11
5.5074149606299212
21
-3.5785009842519684
0
LINE
8
BLACK
6
CONTINUOUS
10
5.5074149606299212
20
-3.5785009842519684
11
5.5060286614173224
21
-3.5661972047244093
0
LINE
8
BLACK
6
CONTINUOUS
10
5.5060286614173224
20
-3.5661972047244093
11
5.5032735826771653
21
-3.5541265354330709
0
LINE
8
BLACK
6
CONTINUOUS
10
5.5032735826771653
20
-3.5541265354330709
11
5.5032735433070865
21
-3.5541264566929134
0
LINE
8
BLACK
6
CONTINUOUS
10
5.5032735433070865
20
-3.5541264566929134
11
5.4991842125984247
21
-3.5424398031496063
0
LINE
8
BLACK
6
CONTINUOUS
10
5.4991842125984247
20
-3.5424398031496063
11
5.4991840944881885
21
-3.5424394488188975
0
LINE
8
BLACK
6
CONTINUOUS
10
5.4991840944881885
20
-3.5424394488188975
11
5.4938120472440941
21
-3.5312843307086612
0
LINE
8
BLACK
6
CONTINUOUS
10
5.4938120472440941
20
-3.5312843307086612
11
5.4872246850393696
21
-3.5208005905511812
0
LINE
8
BLACK
6
CONTINUOUS
10
5.4872246850393696
20
-3.5208005905511812
11
5.4867366929133858
21
-3.5201887007874015
0
LINE
8
BLACK
6
CONTINUOUS
10
5.4867366929133858
20
-3.5201887007874015
11
5.4638678346456695
21
-3.5430575196850391
0
LINE
8
BLACK
6
CONTINUOUS
10
3.8134548818897636
20
-3.6038314173228345
11
3.8072805511811021
21
-3.6038314173228345
0
LINE
8
BLACK
6
CONTINUOUS
10
3.8072805511811021
20
-3.6038314173228345
11
3.8046095275590552
21
-3.6033000787401575
0
LINE
8
BLACK
6
CONTINUOUS
10
3.8046095275590552
20
-3.6033000787401575
11
3.8017500393700785
21
-3.6061595669291338
0
LINE
8
BLACK
6
CONTINUOUS
10
3.8017500393700785
20
-3.6061595669291338
11
3.8284394488188975
21
-3.6328489763779528
0
LINE
8
BLACK
6
CONTINUOUS
10
3.8284394488188975
20
-3.6328489763779528
11
3.8345483858267717
21
-3.6308640944881887
0
LINE
8
BLACK
6
CONTINUOUS
10
3.8345483858267717
20
-3.6308640944881887
11
3.8406041732283462
21
-3.6277784645669291
0
LINE
8
BLACK
6
CONTINUOUS
10
3.8406041732283462
20
-3.6277784645669291
11
3.8406041732283462
21
-3.6277784251968503
0
LINE
8
BLACK
6
CONTINUOUS
10
3.8406041732283462
20
-3.6277784251968503
11
3.8161258267716534
21
-3.6033000787401575
0
LINE
8
BLACK
6
CONTINUOUS
10
3.8161258267716534
20
-3.6033000787401575
11
3.8134548818897636
21
-3.6038314173228345
0
LINE
8
BLACK
6
CONTINUOUS
10
3.6253981102362203
20
-3.6228031496062991
11
3.6198082283464568
21
-3.6260303149606297
0
LINE
8
BLACK
6
CONTINUOUS
10
3.6198082283464568
20
-3.6260303149606297
11
3.6350229527559055
21
-3.6260303149606297
0
LINE
8
BLACK
6
CONTINUOUS
10
3.6350229527559055
20
-3.6260303149606297
11
3.6350229527559055
21
-3.6260302362204722
0
LINE
8
BLACK
6
CONTINUOUS
10
3.6350229527559055
20
-3.6260302362204722
11
3.6338148425196848
21
-3.621521338582677
0
LINE
8
BLACK
6
CONTINUOUS
10
3.6338148425196848
20
-3.621521338582677
11
3.6338148425196848
21
-3.6215212992125982
0
LINE
8
BLACK
6
CONTINUOUS
10
3.6338148425196848
20
-3.6215212992125982
11
3.6330354724409446
21
-3.6196398031496062
0
LINE
8
BLACK
6
CONTINUOUS
10
3.6330354724409446
20
-3.6196398031496062
11
3.6253981102362203
21
-3.6228031496062991
0
LINE
8
BLACK
6
CONTINUOUS
10
3.8411807874015746
20
-3.5667288188976376
11
3.8417121259842517
21
-3.5693998425196849
0
LINE
8
BLACK
6
CONTINUOUS
10
3.8417121259842517
20
-3.5693998425196849
11
3.8417121259842517
21
-3.5755741732283464
0
LINE
8
BLACK
6
CONTINUOUS
10
3.8417121259842517
20
-3.5755741732283464
11
3.8411807874015746
21
-3.5782451181102362
0
LINE
8
BLACK
6
CONTINUOUS
10
3.8411807874015746
20
-3.5782451181102362
11
3.8656591338582675
21
-3.602723464566929
0
LINE
8
BLACK
6
CONTINUOUS
10
3.8656591338582675
20
-3.602723464566929
11
3.8656591732283463
21
-3.602723464566929
0
LINE
8
BLACK
6
CONTINUOUS
10
3.8656591732283463
20
-3.602723464566929
11
3.8687448031496063
21
-3.5966676771653541
0
LINE
8
BLACK
6
CONTINUOUS
10
3.8687448031496063
20
-3.5966676771653541
11
3.8718087007874016
21
-3.5872379133858265
0
LINE
8
BLACK
6
CONTINUOUS
10
3.8718087007874016
20
-3.5872379133858265
11
3.8718087401574803
21
-3.5872379133858265
0
LINE
8
BLACK
6
CONTINUOUS
10
3.8718087401574803
20
-3.5872379133858265
11
3.8733598425196849
21
-3.5774444094488187
0
LINE
8
BLACK
6
CONTINUOUS
10
3.8733598425196849
20
-3.5774444094488187
11
3.8733598425196849
21
-3.5675295669291338
0
LINE
8
BLACK
6
CONTINUOUS
10
3.8733598425196849
20
-3.5675295669291338
11
3.8718087401574803
21
-3.557736062992126
0
LINE
8
BLACK
6
CONTINUOUS
10
3.8718087401574803
20
-3.557736062992126
11
3.8687448031496063
21
-3.5483062992125984
0
LINE
8
BLACK
6
CONTINUOUS
10
3.8687448031496063
20
-3.5483062992125984
11
3.8656591338582675
21
-3.5422504724409447
0
LINE
8
BLACK
6
CONTINUOUS
10
3.8656591338582675
20
-3.5422504724409447
11
3.8411807874015746
21
-3.5667288188976376
0
LINE
8
BLACK
6
CONTINUOUS
10
3.7956167716535432
20
-3.5110459448818898
11
3.7956167716535432
21
-3.5110459842519686
0
LINE
8
BLACK
6
CONTINUOUS
10
3.7956167716535432
20
-3.5110459842519686
11
3.7861873622047244
21
-3.5141098031496063
0
LINE
8
BLACK
6
CONTINUOUS
10
3.7861873622047244
20
-3.5141098031496063
11
3.7861866535433069
21
-3.5141100787401576
0
LINE
8
BLACK
6
CONTINUOUS
10
3.7861866535433069
20
-3.5141100787401576
11
3.7801311811023619
21
-3.5171954724409447
0
LINE
8
BLACK
6
CONTINUOUS
10
3.7801311811023619
20
-3.5171954724409447
11
3.7801311811023619
21
-3.5171955118110234
0
LINE
8
BLACK
6
CONTINUOUS
10
3.7801311811023619
20
-3.5171955118110234
11
3.804609566929134
21
-3.5416738976377951
0
LINE
8
BLACK
6
CONTINUOUS
10
3.804609566929134
20
-3.5416738976377951
11
3.8072805511811021
21
-3.5411425984251967
0
LINE
8
BLACK
6
CONTINUOUS
10
3.8072805511811021
20
-3.5411425984251967
11
3.8134548818897636
21
-3.5411425984251967
0
LINE
8
BLACK
6
CONTINUOUS
10
3.8134548818897636
20
-3.5411425984251967
11
3.8161257874015746
21
-3.5416738582677163
0
LINE
8
BLACK
6
CONTINUOUS
10
3.8161257874015746
20
-3.5416738582677163
11
3.8406041732283462
21
-3.5171955118110234
0
LINE
8
BLACK
6
CONTINUOUS
10
3.8406041732283462
20
-3.5171955118110234
11
3.834548503937008
21
-3.5141099606299213
0
LINE
8
BLACK
6
CONTINUOUS
10
3.834548503937008
20
-3.5141099606299213
11
3.8345480314960629
21
-3.5141098031496063
0
LINE
8
BLACK
6
CONTINUOUS
10
3.8345480314960629
20
-3.5141098031496063
11
3.8251186220472442
21
-3.5110459842519686
0
LINE
8
BLACK
6
CONTINUOUS
10
3.8251186220472442
20
-3.5110459842519686
11
3.8251186220472442
21
-3.5110459448818898
0
LINE
8
BLACK
6
CONTINUOUS
10
3.8251186220472442
20
-3.5110459448818898
11
3.8153251181102363
21
-3.5094948818897636
0
LINE
8
BLACK
6
CONTINUOUS
10
3.8153251181102363
20
-3.5094948818897636
11
3.8054103149606298
21
-3.5094948818897636
0
LINE
8
BLACK
6
CONTINUOUS
10
3.8054103149606298
20
-3.5094948818897636
11
3.7956167716535432
21
-3.5110459448818898
0
LINE
8
BLACK
6
CONTINUOUS
10
5.3786842125984249
20
-3.4758417716535432
11
5.3666135433070865
21
-3.4785968503937008
0
LINE
8
BLACK
6
CONTINUOUS
10
5.3666135433070865
20
-3.4785968503937008
11
5.366613464566929
21
-3.4785968897637796
0
LINE
8
BLACK
6
CONTINUOUS
10
5.366613464566929
20
-3.4785968897637796
11
5.3549268110236223
21
-3.4826862204724409
0
LINE
8
BLACK
6
CONTINUOUS
10
5.3549268110236223
20
-3.4826862204724409
11
5.3549264566929136
21
-3.4826863385826772
0
LINE
8
BLACK
6
CONTINUOUS
10
5.3549264566929136
20
-3.4826863385826772
11
5.3437712204724406
21
-3.488058464566929
0
LINE
8
BLACK
6
CONTINUOUS
10
5.3437712204724406
20
-3.488058464566929
11
5.3437711417322831
21
-3.4880585039370078
0
LINE
8
BLACK
6
CONTINUOUS
10
5.3437711417322831
20
-3.4880585039370078
11
5.3332879921259844
21
-3.4946454724409448
0
LINE
8
BLACK
6
CONTINUOUS
10
5.3332879921259844
20
-3.4946454724409448
11
5.3332876377952756
21
-3.4946457086614173
0
LINE
8
BLACK
6
CONTINUOUS
10
5.3332876377952756
20
-3.4946457086614173
11
5.3326756692913388
21
-3.4951336614173227
0
LINE
8
BLACK
6
CONTINUOUS
10
5.3326756692913388
20
-3.4951336614173227
11
5.3555446062992127
21
-3.5180025984251966
0
LINE
8
BLACK
6
CONTINUOUS
10
5.3555446062992127
20
-3.5180025984251966
11
5.3623528740157482
21
-3.5140718503937007
0
LINE
8
BLACK
6
CONTINUOUS
10
5.3623528740157482
20
-3.5140718503937007
11
5.3718685433070865
21
-3.5101303149606298
0
LINE
8
BLACK
6
CONTINUOUS
10
5.3718685433070865
20
-3.5101303149606298
11
5.3818172834645672
21
-3.5074645275590552
0
LINE
8
BLACK
6
CONTINUOUS
10
5.3818172834645672
20
-3.5074645275590552
11
5.392028897637795
21
-3.5061201574803147
0
LINE
8
BLACK
6
CONTINUOUS
10
5.392028897637795
20
-3.5061201574803147
11
5.402328582677165
21
-3.5061201574803147
0
LINE
8
BLACK
6
CONTINUOUS
10
5.402328582677165
20
-3.5061201574803147
11
5.4125401968503937
21
-3.5074645275590552
0
LINE
8
BLACK
6
CONTINUOUS
10
5.4125401968503937
20
-3.5074645275590552
11
5.4224889370078735
21
-3.5101303149606298
0
LINE
8
BLACK
6
CONTINUOUS
10
5.4224889370078735
20
-3.5101303149606298
11
5.4320046062992127
21
-3.5140718503937007
0
LINE
8
BLACK
6
CONTINUOUS
10
5.4320046062992127
20
-3.5140718503937007
11
5.4388127952755907
21
-3.5180025590551178
0
LINE
8
BLACK
6
CONTINUOUS
10
5.4388127952755907
20
-3.5180025590551178
11
5.4616816929133858
21
-3.4951337007874015
0
LINE
8
BLACK
6
CONTINUOUS
10
5.4616816929133858
20
-3.4951337007874015
11
5.4616816929133858
21
-3.4951336614173227
0
LINE
8
BLACK
6
CONTINUOUS
10
5.4616816929133858
20
-3.4951336614173227
11
5.4610698818897641
21
-3.4946457480314961
0
LINE
8
BLACK
6
CONTINUOUS
10
5.4610698818897641
20
-3.4946457480314961
11
5.4505861023622044
21
-3.4880583858267715
0
LINE
8
BLACK
6
CONTINUOUS
10
5.4505861023622044
20
-3.4880583858267715
11
5.4394309842519686
21
-3.4826863385826772
0
LINE
8
BLACK
6
CONTINUOUS
10
5.4394309842519686
20
-3.4826863385826772
11
5.4394306299212598
21
-3.4826862204724409
0
LINE
8
BLACK
6
CONTINUOUS
10
5.4394306299212598
20
-3.4826862204724409
11
5.4277439763779523
21
-3.4785968897637796
0
LINE
8
BLACK
6
CONTINUOUS
10
5.4277439763779523
20
-3.4785968897637796
11
5.4277438976377947
21
-3.4785968503937008
0
LINE
8
BLACK
6
CONTINUOUS
10
5.4277438976377947
20
-3.4785968503937008
11
5.4156732283464564
21
-3.4758417716535432
0
LINE
8
BLACK
6
CONTINUOUS
10
5.4156732283464564
20
-3.4758417716535432
11
5.403369488188976
21
-3.4744555118110236
0
LINE
8
BLACK
6
CONTINUOUS
10
5.403369488188976
20
-3.4744555118110236
11
5.390987992125984
21
-3.4744555118110236
0
LINE
8
BLACK
6
CONTINUOUS
10
5.390987992125984
20
-3.4744555118110236
11
5.3786842125984249
21
-3.4758417716535432
0
LINE
8
BLACK
6
CONTINUOUS
10
4.5390881889763781
20
-3.3009260629921258
11
4.5403489370078738
21
-3.3088859842519684
0
LINE
8
BLACK
6
CONTINUOUS
10
4.5403489370078738
20
-3.3088859842519684
11
4.5427018503937004
21
-3.316127559055118
0
LINE
8
BLACK
6
CONTINUOUS
10
4.5427018503937004
20
-3.316127559055118
11
4.5428392913385824
21
-3.3165504724409449
0
LINE
8
BLACK
6
CONTINUOUS
10
4.5428392913385824
20
-3.3165504724409449
11
4.5428394488188975
21
-3.3165509448818895
0
LINE
8
BLACK
6
CONTINUOUS
10
4.5428394488188975
20
-3.3165509448818895
11
4.5464981889763783
21
-3.3237315748031495
0
LINE
8
BLACK
6
CONTINUOUS
10
4.5464981889763783
20
-3.3237315748031495
11
4.5512349606299214
21
-3.3302512598425196
0
LINE
8
BLACK
6
CONTINUOUS
10
4.5512349606299214
20
-3.3302512598425196
11
4.5512352362204727
21
-3.3302515748031496
0
LINE
8
BLACK
6
CONTINUOUS
10
4.5512352362204727
20
-3.3302515748031496
11
4.5569338188976376
21
-3.335950157480315
0
LINE
8
BLACK
6
CONTINUOUS
10
4.5569338188976376
20
-3.335950157480315
11
4.5569341338582676
21
-3.3359504330708663
0
LINE
8
BLACK
6
CONTINUOUS
10
4.5569341338582676
20
-3.3359504330708663
11
4.5634538188976377
21
-3.3406872047244094
0
LINE
8
BLACK
6
CONTINUOUS
10
4.5634538188976377
20
-3.3406872047244094
11
4.5634539370078739
21
-3.3406872834645669
0
LINE
8
BLACK
6
CONTINUOUS
10
4.5634539370078739
20
-3.3406872834645669
11
4.5706346850393702
21
-3.344346062992126
0
LINE
8
BLACK
6
CONTINUOUS
10
4.5706346850393702
20
-3.344346062992126
11
4.5782994488188979
21
-3.3468364960629922
0
LINE
8
BLACK
6
CONTINUOUS
10
4.5782994488188979
20
-3.3468364960629922
11
4.5862593700787402
21
-3.3480972440944883
0
LINE
8
BLACK
6
CONTINUOUS
10
4.5862593700787402
20
-3.3480972440944883
11
4.5862595669291339
21
-3.3480972440944883
0
LINE
8
BLACK
6
CONTINUOUS
10
4.5862595669291339
20
-3.3480972440944883
11
4.5943183858267718
21
-3.3480972440944883
0
LINE
8
BLACK
6
CONTINUOUS
10
4.5943183858267718
20
-3.3480972440944883
11
4.5943185826771655
21
-3.3480972440944883
0
LINE
8
BLACK
6
CONTINUOUS
10
4.5943185826771655
20
-3.3480972440944883
11
4.6022785039370078
21
-3.3468364960629922
0
LINE
8
BLACK
6
CONTINUOUS
10
4.6022785039370078
20
-3.3468364960629922
11
4.6099432677165355
21
-3.344346062992126
0
LINE
8
BLACK
6
CONTINUOUS
10
4.6099432677165355
20
-3.344346062992126
11
4.6171240157480318
21
-3.3406872834645669
0
LINE
8
BLACK
6
CONTINUOUS
10
4.6171240157480318
20
-3.3406872834645669
11
4.6236440551181097
21
-3.3359502362204725
0
LINE
8
BLACK
6
CONTINUOUS
10
4.6236440551181097
20
-3.3359502362204725
11
4.6236442913385822
21
-3.3359499606299212
0
LINE
8
BLACK
6
CONTINUOUS
10
4.6236442913385822
20
-3.3359499606299212
11
4.623819251968504
21
-3.3358005905511812
0
LINE
8
BLACK
6
CONTINUOUS
10
4.623819251968504
20
-3.3358005905511812
11
4.6238676771653546
21
-3.3358572834645668
0
LINE
8
BLACK
6
CONTINUOUS
10
4.6238676771653546
20
-3.3358572834645668
11
4.6242272047244093
21
-3.335649724409449
0
LINE
8
BLACK
6
CONTINUOUS
10
4.6242272047244093
20
-3.335649724409449
11
4.6247733464566929
21
-3.3351036220472441
0
LINE
8
BLACK
6
CONTINUOUS
10
4.6247733464566929
20
-3.3351036220472441
11
4.6255193307086611
21
-3.3349037007874016
0
LINE
8
BLACK
6
CONTINUOUS
10
4.6255193307086611
20
-3.3349037007874016
11
4.6261881496062989
21
-3.3345175984251969
0
LINE
8
BLACK
6
CONTINUOUS
10
4.6261881496062989
20
-3.3345175984251969
11
4.6277064173228348
21
-3.3343177165354332
0
LINE
8
BLACK
6
CONTINUOUS
10
4.6277064173228348
20
-3.3343177165354332
11
4.6392366141732282
21
-3.3343177165354332
0
LINE
8
BLACK
6
CONTINUOUS
10
4.6392366141732282
20
-3.3343177165354332
11
4.6392392519685037
21
-3.3343183858267715
0
LINE
8
BLACK
6
CONTINUOUS
10
4.6392392519685037
20
-3.3343183858267715
11
4.6416671259842515
21
-3.3343183464566928
0
LINE
8
BLACK
6
CONTINUOUS
10
4.6416671259842515
20
-3.3343183464566928
11
4.6416671259842515
21
-3.3343184251968503
0
LINE
8
BLACK
6
CONTINUOUS
10
4.6416671259842515
20
-3.3343184251968503
11
4.6522268110236222
21
-3.3343183464566928
0
LINE
8
BLACK
6
CONTINUOUS
10
4.6522268110236222
20
-3.3343183464566928
11
4.6733009448818894
21
-3.3329369685039367
0
LINE
8
BLACK
6
CONTINUOUS
10
4.6733009448818894
20
-3.3329369685039367
11
4.6942395669291335
21
-3.3301802755905512
0
LINE
8
BLACK
6
CONTINUOUS
10
4.6942395669291335
20
-3.3301802755905512
11
4.7149531102362205
21
-3.32606
0
LINE
8
BLACK
6
CONTINUOUS
10
4.7149531102362205
20
-3.32606
11
4.7353527952755901
21
-3.3205938188976378
0
LINE
8
BLACK
6
CONTINUOUS
10
4.7353527952755901
20
-3.3205938188976378
11
4.7448452362204723
21
-3.3173715354330708
0
LINE
8
BLACK
6
CONTINUOUS
10
4.7448452362204723
20
-3.3173715354330708
11
4.7553505905511813
21
-3.3138054330708662
0
LINE
8
BLACK
6
CONTINUOUS
10
4.7553505905511813
20
-3.3138054330708662
11
4.75535094488189
21
-3.3138052755905512
0
LINE
8
BLACK
6
CONTINUOUS
10
4.75535094488189
20
-3.3138052755905512
11
4.7553513385826767
21
-3.3138051574803149
0
LINE
8
BLACK
6
CONTINUOUS
10
4.7553513385826767
20
-3.3138051574803149
11
4.7748630314960625
21
-3.3057230708661418
0
LINE
8
BLACK
6
CONTINUOUS
10
4.7748630314960625
20
-3.3057230708661418
11
4.7938043700787398
21
-3.2963821653543306
0
LINE
8
BLACK
6
CONTINUOUS
10
4.7938043700787398
20
-3.2963821653543306
11
4.8120942125984252
21
-3.285822440944882
0
LINE
8
BLACK
6
CONTINUOUS
10
4.8120942125984252
20
-3.285822440944882
11
4.8296542913385823
21
-3.2740891338582676
0
LINE
8
BLACK
6
CONTINUOUS
10
4.8296542913385823
20
-3.2740891338582676
11
4.8464093700787396
21
-3.2612324409448816
0
LINE
8
BLACK
6
CONTINUOUS
10
4.8464093700787396
20
-3.2612324409448816
11
4.862287716535433
21
-3.2473074803149604
0
LINE
8
BLACK
6
CONTINUOUS
10
4.862287716535433
20
-3.2473074803149604
11
4.8668140551181098
21
-3.2427810629921261
0
LINE
8
BLACK
6
CONTINUOUS
10
4.8668140551181098
20
-3.2427810629921261
11
4.8668143307086611
21
-3.2427808661417323
0
LINE
8
BLACK
6
CONTINUOUS
10
4.8668143307086611
20
-3.2427808661417323
11
4.8671482677165354
21
-3.2424468897637793
0
LINE
8
BLACK
6
CONTINUOUS
10
4.8671482677165354
20
-3.2424468897637793
11
4.8671483858267717
21
-3.2424468503937005
0
LINE
8
BLACK
6
CONTINUOUS
10
4.8671483858267717
20
-3.2424468503937005
11
4.930072204724409
21
-3.1795229133858265
0
LINE
8
BLACK
6
CONTINUOUS
10
4.930072204724409
20
-3.1795229133858265
11
4.9302552362204723
21
-3.1793477165354331
0
LINE
8
BLACK
6
CONTINUOUS
10
4.9302552362204723
20
-3.1793477165354331
11
4.9408318110236218
21
-3.1696561023622047
0
LINE
8
BLACK
6
CONTINUOUS
10
4.9408318110236218
20
-3.1696561023622047
11
4.9412224015748034
21
-3.1693283464566928
0
LINE
8
BLACK
6
CONTINUOUS
10
4.9412224015748034
20
-3.1693283464566928
11
4.9525014173228348
21
-3.1606736614173228
0
LINE
8
BLACK
6
CONTINUOUS
10
4.9525014173228348
20
-3.1606736614173228
11
4.9529200787401573
21
-3.1603805118110238
0
LINE
8
BLACK
6
CONTINUOUS
10
4.9529200787401573
20
-3.1603805118110238
11
4.964909960629921
21
-3.1527420866141731
0
LINE
8
BLACK
6
CONTINUOUS
10
4.964909960629921
20
-3.1527420866141731
11
4.9653522047244092
21
-3.1524867716535434
0
LINE
8
BLACK
6
CONTINUOUS
10
4.9653522047244092
20
-3.1524867716535434
11
4.9779623228346459
21
-3.1459223622047245
0
LINE
8
BLACK
6
CONTINUOUS
10
4.9779623228346459
20
-3.1459223622047245
11
4.9784261023622047
21
-3.1457061417322834
0
LINE
8
BLACK
6
CONTINUOUS
10
4.9784261023622047
20
-3.1457061417322834
11
4.9915592519685035
21
-3.1402662598425195
0
LINE
8
BLACK
6
CONTINUOUS
10
4.9915592519685035
20
-3.1402662598425195
11
4.9920399212598427
21
-3.1400912598425195
0
LINE
8
BLACK
6
CONTINUOUS
10
4.9920399212598427
20
-3.1400912598425195
11
5.0055982283464564
21
-3.1358163779527559
0
LINE
8
BLACK
6
CONTINUOUS
10
5.0055982283464564
20
-3.1358163779527559
11
5.0060918110236221
21
-3.1356841338582675
0
LINE
8
BLACK
6
CONTINUOUS
10
5.0060918110236221
20
-3.1356841338582675
11
5.0199712992125987
21
-3.1326072047244096
0
LINE
8
BLACK
6
CONTINUOUS
10
5.0199712992125987
20
-3.1326072047244096
11
5.0204739763779527
21
-3.1325185433070866
0
LINE
8
BLACK
6
CONTINUOUS
10
5.0204739763779527
20
-3.1325185433070866
11
5.0345687401574803
21
-3.1306629921259841
0
LINE
8
BLACK
6
CONTINUOUS
10
5.0345687401574803
20
-3.1306629921259841
11
5.0350778346456693
21
-3.1306184251968503
0
LINE
8
BLACK
6
CONTINUOUS
10
5.0350778346456693
20
-3.1306184251968503
11
5.0454192913385825
21
-3.1301669685039371
0
LINE
8
BLACK
6
CONTINUOUS
10
5.0454192913385825
20
-3.1301669685039371
11
5.0494136220472443
21
-3.1299925984251966
0
LINE
8
BLACK
6
CONTINUOUS
10
5.0494136220472443
20
-3.1299925984251966
11
5.0496694881889761
21
-3.1299870078740155
0
LINE
8
BLACK
6
CONTINUOUS
10
5.0496694881889761
20
-3.1299870078740155
11
5.0532218110236222
21
-3.1299870078740155
0
LINE
8
BLACK
6
CONTINUOUS
10
5.0532218110236222
20
-3.1299870078740155
11
5.1212799999999996
21
-3.1299870078740155
0
LINE
8
BLACK
6
CONTINUOUS
10
5.1212799999999996
20
-3.1299870078740155
11
5.1212801968503934
21
-3.1299870472440943
0
LINE
8
BLACK
6
CONTINUOUS
10
5.1212801968503934
20
-3.1299870472440943
11
5.1225360629921255
21
-3.1299870078740155
0
LINE
8
BLACK
6
CONTINUOUS
10
5.1225360629921255
20
-3.1299870078740155
11
5.1225363779527555
21
-3.129987086614173
0
LINE
8
BLACK
6
CONTINUOUS
10
5.1225363779527555
20
-3.129987086614173
11
5.1249658661417321
21
-3.1299870472440943
0
LINE
8
BLACK
6
CONTINUOUS
10
5.1249658661417321
20
-3.1299870472440943
11
5.1249658661417321
21
-3.129987086614173
0
LINE
8
BLACK
6
CONTINUOUS
10
5.1249658661417321
20
-3.129987086614173
11
5.1324685039370079
21
-3.1299870078740155
0
LINE
8
BLACK
6
CONTINUOUS
10
5.1324685039370079
20
-3.1299870078740155
11
5.1474166535433072
21
-3.1286791338582676
0
LINE
8
BLACK
6
CONTINUOUS
10
5.1474166535433072
20
-3.1286791338582676
11
5.1584747637795276
21
-3.1267292125984252
0
LINE
8
BLACK
6
CONTINUOUS
10
5.1584747637795276
20
-3.1267292125984252
11
5.1621933070866142
21
-3.1260735433070868
0
LINE
8
BLACK
6
CONTINUOUS
10
5.1621933070866142
20
-3.1260735433070868
11
5.1621937007874017
21
-3.1260734645669292
0
LINE
8
BLACK
6
CONTINUOUS
10
5.1621937007874017
20
-3.1260734645669292
11
5.1621936614173229
21
-3.1260734645669292
0
LINE
8
BLACK
6
CONTINUOUS
10
5.1621936614173229
20
-3.1260734645669292
11
5.1621939370078742
21
-3.1260734251968505
0
LINE
8
BLACK
6
CONTINUOUS
10
5.1621939370078742
20
-3.1260734251968505
11
5.176687874015748
21
-3.1221897637795273
0
LINE
8
BLACK
6
CONTINUOUS
10
5.176687874015748
20
-3.1221897637795273
11
5.1907881889763781
21
-3.1170576377952757
0
LINE
8
BLACK
6
CONTINUOUS
10
5.1907881889763781
20
-3.1170576377952757
11
5.2043875590551183
21
-3.1107161417322833
0
LINE
8
BLACK
6
CONTINUOUS
10
5.2043875590551183
20
-3.1107161417322833
11
5.2173825196850396
21
-3.1032135433070867
0
LINE
8
BLACK
6
CONTINUOUS
10
5.2173825196850396
20
-3.1032135433070867
11
5.2296741338582677
21
-3.094606929133858
0
LINE
8
BLACK
6
CONTINUOUS
10
5.2296741338582677
20
-3.094606929133858
11
5.2411688582677165
21
-3.0849617716535431
0
LINE
8
BLACK
6
CONTINUOUS
10
5.2411688582677165
20
-3.0849617716535431
11
5.2438681102362201
21
-3.0822625590551183
0
LINE
8
BLACK
6
CONTINUOUS
10
5.2438681102362201
20
-3.0822625590551183
11
5.2438684645669289
21
-3.0822623228346457
0
LINE
8
BLACK
6
CONTINUOUS
10
5.2438684645669289
20
-3.0822623228346457
11
5.2447335433070865
21
-3.0813972047244094
0
LINE
8
BLACK
6
CONTINUOUS
10
5.2447335433070865
20
-3.0813972047244094
11
5.2447387007874013
21
-3.0813942125984251
0
LINE
8
BLACK
6
CONTINUOUS
10
5.2447387007874013
20
-3.0813942125984251
11
5.2464756692913381
21
-3.0796572047244095
0
LINE
8
BLACK
6
CONTINUOUS
10
5.2464756692913381
20
-3.0796572047244095
11
5.2517807874015743
21
-3.0743518897637796
0
LINE
8
BLACK
6
CONTINUOUS
10
5.2517807874015743
20
-3.0743518897637796
11
5.2614259055118113
21
-3.0628569685039371
0
LINE
8
BLACK
6
CONTINUOUS
10
5.2614259055118113
20
-3.0628569685039371
11
5.270032440944882
21
-3.0505651574803148
0
LINE
8
BLACK
6
CONTINUOUS
10
5.270032440944882
20
-3.0505651574803148
11
5.2775349606299216
21
-3.0375700393700789
0
LINE
8
BLACK
6
CONTINUOUS
10
5.2775349606299216
20
-3.0375700393700789
11
5.283876299212598
21
-3.0239704724409449
0
LINE
8
BLACK
6
CONTINUOUS
10
5.283876299212598
20
-3.0239704724409449
11
5.2890082677165351
21
-3.0098699606299211
0
LINE
8
BLACK
6
CONTINUOUS
10
5.2890082677165351
20
-3.0098699606299211
11
5.2923377559055114
21
-2.9974434251968503
0
LINE
8
BLACK
6
CONTINUOUS
10
5.2923377559055114
20
-2.9974434251968503
11
5.2928914960629916
21
-2.9953767322834643
0
LINE
8
BLACK
6
CONTINUOUS
10
5.2928914960629916
20
-2.9953767322834643
11
5.2928914960629916
21
-2.9953766141732281
0
LINE
8
BLACK
6
CONTINUOUS
10
5.2928914960629916
20
-2.9953766141732281
11
5.2928917322834641
21
-2.9953758267716535
0
LINE
8
BLACK
6
CONTINUOUS
10
5.2928917322834641
20
-2.9953758267716535
11
5.2954972047244091
21
-2.9805983858267715
0
LINE
8
BLACK
6
CONTINUOUS
10
5.2954972047244091
20
-2.9805983858267715
11
5.2968048031496062
21
-2.9656500787401576
0
LINE
8
BLACK
6
CONTINUOUS
10
5.2968048031496062
20
-2.9656500787401576
11
5.2968047244094487
21
-2.958147401574803
0
LINE
8
BLACK
6
CONTINUOUS
10
5.2968047244094487
20
-2.958147401574803
11
5.2968047244094487
21
-2.9579872440944883
0
LINE
8
BLACK
6
CONTINUOUS
10
5.2968047244094487
20
-2.9579872440944883
11
5.2968047244094487
21
-2.7609043307086614
0
LINE
8
BLACK
6
CONTINUOUS
10
5.2968047244094487
20
-2.7609043307086614
11
5.2975906299212596
21
-2.7579712598425195
0
LINE
8
BLACK
6
CONTINUOUS
10
5.2975906299212596
20
-2.7579712598425195
11
5.2990996456692914
21
-2.7562505511811022
0
LINE
8
BLACK
6
CONTINUOUS
10
5.2990996456692914
20
-2.7562505511811022
11
5.3054416141732279
21
-2.7513842125984249
0
LINE
8
BLACK
6
CONTINUOUS
10
5.3054416141732279
20
-2.7513842125984249
11
5.3119027165354327
21
-2.7449231102362206
0
LINE
8
BLACK
6
CONTINUOUS
10
5.3119027165354327
20
-2.7449231102362206
11
5.3173979921259837
21
-2.7377615354330707
0
LINE
8
BLACK
6
CONTINUOUS
10
5.3173979921259837
20
-2.7377615354330707
11
5.3174650787401569
21
-2.737674094488189
0
LINE
8
BLACK
6
CONTINUOUS
10
5.3174650787401569
20
-2.737674094488189
11
5.3174650787401569
21
-2.7376740551181102
0
LINE
8
BLACK
6
CONTINUOUS
10
5.3174650787401569
20
-2.7376740551181102
11
5.3174651968503932
21
-2.737673937007874
0
LINE
8
BLACK
6
CONTINUOUS
10
5.3174651968503932
20
-2.737673937007874
11
5.3220338582677167
21
-2.7297607086614173
0
LINE
8
BLACK
6
CONTINUOUS
10
5.3220338582677167
20
-2.7297607086614173
11
5.3255305905511809
21
-2.7213188976377953
0
LINE
8
BLACK
6
CONTINUOUS
10
5.3255305905511809
20
-2.7213188976377953
11
5.3278955118110236
21
-2.7124928740157479
0
LINE
8
BLACK
6
CONTINUOUS
10
5.3278955118110236
20
-2.7124928740157479
11
5.3278955118110236
21
-2.7124926771653541
0
LINE
8
BLACK
6
CONTINUOUS
10
5.3278955118110236
20
-2.7124926771653541
11
5.3278955905511811
21
-2.7124924803149604
0
LINE
8
BLACK
6
CONTINUOUS
10
5.3278955905511811
20
-2.7124924803149604
11
5.3278955905511811
21
-2.7124924409448816
0
LINE
8
BLACK
6
CONTINUOUS
10
5.3278955905511811
20
-2.7124924409448816
11
5.3288027165354332
21
-2.705602086614173
0
LINE
8
BLACK
6
CONTINUOUS
10
5.3288027165354332
20
-2.705602086614173
11
5.3290881889763781
21
-2.7034336614173227
0
LINE
8
BLACK
6
CONTINUOUS
10
5.3290881889763781
20
-2.7034336614173227
11
5.3290881889763781
21
-2.6942962598425195
0
LINE
8
BLACK
6
CONTINUOUS
10
5.3290881889763781
20
-2.6942962598425195
11
5.3284494488188976
21
-2.6894444881889763
0
LINE
8
BLACK
6
CONTINUOUS
10
5.3284494488188976
20
-2.6894444881889763
11
5.3278955905511811
21
-2.6852374409448818
0
LINE
8
BLACK
6
CONTINUOUS
10
5.3278955905511811
20
-2.6852374409448818
11
5.3278955905511811
21
-2.6852374015748031
0
LINE
8
BLACK
6
CONTINUOUS
10
5.3278955905511811
20
-2.6852374015748031
11
5.3272752755905515
21
-2.6829223622047245
0
LINE
8
BLACK
6
CONTINUOUS
10
5.3272752755905515
20
-2.6829223622047245
11
5.3255305905511809
21
-2.6764110236220473
0
LINE
8
BLACK
6
CONTINUOUS
10
5.3255305905511809
20
-2.6764110236220473
11
5.3220338582677167
21
-2.6679692125984253
0
LINE
8
BLACK
6
CONTINUOUS
10
5.3220338582677167
20
-2.6679692125984253
11
5.3174651968503932
21
-2.6600559842519687
0
LINE
8
BLACK
6
CONTINUOUS
10
5.3174651968503932
20
-2.6600559842519687
11
5.3174650787401569
21
-2.6600557874015749
0
LINE
8
BLACK
6
CONTINUOUS
10
5.3174650787401569
20
-2.6600557874015749
11
5.3119026771653539
21
-2.6528067716535433
0
LINE
8
BLACK
6
CONTINUOUS
10
5.3119026771653539
20
-2.6528067716535433
11
5.3054416141732279
21
-2.6463457086614173
0
LINE
8
BLACK
6
CONTINUOUS
10
5.3054416141732279
20
-2.6463457086614173
11
5.2990997637795276
21
-2.6414794094488188
0
LINE
8
BLACK
6
CONTINUOUS
10
5.2990997637795276
20
-2.6414794094488188
11
5.2972512598425192
21
-2.6390703543307086
0
LINE
8
BLACK
6
CONTINUOUS
10
5.2972512598425192
20
-2.6390703543307086
11
5.2968047244094487
21
-2.6368255118110238
0
LINE
8
BLACK
6
CONTINUOUS
10
5.2968047244094487
20
-2.6368255118110238
11
5.2968047244094487
21
-2.5640539370078739
0
LINE
8
BLACK
6
CONTINUOUS
10
5.2968047244094487
20
-2.5640539370078739
11
5.2975906299212596
21
-2.5611208661417324
0
LINE
8
BLACK
6
CONTINUOUS
10
5.2975906299212596
20
-2.5611208661417324
11
5.2990996456692914
21
-2.5594001574803147
0
LINE
8
BLACK
6
CONTINUOUS
10
5.2990996456692914
20
-2.5594001574803147
11
5.3054416141732279
21
-2.5545338188976379
0
LINE
8
BLACK
6
CONTINUOUS
10
5.3054416141732279
20
-2.5545338188976379
11
5.3119027165354327
21
-2.5480727165354331
0
LINE
8
BLACK
6
CONTINUOUS
10
5.3119027165354327
20
-2.5480727165354331
11
5.3174651968503932
21
-2.5408235433070865
0
LINE
8
BLACK
6
CONTINUOUS
10
5.3174651968503932
20
-2.5408235433070865
11
5.3220338582677167
21
-2.5329103149606298
0
LINE
8
BLACK
6
CONTINUOUS
10
5.3220338582677167
20
-2.5329103149606298
11
5.3255305905511809
21
-2.5244685039370078
0
LINE
8
BLACK
6
CONTINUOUS
10
5.3255305905511809
20
-2.5244685039370078
11
5.3278955118110236
21
-2.5156424803149604
0
LINE
8
BLACK
6
CONTINUOUS
10
5.3278955118110236
20
-2.5156424803149604
11
5.3278955118110236
21
-2.5156422834645671
0
LINE
8
BLACK
6
CONTINUOUS
10
5.3278955118110236
20
-2.5156422834645671
11
5.3278955905511811
21
-2.5156420866141733
0
LINE
8
BLACK
6
CONTINUOUS
10
5.3278955905511811
20
-2.5156420866141733
11
5.3278955905511811
21
-2.5156420472440946
0
LINE
8
BLACK
6
CONTINUOUS
10
5.3278955905511811
20
-2.5156420472440946
11
5.3288179527559052
21
-2.5086359842519683
0
LINE
8
BLACK
6
CONTINUOUS
10
5.3288179527559052
20
-2.5086359842519683
11
5.3290881889763781
21
-2.5065832677165352
0
LINE
8
BLACK
6
CONTINUOUS
10
5.3290881889763781
20
-2.5065832677165352
11
5.3290881889763781
21
-2.497445866141732
0
LINE
8
BLACK
6
CONTINUOUS
10
5.3290881889763781
20
-2.497445866141732
11
5.3288077559055118
21
-2.4953158661417323
0
LINE
8
BLACK
6
CONTINUOUS
10
5.3288077559055118
20
-2.4953158661417323
11
5.3278955905511811
21
-2.4883870472440943
0
LINE
8
BLACK
6
CONTINUOUS
10
5.3278955905511811
20
-2.4883870472440943
11
5.3278955905511811
21
-2.4883870078740156
0
LINE
8
BLACK
6
CONTINUOUS
10
5.3278955905511811
20
-2.4883870078740156
11
5.3278955118110236
21
-2.4883866535433072
0
LINE
8
BLACK
6
CONTINUOUS
10
5.3278955118110236
20
-2.4883866535433072
11
5.3255305905511809
21
-2.4795606299212598
0
LINE
8
BLACK
6
CONTINUOUS
10
5.3255305905511809
20
-2.4795606299212598
11
5.3220338582677167
21
-2.4711188188976378
0
LINE
8
BLACK
6
CONTINUOUS
10
5.3220338582677167
20
-2.4711188188976378
11
5.3174651968503932
21
-2.4632055905511812
0
LINE
8
BLACK
6
CONTINUOUS
10
5.3174651968503932
20
-2.4632055905511812
11
5.3174650787401569
21
-2.4632053937007874
0
LINE
8
BLACK
6
CONTINUOUS
10
5.3174650787401569
20
-2.4632053937007874
11
5.3119538188976376
21
-2.4560230314960632
0
LINE
8
BLACK
6
CONTINUOUS
10
5.3119538188976376
20
-2.4560230314960632
11
5.3119027165354327
21
-2.4559564173228345
0
LINE
8
BLACK
6
CONTINUOUS
10
5.3119027165354327
20
-2.4559564173228345
11
5.3054416141732279
21
-2.4494953149606298
0
LINE
8
BLACK
6
CONTINUOUS
10
5.3054416141732279
20
-2.4494953149606298
11
5.3030150000000003
21
-2.4476333070866141
0
LINE
8
BLACK
6
CONTINUOUS
10
5.3030150000000003
20
-2.4476333070866141
11
5.2981925984251967
21
-2.4439329133858267
0
LINE
8
BLACK
6
CONTINUOUS
10
5.2981925984251967
20
-2.4439329133858267
11
5.2981922834645667
21
-2.443932716535433
0
LINE
8
BLACK
6
CONTINUOUS
10
5.2981922834645667
20
-2.443932716535433
11
5.2902794881889763
21
-2.4393643307086612
0
LINE
8
BLACK
6
CONTINUOUS
10
5.2902794881889763
20
-2.4393643307086612
11
5.2902794488188976
21
-2.4393642913385825
0
LINE
8
BLACK
6
CONTINUOUS
10
5.2902794488188976
20
-2.4393642913385825
11
5.290279212598425
21
-2.4393641732283462
0
LINE
8
BLACK
6
CONTINUOUS
10
5.290279212598425
20
-2.4393641732283462
11
5.2827111811023624
21
-2.4362293700787401
0
LINE
8
BLACK
6
CONTINUOUS
10
5.2827111811023624
20
-2.4362293700787401
11
5.2818375196850393
21
-2.4358674803149607
0
LINE
8
BLACK
6
CONTINUOUS
10
5.2818375196850393
20
-2.4358674803149607
11
5.2818374409448818
21
-2.4358674409448819
0
LINE
8
BLACK
6
CONTINUOUS
10
5.2818374409448818
20
-2.4358674409448819
11
5.2818374015748031
21
-2.4358674409448819
0
LINE
8
BLACK
6
CONTINUOUS
10
5.2818374015748031
20
-2.4358674409448819
11
5.2730113779527557
21
-2.4335025196850393
0
LINE
8
BLACK
6
CONTINUOUS
10
5.2730113779527557
20
-2.4335025196850393
11
5.2730109448818894
21
-2.433502401574803
0
LINE
8
BLACK
6
CONTINUOUS
10
5.2730109448818894
20
-2.433502401574803
11
5.2639523622047246
21
-2.4323098425196852
0
LINE
8
BLACK
6
CONTINUOUS
10
5.2639523622047246
20
-2.4323098425196852
11
5.2639521653543309
21
-2.4323098425196852
0
LINE
8
BLACK
6
CONTINUOUS
10
5.2639521653543309
20
-2.4323098425196852
11
5.2548147637795273
21
-2.4323098425196852
0
LINE
8
BLACK
6
CONTINUOUS
10
5.2548147637795273
20
-2.4323098425196852
11
5.2548145275590548
21
-2.4323098425196852
0
LINE
8
BLACK
6
CONTINUOUS
10
5.2548145275590548
20
-2.4323098425196852
11
5.24575594488189
21
-2.433502401574803
0
LINE
8
BLACK
6
CONTINUOUS
10
5.24575594488189
20
-2.433502401574803
11
5.2457559055118113
21
-2.433502401574803
0
LINE
8
BLACK
6
CONTINUOUS
10
5.2457559055118113
20
-2.433502401574803
11
5.23692937007874
21
-2.4358674803149607
0
LINE
8
BLACK
6
CONTINUOUS
10
5.23692937007874
20
-2.4358674803149607
11
5.2328007874015743
21
-2.4375775984251966
0
LINE
8
BLACK
6
CONTINUOUS
10
5.2328007874015743
20
-2.4375775984251966
11
5.2284877165354331
21
-2.4393641732283462
0
LINE
8
BLACK
6
CONTINUOUS
10
5.2284877165354331
20
-2.4393641732283462
11
5.2284875196850393
21
-2.4393642519685037
0
LINE
8
BLACK
6
CONTINUOUS
10
5.2284875196850393
20
-2.4393642519685037
11
5.2284874015748031
21
-2.4393643307086612
0
LINE
8
BLACK
6
CONTINUOUS
10
5.2284874015748031
20
-2.4393643307086612
11
5.2205746062992127
21
-2.443932716535433
0
LINE
8
BLACK
6
CONTINUOUS
10
5.2205746062992127
20
-2.443932716535433
11
5.2205742913385826
21
-2.4439329133858267
0
LINE
8
BLACK
6
CONTINUOUS
10
5.2205742913385826
20
-2.4439329133858267
11
5.2133252755905515
21
-2.4494953149606298
0
LINE
8
BLACK
6
CONTINUOUS
10
5.2133252755905515
20
-2.4494953149606298
11
5.2068642125984255
21
-2.4559563779527558
0
LINE
8
BLACK
6
CONTINUOUS
10
5.2068642125984255
20
-2.4559563779527558
11
5.2013018110236215
21
-2.4632053937007874
0
LINE
8
BLACK
6
CONTINUOUS
10
5.2013018110236215
20
-2.4632053937007874
11
5.2013016141732287
21
-2.4632057086614174
0
LINE
8
BLACK
6
CONTINUOUS
10
5.2013016141732287
20
-2.4632057086614174
11
5.1967332283464565
21
-2.4711185039370078
0
LINE
8
BLACK
6
CONTINUOUS
10
5.1967332283464565
20
-2.4711185039370078
11
5.196733149606299
21
-2.4711186220472441
0
LINE
8
BLACK
6
CONTINUOUS
10
5.196733149606299
20
-2.4711186220472441
11
5.1967330708661414
21
-2.4711188188976378
0
LINE
8
BLACK
6
CONTINUOUS
10
5.1967330708661414
20
-2.4711188188976378
11
5.1957290944881889
21
-2.4735426377952754
0
LINE
8
BLACK
6
CONTINUOUS
10
5.1957290944881889
20
-2.4735426377952754
11
5.1932363779527559
21
-2.4795604724409448
0
LINE
8
BLACK
6
CONTINUOUS
10
5.1932363779527559
20
-2.4795604724409448
11
5.1908712992125983
21
-2.4883870078740156
0
LINE
8
BLACK
6
CONTINUOUS
10
5.1908712992125983
20
-2.4883870078740156
11
5.1908712992125983
21
-2.4883870472440943
0
LINE
8
BLACK
6
CONTINUOUS
10
5.1908712992125983
20
-2.4883870472440943
11
5.18967874015748
21
-2.49744562992126
0
LINE
8
BLACK
6
CONTINUOUS
10
5.18967874015748
20
-2.49744562992126
11
5.18967874015748
21
-2.5065834645669289
0
LINE
8
BLACK
6
CONTINUOUS
10
5.18967874015748
20
-2.5065834645669289
11
5.1908712992125983
21
-2.5156420472440946
0
LINE
8
BLACK
6
CONTINUOUS
10
5.1908712992125983
20
-2.5156420472440946
11
5.1908712992125983
21
-2.5156420866141733
0
LINE
8
BLACK
6
CONTINUOUS
10
5.1908712992125983
20
-2.5156420866141733
11
5.1908714173228345
21
-2.5156424803149604
0
LINE
8
BLACK
6
CONTINUOUS
10
5.1908714173228345
20
-2.5156424803149604
11
5.1932363385826772
21
-2.5244685039370078
0
LINE
8
BLACK
6
CONTINUOUS
10
5.1932363385826772
20
-2.5244685039370078
11
5.1967330708661414
21
-2.5329103149606298
0
LINE
8
BLACK
6
CONTINUOUS
10
5.1967330708661414
20
-2.5329103149606298
11
5.1967331889763777
21
-2.5329105511811023
0
LINE
8
BLACK
6
CONTINUOUS
10
5.1967331889763777
20
-2.5329105511811023
11
5.1967332283464565
21
-2.5329105905511811
0
LINE
8
BLACK
6
CONTINUOUS
10
5.1967332283464565
20
-2.5329105905511811
11
5.2013016141732287
21
-2.5408233858267715
0
LINE
8
BLACK
6
CONTINUOUS
10
5.2013016141732287
20
-2.5408233858267715
11
5.2013018110236215
21
-2.5408237007874015
0
LINE
8
BLACK
6
CONTINUOUS
10
5.2013018110236215
20
-2.5408237007874015
11
5.2068642125984255
21
-2.5480727165354331
0
LINE
8
BLACK
6
CONTINUOUS
10
5.2068642125984255
20
-2.5480727165354331
11
5.2133253149606302
21
-2.5545338188976379
0
LINE
8
BLACK
6
CONTINUOUS
10
5.2133253149606302
20
-2.5545338188976379
11
5.2196672047244093
21
-2.5594001181102364
0
LINE
8
BLACK
6
CONTINUOUS
10
5.2196672047244093
20
-2.5594001181102364
11
5.221515669291338
21
-2.5618090551181103
0
LINE
8
BLACK
6
CONTINUOUS
10
5.221515669291338
20
-2.5618090551181103
11
5.2219622047244094
21
-2.5640539370078739
0
LINE
8
BLACK
6
CONTINUOUS
10
5.2219622047244094
20
-2.5640539370078739
11
5.2219622047244094
21
-2.6368255118110238
0
LINE
8
BLACK
6
CONTINUOUS
10
5.2219622047244094
20
-2.6368255118110238
11
5.2211762992125985
21
-2.6397585826771652
0
LINE
8
BLACK
6
CONTINUOUS
10
5.2211762992125985
20
-2.6397585826771652
11
5.2196671653543305
21
-2.6414794094488188
0
LINE
8
BLACK
6
CONTINUOUS
10
5.2196671653543305
20
-2.6414794094488188
11
5.2133252755905515
21
-2.6463457086614173
0
LINE
8
BLACK
6
CONTINUOUS
10
5.2133252755905515
20
-2.6463457086614173
11
5.2068642125984255
21
-2.6528067716535433
0
LINE
8
BLACK
6
CONTINUOUS
10
5.2068642125984255
20
-2.6528067716535433
11
5.2013018110236215
21
-2.6600557874015749
0
LINE
8
BLACK
6
CONTINUOUS
10
5.2013018110236215
20
-2.6600557874015749
11
5.2013016141732287
21
-2.6600561023622045
0
LINE
8
BLACK
6
CONTINUOUS
10
5.2013016141732287
20
-2.6600561023622045
11
5.1967332283464565
21
-2.6679688976377953
0
LINE
8
BLACK
6
CONTINUOUS
10
5.1967332283464565
20
-2.6679688976377953
11
5.196733149606299
21
-2.6679690157480316
0
LINE
8
BLACK
6
CONTINUOUS
10
5.196733149606299
20
-2.6679690157480316
11
5.1967330708661414
21
-2.6679692125984253
0
LINE
8
BLACK
6
CONTINUOUS
10
5.1967330708661414
20
-2.6679692125984253
11
5.1949670866141728
21
-2.6722326377952754
0
LINE
8
BLACK
6
CONTINUOUS
10
5.1949670866141728
20
-2.6722326377952754
11
5.1932363779527559
21
-2.6764108661417323
0
LINE
8
BLACK
6
CONTINUOUS
10
5.1932363779527559
20
-2.6764108661417323
11
5.1908712992125983
21
-2.6852374015748031
0
LINE
8
BLACK
6
CONTINUOUS
10
5.1908712992125983
20
-2.6852374015748031
11
5.1908712992125983
21
-2.6852374409448818
0
LINE
8
BLACK
6
CONTINUOUS
10
5.1908712992125983
20
-2.6852374409448818
11
5.18967874015748
21
-2.694296023622047
0
LINE
8
BLACK
6
CONTINUOUS
10
5.18967874015748
20
-2.694296023622047
11
5.18967874015748
21
-2.7034338582677164
0
LINE
8
BLACK
6
CONTINUOUS
10
5.18967874015748
20
-2.7034338582677164
11
5.1908712992125983
21
-2.7124924409448816
0
LINE
8
BLACK
6
CONTINUOUS
10
5.1908712992125983
20
-2.7124924409448816
11
5.1908712992125983
21
-2.7124924803149604
0
LINE
8
BLACK
6
CONTINUOUS
10
5.1908712992125983
20
-2.7124924803149604
11
5.191602125984252
21
-2.7152199212598425
0
LINE
8
BLACK
6
CONTINUOUS
10
5.191602125984252
20
-2.7152199212598425
11
5.1932363385826772
21
-2.7213188976377953
0
LINE
8
BLACK
6
CONTINUOUS
10
5.1932363385826772
20
-2.7213188976377953
11
5.1967330708661414
21
-2.7297607086614173
0
LINE
8
BLACK
6
CONTINUOUS
10
5.1967330708661414
20
-2.7297607086614173
11
5.1967331889763777
21
-2.7297609448818898
0
LINE
8
BLACK
6
CONTINUOUS
10
5.1967331889763777
20
-2.7297609448818898
11
5.1967332283464565
21
-2.7297609842519686
0
LINE
8
BLACK
6
CONTINUOUS
10
5.1967332283464565
20
-2.7297609842519686
11
5.2013016141732287
21
-2.737673779527559
0
LINE
8
BLACK
6
CONTINUOUS
10
5.2013016141732287
20
-2.737673779527559
11
5.2013018110236215
21
-2.737674094488189
0
LINE
8
BLACK
6
CONTINUOUS
10
5.2013018110236215
20
-2.737674094488189
11
5.2046085433070868
21
-2.7419834645669292
0
LINE
8
BLACK
6
CONTINUOUS
10
5.2046085433070868
20
-2.7419834645669292
11
5.2068642125984255
21
-2.7449231102362206
0
LINE
8
BLACK
6
CONTINUOUS
10
5.2068642125984255
20
-2.7449231102362206
11
5.2133253149606302
21
-2.7513842125984249
0
LINE
8
BLACK
6
CONTINUOUS
10
5.2133253149606302
20
-2.7513842125984249
11
5.2196672047244093
21
-2.7562505118110234
0
LINE
8
BLACK
6
CONTINUOUS
10
5.2196672047244093
20
-2.7562505118110234
11
5.221515669291338
21
-2.7586594488188978
0
LINE
8
BLACK
6
CONTINUOUS
10
5.221515669291338
20
-2.7586594488188978
11
5.2219622047244094
21
-2.7609043307086614
0
LINE
8
BLACK
6
CONTINUOUS
10
5.2219622047244094
20
-2.7609043307086614
11
5.2219622047244094
21
-2.9544624409448819
0
LINE
8
BLACK
6
CONTINUOUS
10
5.2219622047244094
20
-2.9544624409448819
11
5.2219621653543307
21
-2.9544626771653544
0
LINE
8
BLACK
6
CONTINUOUS
10
5.2219621653543307
20
-2.9544626771653544
11
5.2219621653543307
21
-2.9555829527559054
0
LINE
8
BLACK
6
CONTINUOUS
10
5.2219621653543307
20
-2.9555829527559054
11
5.2219621653543307
21
-2.9564886220472442
0
LINE
8
BLACK
6
CONTINUOUS
10
5.2219621653543307
20
-2.9564886220472442
11
5.2219621653543307
21
-2.9579835826771652
0
LINE
8
BLACK
6
CONTINUOUS
10
5.2219621653543307
20
-2.9579835826771652
11
5.2219529527559052
21
-2.9583124409448818
0
LINE
8
BLACK
6
CONTINUOUS
10
5.2219529527559052
20
-2.9583124409448818
11
5.221370866141732
21
-2.9686798818897637
0
LINE
8
BLACK
6
CONTINUOUS
10
5.221370866141732
20
-2.9686798818897637
11
5.2212972047244097
21
-2.9693335433070867
0
LINE
8
BLACK
6
CONTINUOUS
10
5.2212972047244097
20
-2.9693335433070867
11
5.219585708661417
21
-2.9794075196850391
0
LINE
8
BLACK
6
CONTINUOUS
10
5.219585708661417
20
-2.9794075196850391
11
5.2194393307086617
21
-2.9800488976377952
0
LINE
8
BLACK
6
CONTINUOUS
10
5.2194393307086617
20
-2.9800488976377952
11
5.2166106299212593
21
-2.9898679921259843
0
LINE
8
BLACK
6
CONTINUOUS
10
5.2166106299212593
20
-2.9898679921259843
11
5.2163933858267715
21
-2.9904888582677165
0
LINE
8
BLACK
6
CONTINUOUS
10
5.2163933858267715
20
-2.9904888582677165
11
5.2124829921259845
21
-2.9999298818897637
0
LINE
8
BLACK
6
CONTINUOUS
10
5.2124829921259845
20
-2.9999298818897637
11
5.2121975590551184
21
-3.0005226377952754
0
LINE
8
BLACK
6
CONTINUOUS
10
5.2121975590551184
20
-3.0005226377952754
11
5.2072550393700787
21
-3.0094656692913384
0
LINE
8
BLACK
6
CONTINUOUS
10
5.2072550393700787
20
-3.0094656692913384
11
5.2069050787401574
21
-3.0100226377952755
0
LINE
8
BLACK
6
CONTINUOUS
10
5.2069050787401574
20
-3.0100226377952755
11
5.2009916929133855
21
-3.0183570078740156
0
LINE
8
BLACK
6
CONTINUOUS
10
5.2009916929133855
20
-3.0183570078740156
11
5.2005815354330709
21
-3.0188713385826773
0
LINE
8
BLACK
6
CONTINUOUS
10
5.2005815354330709
20
-3.0188713385826773
11
5.1937819291338583
21
-3.0264803149606299
0
LINE
8
BLACK
6
CONTINUOUS
10
5.1937819291338583
20
-3.0264803149606299
11
5.1933166929133856
21
-3.0269455511811021
0
LINE
8
BLACK
6
CONTINUOUS
10
5.1933166929133856
20
-3.0269455511811021
11
5.1856877165354334
21
-3.0337631889763781
0
LINE
8
BLACK
6
CONTINUOUS
10
5.1856877165354334
20
-3.0337631889763781
11
5.1851733858267712
21
-3.0341733464566927
0
LINE
8
BLACK
6
CONTINUOUS
10
5.1851733858267712
20
-3.0341733464566927
11
5.1768395275590553
21
-3.0400864566929133
0
LINE
8
BLACK
6
CONTINUOUS
10
5.1768395275590553
20
-3.0400864566929133
11
5.1762825590551182
21
-3.0404364173228347
0
LINE
8
BLACK
6
CONTINUOUS
10
5.1762825590551182
20
-3.0404364173228347
11
5.1673392125984252
21
-3.0453792519685039
0
LINE
8
BLACK
6
CONTINUOUS
10
5.1673392125984252
20
-3.0453792519685039
11
5.1667465354330711
21
-3.04566468503937
0
LINE
8
BLACK
6
CONTINUOUS
10
5.1667465354330711
20
-3.04566468503937
11
5.1573059055118113
21
-3.0495751181102362
0
LINE
8
BLACK
6
CONTINUOUS
10
5.1573059055118113
20
-3.0495751181102362
11
5.1566849999999995
21
-3.0497924015748032
0
LINE
8
BLACK
6
CONTINUOUS
10
5.1566849999999995
20
-3.0497924015748032
11
5.1468657086614176
21
-3.0526212992125985
0
LINE
8
BLACK
6
CONTINUOUS
10
5.1468657086614176
20
-3.0526212992125985
11
5.146224409448819
21
-3.0527676771653542
0
LINE
8
BLACK
6
CONTINUOUS
10
5.146224409448819
20
-3.0527676771653542
11
5.1361503937007873
21
-3.054479409448819
0
LINE
8
BLACK
6
CONTINUOUS
10
5.1361503937007873
20
-3.054479409448819
11
5.1354966535433073
21
-3.0545530708661417
0
LINE
8
BLACK
6
CONTINUOUS
10
5.1354966535433073
20
-3.0545530708661417
11
5.1251307480314958
21
-3.0551352755905512
0
LINE
8
BLACK
6
CONTINUOUS
10
5.1251307480314958
20
-3.0551352755905512
11
5.1248018110236222
21
-3.0551444881889762
0
LINE
8
BLACK
6
CONTINUOUS
10
5.1248018110236222
20
-3.0551444881889762
11
5.0456023622047246
21
-3.0551444881889762
0
LINE
8
BLACK
6
CONTINUOUS
10
5.0456023622047246
20
-3.0551444881889762
11
5.0455977952755902
21
-3.05514468503937
0
LINE
8
BLACK
6
CONTINUOUS
10
5.0455977952755902
20
-3.05514468503937
11
5.0408335039370078
21
-3.05514468503937
0
LINE
8
BLACK
6
CONTINUOUS
10
5.0408335039370078
20
-3.05514468503937
11
5.0234734251968503
21
-3.0563862598425198
0
LINE
8
BLACK
6
CONTINUOUS
10
5.0234734251968503
20
-3.0563862598425198
11
5.0234733858267715
21
-3.0563862598425198
0
LINE
8
BLACK
6
CONTINUOUS
10
5.0234733858267715
20
-3.0563862598425198
11
5.0062462204724412
21
-3.0588630708661415
0
LINE
8
BLACK
6
CONTINUOUS
10
5.0062462204724412
20
-3.0588630708661415
11
5.0062457480314961
21
-3.058863149606299
0
LINE
8
BLACK
6
CONTINUOUS
10
5.0062457480314961
20
-3.058863149606299
11
4.989238661417323
21
-3.0625627559055117
0
LINE
8
BLACK
6
CONTINUOUS
10
4.989238661417323
20
-3.0625627559055117
11
4.9725382283464565
21
-3.0674664173228345
0
LINE
8
BLACK
6
CONTINUOUS
10
4.9725382283464565
20
-3.0674664173228345
11
4.9562306299212597
21
-3.0735487795275591
0
LINE
8
BLACK
6
CONTINUOUS
10
4.9562306299212597
20
-3.0735487795275591
11
4.9562304724409447
21
-3.0735488582677166
0
LINE
8
BLACK
6
CONTINUOUS
10
4.9562304724409447
20
-3.0735488582677166
11
4.9403990157480315
21
-3.0807788188976377
0
LINE
8
BLACK
6
CONTINUOUS
10
4.9403990157480315
20
-3.0807788188976377
11
4.9403979527559052
21
-3.0807793307086615
0
LINE
8
BLACK
6
CONTINUOUS
10
4.9403979527559052
20
-3.0807793307086615
11
4.9251227165354328
21
-3.0891202362204724
0
LINE
8
BLACK
6
CONTINUOUS
10
4.9251227165354328
20
-3.0891202362204724
11
4.910480433070866
21
-3.0985303149606298
0
LINE
8
BLACK
6
CONTINUOUS
10
4.910480433070866
20
-3.0985303149606298
11
4.8965472834645665
21
-3.1089605118110235
0
LINE
8
BLACK
6
CONTINUOUS
10
4.8965472834645665
20
-3.1089605118110235
11
4.8833936220472438
21
-3.1203582283464568
0
LINE
8
BLACK
6
CONTINUOUS
10
4.8833936220472438
20
-3.1203582283464568
11
4.8169069291338582
21
-3.1868449606299212
0
LINE
8
BLACK
6
CONTINUOUS
10
4.8169069291338582
20
-3.1868449606299212
11
4.816756220472441
21
-3.1869903543307085
0
LINE
8
BLACK
6
CONTINUOUS
10
4.816756220472441
20
-3.1869903543307085
11
4.804043622047244
21
-3.1988261811023619
0
LINE
8
BLACK
6
CONTINUOUS
10
4.804043622047244
20
-3.1988261811023619
11
4.8037271653543305
21
-3.1991003937007871
0
LINE
8
BLACK
6
CONTINUOUS
10
4.8037271653543305
20
-3.1991003937007871
11
4.7902841732283461
21
-3.2099335039370076
0
LINE
8
BLACK
6
CONTINUOUS
10
4.7902841732283461
20
-3.2099335039370076
11
4.7899489370078738
21
-3.2101844488188975
0
LINE
8
BLACK
6
CONTINUOUS
10
4.7899489370078738
20
-3.2101844488188975
11
4.7757677559055116
21
-3.2200306692913383
0
LINE
8
BLACK
6
CONTINUOUS
10
4.7757677559055116
20
-3.2200306692913383
11
4.7754155118110235
21
-3.2202570866141733
0
LINE
8
BLACK
6
CONTINUOUS
10
4.7754155118110235
20
-3.2202570866141733
11
4.7605674803149602
21
-3.2290668897637795
0
LINE
8
BLACK
6
CONTINUOUS
10
4.7605674803149602
20
-3.2290668897637795
11
4.7602001574803152
21
-3.2292674409448816
0
LINE
8
BLACK
6
CONTINUOUS
10
4.7602001574803152
20
-3.2292674409448816
11
4.7566468503937003
21
-3.2310461417322833
0
LINE
8
BLACK
6
CONTINUOUS
10
4.7566468503937003
20
-3.2310461417322833
11
4.7447618503937008
21
-3.2369953543307086
0
LINE
8
BLACK
6
CONTINUOUS
10
4.7447618503937008
20
-3.2369953543307086
11
4.7443809448818897
21
-3.2371692913385828
0
LINE
8
BLACK
6
CONTINUOUS
10
4.7443809448818897
20
-3.2371692913385828
11
4.7284304330708657
21
-3.2437762992125982
0
LINE
8
BLACK
6
CONTINUOUS
10
4.7284304330708657
20
-3.2437762992125982
11
4.7280381102362208
21
-3.2439226377952757
0
LINE
8
BLACK
6
CONTINUOUS
10
4.7280381102362208
20
-3.2439226377952757
11
4.7116565748031496
21
-3.2493750000000001
0
LINE
8
BLACK
6
CONTINUOUS
10
4.7116565748031496
20
-3.2493750000000001
11
4.711254763779527
21
-3.2494929527559053
0
LINE
8
BLACK
6
CONTINUOUS
10
4.711254763779527
20
-3.2494929527559053
11
4.6945269291338585
21
-3.2537625590551182
0
LINE
8
BLACK
6
CONTINUOUS
10
4.6945269291338585
20
-3.2537625590551182
11
4.6941177559055118
21
-3.2538515748031496
0
LINE
8
BLACK
6
CONTINUOUS
10
4.6941177559055118
20
-3.2538515748031496
11
4.677127598425197
21
-3.2569170078740157
0
LINE
8
BLACK
6
CONTINUOUS
10
4.677127598425197
20
-3.2569170078740157
11
4.6767131102362205
21
-3.2569766141732281
0
LINE
8
BLACK
6
CONTINUOUS
10
4.6767131102362205
20
-3.2569766141732281
11
4.6595474409448814
21
-3.2588222047244093
0
LINE
8
BLACK
6
CONTINUOUS
10
4.6595474409448814
20
-3.2588222047244093
11
4.6591297637795277
21
-3.2588520866141732
0
LINE
8
BLACK
6
CONTINUOUS
10
4.6591297637795277
20
-3.2588520866141732
11
4.6417925590551183
21
-3.2594713779527558
0
LINE
8
BLACK
6
CONTINUOUS
10
4.6417925590551183
20
-3.2594713779527558
11
4.641583267716535
21
-3.2594751181102359
0
LINE
8
BLACK
6
CONTINUOUS
10
4.641583267716535
20
-3.2594751181102359
11
4.6379811023622048
21
-3.2594751574803147
0
LINE
8
BLACK
6
CONTINUOUS
10
4.6379811023622048
20
-3.2594751574803147
11
4.6379810629921261
21
-3.2594751968503934
0
LINE
8
BLACK
6
CONTINUOUS
10
4.6379810629921261
20
-3.2594751968503934
11
4.6277064173228348
21
-3.2594751968503934
0
LINE
8
BLACK
6
CONTINUOUS
10
4.6277064173228348
20
-3.2594751968503934
11
4.6247733464566929
21
-3.2586892913385825
0
LINE
8
BLACK
6
CONTINUOUS
10
4.6247733464566929
20
-3.2586892913385825
11
4.623837362204724
21
-3.2579710629921257
0
LINE
8
BLACK
6
CONTINUOUS
10
4.623837362204724
20
-3.2579710629921257
11
4.623819251968504
21
-3.2579923228346455
0
LINE
8
BLACK
6
CONTINUOUS
10
4.623819251968504
20
-3.2579923228346455
11
4.6236437795275593
21
-3.2578424409448816
0
LINE
8
BLACK
6
CONTINUOUS
10
4.6236437795275593
20
-3.2578424409448816
11
4.6171240944881893
21
-3.2531056692913385
0
LINE
8
BLACK
6
CONTINUOUS
10
4.6171240944881893
20
-3.2531056692913385
11
4.6099434645669293
21
-3.2494469291338581
0
LINE
8
BLACK
6
CONTINUOUS
10
4.6099434645669293
20
-3.2494469291338581
11
4.6099433070866143
21
-3.2494468503937006
0
LINE
8
BLACK
6
CONTINUOUS
10
4.6099433070866143
20
-3.2494468503937006
11
4.6099432677165355
21
-3.2494468503937006
0
LINE
8
BLACK
6
CONTINUOUS
10
4.6099432677165355
20
-3.2494468503937006
11
4.6022785039370078
21
-3.2469564173228345
0
LINE
8
BLACK
6
CONTINUOUS
10
4.6022785039370078
20
-3.2469564173228345
11
4.5943185826771655
21
-3.2456956692913383
0
LINE
8
BLACK
6
CONTINUOUS
10
4.5943185826771655
20
-3.2456956692913383
11
4.5862593700787402
21
-3.2456956692913383
0
LINE
8
BLACK
6
CONTINUOUS
10
4.5862593700787402
20
-3.2456956692913383
11
4.5796261023622042
21
-3.2467462598425194
0
LINE
8
BLACK
6
CONTINUOUS
10
4.5796261023622042
20
-3.2467462598425194
11
4.5782994094488192
21
-3.2469564173228345
0
LINE
8
BLACK
6
CONTINUOUS
10
4.5782994094488192
20
-3.2469564173228345
11
4.5706349212598427
21
-3.2494467716535431
0
LINE
8
BLACK
6
CONTINUOUS
10
4.5706349212598427
20
-3.2494467716535431
11
4.5706344488188977
21
-3.2494469291338581
0
LINE
8
BLACK
6
CONTINUOUS
10
4.5706344488188977
20
-3.2494469291338581
11
4.5634538188976377
21
-3.2531056692913385
0
LINE
8
BLACK
6
CONTINUOUS
10
4.5634538188976377
20
-3.2531056692913385
11
4.5569341338582676
21
-3.2578424409448816
0
LINE
8
BLACK
6
CONTINUOUS
10
4.5569341338582676
20
-3.2578424409448816
11
4.5569338188976376
21
-3.2578427165354329
0
LINE
8
BLACK
6
CONTINUOUS
10
4.5569338188976376
20
-3.2578427165354329
11
4.5512352362204727
21
-3.2635412992125983
0
LINE
8
BLACK
6
CONTINUOUS
10
4.5512352362204727
20
-3.2635412992125983
11
4.5512349606299214
21
-3.2635416141732283
0
LINE
8
BLACK
6
CONTINUOUS
10
4.5512349606299214
20
-3.2635416141732283
11
4.5464981889763783
21
-3.2700612992125984
0
LINE
8
BLACK
6
CONTINUOUS
10
4.5464981889763783
20
-3.2700612992125984
11
4.5428394488188975
21
-3.2772419291338584
0
LINE
8
BLACK
6
CONTINUOUS
10
4.5428394488188975
20
-3.2772419291338584
11
4.5428392913385824
21
-3.277242401574803
0
LINE
8
BLACK
6
CONTINUOUS
10
4.5428392913385824
20
-3.277242401574803
11
4.5403489370078738
21
-3.2849068897637794
0
LINE
8
BLACK
6
CONTINUOUS
10
4.5403489370078738
20
-3.2849068897637794
11
4.5402730314960627
21
-3.2853860629921261
0
LINE
8
BLACK
6
CONTINUOUS
10
4.5402730314960627
20
-3.2853860629921261
11
4.5390881889763781
21
-3.2928668503937009
0
LINE
8
BLACK
6
CONTINUOUS
10
4.5390881889763781
20
-3.2928668503937009
11
4.5390881889763781
21
-3.3009260629921258
0
LINE
8
BLACK
6
CONTINUOUS
10
3.0934935433070865
20
-3.0685500000000001
11
3.1106968897637794
21
-3.0857533464566926
0
LINE
8
BLACK
6
CONTINUOUS
10
3.1106968897637794
20
-3.0857533464566926
11
3.1139665354330708
21
-3.0793362992125983
0
LINE
8
BLACK
6
CONTINUOUS
10
3.1139665354330708
20
-3.0793362992125983
11
3.1139665748031495
21
-3.0793362598425196
0
LINE
8
BLACK
6
CONTINUOUS
10
3.1139665748031495
20
-3.0793362598425196
11
3.117079212598425
21
-3.0697564960629919
0
LINE
8
BLACK
6
CONTINUOUS
10
3.117079212598425
20
-3.0697564960629919
11
3.11727031496063
21
-3.0685500000000001
0
LINE
8
BLACK
6
CONTINUOUS
10
3.11727031496063
20
-3.0685500000000001
11
3.0934935433070865
21
-3.0685500000000001
0
LINE
8
BLACK
6
CONTINUOUS
10
3.0934935039370077
20
-3.0409909448818895
11
3.1154868503937005
21
-3.0409909448818895
0
LINE
8
BLACK
6
CONTINUOUS
10
3.1154868503937005
20
-3.0409909448818895
11
3.1169845669291338
21
-3.0394931889763779
0
LINE
8
BLACK
6
CONTINUOUS
10
3.1169845669291338
20
-3.0394931889763779
11
3.113966496062992
21
-3.0302044094488187
0
LINE
8
BLACK
6
CONTINUOUS
10
3.113966496062992
20
-3.0302044094488187
11
3.1106968503937007
21
-3.0237875590551182
0
LINE
8
BLACK
6
CONTINUOUS
10
3.1106968503937007
20
-3.0237875590551182
11
3.0934935039370077
21
-3.0409909448818895
0
LINE
8
BLACK
6
CONTINUOUS
10
3.8199803543307085
20
-2.9589118897637796
11
3.8121881102362205
21
-2.9612756692913385
0
LINE
8
BLACK
6
CONTINUOUS
10
3.8121881102362205
20
-2.9612756692913385
11
3.8121879133858267
21
-2.961275748031496
0
LINE
8
BLACK
6
CONTINUOUS
10
3.8121879133858267
20
-2.961275748031496
11
3.8050070078740155
21
-2.9651139763779528
0
LINE
8
BLACK
6
CONTINUOUS
10
3.8050070078740155
20
-2.9651139763779528
11
3.8050067322834646
21
-2.9651141732283466
0
LINE
8
BLACK
6
CONTINUOUS
10
3.8050067322834646
20
-2.9651141732283466
11
3.7987120078740158
21
-2.9702801181102361
0
LINE
8
BLACK
6
CONTINUOUS
10
3.7987120078740158
20
-2.9702801181102361
11
3.7935460629921258
21
-2.976574842519685
0
LINE
8
BLACK
6
CONTINUOUS
10
3.7935460629921258
20
-2.976574842519685
11
3.7935458661417321
21
-2.9765751181102362
0
LINE
8
BLACK
6
CONTINUOUS
10
3.7935458661417321
20
-2.9765751181102362
11
3.7897076377952756
21
-2.9837560236220471
0
LINE
8
BLACK
6
CONTINUOUS
10
3.7897076377952756
20
-2.9837560236220471
11
3.7897075590551181
21
-2.9837562204724408
0
LINE
8
BLACK
6
CONTINUOUS
10
3.7897075590551181
20
-2.9837562204724408
11
3.7873437795275589
21
-2.9915484645669292
0
LINE
8
BLACK
6
CONTINUOUS
10
3.7873437795275589
20
-2.9915484645669292
11
3.7867456692913386
21
-2.9976215354330709
0
LINE
8
BLACK
6
CONTINUOUS
10
3.7867456692913386
20
-2.9976215354330709
11
3.7867456692913386
21
-3.0035893700787399
0
LINE
8
BLACK
6
CONTINUOUS
10
3.7867456692913386
20
-3.0035893700787399
11
3.8182417322834645
21
-3.0035893700787399
0
LINE
8
BLACK
6
CONTINUOUS
10
3.8182417322834645
20
-3.0035893700787399
11
3.8182417322834645
21
-2.9996523622047242
0
LINE
8
BLACK
6
CONTINUOUS
10
3.8182417322834645
20
-2.9996523622047242
11
3.8189909448818895
21
-2.9958857874015745
0
LINE
8
BLACK
6
CONTINUOUS
10
3.8189909448818895
20
-2.9958857874015745
11
3.8211245275590549
21
-2.9926926377952756
0
LINE
8
BLACK
6
CONTINUOUS
10
3.8211245275590549
20
-2.9926926377952756
11
3.8243176771653542
21
-2.9905590551181103
0
LINE
8
BLACK
6
CONTINUOUS
10
3.8243176771653542
20
-2.9905590551181103
11
3.8280842519685039
21
-2.9898098425196848
0
LINE
8
BLACK
6
CONTINUOUS
10
3.8280842519685039
20
-2.9898098425196848
11
3.8320212598425196
21
-2.9898098425196848
0
LINE
8
BLACK
6
CONTINUOUS
10
3.8320212598425196
20
-2.9898098425196848
11
3.8320212598425196
21
-2.9583137795275589
0
LINE
8
BLACK
6
CONTINUOUS
10
3.8320212598425196
20
-2.9583137795275589
11
3.8260534251968501
21
-2.9583137795275589
0
LINE
8
BLACK
6
CONTINUOUS
10
3.8260534251968501
20
-2.9583137795275589
11
3.8199803543307085
21
-2.9589118897637796
0
LINE
8
BLACK
6
CONTINUOUS
10
3.0863218110236219
20
-2.9481625984251969
11
3.0870025590551182
21
-2.9515849212598426
0
LINE
8
BLACK
6
CONTINUOUS
10
3.0870025590551182
20
-2.9515849212598426
11
3.0870025590551182
21
-2.9579560236220472
0
LINE
8
BLACK
6
CONTINUOUS
10
3.0870025590551182
20
-2.9579560236220472
11
3.0863218110236219
21
-2.9613782677165355
0
LINE
8
BLACK
6
CONTINUOUS
10
3.0863218110236219
20
-2.9613782677165355
11
3.1106968897637794
21
-2.985753346456693
0
LINE
8
BLACK
6
CONTINUOUS
10
3.1106968897637794
20
-2.985753346456693
11
3.1139665354330708
21
-2.9793362992125982
0
LINE
8
BLACK
6
CONTINUOUS
10
3.1139665354330708
20
-2.9793362992125982
11
3.1139665748031495
21
-2.9793362598425195
0
LINE
8
BLACK
6
CONTINUOUS
10
3.1139665748031495
20
-2.9793362598425195
11
3.117079212598425
21
-2.9697564960629919
0
LINE
8
BLACK
6
CONTINUOUS
10
3.117079212598425
20
-2.9697564960629919
11
3.1186551181102362
21
-2.9598068897637795
0
LINE
8
BLACK
6
CONTINUOUS
10
3.1186551181102362
20
-2.9598068897637795
11
3.1186551181102362
21
-2.9497340157480316
0
LINE
8
BLACK
6
CONTINUOUS
10
3.1186551181102362
20
-2.9497340157480316
11
3.117079212598425
21
-2.9397844094488188
0
LINE
8
BLACK
6
CONTINUOUS
10
3.117079212598425
20
-2.9397844094488188
11
3.113966496062992
21
-2.9302044094488187
0
LINE
8
BLACK
6
CONTINUOUS
10
3.113966496062992
20
-2.9302044094488187
11
3.1106968503937007
21
-2.9237875590551181
0
LINE
8
BLACK
6
CONTINUOUS
10
3.1106968503937007
20
-2.9237875590551181
11
3.0863218110236219
21
-2.9481625984251969
0
LINE
8
BLACK
6
CONTINUOUS
10
3.0684385826771652
20
-2.915935905511811
11
3.0856418897637794
21
-2.8987325984251968
0
LINE
8
BLACK
6
CONTINUOUS
10
3.0856418897637794
20
-2.8987325984251968
11
3.0856418897637794
21
-2.8987325590551181
0
LINE
8
BLACK
6
CONTINUOUS
10
3.0856418897637794
20
-2.8987325590551181
11
3.0792250787401576
21
-2.8954629921259842
0
LINE
8
BLACK
6
CONTINUOUS
10
3.0792250787401576
20
-2.8954629921259842
11
3.0696450393700787
21
-2.8923502755905512
0
LINE
8
BLACK
6
CONTINUOUS
10
3.0696450393700787
20
-2.8923502755905512
11
3.0696450787401575
21
-2.8923502755905512
0
LINE
8
BLACK
6
CONTINUOUS
10
3.0696450787401575
20
-2.8923502755905512
11
3.0684385826771652
21
-2.8921591732283463
0
LINE
8
BLACK
6
CONTINUOUS
10
3.0684385826771652
20
-2.8921591732283463
11
3.0684385826771652
21
-2.915935905511811
0
LINE
8
BLACK
6
CONTINUOUS
10
3.3010953543307084
20
-2.6510078346456694
11
3.2859851574803147
21
-2.6597316929133856
0
LINE
8
BLACK
6
CONTINUOUS
10
3.2859851574803147
20
-2.6597316929133856
11
3.270172125984252
21
-2.6671054330708661
0
LINE
8
BLACK
6
CONTINUOUS
10
3.270172125984252
20
-2.6671054330708661
11
3.2537765748031497
21
-2.6730729133858269
0
LINE
8
BLACK
6
CONTINUOUS
10
3.2537765748031497
20
-2.6730729133858269
11
3.2369233464566927
21
-2.6775887401574803
0
LINE
8
BLACK
6
CONTINUOUS
10
3.2369233464566927
20
-2.6775887401574803
11
3.2197406692913386
21
-2.6806185039370076
0
LINE
8
BLACK
6
CONTINUOUS
10
3.2197406692913386
20
-2.6806185039370076
11
3.2023592913385825
21
-2.6821391732283466
0
LINE
8
BLACK
6
CONTINUOUS
10
3.2023592913385825
20
-2.6821391732283466
11
3.1849115748031496
21
-2.6821391732283466
0
LINE
8
BLACK
6
CONTINUOUS
10
3.1849115748031496
20
-2.6821391732283466
11
3.1675301968503935
21
-2.6806185039370076
0
LINE
8
BLACK
6
CONTINUOUS
10
3.1675301968503935
20
-2.6806185039370076
11
3.1503475196850395
21
-2.6775887401574803
0
LINE
8
BLACK
6
CONTINUOUS
10
3.1503475196850395
20
-2.6775887401574803
11
3.1334942913385828
21
-2.6730729133858269
0
LINE
8
BLACK
6
CONTINUOUS
10
3.1334942913385828
20
-2.6730729133858269
11
3.1170987401574801
21
-2.6671054330708661
0
LINE
8
BLACK
6
CONTINUOUS
10
3.1170987401574801
20
-2.6671054330708661
11
3.1012857086614174
21
-2.6597316929133856
0
LINE
8
BLACK
6
CONTINUOUS
10
3.1012857086614174
20
-2.6597316929133856
11
3.090488464566929
21
-2.6534979133858267
0
LINE
8
BLACK
6
CONTINUOUS
10
3.090488464566929
20
-2.6534979133858267
11
3.0883235433070864
21
-2.6592063385826772
0
LINE
8
BLACK
6
CONTINUOUS
10
3.0883235433070864
20
-2.6592063385826772
11
3.0817357086614172
21
-2.6803472047244092
0
LINE
8
BLACK
6
CONTINUOUS
10
3.0817357086614172
20
-2.6803472047244092
11
3.0806888188976376
21
-2.6845944881889765
0
LINE
8
BLACK
6
CONTINUOUS
10
3.0806888188976376
20
-2.6845944881889765
11
3.0966420078740158
21
-2.6927230314960631
0
LINE
8
BLACK
6
CONTINUOUS
10
3.0966420078740158
20
-2.6927230314960631
11
3.0966425984251966
21
-2.6927233070866139
0
LINE
8
BLACK
6
CONTINUOUS
10
3.0966425984251966
20
-2.6927233070866139
11
3.1134481496062993
21
-2.6996844488188976
0
LINE
8
BLACK
6
CONTINUOUS
10
3.1134481496062993
20
-2.6996844488188976
11
3.1134494488188977
21
-2.6996849212598426
0
LINE
8
BLACK
6
CONTINUOUS
10
3.1134494488188977
20
-2.6996849212598426
11
3.1307488976377953
21
-2.7053058267716534
0
LINE
8
BLACK
6
CONTINUOUS
10
3.1307488976377953
20
-2.7053058267716534
11
3.1307492125984253
21
-2.7053059448818897
0
LINE
8
BLACK
6
CONTINUOUS
10
3.1307492125984253
20
-2.7053059448818897
11
3.1484378740157482
21
-2.7095525984251969
0
LINE
8
BLACK
6
CONTINUOUS
10
3.1484378740157482
20
-2.7095525984251969
11
3.1484377559055119
21
-2.7095525984251969
0
LINE
8
BLACK
6
CONTINUOUS
10
3.1484377559055119
20
-2.7095525984251969
11
3.166405118110236
21
-2.7123983070866142
0
LINE
8
BLACK
6
CONTINUOUS
10
3.166405118110236
20
-2.7123983070866142
11
3.1845401968503935
21
-2.7138255511811025
0
LINE
8
BLACK
6
CONTINUOUS
10
3.1845401968503935
20
-2.7138255511811025
11
3.1845401968503935
21
-2.7138255905511812
0
LINE
8
BLACK
6
CONTINUOUS
10
3.1845401968503935
20
-2.7138255905511812
11
3.2027306692913386
21
-2.7138255905511812
0
LINE
8
BLACK
6
CONTINUOUS
10
3.2027306692913386
20
-2.7138255905511812
11
3.2027306299212599
21
-2.7138255511811025
0
LINE
8
BLACK
6
CONTINUOUS
10
3.2027306299212599
20
-2.7138255511811025
11
3.2208657086614174
21
-2.7123983070866142
0
LINE
8
BLACK
6
CONTINUOUS
10
3.2208657086614174
20
-2.7123983070866142
11
3.2388330314960627
21
-2.7095525984251969
0
LINE
8
BLACK
6
CONTINUOUS
10
3.2388330314960627
20
-2.7095525984251969
11
3.2565216141732281
21
-2.7053059448818897
0
LINE
8
BLACK
6
CONTINUOUS
10
3.2565216141732281
20
-2.7053059448818897
11
3.2565219291338581
21
-2.7053058267716534
0
LINE
8
BLACK
6
CONTINUOUS
10
3.2565219291338581
20
-2.7053058267716534
11
3.2738213779527556
21
-2.6996849212598426
0
LINE
8
BLACK
6
CONTINUOUS
10
3.2738213779527556
20
-2.6996849212598426
11
3.2738226771653545
21
-2.6996844488188976
0
LINE
8
BLACK
6
CONTINUOUS
10
3.2738226771653545
20
-2.6996844488188976
11
3.2906282283464567
21
-2.6927233070866139
0
LINE
8
BLACK
6
CONTINUOUS
10
3.2906282283464567
20
-2.6927233070866139
11
3.2906288188976376
21
-2.6927230314960631
0
LINE
8
BLACK
6
CONTINUOUS
10
3.2906288188976376
20
-2.6927230314960631
11
3.3068359055118108
21
-2.6844651181102361
0
LINE
8
BLACK
6
CONTINUOUS
10
3.3068359055118108
20
-2.6844651181102361
11
3.3188322834645669
21
-2.6771137795275588
0
LINE
8
BLACK
6
CONTINUOUS
10
3.3188322834645669
20
-2.6771137795275588
11
3.3188322834645669
21
-2.6755177559055117
0
LINE
8
BLACK
6
CONTINUOUS
10
3.3188322834645669
20
-2.6755177559055117
11
3.3188339763779529
21
-2.6754912992125983
0
LINE
8
BLACK
6
CONTINUOUS
10
3.3188339763779529
20
-2.6754912992125983
11
3.3188339370078741
21
-2.6708291732283462
0
LINE
8
BLACK
6
CONTINUOUS
10
3.3188339370078741
20
-2.6708291732283462
11
3.3177837795275589
21
-2.6615100787401573
0
LINE
8
BLACK
6
CONTINUOUS
10
3.3177837795275589
20
-2.6615100787401573
11
3.3156967716535433
21
-2.6523672047244093
0
LINE
8
BLACK
6
CONTINUOUS
10
3.3156967716535433
20
-2.6523672047244093
11
3.3125992125984252
21
-2.6435154724409449
0
LINE
8
BLACK
6
CONTINUOUS
10
3.3125992125984252
20
-2.6435154724409449
11
3.3123965354330709
21
-2.6430946062992127
0
LINE
8
BLACK
6
CONTINUOUS
10
3.3123965354330709
20
-2.6430946062992127
11
3.3010953543307084
21
-2.6510078346456694
0
LINE
8
BLACK
6
CONTINUOUS
10
3.0429501968503936
20
-2.6580696456692912
11
3.0502070472440943
21
-2.6642675984251967
0
LINE
8
BLACK
6
CONTINUOUS
10
3.0502070472440943
20
-2.6642675984251967
11
3.0566612992125983
21
-2.6689568897637796
0
LINE
8
BLACK
6
CONTINUOUS
10
3.0566612992125983
20
-2.6689568897637796
11
3.0587184251968504
21
-2.6615777952755906
0
LINE
8
BLACK
6
CONTINUOUS
10
3.0587184251968504
20
-2.6615777952755906
11
3.0664815354330708
21
-2.6390814173228345
0
LINE
8
BLACK
6
CONTINUOUS
10
3.0664815354330708
20
-2.6390814173228345
11
3.0672849212598425
21
-2.6371418110236218
0
LINE
8
BLACK
6
CONTINUOUS
10
3.0672849212598425
20
-2.6371418110236218
11
3.0654324015748031
21
-2.6355874015748029
0
LINE
8
BLACK
6
CONTINUOUS
10
3.0654324015748031
20
-2.6355874015748029
11
3.0429501968503936
21
-2.6580696456692912
0
LINE
8
BLACK
6
CONTINUOUS
10
3.7003086614173228
20
-2.4103194094488187
11
3.7003086614173228
21
-2.4300044488188974
0
LINE
8
BLACK
6
CONTINUOUS
10
3.7003086614173228
20
-2.4300044488188974
11
3.7003086614173228
21
-2.4362294094488188
0
LINE
8
BLACK
6
CONTINUOUS
10
3.7003086614173228
20
-2.4362294094488188
11
3.7019198031496061
21
-2.4422422834645667
0
LINE
8
BLACK
6
CONTINUOUS
10
3.7019198031496061
20
-2.4422422834645667
11
3.705032283464567
21
-2.4476333070866141
0
LINE
8
BLACK
6
CONTINUOUS
10
3.705032283464567
20
-2.4476333070866141
11
3.7094340157480312
21
-2.4520350393700787
0
LINE
8
BLACK
6
CONTINUOUS
10
3.7094340157480312
20
-2.4520350393700787
11
3.7148250393700786
21
-2.4551475196850392
0
LINE
8
BLACK
6
CONTINUOUS
10
3.7148250393700786
20
-2.4551475196850392
11
3.7208379133858265
21
-2.4567586614173229
0
LINE
8
BLACK
6
CONTINUOUS
10
3.7208379133858265
20
-2.4567586614173229
11
3.7239700787401575
21
-2.4567586614173229
0
LINE
8
BLACK
6
CONTINUOUS
10
3.7239700787401575
20
-2.4567586614173229
11
3.726903149606299
21
-2.4575445669291338
0
LINE
8
BLACK
6
CONTINUOUS
10
3.726903149606299
20
-2.4575445669291338
11
3.72905031496063
21
-2.4596917322834644
0
LINE
8
BLACK
6
CONTINUOUS
10
3.72905031496063
20
-2.4596917322834644
11
3.7298362204724409
21
-2.4626248031496063
0
LINE
8
BLACK
6
CONTINUOUS
10
3.7298362204724409
20
-2.4626248031496063
11
3.7298362204724409
21
-2.4657569685039369
0
LINE
8
BLACK
6
CONTINUOUS
10
3.7298362204724409
20
-2.4657569685039369
11
3.7314473622047242
21
-2.4717698425196848
0
LINE
8
BLACK
6
CONTINUOUS
10
3.7314473622047242
20
-2.4717698425196848
11
3.7345598425196851
21
-2.4771608661417321
0
LINE
8
BLACK
6
CONTINUOUS
10
3.7345598425196851
20
-2.4771608661417321
11
3.7389615748031497
21
-2.4815625984251968
0
LINE
8
BLACK
6
CONTINUOUS
10
3.7389615748031497
20
-2.4815625984251968
11
3.7443525984251966
21
-2.4846750787401573
0
LINE
8
BLACK
6
CONTINUOUS
10
3.7443525984251966
20
-2.4846750787401573
11
3.750365472440945
21
-2.486286220472441
0
LINE
8
BLACK
6
CONTINUOUS
10
3.750365472440945
20
-2.486286220472441
11
3.7762754724409446
21
-2.486286220472441
0
LINE
8
BLACK
6
CONTINUOUS
10
3.7762754724409446
20
-2.486286220472441
11
3.782288346456693
21
-2.4846750787401573
0
LINE
8
BLACK
6
CONTINUOUS
10
3.782288346456693
20
-2.4846750787401573
11
3.7876793700787399
21
-2.4815625984251968
0
LINE
8
BLACK
6
CONTINUOUS
10
3.7876793700787399
20
-2.4815625984251968
11
3.7920811023622045
21
-2.4771608661417321
0
LINE
8
BLACK
6
CONTINUOUS
10
3.7920811023622045
20
-2.4771608661417321
11
3.7951935826771654
21
-2.4717698425196848
0
LINE
8
BLACK
6
CONTINUOUS
10
3.7951935826771654
20
-2.4717698425196848
11
3.7968047244094487
21
-2.4657569685039369
0
LINE
8
BLACK
6
CONTINUOUS
10
3.7968047244094487
20
-2.4657569685039369
11
3.7968047244094487
21
-2.4626248031496063
0
LINE
8
BLACK
6
CONTINUOUS
10
3.7968047244094487
20
-2.4626248031496063
11
3.7975906299212596
21
-2.4596917322834644
0
LINE
8
BLACK
6
CONTINUOUS
10
3.7975906299212596
20
-2.4596917322834644
11
3.7997377952755906
21
-2.4575445669291338
0
LINE
8
BLACK
6
CONTINUOUS
10
3.7997377952755906
20
-2.4575445669291338
11
3.8026708661417321
21
-2.4567586614173229
0
LINE
8
BLACK
6
CONTINUOUS
10
3.8026708661417321
20
-2.4567586614173229
11
3.8058030314960627
21
-2.4567586614173229
0
LINE
8
BLACK
6
CONTINUOUS
10
3.8058030314960627
20
-2.4567586614173229
11
3.811815905511811
21
-2.4551475196850392
0
LINE
8
BLACK
6
CONTINUOUS
10
3.811815905511811
20
-2.4551475196850392
11
3.8172069291338584
21
-2.4520350393700787
0
LINE
8
BLACK
6
CONTINUOUS
10
3.8172069291338584
20
-2.4520350393700787
11
3.8216086614173226
21
-2.4476333070866141
0
LINE
8
BLACK
6
CONTINUOUS
10
3.8216086614173226
20
-2.4476333070866141
11
3.8247211417322835
21
-2.4422422834645667
0
LINE
8
BLACK
6
CONTINUOUS
10
3.8247211417322835
20
-2.4422422834645667
11
3.8263322834645668
21
-2.4362294094488188
0
LINE
8
BLACK
6
CONTINUOUS
10
3.8263322834645668
20
-2.4362294094488188
11
3.8263322834645668
21
-2.4103194094488187
0
LINE
8
BLACK
6
CONTINUOUS
10
3.8263322834645668
20
-2.4103194094488187
11
3.8247211417322835
21
-2.4043065354330708
0
LINE
8
BLACK
6
CONTINUOUS
10
3.8247211417322835
20
-2.4043065354330708
11
3.8216086614173226
21
-2.3989155118110235
0
LINE
8
BLACK
6
CONTINUOUS
10
3.8216086614173226
20
-2.3989155118110235
11
3.8172069291338584
21
-2.3945137795275588
0
LINE
8
BLACK
6
CONTINUOUS
10
3.8172069291338584
20
-2.3945137795275588
11
3.811815905511811
21
-2.3914012992125984
0
LINE
8
BLACK
6
CONTINUOUS
10
3.811815905511811
20
-2.3914012992125984
11
3.8058030314960627
21
-2.3897901574803151
0
LINE
8
BLACK
6
CONTINUOUS
10
3.8058030314960627
20
-2.3897901574803151
11
3.8026708661417321
21
-2.3897901574803151
0
LINE
8
BLACK
6
CONTINUOUS
10
3.8026708661417321
20
-2.3897901574803151
11
3.7997377952755906
21
-2.3890042519685037
0
LINE
8
BLACK
6
CONTINUOUS
10
3.7997377952755906
20
-2.3890042519685037
11
3.7975906299212596
21
-2.3868570866141732
0
LINE
8
BLACK
6
CONTINUOUS
10
3.7975906299212596
20
-2.3868570866141732
11
3.7968047244094487
21
-2.3839240157480313
0
LINE
8
BLACK
6
CONTINUOUS
10
3.7968047244094487
20
-2.3839240157480313
11
3.7968047244094487
21
-2.3807918503937007
0
LINE
8
BLACK
6
CONTINUOUS
10
3.7968047244094487
20
-2.3807918503937007
11
3.79680468503937
21
-2.3807917716535432
0
LINE
8
BLACK
6
CONTINUOUS
10
3.79680468503937
20
-2.3807917716535432
11
3.7966806692913386
21
-2.380328937007874
0
LINE
8
BLACK
6
CONTINUOUS
10
3.7966806692913386
20
-2.380328937007874
11
3.7951935826771654
21
-2.3747789763779528
0
LINE
8
BLACK
6
CONTINUOUS
10
3.7951935826771654
20
-2.3747789763779528
11
3.7920811023622045
21
-2.3693879527559054
0
LINE
8
BLACK
6
CONTINUOUS
10
3.7920811023622045
20
-2.3693879527559054
11
3.7876793700787399
21
-2.3649862204724408
0
LINE
8
BLACK
6
CONTINUOUS
10
3.7876793700787399
20
-2.3649862204724408
11
3.782288346456693
21
-2.3618737401574803
0
LINE
8
BLACK
6
CONTINUOUS
10
3.782288346456693
20
-2.3618737401574803
11
3.7762754724409446
21
-2.3602625984251966
0
LINE
8
BLACK
6
CONTINUOUS
10
3.7762754724409446
20
-2.3602625984251966
11
3.7565904330708659
21
-2.3602625984251966
0
LINE
8
BLACK
6
CONTINUOUS
10
3.7565904330708659
20
-2.3602625984251966
11
3.750365472440945
21
-2.3602625984251966
0
LINE
8
BLACK
6
CONTINUOUS
10
3.750365472440945
20
-2.3602625984251966
11
3.7443525984251966
21
-2.3618737401574803
0
LINE
8
BLACK
6
CONTINUOUS
10
3.7443525984251966
20
-2.3618737401574803
11
3.7443525196850391
21
-2.3618737401574803
0
LINE
8
BLACK
6
CONTINUOUS
10
3.7443525196850391
20
-2.3618737401574803
11
3.7443525196850391
21
-2.3618737795275591
0
LINE
8
BLACK
6
CONTINUOUS
10
3.7443525196850391
20
-2.3618737795275591
11
3.738961535433071
21
-2.3649862204724408
0
LINE
8
BLACK
6
CONTINUOUS
10
3.738961535433071
20
-2.3649862204724408
11
3.7345598425196851
21
-2.3693879133858267
0
LINE
8
BLACK
6
CONTINUOUS
10
3.7345598425196851
20
-2.3693879133858267
11
3.7314474015748029
21
-2.3747788976377953
0
LINE
8
BLACK
6
CONTINUOUS
10
3.7314474015748029
20
-2.3747788976377953
11
3.7314473622047242
21
-2.3747789763779528
0
LINE
8
BLACK
6
CONTINUOUS
10
3.7314473622047242
20
-2.3747789763779528
11
3.7314232677165355
21
-2.3748688976377954
0
LINE
8
BLACK
6
CONTINUOUS
10
3.7314232677165355
20
-2.3748688976377954
11
3.7298362204724409
21
-2.3807917716535432
0
LINE
8
BLACK
6
CONTINUOUS
10
3.7298362204724409
20
-2.3807917716535432
11
3.7298362204724409
21
-2.3839240157480313
0
LINE
8
BLACK
6
CONTINUOUS
10
3.7298362204724409
20
-2.3839240157480313
11
3.72905031496063
21
-2.3868570866141732
0
LINE
8
BLACK
6
CONTINUOUS
10
3.72905031496063
20
-2.3868570866141732
11
3.726903149606299
21
-2.3890042519685037
0
LINE
8
BLACK
6
CONTINUOUS
10
3.726903149606299
20
-2.3890042519685037
11
3.7239700787401575
21
-2.3897901574803151
0
LINE
8
BLACK
6
CONTINUOUS
10
3.7239700787401575
20
-2.3897901574803151
11
3.7208379133858265
21
-2.3897901574803151
0
LINE
8
BLACK
6
CONTINUOUS
10
3.7208379133858265
20
-2.3897901574803151
11
3.7148250393700786
21
-2.3914012992125984
0
LINE
8
BLACK
6
CONTINUOUS
10
3.7148250393700786
20
-2.3914012992125984
11
3.7148249606299211
21
-2.3914012992125984
0
LINE
8
BLACK
6
CONTINUOUS
10
3.7148249606299211
20
-2.3914012992125984
11
3.7148249606299211
21
-2.3914013385826771
0
LINE
8
BLACK
6
CONTINUOUS
10
3.7148249606299211
20
-2.3914013385826771
11
3.7094339763779525
21
-2.3945137795275588
0
LINE
8
BLACK
6
CONTINUOUS
10
3.7094339763779525
20
-2.3945137795275588
11
3.705032283464567
21
-2.3989154724409447
0
LINE
8
BLACK
6
CONTINUOUS
10
3.705032283464567
20
-2.3989154724409447
11
3.7019198425196849
21
-2.4043064566929133
0
LINE
8
BLACK
6
CONTINUOUS
10
3.7019198425196849
20
-2.4043064566929133
11
3.7003086614173228
21
-2.4103193307086612
0
LINE
8
BLACK
6
CONTINUOUS
10
3.7003086614173228
20
-2.4103193307086612
11
3.7003086614173228
21
-2.4103194094488187
0
LINE
8
BLACK
6
CONTINUOUS
10
3.166405118110236
20
-2.2522607086614173
11
3.1484377952755906
21
-2.2551064173228346
0
LINE
8
BLACK
6
CONTINUOUS
10
3.1484377952755906
20
-2.2551064173228346
11
3.1307492125984253
21
-2.2593530708661418
0
LINE
8
BLACK
6
CONTINUOUS
10
3.1307492125984253
20
-2.2593530708661418
11
3.1307488976377953
21
-2.259353188976378
0
LINE
8
BLACK
6
CONTINUOUS
10
3.1307488976377953
20
-2.259353188976378
11
3.1134494488188977
21
-2.2649740944881889
0
LINE
8
BLACK
6
CONTINUOUS
10
3.1134494488188977
20
-2.2649740944881889
11
3.1134481496062993
21
-2.2649745669291339
0
LINE
8
BLACK
6
CONTINUOUS
10
3.1134481496062993
20
-2.2649745669291339
11
3.0966425984251966
21
-2.2719357086614171
0
LINE
8
BLACK
6
CONTINUOUS
10
3.0966425984251966
20
-2.2719357086614171
11
3.0966420078740158
21
-2.2719359842519684
0
LINE
8
BLACK
6
CONTINUOUS
10
3.0966420078740158
20
-2.2719359842519684
11
3.0804349212598425
21
-2.2801938976377953
0
LINE
8
BLACK
6
CONTINUOUS
10
3.0804349212598425
20
-2.2801938976377953
11
3.0649240551181101
21
-2.2896988976377952
0
LINE
8
BLACK
6
CONTINUOUS
10
3.0649240551181101
20
-2.2896988976377952
11
3.0502070472440943
21
-2.3003914566929131
0
LINE
8
BLACK
6
CONTINUOUS
10
3.0502070472440943
20
-2.3003914566929131
11
3.0429501968503936
21
-2.3065893307086616
0
LINE
8
BLACK
6
CONTINUOUS
10
3.0429501968503936
20
-2.3065893307086616
11
3.0654324409448819
21
-2.3290715748031494
0
LINE
8
BLACK
6
CONTINUOUS
10
3.0654324409448819
20
-2.3290715748031494
11
3.071883149606299
21
-2.3236588582677165
0
LINE
8
BLACK
6
CONTINUOUS
10
3.071883149606299
20
-2.3236588582677165
11
3.0861755118110237
21
-2.3136512204724409
0
LINE
8
BLACK
6
CONTINUOUS
10
3.0861755118110237
20
-2.3136512204724409
11
3.1012857086614174
21
-2.3049273622047242
0
LINE
8
BLACK
6
CONTINUOUS
10
3.1012857086614174
20
-2.3049273622047242
11
3.1170987401574801
21
-2.2975536220472441
0
LINE
8
BLACK
6
CONTINUOUS
10
3.1170987401574801
20
-2.2975536220472441
11
3.1334942913385828
21
-2.2915861417322834
0
LINE
8
BLACK
6
CONTINUOUS
10
3.1334942913385828
20
-2.2915861417322834
11
3.1503475196850395
21
-2.28707031496063
0
LINE
8
BLACK
6
CONTINUOUS
10
3.1503475196850395
20
-2.28707031496063
11
3.1675301968503935
21
-2.2840405511811022
0
LINE
8
BLACK
6
CONTINUOUS
10
3.1675301968503935
20
-2.2840405511811022
11
3.1849115748031496
21
-2.2825198818897636
0
LINE
8
BLACK
6
CONTINUOUS
10
3.1849115748031496
20
-2.2825198818897636
11
3.2023592913385825
21
-2.2825198818897636
0
LINE
8
BLACK
6
CONTINUOUS
10
3.2023592913385825
20
-2.2825198818897636
11
3.2197406692913386
21
-2.2840405511811022
0
LINE
8
BLACK
6
CONTINUOUS
10
3.2197406692913386
20
-2.2840405511811022
11
3.2369233464566927
21
-2.28707031496063
0
LINE
8
BLACK
6
CONTINUOUS
10
3.2369233464566927
20
-2.28707031496063
11
3.2537765748031497
21
-2.2915861417322834
0
LINE
8
BLACK
6
CONTINUOUS
10
3.2537765748031497
20
-2.2915861417322834
11
3.270172125984252
21
-2.2975536220472441
0
LINE
8
BLACK
6
CONTINUOUS
10
3.270172125984252
20
-2.2975536220472441
11
3.2859851574803147
21
-2.3049273622047242
0
LINE
8
BLACK
6
CONTINUOUS
10
3.2859851574803147
20
-2.3049273622047242
11
3.3010953543307084
21
-2.3136512204724409
0
LINE
8
BLACK
6
CONTINUOUS
10
3.3010953543307084
20
-2.3136512204724409
11
3.3153877165354331
21
-2.3236588582677165
0
LINE
8
BLACK
6
CONTINUOUS
10
3.3153877165354331
20
-2.3236588582677165
11
3.3218383464566927
21
-2.3290715748031494
0
LINE
8
BLACK
6
CONTINUOUS
10
3.3218383464566927
20
-2.3290715748031494
11
3.3443206299212598
21
-2.3065893307086616
0
LINE
8
BLACK
6
CONTINUOUS
10
3.3443206299212598
20
-2.3065893307086616
11
3.3370637795275591
21
-2.3003914173228348
0
LINE
8
BLACK
6
CONTINUOUS
10
3.3370637795275591
20
-2.3003914173228348
11
3.3223467716535433
21
-2.2896988976377952
0
LINE
8
BLACK
6
CONTINUOUS
10
3.3223467716535433
20
-2.2896988976377952
11
3.3068359055118108
21
-2.2801938976377953
0
LINE
8
BLACK
6
CONTINUOUS
10
3.3068359055118108
20
-2.2801938976377953
11
3.2906288188976376
21
-2.2719359842519684
0
LINE
8
BLACK
6
CONTINUOUS
10
3.2906288188976376
20
-2.2719359842519684
11
3.2906282283464567
21
-2.2719357086614171
0
LINE
8
BLACK
6
CONTINUOUS
10
3.2906282283464567
20
-2.2719357086614171
11
3.2738226771653545
21
-2.2649745669291339
0
LINE
8
BLACK
6
CONTINUOUS
10
3.2738226771653545
20
-2.2649745669291339
11
3.2738213779527556
21
-2.2649740944881889
0
LINE
8
BLACK
6
CONTINUOUS
10
3.2738213779527556
20
-2.2649740944881889
11
3.2565219291338581
21
-2.259353188976378
0
LINE
8
BLACK
6
CONTINUOUS
10
3.2565219291338581
20
-2.259353188976378
11
3.2565216141732281
21
-2.2593530708661418
0
LINE
8
BLACK
6
CONTINUOUS
10
3.2565216141732281
20
-2.2593530708661418
11
3.2388329527559057
21
-2.2551064173228346
0
LINE
8
BLACK
6
CONTINUOUS
10
3.2388329527559057
20
-2.2551064173228346
11
3.2388330708661415
21
-2.2551064173228346
0
LINE
8
BLACK
6
CONTINUOUS
10
3.2388330708661415
20
-2.2551064173228346
11
3.2208657086614174
21
-2.2522607086614173
0
LINE
8
BLACK
6
CONTINUOUS
10
3.2208657086614174
20
-2.2522607086614173
11
3.2027306299212599
21
-2.250833464566929
0
LINE
8
BLACK
6
CONTINUOUS
10
3.2027306299212599
20
-2.250833464566929
11
3.1845401968503935
21
-2.250833464566929
0
LINE
8
BLACK
6
CONTINUOUS
10
3.1845401968503935
20
-2.250833464566929
11
3.166405118110236
21
-2.2522607086614173
0
LINE
8
BLACK
6
CONTINUOUS
10
5.7081826771653539
20
-2.2000089763779527
11
5.7082867322834643
21
-2.2003972440944883
0
LINE
8
BLACK
6
CONTINUOUS
10
5.7082867322834643
20
-2.2003972440944883
11
5.709793818897638
21
-2.2060218110236218
0
LINE
8
BLACK
6
CONTINUOUS
10
5.709793818897638
20
-2.2060218110236218
11
5.7129062992125981
21
-2.2114128346456692
0
LINE
8
BLACK
6
CONTINUOUS
10
5.7129062992125981
20
-2.2114128346456692
11
5.7173080314960627
21
-2.2158145669291338
0
LINE
8
BLACK
6
CONTINUOUS
10
5.7173080314960627
20
-2.2158145669291338
11
5.7226990551181105
21
-2.2189270472440943
0
LINE
8
BLACK
6
CONTINUOUS
10
5.7226990551181105
20
-2.2189270472440943
11
5.7287119291338584
21
-2.220538188976378
0
LINE
8
BLACK
6
CONTINUOUS
10
5.7287119291338584
20
-2.220538188976378
11
5.7318440944881885
21
-2.220538188976378
0
LINE
8
BLACK
6
CONTINUOUS
10
5.7318440944881885
20
-2.220538188976378
11
5.7347771653543305
21
-2.2213240944881889
0
LINE
8
BLACK
6
CONTINUOUS
10
5.7347771653543305
20
-2.2213240944881889
11
5.7369243307086615
21
-2.2234712598425195
0
LINE
8
BLACK
6
CONTINUOUS
10
5.7369243307086615
20
-2.2234712598425195
11
5.7377102362204724
21
-2.2264043307086614
0
LINE
8
BLACK
6
CONTINUOUS
10
5.7377102362204724
20
-2.2264043307086614
11
5.7377102362204724
21
-2.229536496062992
0
LINE
8
BLACK
6
CONTINUOUS
10
5.7377102362204724
20
-2.229536496062992
11
5.7393213779527557
21
-2.2355493700787403
0
LINE
8
BLACK
6
CONTINUOUS
10
5.7393213779527557
20
-2.2355493700787403
11
5.7424338582677166
21
-2.2409403937007872
0
LINE
8
BLACK
6
CONTINUOUS
10
5.7424338582677166
20
-2.2409403937007872
11
5.7468355905511812
21
-2.2453421259842519
0
LINE
8
BLACK
6
CONTINUOUS
10
5.7468355905511812
20
-2.2453421259842519
11
5.7522266141732281
21
-2.2484546062992123
0
LINE
8
BLACK
6
CONTINUOUS
10
5.7522266141732281
20
-2.2484546062992123
11
5.758239488188976
21
-2.2500657480314961
0
LINE
8
BLACK
6
CONTINUOUS
10
5.758239488188976
20
-2.2500657480314961
11
5.7841494881889766
21
-2.2500657480314961
0
LINE
8
BLACK
6
CONTINUOUS
10
5.7841494881889766
20
-2.2500657480314961
11
5.7901623622047245
21
-2.2484546062992123
0
LINE
8
BLACK
6
CONTINUOUS
10
5.7901623622047245
20
-2.2484546062992123
11
5.7955533858267714
21
-2.2453421259842519
0
LINE
8
BLACK
6
CONTINUOUS
10
5.7955533858267714
20
-2.2453421259842519
11
5.799955118110236
21
-2.2409403937007872
0
LINE
8
BLACK
6
CONTINUOUS
10
5.799955118110236
20
-2.2409403937007872
11
5.8030675984251969
21
-2.2355493700787403
0
LINE
8
BLACK
6
CONTINUOUS
10
5.8030675984251969
20
-2.2355493700787403
11
5.8046787401574802
21
-2.229536496062992
0
LINE
8
BLACK
6
CONTINUOUS
10
5.8046787401574802
20
-2.229536496062992
11
5.8046787401574802
21
-2.2264043307086614
0
LINE
8
BLACK
6
CONTINUOUS
10
5.8046787401574802
20
-2.2264043307086614
11
5.8054646456692911
21
-2.2234712598425195
0
LINE
8
BLACK
6
CONTINUOUS
10
5.8054646456692911
20
-2.2234712598425195
11
5.8076118110236221
21
-2.2213240944881889
0
LINE
8
BLACK
6
CONTINUOUS
10
5.8076118110236221
20
-2.2213240944881889
11
5.810544881889764
21
-2.220538188976378
0
LINE
8
BLACK
6
CONTINUOUS
10
5.810544881889764
20
-2.220538188976378
11
5.8136770472440942
21
-2.220538188976378
0
LINE
8
BLACK
6
CONTINUOUS
10
5.8136770472440942
20
-2.220538188976378
11
5.8196899212598421
21
-2.2189270472440943
0
LINE
8
BLACK
6
CONTINUOUS
10
5.8196899212598421
20
-2.2189270472440943
11
5.8250809448818899
21
-2.2158145669291338
0
LINE
8
BLACK
6
CONTINUOUS
10
5.8250809448818899
20
-2.2158145669291338
11
5.8294826771653545
21
-2.2114128346456692
0
LINE
8
BLACK
6
CONTINUOUS
10
5.8294826771653545
20
-2.2114128346456692
11
5.8325951574803145
21
-2.2060218110236218
0
LINE
8
BLACK
6
CONTINUOUS
10
5.8325951574803145
20
-2.2060218110236218
11
5.8342062992125987
21
-2.2000089370078739
0
LINE
8
BLACK
6
CONTINUOUS
10
5.8342062992125987
20
-2.2000089370078739
11
5.8342062992125987
21
-2.1740989370078738
0
LINE
8
BLACK
6
CONTINUOUS
10
5.8342062992125987
20
-2.1740989370078738
11
5.8325951574803145
21
-2.1680860629921259
0
LINE
8
BLACK
6
CONTINUOUS
10
5.8325951574803145
20
-2.1680860629921259
11
5.8294826771653545
21
-2.1626950393700786
0
LINE
8
BLACK
6
CONTINUOUS
10
5.8294826771653545
20
-2.1626950393700786
11
5.8250809448818899
21
-2.1582933070866139
0
LINE
8
BLACK
6
CONTINUOUS
10
5.8250809448818899
20
-2.1582933070866139
11
5.8196899212598421
21
-2.1551808267716535
0
LINE
8
BLACK
6
CONTINUOUS
10
5.8196899212598421
20
-2.1551808267716535
11
5.8136770472440942
21
-2.1535696850393702
0
LINE
8
BLACK
6
CONTINUOUS
10
5.8136770472440942
20
-2.1535696850393702
11
5.810544881889764
21
-2.1535696850393702
0
LINE
8
BLACK
6
CONTINUOUS
10
5.810544881889764
20
-2.1535696850393702
11
5.8076118110236221
21
-2.1527837795275588
0
LINE
8
BLACK
6
CONTINUOUS
10
5.8076118110236221
20
-2.1527837795275588
11
5.8054646456692911
21
-2.1506366141732283
0
LINE
8
BLACK
6
CONTINUOUS
10
5.8054646456692911
20
-2.1506366141732283
11
5.8046787401574802
21
-2.1477035433070863
0
LINE
8
BLACK
6
CONTINUOUS
10
5.8046787401574802
20
-2.1477035433070863
11
5.8046787401574802
21
-2.1445713779527558
0
LINE
8
BLACK
6
CONTINUOUS
10
5.8046787401574802
20
-2.1445713779527558
11
5.8046787007874014
21
-2.1445712992125983
0
LINE
8
BLACK
6
CONTINUOUS
10
5.8046787007874014
20
-2.1445712992125983
11
5.8030675984251969
21
-2.1385585039370079
0
LINE
8
BLACK
6
CONTINUOUS
10
5.8030675984251969
20
-2.1385585039370079
11
5.799955118110236
21
-2.1331674803149605
0
LINE
8
BLACK
6
CONTINUOUS
10
5.799955118110236
20
-2.1331674803149605
11
5.7955533858267714
21
-2.1287657480314959
0
LINE
8
BLACK
6
CONTINUOUS
10
5.7955533858267714
20
-2.1287657480314959
11
5.7901623622047245
21
-2.1256532677165354
0
LINE
8
BLACK
6
CONTINUOUS
10
5.7901623622047245
20
-2.1256532677165354
11
5.7841494881889766
21
-2.1240421259842521
0
LINE
8
BLACK
6
CONTINUOUS
10
5.7841494881889766
20
-2.1240421259842521
11
5.7644644488188979
21
-2.1240421259842521
0
LINE
8
BLACK
6
CONTINUOUS
10
5.7644644488188979
20
-2.1240421259842521
11
5.758239488188976
21
-2.1240421259842521
0
LINE
8
BLACK
6
CONTINUOUS
10
5.758239488188976
20
-2.1240421259842521
11
5.7522266141732281
21
-2.1256532677165354
0
LINE
8
BLACK
6
CONTINUOUS
10
5.7522266141732281
20
-2.1256532677165354
11
5.7522265354330706
21
-2.1256532677165354
0
LINE
8
BLACK
6
CONTINUOUS
10
5.7522265354330706
20
-2.1256532677165354
11
5.7522265354330706
21
-2.1256533070866142
0
LINE
8
BLACK
6
CONTINUOUS
10
5.7522265354330706
20
-2.1256533070866142
11
5.7468355511811025
21
-2.1287657480314959
0
LINE
8
BLACK
6
CONTINUOUS
10
5.7468355511811025
20
-2.1287657480314959
11
5.7424338582677166
21
-2.1331674409448818
0
LINE
8
BLACK
6
CONTINUOUS
10
5.7424338582677166
20
-2.1331674409448818
11
5.7395900787401573
21
-2.1380930708661419
0
LINE
8
BLACK
6
CONTINUOUS
10
5.7395900787401573
20
-2.1380930708661419
11
5.7393213779527557
21
-2.1385585039370079
0
LINE
8
BLACK
6
CONTINUOUS
10
5.7393213779527557
20
-2.1385585039370079
11
5.7392425984251965
21
-2.1388525590551182
0
LINE
8
BLACK
6
CONTINUOUS
10
5.7392425984251965
20
-2.1388525590551182
11
5.7377102362204724
21
-2.1445712992125983
0
LINE
8
BLACK
6
CONTINUOUS
10
5.7377102362204724
20
-2.1445712992125983
11
5.7377102362204724
21
-2.1477035433070863
0
LINE
8
BLACK
6
CONTINUOUS
10
5.7377102362204724
20
-2.1477035433070863
11
5.7369243307086615
21
-2.1506366141732283
0
LINE
8
BLACK
6
CONTINUOUS
10
5.7369243307086615
20
-2.1506366141732283
11
5.7347771653543305
21
-2.1527837795275588
0
LINE
8
BLACK
6
CONTINUOUS
10
5.7347771653543305
20
-2.1527837795275588
11
5.7318440944881885
21
-2.1535696850393702
0
LINE
8
BLACK
6
CONTINUOUS
10
5.7318440944881885
20
-2.1535696850393702
11
5.7287119291338584
21
-2.1535696850393702
0
LINE
8
BLACK
6
CONTINUOUS
10
5.7287119291338584
20
-2.1535696850393702
11
5.7226990551181105
21
-2.1551808267716535
0
LINE
8
BLACK
6
CONTINUOUS
10
5.7226990551181105
20
-2.1551808267716535
11
5.722698976377953
21
-2.1551808267716535
0
LINE
8
BLACK
6
CONTINUOUS
10
5.722698976377953
20
-2.1551808267716535
11
5.722698976377953
21
-2.1551808661417322
0
LINE
8
BLACK
6
CONTINUOUS
10
5.722698976377953
20
-2.1551808661417322
11
5.717307992125984
21
-2.1582933070866139
0
LINE
8
BLACK
6
CONTINUOUS
10
5.717307992125984
20
-2.1582933070866139
11
5.7129062992125981
21
-2.1626949999999998
0
LINE
8
BLACK
6
CONTINUOUS
10
5.7129062992125981
20
-2.1626949999999998
11
5.7104642913385826
21
-2.1669247637795275
0
LINE
8
BLACK
6
CONTINUOUS
10
5.7104642913385826
20
-2.1669247637795275
11
5.709793818897638
21
-2.1680860629921259
0
LINE
8
BLACK
6
CONTINUOUS
10
5.709793818897638
20
-2.1680860629921259
11
5.7092542519685034
21
-2.1700998031496064
0
LINE
8
BLACK
6
CONTINUOUS
10
5.7092542519685034
20
-2.1700998031496064
11
5.7081826771653539
21
-2.1740988582677163
0
LINE
8
BLACK
6
CONTINUOUS
10
5.7081826771653539
20
-2.1740988582677163
11
5.7081826771653539
21
-2.2000089763779527
0
LINE
8
BLACK
6
CONTINUOUS
10
4.2919422047244096
20
-3.7754162598425194
11
4.2979980314960633
21
-3.7785018897637794
0
LINE
8
BLACK
6
CONTINUOUS
10
4.2979980314960633
20
-3.7785018897637794
11
4.3074277952755908
21
-3.7815657874015747
0
LINE
8
BLACK
6
CONTINUOUS
10
4.3074277952755908
20
-3.7815657874015747
11
4.3074277952755908
21
-3.7815658267716534
0
LINE
8
BLACK
6
CONTINUOUS
10
4.3074277952755908
20
-3.7815658267716534
11
4.3172213385826774
21
-3.783116929133858
0
LINE
8
BLACK
6
CONTINUOUS
10
4.3172213385826774
20
-3.783116929133858
11
4.3271361417322831
21
-3.783116929133858
0
LINE
8
BLACK
6
CONTINUOUS
10
4.3271361417322831
20
-3.783116929133858
11
4.336929645669291
21
-3.7815658267716534
0
LINE
8
BLACK
6
CONTINUOUS
10
4.336929645669291
20
-3.7815658267716534
11
4.336929645669291
21
-3.7815657874015747
0
LINE
8
BLACK
6
CONTINUOUS
10
4.336929645669291
20
-3.7815657874015747
11
4.3463594094488185
21
-3.7785018897637794
0
LINE
8
BLACK
6
CONTINUOUS
10
4.3463594094488185
20
-3.7785018897637794
11
4.3524151968503935
21
-3.7754162598425194
0
LINE
8
BLACK
6
CONTINUOUS
10
4.3524151968503935
20
-3.7754162598425194
11
4.3524151968503935
21
-3.7754162204724411
0
LINE
8
BLACK
6
CONTINUOUS
10
4.3524151968503935
20
-3.7754162204724411
11
4.3279368503937006
21
-3.7509378740157477
0
LINE
8
BLACK
6
CONTINUOUS
10
4.3279368503937006
20
-3.7509378740157477
11
4.3252659055118112
21
-3.7514692125984253
0
LINE
8
BLACK
6
CONTINUOUS
10
4.3252659055118112
20
-3.7514692125984253
11
4.3190915748031493
21
-3.7514692125984253
0
LINE
8
BLACK
6
CONTINUOUS
10
4.3190915748031493
20
-3.7514692125984253
11
4.3164205511811025
21
-3.7509378740157477
0
LINE
8
BLACK
6
CONTINUOUS
10
4.3164205511811025
20
-3.7509378740157477
11
4.2919422047244096
21
-3.7754162204724411
0
LINE
8
BLACK
6
CONTINUOUS
10
4.2919422047244096
20
-3.7754162204724411
11
4.2919422047244096
21
-3.7754162598425194
0
LINE
8
BLACK
6
CONTINUOUS
10
3.5903830708661415
20
-3.7092704724409447
11
3.5903831102362203
21
-3.7092704330708659
0
LINE
8
BLACK
6
CONTINUOUS
10
3.5903831102362203
20
-3.7092704330708659
11
3.5905655118110236
21
-3.7092215748031494
0
LINE
8
BLACK
6
CONTINUOUS
10
3.5905655118110236
20
-3.7092215748031494
11
3.5905656692913386
21
-3.7092215354330706
0
LINE
8
BLACK
6
CONTINUOUS
10
3.5905656692913386
20
-3.7092215354330706
11
3.5989219685039369
21
-3.7057601968503935
0
LINE
8
BLACK
6
CONTINUOUS
10
3.5989219685039369
20
-3.7057601968503935
11
3.6067546456692914
21
-3.7012379921259844
0
LINE
8
BLACK
6
CONTINUOUS
10
3.6067546456692914
20
-3.7012379921259844
11
3.6067547244094489
21
-3.7012379527559056
0
LINE
8
BLACK
6
CONTINUOUS
10
3.6067547244094489
20
-3.7012379527559056
11
3.6139300393700786
21
-3.6957320866141732
0
LINE
8
BLACK
6
CONTINUOUS
10
3.6139300393700786
20
-3.6957320866141732
11
3.6203253937007873
21
-3.6893367322834645
0
LINE
8
BLACK
6
CONTINUOUS
10
3.6203253937007873
20
-3.6893367322834645
11
3.6258312598425197
21
-3.6821614173228348
0
LINE
8
BLACK
6
CONTINUOUS
10
3.6258312598425197
20
-3.6821614173228348
11
3.6258312992125985
21
-3.6821613385826772
0
LINE
8
BLACK
6
CONTINUOUS
10
3.6258312992125985
20
-3.6821613385826772
11
3.6303535039370076
21
-3.6743286614173227
0
LINE
8
BLACK
6
CONTINUOUS
10
3.6303535039370076
20
-3.6743286614173227
11
3.633814803149606
21
-3.6659724015748032
0
LINE
8
BLACK
6
CONTINUOUS
10
3.633814803149606
20
-3.6659724015748032
11
3.6339817322834644
21
-3.6653495275590551
0
LINE
8
BLACK
6
CONTINUOUS
10
3.6339817322834644
20
-3.6653495275590551
11
3.6339817322834644
21
-3.6653494881889763
0
LINE
8
BLACK
6
CONTINUOUS
10
3.6339817322834644
20
-3.6653494881889763
11
3.6341200393700785
21
-3.6648332677165354
0
LINE
8
BLACK
6
CONTINUOUS
10
3.6341200393700785
20
-3.6648332677165354
11
3.6350229527559055
21
-3.6614634251968505
0
LINE
8
BLACK
6
CONTINUOUS
10
3.6350229527559055
20
-3.6614634251968505
11
3.6350229527559055
21
-3.6614633858267718
0
LINE
8
BLACK
6
CONTINUOUS
10
3.6350229527559055
20
-3.6614633858267718
11
3.6013860236220472
21
-3.6614633858267718
0
LINE
8
BLACK
6
CONTINUOUS
10
3.6013860236220472
20
-3.6614633858267718
11
3.5973280314960627
21
-3.6675366141732284
0
LINE
8
BLACK
6
CONTINUOUS
10
3.5973280314960627
20
-3.6675366141732284
11
3.5921299212598425
21
-3.6727347244094486
0
LINE
8
BLACK
6
CONTINUOUS
10
3.5921299212598425
20
-3.6727347244094486
11
3.5860175196850395
21
-3.6768188976377951
0
LINE
8
BLACK
6
CONTINUOUS
10
3.5860175196850395
20
-3.6768188976377951
11
3.5841866141732281
21
-3.6775772834645668
0
LINE
8
BLACK
6
CONTINUOUS
10
3.5841866141732281
20
-3.6775772834645668
11
3.5841866141732281
21
-3.7109307086614174
0
LINE
8
BLACK
6
CONTINUOUS
10
3.5841866141732281
20
-3.7109307086614174
11
3.5903830708661415
21
-3.7092704724409447
0
LINE
8
BLACK
6
CONTINUOUS
10
5.2869425196850388
20
-3.5908824409448816
11
5.2883287795275589
21
-3.6031862204724407
0
LINE
8
BLACK
6
CONTINUOUS
10
5.2883287795275589
20
-3.6031862204724407
11
5.291083858267716
21
-3.6152568897637796
0
LINE
8
BLACK
6
CONTINUOUS
10
5.291083858267716
20
-3.6152568897637796
11
5.2910838976377947
21
-3.6152569685039371
0
LINE
8
BLACK
6
CONTINUOUS
10
5.2910838976377947
20
-3.6152569685039371
11
5.2951732283464565
21
-3.6269436220472442
0
LINE
8
BLACK
6
CONTINUOUS
10
5.2951732283464565
20
-3.6269436220472442
11
5.2951733464566928
21
-3.6269439763779525
0
LINE
8
BLACK
6
CONTINUOUS
10
5.2951733464566928
20
-3.6269439763779525
11
5.3005453937007871
21
-3.6380990944881888
0
LINE
8
BLACK
6
CONTINUOUS
10
5.3005453937007871
20
-3.6380990944881888
11
5.3043344488188975
21
-3.64412937007874
0
LINE
8
BLACK
6
CONTINUOUS
10
5.3043344488188975
20
-3.64412937007874
11
5.327432677165354
21
-3.6210311023622048
0
LINE
8
BLACK
6
CONTINUOUS
10
5.327432677165354
20
-3.6210311023622048
11
5.3265588582677168
21
-3.6195175984251966
0
LINE
8
BLACK
6
CONTINUOUS
10
5.3265588582677168
20
-3.6195175984251966
11
5.3226173228346454
21
-3.6100019291338583
0
LINE
8
BLACK
6
CONTINUOUS
10
5.3226173228346454
20
-3.6100019291338583
11
5.3199515354330709
21
-3.600053188976378
0
LINE
8
BLACK
6
CONTINUOUS
10
5.3199515354330709
20
-3.600053188976378
11
5.3186071653543303
21
-3.5898415748031494
0
LINE
8
BLACK
6
CONTINUOUS
10
5.3186071653543303
20
-3.5898415748031494
11
5.3186071653543303
21
-3.5795418897637794
0
LINE
8
BLACK
6
CONTINUOUS
10
5.3186071653543303
20
-3.5795418897637794
11
5.3199515354330709
21
-3.5693302755905512
0
LINE
8
BLACK
6
CONTINUOUS
10
5.3199515354330709
20
-3.5693302755905512
11
5.3226173228346454
21
-3.5593815354330709
0
LINE
8
BLACK
6
CONTINUOUS
10
5.3226173228346454
20
-3.5593815354330709
11
5.3265588582677168
21
-3.5498658661417322
0
LINE
8
BLACK
6
CONTINUOUS
10
5.3265588582677168
20
-3.5498658661417322
11
5.3304896062992126
21
-3.5430575984251966
0
LINE
8
BLACK
6
CONTINUOUS
10
5.3304896062992126
20
-3.5430575984251966
11
5.3076206692913388
21
-3.5201886614173228
0
LINE
8
BLACK
6
CONTINUOUS
10
5.3076206692913388
20
-3.5201886614173228
11
5.3071327165354329
21
-3.52080062992126
0
LINE
8
BLACK
6
CONTINUOUS
10
5.3071327165354329
20
-3.52080062992126
11
5.3071324803149604
21
-3.5208009842519683
0
LINE
8
BLACK
6
CONTINUOUS
10
5.3071324803149604
20
-3.5208009842519683
11
5.3005455118110234
21
-3.5312841338582674
0
LINE
8
BLACK
6
CONTINUOUS
10
5.3005455118110234
20
-3.5312841338582674
11
5.3005454724409446
21
-3.531284212598425
0
LINE
8
BLACK
6
CONTINUOUS
10
5.3005454724409446
20
-3.531284212598425
11
5.2951733464566928
21
-3.5424394488188975
0
LINE
8
BLACK
6
CONTINUOUS
10
5.2951733464566928
20
-3.5424394488188975
11
5.2951732283464565
21
-3.5424398031496063
0
LINE
8
BLACK
6
CONTINUOUS
10
5.2951732283464565
20
-3.5424398031496063
11
5.2910838976377947
21
-3.5541264566929134
0
LINE
8
BLACK
6
CONTINUOUS
10
5.2910838976377947
20
-3.5541264566929134
11
5.291083858267716
21
-3.5541265354330709
0
LINE
8
BLACK
6
CONTINUOUS
10
5.291083858267716
20
-3.5541265354330709
11
5.2883287795275589
21
-3.5661972047244093
0
LINE
8
BLACK
6
CONTINUOUS
10
5.2883287795275589
20
-3.5661972047244093
11
5.2869425196850388
21
-3.5785009842519684
0
LINE
8
BLACK
6
CONTINUOUS
10
5.2869425196850388
20
-3.5785009842519684
11
5.2869425196850388
21
-3.5908824409448816
0
LINE
8
BLACK
6
CONTINUOUS
10
2.990662992125984
20
-3.0598068897637796
11
2.9922388582677164
21
-3.0697564960629919
0
LINE
8
BLACK
6
CONTINUOUS
10
2.9922388582677164
20
-3.0697564960629919
11
2.9953515748031494
21
-3.0793364960629921
0
LINE
8
BLACK
6
CONTINUOUS
10
2.9953515748031494
20
-3.0793364960629921
11
2.998621181102362
21
-3.0857533070866139
0
LINE
8
BLACK
6
CONTINUOUS
10
2.998621181102362
20
-3.0857533070866139
11
3.0229962598425195
21
-3.061378188976378
0
LINE
8
BLACK
6
CONTINUOUS
10
3.0229962598425195
20
-3.061378188976378
11
3.0223155511811024
21
-3.0579560236220473
0
LINE
8
BLACK
6
CONTINUOUS
10
3.0223155511811024
20
-3.0579560236220473
11
3.0223155511811024
21
-3.0515849212598423
0
LINE
8
BLACK
6
CONTINUOUS
10
3.0223155511811024
20
-3.0515849212598423
11
3.0229962598425195
21
-3.0481626377952757
0
LINE
8
BLACK
6
CONTINUOUS
10
3.0229962598425195
20
-3.0481626377952757
11
2.998621181102362
21
-3.0237875590551182
0
LINE
8
BLACK
6
CONTINUOUS
10
2.998621181102362
20
-3.0237875590551182
11
2.9953516535433069
21
-3.0302042913385825
0
LINE
8
BLACK
6
CONTINUOUS
10
2.9953516535433069
20
-3.0302042913385825
11
2.9953514960629919
21
-3.0302047637795275
0
LINE
8
BLACK
6
CONTINUOUS
10
2.9953514960629919
20
-3.0302047637795275
11
2.9922388582677164
21
-3.0397844094488189
0
LINE
8
BLACK
6
CONTINUOUS
10
2.9922388582677164
20
-3.0397844094488189
11
2.990662992125984
21
-3.0497340157480313
0
LINE
8
BLACK
6
CONTINUOUS
10
2.990662992125984
20
-3.0497340157480313
11
2.990662992125984
21
-3.0598068897637796
0
LINE
8
BLACK
6
CONTINUOUS
10
3.0480512204724408
20
-3.0231076771653544
11
3.0514735039370078
21
-3.0224269685039369
0
LINE
8
BLACK
6
CONTINUOUS
10
3.0514735039370078
20
-3.0224269685039369
11
3.0578446062992124
21
-3.0224269685039369
0
LINE
8
BLACK
6
CONTINUOUS
10
3.0578446062992124
20
-3.0224269685039369
11
3.0612668503937006
21
-3.0231076771653544
0
LINE
8
BLACK
6
CONTINUOUS
10
3.0612668503937006
20
-3.0231076771653544
11
3.0796040944881891
21
-3.0047704724409448
0
LINE
8
BLACK
6
CONTINUOUS
10
3.0796040944881891
20
-3.0047704724409448
11
3.0724551574803147
21
-2.9976215354330709
0
LINE
8
BLACK
6
CONTINUOUS
10
3.0724551574803147
20
-2.9976215354330709
11
3.0612668503937006
21
-2.9864332283464567
0
LINE
8
BLACK
6
CONTINUOUS
10
3.0612668503937006
20
-2.9864332283464567
11
3.0578446062992124
21
-2.9871139763779526
0
LINE
8
BLACK
6
CONTINUOUS
10
3.0578446062992124
20
-2.9871139763779526
11
3.0514735039370078
21
-2.9871139763779526
0
LINE
8
BLACK
6
CONTINUOUS
10
3.0514735039370078
20
-2.9871139763779526
11
3.0480512204724408
21
-2.9864332283464567
0
LINE
8
BLACK
6
CONTINUOUS
10
3.0480512204724408
20
-2.9864332283464567
11
3.0297140157480316
21
-3.0047704724409448
0
LINE
8
BLACK
6
CONTINUOUS
10
3.0297140157480316
20
-3.0047704724409448
11
3.0480512204724408
21
-3.0231076771653544
0
LINE
8
BLACK
6
CONTINUOUS
10
2.990662992125984
20
-2.9598068897637795
11
2.9922388582677164
21
-2.9697564960629919
0
LINE
8
BLACK
6
CONTINUOUS
10
2.9922388582677164
20
-2.9697564960629919
11
2.9953515748031494
21
-2.979336496062992
0
LINE
8
BLACK
6
CONTINUOUS
10
2.9953515748031494
20
-2.979336496062992
11
2.998621181102362
21
-2.9857533070866142
0
LINE
8
BLACK
6
CONTINUOUS
10
2.998621181102362
20
-2.9857533070866142
11
3.0229962598425195
21
-2.9613781889763779
0
LINE
8
BLACK
6
CONTINUOUS
10
3.0229962598425195
20
-2.9613781889763779
11
3.0223155511811024
21
-2.9579560236220472
0
LINE
8
BLACK
6
CONTINUOUS
10
3.0223155511811024
20
-2.9579560236220472
11
3.0223155511811024
21
-2.9515849212598426
0
LINE
8
BLACK
6
CONTINUOUS
10
3.0223155511811024
20
-2.9515849212598426
11
3.0229962598425195
21
-2.9481626377952757
0
LINE
8
BLACK
6
CONTINUOUS
10
3.0229962598425195
20
-2.9481626377952757
11
2.998621181102362
21
-2.9237875590551181
0
LINE
8
BLACK
6
CONTINUOUS
10
2.998621181102362
20
-2.9237875590551181
11
2.9953516535433069
21
-2.9302042913385824
0
LINE
8
BLACK
6
CONTINUOUS
10
2.9953516535433069
20
-2.9302042913385824
11
2.9953514960629919
21
-2.9302047637795274
0
LINE
8
BLACK
6
CONTINUOUS
10
2.9953514960629919
20
-2.9302047637795274
11
2.9922388582677164
21
-2.9397844094488188
0
LINE
8
BLACK
6
CONTINUOUS
10
2.9922388582677164
20
-2.9397844094488188
11
2.990662992125984
21
-2.9497340157480316
0
LINE
8
BLACK
6
CONTINUOUS
10
2.990662992125984
20
-2.9497340157480316
11
2.990662992125984
21
-2.9598068897637795
0
LINE
8
BLACK
6
CONTINUOUS
10
3.040879527559055
20
-2.9159359842519685
11
3.040879527559055
21
-2.8921591732283463
0
LINE
8
BLACK
6
CONTINUOUS
10
3.040879527559055
20
-2.8921591732283463
11
3.039672992125984
21
-2.8923502755905512
0
LINE
8
BLACK
6
CONTINUOUS
10
3.039672992125984
20
-2.8923502755905512
11
3.030093346456693
21
-2.8954629133858267
0
LINE
8
BLACK
6
CONTINUOUS
10
3.030093346456693
20
-2.8954629133858267
11
3.030092874015748
21
-2.8954630708661417
0
LINE
8
BLACK
6
CONTINUOUS
10
3.030092874015748
20
-2.8954630708661417
11
3.0236761417322833
21
-2.8987325984251968
0
LINE
8
BLACK
6
CONTINUOUS
10
3.0236761417322833
20
-2.8987325984251968
11
3.040879527559055
21
-2.9159359842519685
0
CIRCLE
8
BLACK
10
3.7361551181102359
20
-3.250046062992126
40
0.0068897637795276
0
CIRCLE
8
BLACK
10
3.4361551181102361
20
-3.250046062992126
40
0.0068897637795276
0
CIRCLE
8
BLACK
10
5.4365488188976379
20
-4.3130381889763783
40
0.0068897637795276
0
CIRCLE
8
BLACK
10
4.2566275590551177
20
-4.3130381889763783
40
0.0068897637795276
0
CIRCLE
8
BLACK
10
3.6648952755905513
20
-2.8366602362204723
40
0.0068897637795276
0
CIRCLE
8
BLACK
10
3.9648952755905511
20
-2.8366602362204723
40
0.0068897637795276
0
CIRCLE
8
BLACK
10
4.1767062992125981
20
-2.8169751968503935
40
0.0068897637795276
0
CIRCLE
8
BLACK
10
4.373556692913386
20
-2.8169751968503935
40
0.0068897637795276
0
CIRCLE
8
BLACK
10
4.2706039370078743
20
-3.0409909448818895
40
0.0068897637795276
0
CIRCLE
8
BLACK
10
4.5706039370078742
20
-3.0409909448818895
40
0.0068897637795276
0
CIRCLE
8
BLACK
10
5.0034779527559055
20
-3.5846917322834644
40
0.0068897637795276
0
CIRCLE
8
BLACK
10
5.3971787401574804
20
-3.5846917322834644
40
0.0068897637795276
0
CIRCLE
8
BLACK
10
3.0546590551181101
20
-3.1547704724409447
40
0.0068897637795276
0
CIRCLE
8
BLACK
10
3.0546590551181101
20
-3.054770472440945
40
0.0068897637795276
0
CIRCLE
8
BLACK
10
3.0546590551181101
20
-2.9547704724409449
40
0.0068897637795276
0
CIRCLE
8
BLACK
10
4.5902889763779529
20
-3.2968964566929131
40
0.0068897637795276
0
CIRCLE
8
BLACK
10
4.290288976377953
20
-3.2968964566929131
40
0.0068897637795276
0
CIRCLE
8
BLACK
10
3.810367716535433
20
-3.5724870078740159
40
0.0068897637795276
0
CIRCLE
8
BLACK
10
4.1056433070866145
20
-3.5724870078740159
40
0.0068897637795276
0
CIRCLE
8
BLACK
10
3.1015094488188977
20
-3.7028019685039371
40
0.0068897637795276
0
CIRCLE
8
BLACK
10
3.2515094488188976
20
-3.7028019685039371
40
0.0068897637795276
0
CIRCLE
8
BLACK
10
4.3221787401574803
20
-3.4248492125984251
40
0.0068897637795276
0
CIRCLE
8
BLACK
10
4.3221787401574803
20
-3.7201248031496061
40
0.0068897637795276
0
CIRCLE
8
BLACK
10
3.3302496062992124
20
-4.007920078740157
40
0.0068897637795276
0
CIRCLE
8
BLACK
10
3.3302496062992124
20
-4.5000460629921255
40
0.0068897637795276
0
CIRCLE
8
BLACK
10
3.1333992125984249
20
-4.007920078740157
40
0.0068897637795276
0
CIRCLE
8
BLACK
10
3.1333992125984249
20
-4.5000460629921255
40
0.0068897637795276
0
CIRCLE
8
BLACK
10
5.2593834645669286
20
-2.3051641732283463
40
0.0068897637795276
0
CIRCLE
8
BLACK
10
5.2593834645669286
20
-2.5020145669291338
40
0.0068897637795276
0
CIRCLE
8
BLACK
10
5.2593834645669286
20
-2.6988649606299213
40
0.0068897637795276
0
CIRCLE
8
BLACK
10
4.373556692913386
20
-2.4823295275590551
40
0.0068897637795276
0
CIRCLE
8
BLACK
10
3.1936354330708663
20
-2.4823295275590551
40
0.0068897637795276
0
CIRCLE
8
BLACK
10
3.8497377952755905
20
-3.0213059055118108
40
0.0068897637795276
0
CIRCLE
8
BLACK
10
3.8497377952755905
20
-3.1213059055118109
40
0.0068897637795276
0
CIRCLE
8
BLACK
10
3.8497377952755905
20
-3.221305905511811
40
0.0068897637795276
0
CIRCLE
8
BLACK
10
3.8497377952755905
20
-3.321305905511811
40
0.0068897637795276
0
CIRCLE
8
BLACK
10
4.1497377952755903
20
-3.321305905511811
40
0.0068897637795276
0
CIRCLE
8
BLACK
10
4.1497377952755903
20
-3.221305905511811
40
0.0068897637795276
0
CIRCLE
8
BLACK
10
4.1497377952755903
20
-3.1213059055118109
40
0.0068897637795276
0
CIRCLE
8
BLACK
10
4.1497377952755903
20
-3.0213059055118108
40
0.0068897637795276
0
CIRCLE
8
BLACK
10
3.5664700787401573
20
-3.4437468503937008
40
0.0068897637795276
0
CIRCLE
8
BLACK
10
3.5664700787401573
20
-3.5437468503937009
40
0.0068897637795276
0
CIRCLE
8
BLACK
10
3.5664700787401573
20
-3.6437468503937005
40
0.0068897637795276
0
LINE
8
BLACK
6
CONTINUOUS
10
5.8896813779527557
20
-2.06803437007874
11
5.8902140551181104
21
-2.0685670472440942
0
LINE
8
BLACK
6
CONTINUOUS
10
5.8902140551181104
20
-2.0685670472440942
11
5.8902889763779527
21
-2.0689437007874014
0
LINE
8
BLACK
6
CONTINUOUS
10
5.8902889763779527
20
-2.0689437007874014
11
5.8902889763779527
21
-4.6279988188976375
0
LINE
8
BLACK
6
CONTINUOUS
10
5.8902889763779527
20
-4.6279988188976375
11
5.8902140551181104
21
-4.6283754724409452
0
LINE
8
BLACK
6
CONTINUOUS
10
5.8902140551181104
20
-4.6283754724409452
11
5.8896813779527557
21
-4.6289081496062989
0
LINE
8
BLACK
6
CONTINUOUS
10
5.8896813779527557
20
-4.6289081496062989
11
5.889304724409449
21
-4.6289830708661412
0
LINE
8
BLACK
6
CONTINUOUS
10
5.889304724409449
20
-4.6289830708661412
11
2.7790685039370078
21
-4.6289830708661412
0
LINE
8
BLACK
6
CONTINUOUS
10
2.7790685039370078
20
-4.6289830708661412
11
2.7786918503937006
21
-4.6289081496062989
0
LINE
8
BLACK
6
CONTINUOUS
10
2.7786918503937006
20
-4.6289081496062989
11
2.7781591732283464
21
-4.6283754724409452
0
LINE
8
BLACK
6
CONTINUOUS
10
2.7781591732283464
20
-4.6283754724409452
11
2.7780842519685041
21
-4.6279988188976375
0
LINE
8
BLACK
6
CONTINUOUS
10
2.7780842519685041
20
-4.6279988188976375
11
2.7780842519685041
21
-2.0689437007874014
0
LINE
8
BLACK
6
CONTINUOUS
10
2.7780842519685041
20
-2.0689437007874014
11
2.7781591732283464
21
-2.0685670472440942
0
LINE
8
BLACK
6
CONTINUOUS
10
2.7781591732283464
20
-2.0685670472440942
11
2.7786918503937006
21
-2.06803437007874
0
LINE
8
BLACK
6
CONTINUOUS
10
2.7786918503937006
20
-2.06803437007874
11
2.7790685039370078
21
-2.0679594488188977
0
LINE
8
BLACK
6
CONTINUOUS
10
2.7790685039370078
20
-2.0679594488188977
11
5.889304724409449
21
-2.0679594488188977
0
LINE
8
BLACK
6
CONTINUOUS
10
5.889304724409449
20
-2.0679594488188977
11
5.8896813779527557
21
-2.06803437007874
0
LINE
8
BLACK
6
CONTINUOUS
10
2.7800527559055119
20
-2.0699279527559056
11
2.7800527559055119
21
-4.6270145669291338
0
LINE
8
BLACK
6
CONTINUOUS
10
2.7800527559055119
20
-4.6270145669291338
11
5.8883204724409444
21
-4.6270145669291338
0
LINE
8
BLACK
6
CONTINUOUS
10
5.8883204724409444
20
-4.6270145669291338
11
5.8883204724409444
21
-2.0699279527559056
0
LINE
8
BLACK
6
CONTINUOUS
10
5.8883204724409444
20
-2.0699279527559056
11
2.7800527559055119
21
-2.0699279527559056
0
CIRCLE
8
BLACK
10
3.7361551181102359
20
-3.250046062992126
40
0.0068897637795276
0
CIRCLE
8
BLACK
10
3.4361551181102361
20
-3.250046062992126
40
0.0068897637795276
0
CIRCLE
8
BLACK
10
5.4365488188976379
20
-4.3130381889763783
40
0.0068897637795276
0
CIRCLE
8
BLACK
10
4.2566275590551177
20
-4.3130381889763783
40
0.0068897637795276
0
CIRCLE
8
BLACK
10
3.6648952755905513
20
-2.8366602362204723
40
0.0068897637795276
0
CIRCLE
8
BLACK
10
3.9648952755905511
20
-2.8366602362204723
40
0.0068897637795276
0
CIRCLE
8
BLACK
10
4.1767062992125981
20
-2.8169751968503935
40
0.0068897637795276
0
CIRCLE
8
BLACK
10
4.373556692913386
20
-2.8169751968503935
40
0.0068897637795276
0
CIRCLE
8
BLACK
10
4.2706039370078743
20
-3.0409909448818895
40
0.0068897637795276
0
CIRCLE
8
BLACK
10
4.5706039370078742
20
-3.0409909448818895
40
0.0068897637795276
0
CIRCLE
8
BLACK
10
5.0034779527559055
20
-3.5846917322834644
40
0.0068897637795276
0
CIRCLE
8
BLACK
10
5.3971787401574804
20
-3.5846917322834644
40
0.0068897637795276
0
CIRCLE
8
BLACK
10
3.0546590551181101
20
-3.1547704724409447
40
0.0068897637795276
0
CIRCLE
8
BLACK
10
3.0546590551181101
20
-3.054770472440945
40
0.0068897637795276
0
CIRCLE
8
BLACK
10
3.0546590551181101
20
-2.9547704724409449
40
0.0068897637795276
0
CIRCLE
8
BLACK
10
4.5902889763779529
20
-3.2968964566929131
40
0.0068897637795276
0
CIRCLE
8
BLACK
10
4.290288976377953
20
-3.2968964566929131
40
0.0068897637795276
0
CIRCLE
8
BLACK
10
3.810367716535433
20
-3.5724870078740159
40
0.0068897637795276
0
CIRCLE
8
BLACK
10
4.1056433070866145
20
-3.5724870078740159
40
0.0068897637795276
0
CIRCLE
8
BLACK
10
3.1015094488188977
20
-3.7028019685039371
40
0.0068897637795276
0
CIRCLE
8
BLACK
10
3.2515094488188976
20
-3.7028019685039371
40
0.0068897637795276
0
CIRCLE
8
BLACK
10
4.3221787401574803
20
-3.4248492125984251
40
0.0068897637795276
0
CIRCLE
8
BLACK
10
4.3221787401574803
20
-3.7201248031496061
40
0.0068897637795276
0
CIRCLE
8
BLACK
10
3.3302496062992124
20
-4.007920078740157
40
0.0068897637795276
0
CIRCLE
8
BLACK
10
3.3302496062992124
20
-4.5000460629921255
40
0.0068897637795276
0
CIRCLE
8
BLACK
10
3.1333992125984249
20
-4.007920078740157
40
0.0068897637795276
0
CIRCLE
8
BLACK
10
3.1333992125984249
20
-4.5000460629921255
40
0.0068897637795276
0
CIRCLE
8
BLACK
10
5.2593834645669286
20
-2.3051641732283463
40
0.0068897637795276
0
CIRCLE
8
BLACK
10
5.2593834645669286
20
-2.5020145669291338
40
0.0068897637795276
0
CIRCLE
8
BLACK
10
5.2593834645669286
20
-2.6988649606299213
40
0.0068897637795276
0
CIRCLE
8
BLACK
10
4.373556692913386
20
-2.4823295275590551
40
0.0068897637795276
0
CIRCLE
8
BLACK
10
3.1936354330708663
20
-2.4823295275590551
40
0.0068897637795276
0
CIRCLE
8
BLACK
10
3.8497377952755905
20
-3.0213059055118108
40
0.0068897637795276
0
CIRCLE
8
BLACK
10
3.8497377952755905
20
-3.1213059055118109
40
0.0068897637795276
0
CIRCLE
8
BLACK
10
3.8497377952755905
20
-3.221305905511811
40
0.0068897637795276
0
CIRCLE
8
BLACK
10
3.8497377952755905
20
-3.321305905511811
40
0.0068897637795276
0
CIRCLE
8
BLACK
10
4.1497377952755903
20
-3.321305905511811
40
0.0068897637795276
0
CIRCLE
8
BLACK
10
4.1497377952755903
20
-3.221305905511811
40
0.0068897637795276
0
CIRCLE
8
BLACK
10
4.1497377952755903
20
-3.1213059055118109
40
0.0068897637795276
0
CIRCLE
8
BLACK
10
4.1497377952755903
20
-3.0213059055118108
40
0.0068897637795276
0
CIRCLE
8
BLACK
10
3.5664700787401573
20
-3.4437468503937008
40
0.0068897637795276
0
CIRCLE
8
BLACK
10
3.5664700787401573
20
-3.5437468503937009
40
0.0068897637795276
0
CIRCLE
8
BLACK
10
3.5664700787401573
20
-3.6437468503937005
40
0.0068897637795276
0
CIRCLE
8
WHITE
10
3.7361551181102359
20
-3.250046062992126
40
0.0068897637795276
0
CIRCLE
8
WHITE
10
3.4361551181102361
20
-3.250046062992126
40
0.0068897637795276
0
CIRCLE
8
WHITE
10
5.4365488188976379
20
-4.3130381889763783
40
0.0068897637795276
0
CIRCLE
8
WHITE
10
4.2566275590551177
20
-4.3130381889763783
40
0.0068897637795276
0
CIRCLE
8
WHITE
10
3.6648952755905513
20
-2.8366602362204723
40
0.0068897637795276
0
CIRCLE
8
WHITE
10
3.9648952755905511
20
-2.8366602362204723
40
0.0068897637795276
0
CIRCLE
8
WHITE
10
4.1767062992125981
20
-2.8169751968503935
40
0.0068897637795276
0
CIRCLE
8
WHITE
10
4.373556692913386
20
-2.8169751968503935
40
0.0068897637795276
0
CIRCLE
8
WHITE
10
4.2706039370078743
20
-3.0409909448818895
40
0.0068897637795276
0
CIRCLE
8
WHITE
10
4.5706039370078742
20
-3.0409909448818895
40
0.0068897637795276
0
CIRCLE
8
WHITE
10
5.0034779527559055
20
-3.5846917322834644
40
0.0068897637795276
0
CIRCLE
8
WHITE
10
5.3971787401574804
20
-3.5846917322834644
40
0.0068897637795276
0
CIRCLE
8
WHITE
10
3.0546590551181101
20
-3.1547704724409447
40
0.0068897637795276
0
CIRCLE
8
WHITE
10
3.0546590551181101
20
-3.054770472440945
40
0.0068897637795276
0
CIRCLE
8
WHITE
10
3.0546590551181101
20
-2.9547704724409449
40
0.0068897637795276
0
CIRCLE
8
WHITE
10
4.5902889763779529
20
-3.2968964566929131
40
0.0068897637795276
0
CIRCLE
8
WHITE
10
4.290288976377953
20
-3.2968964566929131
40
0.0068897637795276
0
CIRCLE
8
WHITE
10
3.810367716535433
20
-3.5724870078740159
40
0.0068897637795276
0
CIRCLE
8
WHITE
10
4.1056433070866145
20
-3.5724870078740159
40
0.0068897637795276
0
CIRCLE
8
WHITE
10
3.1015094488188977
20
-3.7028019685039371
40
0.0068897637795276
0
CIRCLE
8
WHITE
10
3.2515094488188976
20
-3.7028019685039371
40
0.0068897637795276
0
CIRCLE
8
WHITE
10
4.3221787401574803
20
-3.4248492125984251
40
0.0068897637795276
0
CIRCLE
8
WHITE
10
4.3221787401574803
20
-3.7201248031496061
40
0.0068897637795276
0
CIRCLE
8
WHITE
10
3.3302496062992124
20
-4.007920078740157
40
0.0068897637795276
0
CIRCLE
8
WHITE
10
3.3302496062992124
20
-4.5000460629921255
40
0.0068897637795276
0
CIRCLE
8
WHITE
10
3.1333992125984249
20
-4.007920078740157
40
0.0068897637795276
0
CIRCLE
8
WHITE
10
3.1333992125984249
20
-4.5000460629921255
40
0.0068897637795276
0
CIRCLE
8
WHITE
10
5.2593834645669286
20
-2.3051641732283463
40
0.0068897637795276
0
CIRCLE
8
WHITE
10
5.2593834645669286
20
-2.5020145669291338
40
0.0068897637795276
0
CIRCLE
8
WHITE
10
5.2593834645669286
20
-2.6988649606299213
40
0.0068897637795276
0
CIRCLE
8
WHITE
10
4.373556692913386
20
-2.4823295275590551
40
0.0068897637795276
0
CIRCLE
8
WHITE
10
3.1936354330708663
20
-2.4823295275590551
40
0.0068897637795276
0
CIRCLE
8
WHITE
10
3.8497377952755905
20
-3.0213059055118108
40
0.0068897637795276
0
CIRCLE
8
WHITE
10
3.8497377952755905
20
-3.1213059055118109
40
0.0068897637795276
0
CIRCLE
8
WHITE
10
3.8497377952755905
20
-3.221305905511811
40
0.0068897637795276
0
CIRCLE
8
WHITE
10
3.8497377952755905
20
-3.321305905511811
40
0.0068897637795276
0
CIRCLE
8
WHITE
10
4.1497377952755903
20
-3.321305905511811
40
0.0068897637795276
0
CIRCLE
8
WHITE
10
4.1497377952755903
20
-3.221305905511811
40
0.0068897637795276
0
CIRCLE
8
WHITE
10
4.1497377952755903
20
-3.1213059055118109
40
0.0068897637795276
0
CIRCLE
8
WHITE
10
4.1497377952755903
20
-3.0213059055118108
40
0.0068897637795276
0
CIRCLE
8
WHITE
10
3.5664700787401573
20
-3.4437468503937008
40
0.0068897637795276
0
CIRCLE
8
WHITE
10
3.5664700787401573
20
-3.5437468503937009
40
0.0068897637795276
0
CIRCLE
8
WHITE
10
3.5664700787401573
20
-3.6437468503937005
40
0.0068897637795276
  0
ENDSEC
  0
EOF
